episode,step,sim_time,phase,robot_x,robot_y,robot_yaw,sac_linear,sac_turn,proposed_linear,proposed_turn,final_linear,final_turn,dwa_intervened,dwa_reason,pred_dynamic_clearance,pred_static_clearance,pred_ttc,env_dynamic_clearance,env_dynamic_ttc,env_dynamic_person,collision,collision_type,p0_type,p0_x,p0_y,p0_vx,p0_vy,p0_distance,p0_cooperative,p0_reciprocal,p1_type,p1_x,p1_y,p1_vx,p1_vy,p1_distance,p1_cooperative,p1_reciprocal,p2_type,p2_x,p2_y,p2_vx,p2_vy,p2_distance,p2_cooperative,p2_reciprocal,p3_type,p3_x,p3_y,p3_vx,p3_vy,p3_distance,p3_cooperative,p3_reciprocal
2,1,0.04,to_table,-8.300000190734863,5.500000476837158,-0.011059121308891466,0.854616641998291,-0.90518718957901,0.0,-0.75,0.0,-0.75,0,nominal-sac-a-star,3.400833325900308,99.0,99.0,3.462531032562256,99.0,waiter-2,0,,waiter-1,-6.334016799926758,-2.549999952316284,-0.4576460823149908,0.0,8.286591434498503,0,0,waiter-2,-5.207543849945068,2.200000047683716,0.4482577658438025,0.0,4.522531266017285,0,0,customer-1,3.522019863128662,-2.200000047683716,0.4362828165277799,0.0,14.108513962553713,0,0,customer-2,3.67758846282959,2.549999952316284,0.4585843018151703,0.0,12.33552321746708,0,0
2,2,0.08,to_table,-8.283964157104492,5.496377944946289,-0.026008202623382985,0.8258113861083984,0.32668519020080566,0.8199999928474426,-0.10038027912378311,0.8199999928474426,-0.10038027912378311,0,nominal-sac-a-star,2.635027216183194,99.0,99.0,2.516946496963501,99.0,waiter-2,0,,waiter-1,-6.352322578430176,-2.549999952316284,-0.45764710471773107,0.0,8.274988607485758,0,0,waiter-2,-5.189613342285156,2.200000047683716,0.4482560871466923,0.0,4.521185044513696,0,0,customer-1,3.53947114944458,-2.200000047683716,0.4362831478708573,0.0,14.107723298023343,0,0,customer-2,3.695931911468506,2.549999952316284,0.45858337614712585,0.0,12.336898033511714,0,0
2,3,0.12,to_table,-8.262330055236816,5.492434501647949,-0.04033093196562706,0.915945291519165,-0.40007179975509644,0.8199999928474426,-0.16405953466892242,0.8199999928474426,-0.16405953466892242,0,nominal-sac-a-star,2.6075410993498407,99.0,99.0,2.480504455566406,99.0,waiter-2,0,,waiter-1,-6.370628356933594,-2.549999952316284,-0.4576481271204713,0.0,8.261917892455376,0,0,waiter-2,-5.171683311462402,2.200000047683716,0.44825917682114635,0.0,4.515774787171538,0,0,customer-1,3.556922435760498,-2.200000047683716,0.43628347921393473,0.0,14.10206647061691,0,0,customer-2,3.714275360107422,2.549999952316284,0.4585824504790814,0.0,12.332761181177295,0,0
2,4,0.16,to_table,-8.229257583618164,5.490023612976074,-0.04924632400231404,-0.3624914288520813,0.9770209789276123,0.7799999713897705,0.0651199221611023,0.7799999713897705,0.0651199221611023,0,nominal-sac-a-star,2.630601190672891,99.0,99.0,2.511040868759155,99.0,waiter-2,0,,waiter-1,-6.38893461227417,-2.549999952316284,-0.45764438115162953,0.0,8.247955356893781,0,0,waiter-2,-5.15375280380249,2.200000047683716,0.44825749812403615,0.0,4.503663476642998,0,0,customer-1,3.574373722076416,-2.200000047683716,0.43628381055701215,0.0,14.087660412654776,0,0,customer-2,3.732618808746338,2.549999952316284,0.458581524811037,0.0,12.317882364734881,0,0
2,5,0.2,to_table,-8.18491268157959,5.487697124481201,-0.05006939887970573,0.9261727333068848,-0.011869668960571289,0.8199999928474426,-0.04340159520506859,0.8199999928474426,-0.04340159520506859,0,nominal-sac-a-star,2.5538856897604507,99.0,99.0,2.437249126434326,99.0,waiter-2,0,,waiter-1,-6.407240390777588,-2.549999952316284,-0.4576454035543698,0.0,8.231931308741837,0,0,waiter-2,-5.135822296142578,2.200000047683716,0.4482558194269082,0.0,4.483960776740488,0,0,customer-1,3.591825008392334,-2.200000047683716,0.4362841419000896,0.0,14.063862855891255,0,0,customer-2,3.7509617805480957,2.549999952316284,0.45858536751457457,0.0,12.292077279736636,0,0
2,6,0.24000000000000002,to_table,-8.136863708496094,5.485193252563477,-0.05062774976409634,0.8896410465240479,-0.07747787237167358,0.8199999928474426,-0.05413277819752693,0.8199999928474426,-0.05413277819752693,0,nominal-sac-a-star,2.5373546301088967,99.0,99.0,2.42104453086853,99.0,waiter-2,0,,waiter-1,-6.425546169281006,-2.549999952316284,-0.45764642595711,0.0,8.215408544909442,0,0,waiter-2,-5.117892265319824,2.200000047683716,0.44825890910138,0.0,4.461690595290306,0,0,customer-1,3.609276294708252,-2.200000047683716,0.436284473243167,0.0,14.036880032152505,0,0,customer-2,3.7693052291870117,2.549999952316284,0.45858444184653013,0.0,12.262635054606577,0,0
2,7,0.28,to_table,-8.088373184204102,5.48264217376709,-0.051341752561183916,0.8793337345123291,-0.0813370943069458,0.8199999928474426,-0.0591558963060379,0.8199999928474426,-0.0591558963060379,0,nominal-sac-a-star,2.519414534424839,99.0,99.0,2.404463710784912,99.0,waiter-2,0,,waiter-1,-6.443851947784424,-2.549999952316284,-0.4576474483598503,0.0,8.199255430998875,0,0,waiter-2,-5.09996223449707,2.200000047683716,0.44826199877583406,0.0,4.4391822819373,0,0,customer-1,3.62672758102417,-2.200000047683716,0.4362848045862444,0.0,14.00951738791421,0,0,customer-2,3.7876486778259277,2.549999952316284,0.4585835161784857,0.0,12.232754622996863,0,0
2,8,0.32,to_table,-8.039772033691406,5.480138301849365,-0.05156450551065483,0.8721821308135986,-0.06469911336898804,0.8199999928474426,-0.026734162122011185,0.8199999928474426,-0.026734162122011185,0,nominal-sac-a-star,2.5011233532746546,99.0,99.0,2.389155569076538,99.0,waiter-2,0,,waiter-1,-6.462158203125,-2.549999952316284,-0.4576437023910085,0.0,8.18364135207604,0,0,waiter-2,-5.08203125,2.200000047683716,0.4482555517071418,0.0,4.4167338056478265,0,0,customer-1,3.644178867340088,-2.200000047683716,0.43628513592932183,0.0,13.982104052169094,0,0,customer-2,3.8059921264648438,2.549999952316284,0.45858259051044126,0.0,12.202779981850314,0,0
2,9,0.36,to_table,-7.991145610809326,5.477625370025635,-0.05175107286758906,0.8829808235168457,-0.04415625333786011,0.8199999928474426,-0.0260709747672081,0.8199999928474426,-0.0260709747672081,0,nominal-sac-a-star,2.483814516541104,99.0,99.0,2.3741158866882324,99.0,waiter-2,0,,waiter-1,-6.480463981628418,-2.549999952316284,-0.45764472479374874,0.0,8.168532750785166,0,0,waiter-2,-5.064101219177246,2.200000047683716,0.4482586413815959,0.0,4.3943619132067155,0,0,customer-1,3.661630630493164,-2.200000047683716,0.4362806989008172,0.0,13.954681156677156,0,0,customer-2,3.8243355751037598,2.549999952316284,0.4585816648423968,0.0,12.17278054682183,0,0
2,10,0.39999999999999997,to_table,-7.9425177574157715,5.47510290145874,-0.05194287086416528,0.8763027191162109,-0.03228491544723511,0.8199999928474426,-0.026985440403223038,0.8199999928474426,-0.026985440403223038,0,nominal-sac-a-star,2.4667268940019107,99.0,99.0,2.359266939163208,99.0,waiter-2,0,,waiter-1,-6.498769760131836,-2.549999952316284,-0.457645747196489,0.0,8.153936723652533,0,0,waiter-2,-5.046171188354492,2.200000047683716,0.4482617310560677,0.0,4.3720844171765885,0,0,customer-1,3.679081916809082,-2.200000047683716,0.43628103024389464,0.0,13.927267652625853,0,0,customer-2,3.8426785469055176,2.549999952316284,0.4585855075459344,0.0,12.14277889094873,0,0
2,11,0.43999999999999995,to_table,-7.893889904022217,5.472574234008789,-0.051962410225981776,0.8668444156646729,-0.022064387798309326,0.8199999928474426,-0.0013934887247160077,0.8199999928474426,-0.0013934887247160077,0,nominal-sac-a-star,2.4498047837249652,99.0,99.0,2.3450095081329345,99.0,waiter-2,0,,waiter-1,-6.517075538635254,-2.549999952316284,-0.45764676959922923,0.0,8.139859603938222,0,0,waiter-2,-5.028240203857422,2.200000047683716,0.4482552839873577,0.0,4.34990689659627,0,0,customer-1,3.696533203125,-2.200000047683716,0.43628136158697206,0.0,13.89986704651456,0,0,customer-2,3.8610219955444336,2.549999952316284,0.45858458187789,0.0,12.112778137099024,0,0
2,12,0.4799999999999999,to_table,-7.8452630043029785,5.47004508972168,-0.05197551728067462,0.8681788444519043,-0.0273018479347229,0.8199999928474426,-0.0018590546678751707,0.8199999928474426,-0.0018590546678751707,0,nominal-sac-a-star,2.4333559085761896,99.0,99.0,2.3309859657287597,99.0,waiter-2,0,,waiter-1,-6.535381317138672,-2.549999952316284,-0.4576477920019695,0.0,8.126309895068372,0,0,waiter-2,-5.010310173034668,2.200000047683716,0.44825837366182064,0.0,4.327834577762103,0,0,customer-1,3.713984489440918,-2.200000047683716,0.4362816929300495,0.0,13.872483376506915,0,0,customer-2,3.8793654441833496,2.549999952316284,0.45858365620984554,0.0,12.08278013784658,0,0
2,13,0.5199999999999999,to_table,-7.796629905700684,5.467527389526367,-0.05096860535854979,0.8251253366470337,0.6285662651062012,0.8199999928474426,0.07703592628240585,0.8199999928474426,0.07703592628240585,0,nominal-sac-a-star,2.4171090199466367,99.0,99.0,2.3194755935668945,99.0,waiter-2,0,,waiter-1,-6.553687572479248,-2.549999952316284,-0.4576440460331277,0.0,8.1133008277093,0,0,waiter-2,-4.992379665374756,2.200000047683716,0.44825669496471043,0.0,4.305874399010882,0,0,customer-1,3.731435775756836,-2.200000047683716,0.4362820242731269,0.0,13.845117383264327,0,0,customer-2,3.8977088928222656,2.549999952316284,0.4585827305418011,0.0,12.052780852629521,0,0
2,14,0.5599999999999999,to_table,-7.748037338256836,5.465056896209717,-0.050525798170914155,0.849475622177124,0.05588650703430176,0.8199999928474426,0.02603669837117195,0.8199999928474426,0.02603669837117195,0,nominal-sac-a-star,2.4028125087266377,99.0,99.0,2.306999626159668,99.0,waiter-2,0,,waiter-1,-6.571993350982666,-2.549999952316284,-0.45764506843586794,0.0,8.100877467602338,0,0,waiter-2,-4.974449634552002,2.200000047683716,0.4482597846391734,0.0,4.2840850801833055,0,0,customer-1,3.748887062072754,-2.200000047683716,0.4362823556162043,0.0,13.817827926994273,0,0,customer-2,3.9160523414611816,2.549999952316284,0.45858180487375666,0.0,12.022834318189936,0,0
2,15,0.6,to_table,-7.6995978355407715,5.462611198425293,-0.050318874625064555,0.8154218196868896,0.09432387351989746,0.8154218196868896,0.032178670167922974,0.8154218196868896,0.032178670167922974,0,nominal-sac-a-star,2.3931368859378024,99.0,99.0,2.299811782836914,99.0,waiter-2,0,,waiter-1,-6.590299129486084,-2.549999952316284,-0.4576460908386082,0.0,8.089034619300554,0,0,waiter-2,-4.95651912689209,2.200000047683716,0.4482581059420543,0.0,4.262524172692162,0,0,customer-1,3.766338348388672,-2.200000047683716,0.43628268695928174,0.0,13.790696272594026,0,0,customer-2,3.9343953132629395,2.549999952316284,0.45858564757729425,0.0,11.99304385289124,0,0
2,16,0.64,to_table,-7.651538372039795,5.460195541381836,-0.05007285607472942,0.8067772388458252,0.10295355319976807,0.8067772388458252,0.03547799214720726,0.8067772388458252,0.03547799214720726,0,nominal-sac-a-star,2.3879289259969103,99.0,99.0,2.2978150272369384,99.0,waiter-2,0,,waiter-1,-6.608604907989502,-2.549999952316284,-0.45764711324134844,0.0,8.077805522398865,0,0,waiter-2,-4.938588619232178,2.200000047683716,0.4482564272449352,0.0,4.241340710010037,0,0,customer-1,3.78378963470459,-2.200000047683716,0.43628301830235916,0.0,13.763913799663664,0,0,customer-2,3.9527387619018555,2.549999952316284,0.4585847219092498,0.0,11.963631813456047,0,0
2,17,0.68,to_table,-7.603869915008545,5.457802772521973,-0.049666709997231405,0.8006188869476318,0.12417769432067871,0.8006188869476318,0.05154930055141449,0.8006188869476318,0.05154930055141449,0,nominal-sac-a-star,2.380126130568081,99.0,99.0,2.2933449172973632,99.0,waiter-2,0,,waiter-1,-6.62691068649292,-2.549999952316284,-0.4576481356440887,0.0,8.067177561830956,0,0,waiter-2,-4.920658588409424,2.200000047683716,0.44825951691939814,0.0,4.220533333259363,0,0,customer-1,3.801240921020508,-2.200000047683716,0.4362833496454366,0.0,13.737485112467184,0,0,customer-2,3.9710822105407715,2.549999952316284,0.4585837962412054,0.0,11.934606568712468,0,0
2,18,0.7200000000000001,to_table,-7.557217597961426,5.455679416656494,-0.04758542469580899,0.7776720523834229,0.6352953910827637,0.7799999713897705,0.1162462830543518,0.7799999713897705,0.1162462830543518,0,nominal-sac-a-star,2.389476854671483,99.0,99.0,2.310464563369751,99.0,waiter-2,0,,waiter-1,-6.645216941833496,-2.549999952316284,-0.4576443896752469,0.0,8.057459112870145,0,0,waiter-2,-4.902728080749512,2.200000047683716,0.44825783822227905,0.0,4.200685985710302,0,0,customer-1,3.818692207336426,-2.200000047683716,0.436283680988514,0.0,13.7120659260008,0,0,customer-2,3.9894256591796875,2.549999952316284,0.4585828705731565,0.0,11.90663443871402,0,0
2,19,0.7600000000000001,to_table,-7.509780406951904,5.453446865081787,-0.04650763814496049,0.8111793994903564,0.09058821201324463,0.8111793994903564,0.052313800901174545,0.8111793994903564,0.052313800901174545,0,nominal-sac-a-star,2.3435330475866585,99.0,99.0,2.2642950439453124,99.0,waiter-2,0,,waiter-1,-6.663522720336914,-2.549999952316284,-0.45764541207798715,0.0,8.048062688068121,0,0,waiter-2,-4.8847975730896,2.200000047683716,0.44825615952515996,0.0,4.1803649447996065,0,0,customer-1,3.8361434936523438,-2.200000047683716,0.4362840123315914,0.0,13.685950416570364,0,0,customer-2,4.0077691078186035,2.549999952316284,0.4585819449051165,0.0,11.877876527411702,0,0
2,20,0.8000000000000002,to_table,-7.462724208831787,5.451123237609863,-0.04557436656013472,0.7782256603240967,0.09633791446685791,0.7799999713897705,0.0605274960398674,0.7799999713897705,0.0605274960398674,0,nominal-sac-a-star,2.365556779837273,99.0,99.0,2.289858522415161,99.0,waiter-2,0,,waiter-1,-6.681828498840332,-2.549999952316284,-0.4576464344807274,0.0,8.03913990488143,0,0,waiter-2,-4.866867542266846,2.200000047683716,0.4482592491996229,0.0,4.1603213613163605,0,0,customer-1,3.8535947799682617,-2.200000047683716,0.43628434367466884,0.0,13.660115774876806,0,0,customer-2,4.026112079620361,2.549999952316284,0.45858578760865853,0.0,11.849467312049413,0,0
2,21,0.8400000000000002,to_table,-7.416538238525391,5.44915246963501,-0.04444928226429594,0.7789120674133301,0.14233839511871338,0.7799999713897705,0.07023711502552032,0.7799999713897705,0.07023711502552032,0,nominal-sac-a-star,2.352695291189083,99.0,99.0,2.280804100036621,99.0,waiter-2,0,,waiter-1,-6.70013427734375,-2.549999952316284,-0.45764745688346764,0.0,8.031168912755229,0,0,waiter-2,-4.848937034606934,2.200000047683716,0.4482575705025038,0.0,4.141203617722204,0,0,customer-1,3.8710460662841797,-2.200000047683716,0.43628467501774626,0.0,13.635215204439817,0,0,customer-2,4.044455528259277,2.549999952316284,0.45858486194060966,0.0,11.821990671665771,0,0
2,22,0.8800000000000002,to_table,-7.370136260986328,5.446911811828613,-0.04298439629558484,0.7754149436950684,0.15726304054260254,0.7799999713897705,0.07613926380872726,0.7799999713897705,0.07613926380872726,0,nominal-sac-a-star,2.341032992742496,99.0,99.0,2.2723802947998046,99.0,waiter-2,0,,waiter-1,-6.718440532684326,-2.549999952316284,-0.45764371091462586,0.0,8.023422280162382,0,0,waiter-2,-4.83100700378418,2.200000047683716,0.44826066017696675,0.0,4.121845871563184,0,0,customer-1,3.8884973526000977,-2.200000047683716,0.4362850063608237,0.0,13.60999969993124,0,0,customer-2,4.062798976898193,2.549999952316284,0.4585839362725608,0.0,11.794240394168876,0,0
2,23,0.9200000000000003,to_table,-7.32248592376709,5.444847583770752,-0.0432330113955954,0.8456968069076538,-0.8918890357017517,0.8199999928474426,-0.04675573483109474,0.8199999928474426,-0.04675573483109474,0,nominal-sac-a-star,2.2882332941412766,99.0,99.0,2.2186407470703124,99.0,waiter-2,0,,waiter-1,-6.736746311187744,-2.549999952316284,-0.4576447333173661,0.0,8.016275819794473,0,0,waiter-2,-4.813076496124268,2.200000047683716,0.44825898147984766,0.0,4.101971624474356,0,0,customer-1,3.9059486389160156,-2.200000047683716,0.4362853377039011,0.0,13.583866829316737,0,0,customer-2,4.081142425537109,2.549999952316284,0.4585830106045208,0.0,11.765325424245262,0,0
2,24,0.9600000000000003,to_table,-7.27544641494751,5.442866802215576,-0.041864939967493346,0.556172251701355,0.2904505729675293,0.7799999713897705,0.10155095160007477,0.7799999713897705,0.10155095160007477,0,nominal-sac-a-star,2.315548384586641,99.0,99.0,2.2520746612548828,99.0,waiter-2,0,,waiter-1,-6.755052089691162,-2.549999952316284,-0.45764575572010635,0.0,8.009789585841796,0,0,waiter-2,-4.7951459884643555,2.200000047683716,0.4482573027827286,0.0,4.082655385072382,0,0,customer-1,3.923400402069092,-2.200000047683716,0.4362809006753965,0.0,13.55830312820496,0,0,customer-2,4.099485874176025,2.549999952316284,0.4585820849364808,0.0,11.737025312803556,0,0
2,25,1.0000000000000002,to_table,-7.228773593902588,5.440682411193848,-0.03996581476720467,0.5862287282943726,0.2543872594833374,0.7799999713897705,0.1027577668428421,0.7799999713897705,0.1027577668428421,0,nominal-sac-a-star,2.304544113679736,99.0,99.0,2.2452642345428466,99.0,waiter-2,0,,waiter-1,-6.77335786819458,-2.549999952316284,-0.4576467781228466,0.0,8.003649674850468,0,0,waiter-2,-4.777215957641602,2.200000047683716,0.4482603924571915,0.0,4.063515353124086,0,0,customer-1,3.9408516883850098,-2.200000047683716,0.4362812320184739,0.0,13.532943411694205,0,0,customer-2,4.117828845977783,2.549999952316284,0.4585859276400228,0.0,11.709032069593183,0,0
2,26,1.0400000000000003,to_table,-7.18251895904541,5.438751697540283,-0.03786935578185404,0.5759615898132324,0.25937533378601074,0.7799999713897705,0.11066260188817978,0.7799999713897705,0.11066260188817978,0,nominal-sac-a-star,2.2946097822716816,99.0,99.0,2.239499988555908,99.0,waiter-2,0,,waiter-1,-6.791663646697998,-2.549999952316284,-0.45764780052558685,0.0,7.99830737083017,0,0,waiter-2,-4.7592854499816895,2.200000047683716,0.4482587137600724,0.0,4.044944114434451,0,0,customer-1,3.9583029747009277,-2.200000047683716,0.4362815633615469,0.0,13.50808800625041,0,0,customer-2,4.136172294616699,2.549999952316284,0.45858500197196506,0.0,11.681509249290599,0,0
2,27,1.0800000000000003,to_table,-7.136399745941162,5.4372076988220215,-0.03564941493119925,0.5644536018371582,0.2682192325592041,0.7799999713897705,0.1075555831193924,0.7799999713897705,0.1075555831193924,0,nominal-sac-a-star,2.28562318441336,99.0,99.0,2.234661045074463,99.0,waiter-2,0,,waiter-1,-6.809969902038574,-2.549999952316284,-0.45764405455674506,0.0,7.9938753120994175,0,0,waiter-2,-4.741354942321777,2.200000047683716,0.44825703506295334,0.0,4.0268788146569054,0,0,customer-1,3.9757542610168457,-2.200000047683716,0.4362818947046243,0.0,13.483579229479098,0,0,customer-2,4.154515743255615,2.549999952316284,0.45858407630392506,0.0,11.654215595897753,0,0
2,28,1.1200000000000003,to_table,-7.089985370635986,5.435522556304932,-0.03313272517832713,0.5496807098388672,0.2870069742202759,0.7799999713897705,0.11446396261453629,0.7799999713897705,0.11446396261453629,0,nominal-sac-a-star,2.277476193992051,99.0,99.0,2.23050874710083,99.0,waiter-2,0,,waiter-1,-6.828275680541992,-2.549999952316284,-0.4576450769594853,0.0,7.989809866172359,0,0,waiter-2,-4.723424911499023,2.200000047683716,0.4482601247374163,0.0,4.008642452320371,0,0,customer-1,3.9932055473327637,-2.200000047683716,0.4362822260477017,0.0,13.458763923933228,0,0,customer-2,4.172859191894531,2.549999952316284,0.45858315063588506,0.0,11.626603473837605,0,0
2,29,1.1600000000000004,to_table,-7.042673110961914,5.434003829956055,-0.02972124968176473,0.8499081134796143,0.5896954536437988,0.8199999928474426,0.15729694068431854,0.8199999928474426,0.15729694068431854,0,nominal-sac-a-star,2.23332481638384,99.0,99.0,2.1944705867767333,99.0,waiter-2,0,,waiter-1,-6.84658145904541,-2.549999952316284,-0.45764609936222556,0.0,7.986411480213773,0,0,waiter-2,-4.705494403839111,2.200000047683716,0.4482584460402972,0.0,3.9901359341230482,0,0,customer-1,4.010656833648682,-2.200000047683716,0.43628255739077915,0.0,13.433321185330318,0,0,customer-2,4.191202640533447,2.549999952316284,0.4585822249678362,0.0,11.598165491416163,0,0
2,30,1.2000000000000004,to_table,-6.995682239532471,5.432777404785156,-0.026640205612673044,0.532616138458252,0.32425951957702637,0.7799999713897705,0.11551393568515778,0.7799999713897705,0.11551393568515778,0,nominal-sac-a-star,2.2637895856352417,99.0,99.0,2.2264513397216796,99.0,waiter-2,0,,waiter-1,-6.864887237548828,-2.549999952316284,-0.4576471217649658,0.0,7.983848800271418,0,0,waiter-2,-4.687563896179199,2.200000047683716,0.4482567673431781,0.0,3.9721857619592296,0,0,customer-1,4.0281081199646,-2.200000047683716,0.43628288873385657,0.0,13.408327469489166,0,0,customer-2,4.209545612335205,2.549999952316284,0.45858606767136934,0.0,11.570113960231074,0,0
2,31,1.2400000000000004,to_table,-6.949275970458984,5.431478500366211,-0.023097374433908184,0.4980107545852661,0.3922933340072632,0.7799999713897705,0.12748019397258759,0.7799999713897705,0.12748019397258759,0,nominal-sac-a-star,2.257828289587497,99.0,99.0,2.2257728004455566,99.0,waiter-2,0,,waiter-1,-6.883193016052246,-2.549999952316284,-0.45764814416770605,0.0,7.9817520161614945,0,0,waiter-2,-4.669633865356445,2.200000047683716,0.44825985701764104,0.0,3.9546455109791556,0,0,customer-1,4.045559406280518,-2.200000047683716,0.436283220076934,0.0,13.383791308554862,0,0,customer-2,4.227889060974121,2.549999952316284,0.45858514200332934,0.0,11.542613948441788,0,0
2,32,1.2800000000000005,to_table,-6.902751922607422,5.430139064788818,-0.019046976025228007,0.4858992099761963,0.3975191116333008,0.7799999713897705,0.133266419172287,0.7799999713897705,0.133266419172287,0,nominal-sac-a-star,2.2530570329484307,99.0,99.0,2.2264441871643066,99.0,waiter-2,0,,waiter-1,-6.901499271392822,-2.549999952316284,-0.45764439819886427,0.0,7.980139115420123,0,0,waiter-2,-4.651703357696533,2.200000047683716,0.44825817832052195,0.0,3.9371331843629687,0,0,customer-1,4.0630106925964355,-2.200000047683716,0.4362835514200114,0.0,13.359153139652442,0,0,customer-2,4.246232509613037,2.549999952316284,0.45858421633528934,0.0,11.514992626011022,0,0
2,33,1.3200000000000005,to_table,-6.856461048126221,5.429220199584961,-0.01550644378237919,0.4701244831085205,0.4066333770751953,0.7799999713897705,0.12090560048818588,0.7799999713897705,0.12090560048818588,0,nominal-sac-a-star,2.2493520515590495,99.0,99.0,2.2267069244384765,99.0,waiter-2,0,,waiter-1,-6.91980504989624,-2.549999952316284,-0.4576454206016045,0.0,7.979471579939813,0,0,waiter-2,-4.633772850036621,2.200000047683716,0.44825649962340286,0.0,3.9202303013180093,0,0,customer-1,4.0804619789123535,-2.200000047683716,0.4362838827630888,0.0,13.334964824876778,0,0,customer-2,4.264575958251953,2.549999952316284,0.45858329066724046,0.0,11.48770531174589,0,0
2,34,1.3600000000000005,to_table,-6.810140609741211,5.428447246551514,-0.011848624511078017,0.3810614347457886,0.46314799785614014,0.7799999713897705,0.13072770833969116,0.7799999713897705,0.13072770833969116,0,nominal-sac-a-star,2.245483690494938,99.0,99.0,2.227642240524292,99.0,waiter-2,0,,waiter-1,-6.938110828399658,-2.549999952316284,-0.45764644300434476,0.0,7.979473421347107,0,0,waiter-2,-4.615842819213867,2.200000047683716,0.4482595892978658,0.0,3.903564282728096,0,0,customer-1,4.0979132652282715,-2.200000047683716,0.43628421410616625,0.0,13.310854497745872,0,0,customer-2,4.282919406890869,2.549999952316284,0.4585823649991916,0.0,11.46042928333365,0,0
2,35,1.4000000000000006,to_table,-6.763879299163818,5.427915573120117,-0.008845191144486614,0.38261568546295166,0.4655717611312866,0.7799999713897705,0.13514725863933563,0.7799999713897705,0.13514725863933563,0,nominal-sac-a-star,2.2422054212616738,99.0,99.0,2.227607431411743,99.0,waiter-2,0,,waiter-1,-6.956416606903076,-2.549999952316284,-0.457647465407085,0.0,7.980238514347215,0,0,waiter-2,-4.597912311553955,2.200000047683716,0.4482579106007467,0.0,3.887267887703278,0,0,customer-1,4.1153645515441895,-2.200000047683716,0.43628454544924367,0.0,13.286950119620045,0,0,customer-2,4.301262378692627,2.549999952316284,0.4585862077027336,0.0,11.433274188591056,0,0
2,36,1.4400000000000006,to_table,-6.717538356781006,5.427557468414307,-0.006608399100060178,0.4621555805206299,0.1858600378036499,0.7799999713897705,0.08611377328634262,0.7799999713897705,0.08611377328634262,0,nominal-sac-a-star,2.2382678140727235,99.0,99.0,2.2262372398376464,99.0,waiter-2,0,,waiter-1,-6.974722862243652,-2.549999952316284,-0.4576437194382432,0.0,7.981701965803019,0,0,waiter-2,-4.579981803894043,2.200000047683716,0.4482562319036276,0.0,3.871211040605136,0,0,customer-1,4.132815837860107,-2.200000047683716,0.4362848767923211,0.0,13.263099932163273,0,0,customer-2,4.319605827331543,2.549999952316284,0.4585852820346936,0.0,11.40608999610917,0,0
2,37,1.4800000000000006,to_table,-6.671236991882324,5.427253723144531,-0.0037983914839544745,0.38013291358947754,0.5130413770675659,0.7799999713897705,0.1287984699010849,0.7799999713897705,0.1287984699010849,0,nominal-sac-a-star,2.2333521390483995,99.0,99.0,2.22649640083313,99.0,waiter-2,0,,waiter-1,-6.99302864074707,-2.549999952316284,-0.45764474184098347,0.0,7.9837413577803344,0,0,waiter-2,-4.562051773071289,2.200000047683716,0.44825932157809056,0.0,3.855363611000433,0,0,customer-1,4.150267124176025,-2.200000047683716,0.4362852081353985,0.0,13.23933349600657,0,0,customer-2,4.337949275970459,2.549999952316284,0.45858435636664474,0.0,11.378961795437387,0,0
2,38,1.5200000000000007,to_table,-6.624931812286377,5.4270782470703125,-0.0006016389001812936,0.4048142433166504,0.48687291145324707,0.7799999713897705,0.1295657455921173,0.7799999713897705,0.1295657455921173,0,nominal-sac-a-star,2.2297664391659753,99.0,99.0,2.2280291938781738,99.0,waiter-2,0,,waiter-1,-7.011334419250488,-2.549999952316284,-0.4576457642437237,0.0,7.986431216369272,0,0,waiter-2,-4.544121265411377,2.200000047683716,0.4482576428809715,0.0,3.8397664299983765,0,0,customer-1,4.167718887329102,-2.200000047683716,0.4362807711068939,0.0,13.21565860781136,0,0,customer-2,4.356292724609375,2.549999952316284,0.45858343069859586,0.0,11.351866447587643,0,0
2,39,1.5600000000000007,to_table,-6.578624725341797,5.4270477294921875,0.0022483763523340142,0.4240429401397705,0.4755014181137085,0.7799999713897705,0.11156348139047623,0.7799999713897705,0.11156348139047623,0,nominal-sac-a-star,2.227245145829108,99.0,99.0,2.2291714572906494,99.0,waiter-2,0,,waiter-1,-7.029640197753906,-2.549999952316284,-0.45764678664646397,0.0,7.9897875237205795,0,0,waiter-2,-4.526191234588623,2.200000047683716,0.4482607325554344,0.0,3.824437210182786,0,0,customer-1,4.1851701736450195,-2.200000047683716,0.4362811024499713,0.0,13.192086204341544,0,0,customer-2,4.374636173248291,2.549999952316284,0.45858250503055586,0.0,11.32481029530894,0,0
2,40,1.6000000000000008,to_table,-6.532169818878174,5.426982879638672,0.00512225955194602,0.4187009334564209,0.49176740646362305,0.7799999713897705,0.11527646332979202,0.7799999713897705,0.11527646332979202,0,nominal-sac-a-star,2.2244911726049543,99.0,99.0,2.23056978225708,99.0,waiter-2,0,,waiter-1,-7.047945976257324,-2.549999952316284,-0.4576478090492042,0.0,7.993639980998951,0,0,waiter-2,-4.508260726928711,2.200000047683716,0.4482590538583153,0.0,3.8091503265436675,0,0,customer-1,4.2026214599609375,-2.200000047683716,0.43628143379304873,0.0,13.168394449358942,0,0,customer-2,4.392979621887207,2.549999952316284,0.45858157936251587,0.0,11.297606873456015,0,0
2,41,1.6400000000000008,to_table,-6.485928058624268,5.427301406860352,0.008402979653098124,0.42381346225738525,0.48791587352752686,0.7799999713897705,0.11779241263866425,0.7799999713897705,0.11779241263866425,0,nominal-sac-a-star,2.2219581530829755,99.0,99.0,2.2335845851898193,99.0,waiter-2,0,,waiter-1,-7.0662522315979,-2.549999952316284,-0.45764406308036243,0.0,7.9983819064145045,0,0,waiter-2,-4.490330219268799,2.200000047683716,0.44825737516119624,0.0,3.794454479814401,0,0,customer-1,4.2200727462768555,-2.200000047683716,0.43628176513612615,0.0,13.14512003418126,0,0,customer-2,4.411322593688965,2.549999952316284,0.458585422066049,0.0,11.270711399005059,0,0
2,42,1.6800000000000008,to_table,-6.439728260040283,5.427812576293945,0.011942866266575633,-0.5080968737602234,0.5488717555999756,0.7799999713897705,0.12788896262645721,0.7799999713897705,0.12788896262645721,0,nominal-sac-a-star,2.2208407744681384,99.0,99.0,2.2376584434509277,99.0,waiter-2,0,,waiter-1,-7.084558010101318,-2.549999952316284,-0.4576450854831027,0.0,8.003830217353071,0,0,waiter-2,-4.472400188446045,2.200000047683716,0.4482604648356592,0.0,3.780099662857564,0,0,customer-1,4.237524032592773,-2.200000047683716,0.4362820964792036,0.0,13.12201363918857,0,0,customer-2,4.429666042327881,2.549999952316284,0.45858449639800014,0.0,11.243911152222731,0,0
2,43,1.7200000000000009,to_table,-6.393434047698975,5.428400993347168,0.014465772764125768,0.6199779510498047,0.35623955726623535,0.7799999713897705,0.08381296694278717,0.7799999713897705,0.08381296694278717,0,nominal-sac-a-star,2.2206470528515325,99.0,99.0,2.239699544906616,99.0,waiter-2,0,,waiter-1,-7.102863788604736,-2.549999952316284,-0.4576461078858429,0.0,8.009879662457177,0,0,waiter-2,-4.454469680786133,2.200000047683716,0.4482587861385401,0.0,3.765920270281673,0,0,customer-1,4.254975318908691,-2.200000047683716,0.436282427822281,0.0,13.098897834614137,0,0,customer-2,4.448009490966797,2.549999952316284,0.45858357072996014,0.0,11.217044644427759,0,0
2,44,1.760000000000001,to_table,-6.347093105316162,5.42901086807251,0.01663169002000061,0.592707633972168,0.40252745151519775,0.7799999713897705,0.09044238924980164,0.7799999713897705,0.09044238924980164,0,nominal-sac-a-star,2.2189082451405167,99.0,99.0,2.241182508468628,99.0,waiter-2,0,,waiter-1,-7.121169567108154,-2.549999952316284,-0.45764713028858317,0.0,8.016471046575411,0,0,waiter-2,-4.436539173126221,2.200000047683716,0.448257107441421,0.0,3.7518964812470985,0,0,customer-1,4.272426605224609,-2.200000047683716,0.4362827591653584,0.0,13.07577938156237,0,0,customer-2,4.466352939605713,2.549999952316284,0.45858264506192015,0.0,11.190143842662616,0,0
2,45,1.800000000000001,to_table,-6.3009796142578125,5.429965019226074,0.018709033833625658,0.5796890258789062,0.40994560718536377,0.7799999713897705,0.09376183152198792,0.7799999713897705,0.09376183152198792,0,nominal-sac-a-star,2.2167759092241672,99.0,99.0,2.243084135055542,99.0,waiter-2,0,,waiter-1,-7.139475345611572,-2.549999952316284,-0.4576481526913234,0.0,8.02389656205397,0,0,waiter-2,-4.418609142303467,2.200000047683716,0.44826019711588394,0.0,3.738447847847587,0,0,customer-1,4.289877891540527,-2.200000047683716,0.43628309050843583,0.0,13.053069739735124,0,0,customer-2,4.484696388244629,2.549999952316284,0.45858171939387127,0.0,11.163557032486453,0,0
2,46,1.840000000000001,to_table,-6.254620552062988,5.430700778961182,0.01913439358766909,0.5776424407958984,-0.1986108422279358,0.7799999713897705,0.0023601409047842026,0.7799999713897705,0.0023601409047842026,0,nominal-sac-a-star,2.2151144595182273,99.0,99.0,2.2411436462402343,99.0,waiter-2,0,,waiter-1,-7.157781600952148,-2.549999952316284,-0.45764440672248163,0.0,8.031642673976679,0,0,waiter-2,-4.400678634643555,2.200000047683716,0.44825851841876485,0.0,3.724852728396332,0,0,customer-1,4.307329177856445,-2.200000047683716,0.43628342185151325,0.0,13.030056684569884,0,0,customer-2,4.503039360046387,2.549999952316284,0.4585855620974044,0.0,11.136681913264725,0,0
2,47,1.880000000000001,to_table,-6.20832633972168,5.431585788726807,0.01982713430791446,0.5119080543518066,0.3013644218444824,0.7799999713897705,0.06485825031995773,0.7799999713897705,0.06485825031995773,0,nominal-sac-a-star,2.21039772213466,99.0,99.0,2.2402257347106933,99.0,waiter-2,0,,waiter-1,-7.176087379455566,-2.549999952316284,-0.4576454291252219,0.0,8.040041814048557,0,0,waiter-2,-4.382748126983643,2.200000047683716,0.44825683972164576,0.0,3.7115875595945234,0,0,customer-1,4.324780464172363,-2.200000047683716,0.4362837531945907,0.0,13.007207283684714,0,0,customer-2,4.521382808685303,2.549999952316284,0.4585846364293644,0.0,11.109914281487963,0,0
2,48,1.920000000000001,to_table,-6.161835193634033,5.432374477386475,0.020929391938225954,0.5309820175170898,0.2754368782043457,0.7799999713897705,0.064146488904953,0.7799999713897705,0.064146488904953,0,nominal-sac-a-star,2.2065679501364492,99.0,99.0,2.2403907203674316,99.0,waiter-2,0,,waiter-1,-7.194393157958984,-2.549999952316284,-0.45764645152796213,0.0,8.048880511329717,0,0,waiter-2,-4.364818096160889,2.200000047683716,0.4482599293961087,0.0,3.698312439803733,0,0,customer-1,4.342231750488281,-2.200000047683716,0.4362840845376681,0.0,12.984165866837326,0,0,customer-2,4.539726257324219,2.549999952316284,0.45858371076131554,0.0,11.082937353942288,0,0
2,49,1.960000000000001,to_table,-6.1156511306762695,5.4334211349487305,0.021420356294467556,0.5188910961151123,0.26707470417022705,0.7799999713897705,0.04867181554436684,0.7799999713897705,0.04867181554436684,0,nominal-sac-a-star,2.203597065966412,99.0,99.0,2.239666404724121,99.0,waiter-2,0,,waiter-1,-7.212698936462402,-2.549999952316284,-0.4576474739307024,0.0,8.058444399806199,0,0,waiter-2,-4.346887588500977,2.200000047683716,0.4482582506989896,0.0,3.685584946205766,0,0,customer-1,4.359683036804199,-2.200000047683716,0.4362844158807455,0.0,12.961548706533701,0,0,customer-2,4.558069705963135,2.549999952316284,0.45858278509326666,0.0,11.056330051828395,0,0
2,50,2.000000000000001,to_table,-6.0683746337890625,5.4344401359558105,0.024004116009501038,0.8072879314422607,0.8821330070495605,0.8072879314422607,0.12331072241067886,0.8072879314422607,0.12331072241067886,0,nominal-sac-a-star,2.18963968470985,99.0,99.0,2.2395662689208984,99.0,waiter-2,0,,waiter-1,-7.2310051918029785,-2.549999952316284,-0.4576437279618606,0.0,8.068642595730353,0,0,waiter-2,-4.3289570808410645,2.200000047683716,0.4482565720018705,0.0,3.672489088904853,0,0,customer-1,4.377134323120117,-2.200000047683716,0.43628474722382293,0.0,12.938057593257183,0,0,customer-2,4.576413154602051,2.549999952316284,0.45858185942522667,0.0,11.028667291784398,0,0
2,51,2.040000000000001,to_table,-6.021693706512451,5.435731887817383,0.025219615077856826,0.46157562732696533,0.2692546844482422,0.7799999713897705,0.04853541776537895,0.7799999713897705,0.04853541776537895,0,nominal-sac-a-star,2.2003903289290143,99.0,99.0,2.2456154251098632,99.0,waiter-2,0,,waiter-1,-7.2493109703063965,-2.549999952316284,-0.45764475036460084,0.0,8.079539415640571,0,0,waiter-2,-4.3110270500183105,2.200000047683716,0.44825966167633347,0.0,3.6601012214002564,0,0,customer-1,4.394585609436035,-2.200000047683716,0.43628507856690035,0.0,12.915234298249786,0,0,customer-2,4.594756126403809,2.549999952316284,0.4585857021287687,0.0,11.00165695967651,0,0
2,52,2.080000000000001,to_table,-5.975284099578857,5.436887264251709,0.025534561858085676,0.38893628120422363,0.32170915603637695,0.7799999713897705,0.04122038930654526,0.7799999713897705,0.04122038930654526,0,nominal-sac-a-star,2.1988328859219615,99.0,99.0,2.2453176403045654,99.0,waiter-2,0,,waiter-1,-7.2676167488098145,-2.549999952316284,-0.4576457727673411,0.0,8.090765791100711,0,0,waiter-2,-4.293096542358398,2.200000047683716,0.4482579829792144,0.0,3.647902661865942,0,0,customer-1,4.412037372589111,-2.200000047683716,0.43628064153839574,0.0,12.892575195877743,0,0,customer-2,4.613099575042725,2.549999952316284,0.4585847764607198,0.0,10.97487982589361,0,0
2,53,2.120000000000001,to_table,-5.92897367477417,5.438073635101318,0.025834750778247845,0.3723788261413574,0.33567047119140625,0.7799999713897705,0.042802728712558746,0.7799999713897705,0.042802728712558746,0,nominal-sac-a-star,2.1957663506095733,99.0,99.0,2.2452685260772705,99.0,waiter-2,0,,waiter-1,-7.285922527313232,-2.549999952316284,-0.45764679517008133,0.0,8.102507625815962,0,0,waiter-2,-4.275166034698486,2.200000047683716,0.4482563042820953,0.0,3.635959332542679,0,0,customer-1,4.429488658905029,-2.200000047683716,0.43628097288147316,0.0,12.870039296828276,0,0,customer-2,4.631443023681641,2.549999952316284,0.45858385079267094,0.0,10.94821311640488,0,0
2,54,2.160000000000001,to_table,-5.882674217224121,5.43927526473999,0.026139999722377703,0.35554563999176025,0.3389822244644165,0.7799999713897705,0.043092261999845505,0.7799999713897705,0.043092261999845505,0,nominal-sac-a-star,2.192960123679372,99.0,99.0,2.2454919242858886,99.0,waiter-2,0,,waiter-1,-7.30422830581665,-2.549999952316284,-0.4576478175728216,0.0,8.114760287319873,0,0,waiter-2,-4.257236003875732,2.200000047683716,0.4482593939565582,0.0,3.6242176144994627,0,0,customer-1,4.446939945220947,-2.200000047683716,0.4362813042245506,0.0,12.84754669359065,0,0,customer-2,4.649786472320557,2.549999952316284,0.45858292512463095,0.0,10.921567653399627,0,0
2,55,2.200000000000001,to_table,-5.8363752365112305,5.440490245819092,0.026453635488228575,0.34545469284057617,0.3492530584335327,0.7799999713897705,0.04422397166490555,0.7799999713897705,0.04422397166490555,0,nominal-sac-a-star,2.1904206192353493,99.0,99.0,2.2459921264648437,99.0,waiter-2,0,,waiter-1,-7.322534561157227,-2.549999952316284,-0.4576440716039798,0.0,8.127521340773567,0,0,waiter-2,-4.23930549621582,2.200000047683716,0.44825771525943914,0.0,3.612673314815318,0,0,customer-1,4.464391231536865,-2.200000047683716,0.436281635567628,0.0,12.825087982324904,0,0,customer-2,4.668129920959473,2.549999952316284,0.45858199945659095,0.0,10.894932892871005,0,0
2,56,2.240000000000001,to_table,-5.7900800704956055,5.441676139831543,0.019941830423644318,0.36996686458587646,0.40126490592956543,0.7799999713897705,-0.3308742046356201,0.7799999713897705,-0.3308742046356201,0,nominal-sac-a-star,2.1881510419918735,99.0,99.0,2.2307381057739257,99.0,waiter-2,0,,waiter-1,-7.3408403396606445,-2.549999952316284,-0.45764509400672004,0.0,8.140745922470986,0,0,waiter-2,-4.221375465393066,2.200000047683716,0.4482608049339021,0.0,3.6012911607467566,0,0,customer-1,4.481842517852783,-2.200000047683716,0.4362819669107054,0.0,12.802640689164857,0,0,customer-2,4.6864728927612305,2.549999952316284,0.4585858421601241,0.0,10.868300380711252,0,0
2,57,2.280000000000001,to_table,-5.7438063621521,5.442655563354492,0.010658460401509483,-0.23807263374328613,0.8421046733856201,0.7799999713897705,-0.30722787976264954,0.7799999713897705,-0.30722787976264954,0,nominal-sac-a-star,2.1733912632638916,99.0,99.0,2.209035577774048,99.0,waiter-2,0,,waiter-1,-7.3591461181640625,-2.549999952316284,-0.4576461164094603,0.0,8.15425439384468,0,0,waiter-2,-4.203444957733154,2.200000047683716,0.448259126236783,0.0,3.5899203402768722,0,0,customer-1,4.499293804168701,-2.200000047683716,0.43628229825378284,0.0,12.78011290271784,0,0,customer-2,4.7048163414001465,2.549999952316284,0.4585849164920752,0.0,10.841640691577004,0,0
2,58,2.320000000000001,to_table,-5.696991920471191,5.443780422210693,-0.0009618399614287847,-0.26111555099487305,0.5772891044616699,0.7799999713897705,-0.3720304071903229,0.7799999713897705,-0.3720304071903229,0,nominal-sac-a-star,2.1535007277441425,99.0,99.0,2.1822428131103515,99.0,waiter-2,0,,waiter-1,-7.3774518966674805,-2.549999952316284,-0.45764713881220054,0.0,8.168504784094228,0,0,waiter-2,-4.185514450073242,2.200000047683716,0.4482574475396639,0.0,3.5786415385851322,0,0,customer-1,4.516745090484619,-2.200000047683716,0.43628262959686026,0.0,12.757264738215152,0,0,customer-2,4.7231597900390625,2.549999952316284,0.4585839908240352,0.0,10.81450540145004,0,0
2,59,2.360000000000001,to_table,-5.650909423828125,5.443388938903809,-0.013744925346584856,0.20550167560577393,0.2851071357727051,0.7799999713897705,-0.3115485906600952,0.7799999713897705,-0.3115485906600952,0,nominal-sac-a-star,2.1295751684569204,99.0,99.0,2.1514765644073486,99.0,waiter-2,0,,waiter-1,-7.395757675170898,-2.549999952316284,-0.4576481612149408,0.0,8.181611173020551,0,0,waiter-2,-4.167584419250488,2.200000047683716,0.44826053721412684,0.0,3.5664863057209613,0,0,customer-1,4.534196376800537,-2.200000047683716,0.4362829609399377,0.0,12.734118554901517,0,0,customer-2,4.7415032386779785,2.549999952316284,0.45858306515599523,0.0,10.78767541111259,0,0
2,60,2.4000000000000012,to_table,-5.604794502258301,5.442706108093262,-0.025042537706476353,0.16361165046691895,0.5788023471832275,0.7799999713897705,-0.2929263114929199,0.7799999713897705,-0.2929263114929199,0,nominal-sac-a-star,2.1023005039781464,99.0,99.0,2.124136629104614,99.0,waiter-2,0,,waiter-1,-7.414063930511475,-2.549999952316284,-0.457644415246099,0.0,8.19492562700352,0,0,waiter-2,-4.149653911590576,2.200000047683716,0.44825885851700775,0.0,3.554233635092889,0,0,customer-1,4.551647663116455,-2.200000047683716,0.4362832922830151,0.0,12.710793635416852,0,0,customer-2,4.7598466873168945,2.549999952316284,0.45858213948794635,0.0,10.760740489962052,0,0
2,61,2.4400000000000013,to_table,-5.5578107833862305,5.442382335662842,-0.03663491632479943,0.138075590133667,0.5623264312744141,0.7799999713897705,-0.31923627853393555,0.7799999713897705,-0.31923627853393555,0,nominal-sac-a-star,2.077722685668705,99.0,99.0,2.0967156314849853,99.0,waiter-2,0,,waiter-1,-7.432369709014893,-2.549999952316284,-0.45764543764883925,0.0,8.209271941095418,0,0,waiter-2,-4.131723403930664,2.200000047683716,0.44825717981988866,0.0,3.5421417412694254,0,0,customer-1,4.569098949432373,-2.200000047683716,0.4362836236260925,0.0,12.687013408597863,0,0,customer-2,4.778189659118652,2.549999952316284,0.4585859821914795,0.0,10.73306950499039,0,0
2,62,2.4800000000000013,to_table,-5.520884990692139,5.443169593811035,-0.04902986242984031,0.08768510818481445,0.5904242992401123,0.3400000035762787,-0.22080063819885254,0.3400000035762787,-0.22080063819885254,0,nominal-sac-a-star,2.349016161696272,99.0,99.0,2.3819751167297363,99.0,waiter-2,0,,waiter-1,-7.4506754875183105,-2.549999952316284,-0.4576464600515795,0.0,8.222824986267057,0,0,waiter-2,-4.11379337310791,2.200000047683716,0.4482602694943516,0.0,3.5352589049747802,0,0,customer-1,4.586550235748291,-2.200000047683716,0.43628395496916994,0.0,12.67194890399089,0,0,customer-2,4.796533107757568,2.549999952316284,0.4585850565234395,0.0,10.715388317400562,0,0
2,63,2.5200000000000014,to_table,-5.492194175720215,5.445699691772461,-0.061777791868854674,0.3270350694656372,0.5308799743652344,0.3400000035762787,-0.23952940106391907,0.3400000035762787,-0.23952940106391907,0,nominal-sac-a-star,2.3332762492588452,99.0,99.0,2.3685342693328857,99.0,waiter-2,0,,waiter-1,-7.4689812660217285,-2.549999952316284,-0.45764748245431974,0.0,8.236437336546889,0,0,waiter-2,-4.095862865447998,2.200000047683716,0.4482585907972325,0.0,3.533313927134742,0,0,customer-1,4.604001522064209,-2.200000047683716,0.43628428631224736,0.0,12.664513100545198,0,0,customer-2,4.814876556396484,2.549999952316284,0.4585841308553995,0.0,10.706109660280116,0,0
2,64,2.5600000000000014,to_table,-5.469306468963623,5.446556568145752,-0.0687196327255621,-0.084236741065979,0.811224102973938,0.3400000035762787,-0.21867568790912628,0.3400000035762787,-0.21867568790912628,0,nominal-sac-a-star,2.322125883131348,99.0,99.0,2.3610996627807617,99.0,waiter-2,0,,waiter-1,-7.487287521362305,-2.549999952316284,-0.45764373648547796,0.0,8.247251888525293,0,0,waiter-2,-4.077932357788086,2.200000047683716,0.4482569121001134,0.0,3.5321454043971743,0,0,customer-1,4.621452808380127,-2.200000047683716,0.4362846176553248,0.0,12.660697092671649,0,0,customer-2,4.8332200050354,2.549999952316284,0.45858320518735063,0.0,10.701966734023994,0,0
2,65,2.6000000000000014,to_table,-5.4484171867370605,5.445467472076416,-0.07507682955322764,-0.1261020302772522,0.7605773210525513,0.3400000035762787,-0.23832577466964722,0.3400000035762787,-0.23832577466964722,0,nominal-sac-a-star,2.315944603584092,99.0,99.0,2.3531574630737304,99.0,waiter-2,0,,waiter-1,-7.505593299865723,-2.549999952316284,-0.4576447588882182,0.0,8.255875053254622,0,0,waiter-2,-4.060002326965332,2.200000047683716,0.44826000177457637,0.0,3.5299794086692824,0,0,customer-1,4.638904094696045,-2.200000047683716,0.4362849489984022,0.0,12.657299247096924,0,0,customer-2,4.851563453674316,2.549999952316284,0.45858227951930175,0.0,10.699221156272781,0,0
2,66,2.6400000000000015,to_table,-5.428176403045654,5.443623065948486,-0.0831978859488341,-0.14559167623519897,0.7587159872055054,0.3400000035762787,-0.24775144457817078,0.3400000035762787,-0.24775144457817078,0,nominal-sac-a-star,2.30916847047045,99.0,99.0,2.3431641483306884,99.0,waiter-2,0,,waiter-1,-7.523899078369141,-2.549999952316284,-0.45764578129095845,0.0,8.263780157409647,0,0,waiter-2,-4.04207181930542,2.200000047683716,0.4482583230774573,0.0,3.5273752567146506,0,0,customer-1,4.656355381011963,-2.200000047683716,0.4362852803414796,0.0,12.653962051741768,0,0,customer-2,4.869906425476074,2.549999952316284,0.4585861222228438,0.0,10.696895094691758,0,0
2,67,2.6800000000000015,to_table,-5.4077935218811035,5.442078590393066,-0.09189532324033688,-0.14340609312057495,0.7766983509063721,0.3400000035762787,-0.2514541447162628,0.3400000035762787,-0.2514541447162628,0,nominal-sac-a-star,2.3006741135198174,99.0,99.0,2.332904281616211,99.0,waiter-2,0,,waiter-1,-7.542204856872559,-2.549999952316284,-0.4576468036936987,0.0,8.272184184347882,0,0,waiter-2,-4.024141311645508,2.200000047683716,0.4482566443803382,0.0,3.5249917327543105,0,0,customer-1,4.673807144165039,-2.200000047683716,0.436280843312975,0.0,12.650693178643277,0,0,customer-2,4.88824987411499,2.549999952316284,0.4585851965547949,0.0,10.694513942253515,0,0
2,68,2.7200000000000015,to_table,-5.389364719390869,5.440837860107422,-0.09975939207186085,-0.14772355556488037,0.7842379808425903,0.2199999988079071,-0.2583732306957245,0.2199999988079071,-0.2583732306957245,0,nominal-sac-a-star,2.398090960025953,99.0,99.0,2.4636549377441406,99.0,waiter-2,0,,waiter-1,-7.560510635375977,-2.549999952316284,-0.45764782609643895,0.0,8.28054125845402,0,0,waiter-2,-4.006211280822754,2.200000047683716,0.44825973405480113,0.0,3.5236548016311238,0,0,customer-1,4.691258430480957,-2.200000047683716,0.43628117465605243,0.0,12.649164676881625,0,0,customer-2,4.906593322753906,2.549999952316284,0.458584270886746,0.0,10.694096306594957,0,0
2,69,2.7600000000000016,to_table,-5.374194145202637,5.440330982208252,-0.10852735807782485,-0.19261735677719116,0.7882595062255859,0.2199999988079071,-0.2671416401863098,0.2199999988079071,-0.2671416401863098,0,nominal-sac-a-star,2.396754298168577,99.0,99.0,2.464272918701172,99.0,waiter-2,0,,waiter-1,-7.578816890716553,-2.549999952316284,-0.45764408012759716,0.0,8.28889316454598,0,0,waiter-2,-3.988280773162842,2.200000047683716,0.44825805535768204,0.0,3.5242730371007536,0,0,customer-1,4.708709716796875,-2.200000047683716,0.43628150599912985,0.0,12.6506762086718,0,0,customer-2,4.924936771392822,2.549999952316284,0.45858334521869715,0.0,10.697014120750183,0,0
2,70,2.8000000000000016,to_table,-5.360323429107666,5.4402947425842285,-0.11708255058970739,0.21415698528289795,0.9734539985656738,0.2199999988079071,-0.2527638375759125,0.2199999988079071,-0.2527638375759125,0,nominal-sac-a-star,2.3973852415261723,99.0,99.0,2.4658383750915527,99.0,waiter-2,0,,waiter-1,-7.597122669219971,-2.549999952316284,-0.4576451025303374,0.0,8.297474323667549,0,0,waiter-2,-3.9703502655029297,2.200000047683716,0.44825637666056295,0.0,3.525838213154677,0,0,customer-1,4.726161003112793,-2.200000047683716,0.43628183734220727,0.0,12.653508315231043,0,0,customer-2,4.943280220031738,2.549999952316284,0.45858241955064827,0.0,10.701310767060681,0,0
2,71,2.8400000000000016,to_table,-5.347574710845947,5.438946723937988,-0.12678314940443014,-0.19059526920318604,0.7709943056106567,0.2199999988079071,-0.2863323390483856,0.2199999988079071,-0.2863323390483856,0,nominal-sac-a-star,2.3989678140296204,99.0,99.0,2.4666458988189697,99.0,waiter-2,0,,waiter-1,-7.615428447723389,-2.549999952316284,-0.45764612493307766,0.0,8.304602914522956,0,0,waiter-2,-3.952420234680176,2.200000047683716,0.4482594663350259,0.0,3.5266459396973757,0,0,customer-1,4.743612289428711,-2.200000047683716,0.4362821686852847,0.0,12.656443531031217,0,0,customer-2,4.961623668670654,2.549999952316284,0.4585814938825994,0.0,10.706333857931536,0,0
2,72,2.8800000000000017,to_table,-5.333958148956299,5.43785285949707,-0.13235551665205833,-0.20136207342147827,0.7583301067352295,0.2199999988079071,-0.12364791333675385,0.2199999988079071,-0.12364791333675385,0,nominal-sac-a-star,2.39980032935469,99.0,99.0,2.467350664138794,99.0,waiter-2,0,,waiter-1,-7.633734226226807,-2.549999952316284,-0.4576471473358179,0.0,8.312325940961426,0,0,waiter-2,-3.9344897270202637,2.200000047683716,0.4482577876379068,0.0,3.5273506623192117,0,0,customer-1,4.761063575744629,-2.200000047683716,0.4362825000283621,0.0,12.658841205020058,0,0,customer-2,4.97996711730957,2.549999952316284,0.4585805682145505,0.0,10.710590497803096,0,0
2,73,2.9200000000000017,to_table,-5.3209662437438965,5.435806751251221,-0.14066261104927003,-0.16288214921951294,0.6704422235488892,0.2199999988079071,-0.31329354643821716,0.2199999988079071,-0.31329354643821716,0,nominal-sac-a-star,2.4005254472974276,99.0,99.0,2.467435779571533,99.0,waiter-2,0,,waiter-1,-7.652040004730225,-2.549999952316284,-0.45764816973855815,0.0,8.319075284303096,0,0,waiter-2,-3.9165596961975098,2.200000047683716,0.44826087731236974,0.0,3.5274357221136663,0,0,customer-1,4.778514862060547,-2.200000047683716,0.43628283137143953,0.0,12.66116361465888,0,0,customer-2,4.998310089111328,2.549999952316284,0.45858441091808366,0.0,10.715192248140259,0,0
2,74,2.9600000000000017,to_table,-5.307957172393799,5.433996677398682,-0.1500959077793003,-0.19034695625305176,0.7495908737182617,0.2199999988079071,-0.3091428577899933,0.2199999988079071,-0.3091428577899933,0,nominal-sac-a-star,2.4006355093583083,99.0,99.0,2.467738571166992,99.0,waiter-2,0,,waiter-1,-7.670346260070801,-2.549999952316284,-0.45764442376971637,0.0,8.326168649797776,0,0,waiter-2,-3.8986291885375977,2.200000047683716,0.44825919861525065,0.0,3.5277385910931582,0,0,customer-1,4.795966148376465,-2.200000047683716,0.43628316271451695,0.0,12.663616089828922,0,0,customer-2,5.016653537750244,2.549999952316284,0.4585834852500348,0.0,10.719842509398497,0,0
2,75,3.0000000000000018,to_table,-5.292735576629639,5.431713581085205,-0.15948276069510367,-0.19478440284729004,0.746182918548584,0.3400000035762787,-0.31577691435813904,0.3400000035762787,-0.31577691435813904,0,nominal-sac-a-star,2.253308234580575,99.0,99.0,2.2742373371124267,99.0,waiter-2,0,,waiter-1,-7.688652038574219,-2.549999952316284,-0.4576454461724566,0.0,8.333556660988243,0,0,waiter-2,-3.8806986808776855,2.200000047683716,0.44825751991813156,0.0,3.526729441980934,0,0,customer-1,4.813417434692383,-2.200000047683716,0.43628349405759437,0.0,12.664019172434573,0,0,customer-2,5.03499698638916,2.549999952316284,0.4585825595819859,0.0,10.722235463347715,0,0
2,76,3.040000000000002,to_table,-5.275784492492676,5.429984092712402,-0.16677274025107663,-0.20284223556518555,0.6321501731872559,0.3400000035762787,-0.340160995721817,0.3400000035762787,-0.340160995721817,0,nominal-sac-a-star,2.2458020151476985,99.0,99.0,2.2667481327056884,99.0,waiter-2,0,,waiter-1,-7.706957817077637,-2.549999952316284,-0.45764646857519686,0.0,8.342106993624926,0,0,waiter-2,-3.8627686500549316,2.200000047683716,0.4482606095925945,0.0,3.525536938130123,0,0,customer-1,4.830868721008301,-2.200000047683716,0.4362838254006718,0.0,12.66337621492254,0,0,customer-2,5.053340435028076,2.549999952316284,0.458581633913937,0.0,10.723111974481277,0,0
2,77,3.080000000000002,to_table,-5.258483409881592,5.42734956741333,-0.17597526617902368,-0.018812119960784912,0.3187088966369629,0.3400000035762787,-0.3998381793498993,0.3400000035762787,-0.3998381793498993,0,nominal-sac-a-star,2.2396027481824206,99.0,99.0,2.2566959285736083,99.0,waiter-2,0,,waiter-1,-7.725263595581055,-2.549999952316284,-0.4576474909779371,0.0,8.350036517554267,0,0,waiter-2,-3.8448381423950195,2.200000047683716,0.4482589308954754,0.0,3.523375918744146,0,0,customer-1,4.848320007324219,-2.200000047683716,0.4362841567437492,0.0,12.66190891868063,0,0,customer-2,5.071683883666992,2.549999952316284,0.45858070824588815,0.0,10.723408838620301,0,0
2,78,3.120000000000002,to_table,-5.239570140838623,5.4243364334106445,-0.18774752800826128,-0.08031642436981201,0.6397538185119629,0.3400000035762787,-0.38199543952941895,0.3400000035762787,-0.38199543952941895,0,nominal-sac-a-star,2.2311644330096074,99.0,99.0,2.2435459518432617,99.0,waiter-2,0,,waiter-1,-7.743569850921631,-2.549999952316284,-0.4576437450090953,0.0,8.358232788145123,0,0,waiter-2,-3.8269076347351074,2.200000047683716,0.4482572521983563,0.0,3.5202216527476304,0,0,customer-1,4.865771293640137,-2.200000047683716,0.4362844880868355,0.0,12.658926979975023,0,0,customer-2,5.09002685546875,2.549999952316284,0.4585845509494213,0.0,10.72205131085802,0,0
2,79,3.160000000000002,to_table,-5.219910144805908,5.421228408813477,-0.20046028597781193,-0.06571269035339355,0.5895171165466309,0.3400000035762787,-0.41313114762306213,0.3400000035762787,-0.41313114762306213,0,nominal-sac-a-star,2.2200492451269214,99.0,99.0,2.229318799972534,99.0,waiter-2,0,,waiter-1,-7.761875629425049,-2.549999952316284,-0.4576447674118356,0.0,8.366723977177356,0,0,waiter-2,-3.8089776039123535,2.200000047683716,0.44826034187281927,0.0,3.5166806493480562,0,0,customer-1,4.883222579956055,-2.200000047683716,0.43628481942991293,0.0,12.65529193816874,0,0,customer-2,5.108370304107666,2.549999952316284,0.4585836252813724,0.0,10.719950087608133,0,0
2,80,3.200000000000002,to_table,-5.200204372406006,5.417771816253662,-0.20685063456592856,-0.04262650012969971,0.7387917041778564,0.3400000035762787,0.024570869281888008,0.3400000035762787,0.024570869281888008,0,nominal-sac-a-star,2.2079931198325347,99.0,99.0,2.2201103591918945,99.0,waiter-2,0,,waiter-1,-7.780181407928467,-2.549999952316284,-0.4576457898145758,0.0,8.375062295878372,0,0,waiter-2,-3.7910470962524414,2.200000047683716,0.4482586631757002,0.0,3.5128022124142277,0,0,customer-1,4.900674343109131,-2.200000047683716,0.4362803824014083,0.0,12.651410948844507,0,0,customer-2,5.126713752746582,2.549999952316284,0.45858269961332354,0.0,10.71771213586164,0,0
2,81,3.240000000000002,to_table,-5.180542945861816,5.413647174835205,-0.20683128108888302,-0.0003674030303955078,0.5359101295471191,0.3400000035762787,0.0039267935790121555,0.3400000035762787,0.0039267935790121555,0,nominal-sac-a-star,2.1998662731152847,99.0,99.0,2.215653600692749,99.0,waiter-2,0,,waiter-1,-7.798487186431885,-2.549999952316284,-0.45764681221731607,0.0,8.38291760740389,0,0,waiter-2,-3.7731165885925293,2.200000047683716,0.4482569844785811,0.0,3.5083296323158284,0,0,customer-1,4.918125629425049,-2.200000047683716,0.43628071374448574,0.0,12.647162963386553,0,0,customer-2,5.145057201385498,2.549999952316284,0.45858177394527466,0.0,10.715339183426444,0,0
2,82,3.280000000000002,to_table,-5.160797119140625,5.409504413604736,-0.20679731302719853,-0.036724746227264404,0.568533182144165,0.3400000035762787,0.005090971942991018,0.3400000035762787,0.005090971942991018,0,nominal-sac-a-star,2.1954066620392734,99.0,99.0,2.211158695220947,99.0,waiter-2,0,,waiter-1,-7.816792964935303,-2.549999952316284,-0.4576478346200563,0.0,8.39094891439546,0,0,waiter-2,-3.7551865577697754,2.200000047683716,0.44826007415304403,0.0,3.5038064051975484,0,0,customer-1,4.935576915740967,-2.200000047683716,0.43628104508756316,0.0,12.642836975876897,0,0,customer-2,5.163400650024414,2.549999952316284,0.4585808482772258,0.0,10.712881281007501,0,0
2,83,3.320000000000002,to_table,-5.1410393714904785,5.405359745025635,-0.20678074840481492,-0.04175657033920288,0.5699697732925415,0.3400000035762787,0.0022252078633755445,0.3400000035762787,0.0022252078633755445,0,nominal-sac-a-star,2.190906094210574,99.0,99.0,2.2066428089141845,99.0,waiter-2,0,,waiter-1,-7.835099220275879,-2.549999952316284,-0.45764408865121453,0.0,8.399149146367728,0,0,waiter-2,-3.7372560501098633,2.200000047683716,0.44825839545592494,0.0,3.4992768399671195,0,0,customer-1,4.953028202056885,-2.200000047683716,0.4362813764306406,0.0,12.638500613439094,0,0,customer-2,5.181743621826172,2.549999952316284,0.45858469098075894,0.0,10.710412143000317,0,0
2,84,3.360000000000002,to_table,-5.121279716491699,5.401215076446533,-0.20672803000077866,-0.024760663509368896,0.6435232162475586,0.3400000035762787,0.0077329715713858604,0.3400000035762787,0.0077329715713858604,0,nominal-sac-a-star,2.186387430712081,99.0,99.0,2.2021564865112304,99.0,waiter-2,0,,waiter-1,-7.853404998779297,-2.549999952316284,-0.4576451110539548,0.0,8.40751622012939,0,0,waiter-2,-3.719325542449951,2.200000047683716,0.44825671675880585,0.0,3.4947465096184023,0,0,customer-1,4.970479488372803,-2.200000047683716,0.436281707773718,0.0,12.634163019855087,0,0,customer-2,5.200087070465088,2.549999952316284,0.45858376531271006,0.0,10.707942847950008,0,0
2,85,3.400000000000002,to_table,-5.101523399353027,5.397076606750488,-0.20532692310016093,-0.018639981746673584,0.6812748908996582,0.3400000035762787,0.10016916692256927,0.3400000035762787,0.10016916692256927,0,nominal-sac-a-star,2.1818919692805037,99.0,99.0,2.1987997913360595,99.0,waiter-2,0,,waiter-1,-7.871710777282715,-2.549999952316284,-0.457646133456695,0.0,8.41605394139733,0,0,waiter-2,-3.7013955116271973,2.200000047683716,0.4482598064332688,0.0,3.4902230052708423,0,0,customer-1,4.987930774688721,-2.200000047683716,0.4362820391167954,0.0,12.629832113826282,0,0,customer-2,5.218430519104004,2.549999952316284,0.4585828396446612,0.0,10.705479641534092,0,0
2,86,3.440000000000002,to_table,-5.081760883331299,5.392965316772461,-0.20333389956649098,0.06399011611938477,0.657970666885376,0.3400000035762787,0.09636258333921432,0.3400000035762787,0.09636258333921432,0,nominal-sac-a-star,2.1782981261059744,99.0,99.0,2.195960702896118,99.0,waiter-2,0,,waiter-1,-7.890016555786133,-2.549999952316284,-0.4576471558594353,0.0,8.424784696823107,0,0,waiter-2,-3.683465003967285,2.200000047683716,0.4482581277361497,0.0,3.4857221024994725,0,0,customer-1,5.005382061004639,-2.200000047683716,0.43628237045987284,0.0,12.625512892761918,0,0,customer-2,5.23677396774292,2.549999952316284,0.4585819139766123,0.0,10.70301889825159,0,0
2,87,3.480000000000002,to_table,-5.061995983123779,5.388890743255615,-0.20136562877196154,0.057258009910583496,0.6889195442199707,0.3400000035762787,0.09832608699798584,0.3400000035762787,0.09832608699798584,0,nominal-sac-a-star,2.1751211936233763,99.0,99.0,2.193136396408081,99.0,waiter-2,0,,waiter-1,-7.908322334289551,-2.549999952316284,-0.4576481782621755,0.0,8.433715620862417,0,0,waiter-2,-3.665534496307373,2.200000047683716,0.4482564490390306,0.0,3.4812538764741823,0,0,customer-1,5.022833347320557,-2.200000047683716,0.43628270180295026,0.0,12.621214127848166,0,0,customer-2,5.255117416381836,2.549999952316284,0.4585809883085634,0.0,10.700566799059686,0,0
2,88,3.5200000000000022,to_table,-5.042224407196045,5.384854793548584,-0.19938825869036023,0.04630434513092041,0.700732946395874,0.3400000035762787,0.09798872470855713,0.3400000035762787,0.09798872470855713,0,nominal-sac-a-star,2.171962577979256,99.0,99.0,2.1903552436828613,99.0,waiter-2,0,,waiter-1,-7.926628589630127,-2.549999952316284,-0.45764443229333374,0.0,8.44284947903357,0,0,waiter-2,-3.647604465484619,2.200000047683716,0.44825953871349355,0.0,3.476818162354361,0,0,customer-1,5.040284633636475,-2.200000047683716,0.4362830331460277,0.0,12.61693352289036,0,0,customer-2,5.273460388183594,2.549999952316284,0.45858483101209657,0.0,10.698119216408315,0,0
2,89,3.5600000000000023,to_table,-5.022445201873779,5.380858421325684,-0.1978037811544054,-0.09019267559051514,0.5851864814758301,0.3400000035762787,0.082309789955616,0.3400000035762787,0.082309789955616,0,nominal-sac-a-star,2.168844806575159,99.0,99.0,2.1872805976867675,99.0,waiter-2,0,,waiter-1,-7.944934368133545,-2.549999952316284,-0.457645454696074,0.0,8.452186549625642,0,0,waiter-2,-3.629673957824707,2.200000047683716,0.44825786001637447,0.0,3.4724158350373626,0,0,customer-1,5.057735919952393,-2.200000047683716,0.4362833644891051,0.0,12.61267087400493,0,0,customer-2,5.29180383682251,2.549999952316284,0.4585839053440477,0.0,10.695676364952782,0,0
2,90,3.6000000000000023,to_table,-5.002662181854248,5.37689208984375,-0.1963802477092816,-0.10744953155517578,0.5977184772491455,0.3400000035762787,0.08242729306221008,0.3400000035762787,0.08242729306221008,0,nominal-sac-a-star,2.165499874756221,99.0,99.0,2.1840991401672363,99.0,waiter-2,0,,waiter-1,-7.963240146636963,-2.549999952316284,-0.45764647709880535,0.0,8.461716098618355,0,0,waiter-2,-3.611743450164795,2.200000047683716,0.4482561813192554,0.0,3.4680394988673857,0,0,customer-1,5.0751872062683105,-2.200000047683716,0.4362836958321825,0.0,12.608423484060477,0,0,customer-2,5.310147285461426,2.549999952316284,0.4585829796759988,0.0,10.693238904390494,0,0
2,91,3.6400000000000023,to_table,-4.97308874130249,5.3728346824646,-0.19511686934861375,0.7917001247406006,0.16214895248413086,0.7917001247406006,0.028935756534337997,0.7917001247406006,0.028935756534337997,0,nominal-sac-a-star,1.6844214812957863,99.0,99.0,1.6528896713256835,99.0,waiter-2,0,,waiter-1,-7.981545925140381,-2.549999952316284,-0.4576474995015545,0.0,8.474793406158604,0,0,waiter-2,-3.593813419342041,2.200000047683716,0.4482592709937183,0.0,3.459664728472146,0,0,customer-1,5.0926384925842285,-2.200000047683716,0.43628402717525994,0.0,12.596296701695673,0,0,customer-2,5.328490734100342,2.549999952316284,0.45858205400794994,0.0,10.681335852868424,0,0
2,92,3.6800000000000024,to_table,-4.933865070343018,5.366731643676758,-0.19229050716680005,0.5702123641967773,0.5811281204223633,0.7799999713897705,0.13967251777648926,0.7799999713897705,0.13967251777648926,0,nominal-sac-a-star,1.6896245386118625,99.0,99.0,1.6598696136474609,99.0,waiter-2,0,,waiter-1,-7.999852180480957,-2.549999952316284,-0.4576437535327216,0.0,8.489694701373338,0,0,waiter-2,-3.575882911682129,2.200000047683716,0.4482575922965992,0.0,3.445621068008194,0,0,customer-1,5.110090255737305,-2.200000047683716,0.4362795901467553,0.0,12.575232287370925,0,0,customer-2,5.346834182739258,2.549999952316284,0.45858112833990106,0.0,10.65958510231242,0,0
2,93,3.7200000000000024,to_table,-4.890012741088867,5.359014987945557,-0.18857073559872345,0.610714316368103,0.5400117635726929,0.7799999713897705,0.1328592300415039,0.7799999713897705,0.1328592300415039,0,nominal-sac-a-star,1.6866083523717919,99.0,99.0,1.661268892288208,99.0,waiter-2,0,,waiter-1,-8.018157958984375,-2.549999952316284,-0.45764477593545294,0.0,8.505163715621677,0,0,waiter-2,-3.557952880859375,2.200000047683716,0.44826068197106217,0.0,3.428375543027942,0,0,customer-1,5.127541542053223,-2.200000047683716,0.43627992148983274,0.0,12.549506051019213,0,0,customer-2,5.365177154541016,2.549999952316284,0.4585849710434342,0.0,10.632943396154264,0,0
2,94,3.7600000000000025,to_table,-4.844843864440918,5.350968837738037,-0.18494825864648354,0.5949456691741943,0.5556962490081787,0.7799999713897705,0.13474634289741516,0.7799999713897705,0.13474634289741516,0,nominal-sac-a-star,1.683393930168236,99.0,99.0,1.6624445343017578,99.0,waiter-2,0,,waiter-1,-8.036463737487793,-2.549999952316284,-0.4576457983381843,0.0,8.521252562589622,0,0,waiter-2,-3.540022373199463,2.200000047683716,0.4482590032739431,0.0,3.410449155155662,0,0,customer-1,5.144992828369141,-2.200000047683716,0.43628025283291016,0.0,12.522538411105858,0,0,customer-2,5.383520603179932,2.549999952316284,0.45858404537538533,0.0,10.604945373720202,0,0
2,95,3.8000000000000025,to_table,-4.799382209777832,5.342504501342773,-0.18186346944368653,0.5882644653320312,0.5565016269683838,0.7799999713897705,0.13647769391536713,0.7799999713897705,0.13647769391536713,0,nominal-sac-a-star,1.6798477716290594,99.0,99.0,1.6622781181335449,99.0,waiter-2,0,,waiter-1,-8.054769515991211,-2.549999952316284,-0.45764682074093344,0.0,8.53751562601693,0,0,waiter-2,-3.522091865539551,2.200000047683716,0.448257324576824,0.0,3.3921681657534846,0,0,customer-1,5.162444114685059,-2.200000047683716,0.4362805841759876,0.0,12.495093380637341,0,0,customer-2,5.401864051818848,2.549999952316284,0.45858311970733645,0.0,10.576554587675226,0,0
2,96,3.8400000000000025,to_table,-4.75376558303833,5.334129810333252,-0.17757796768436532,0.5811759233474731,0.5535279512405396,0.7799999713897705,0.18587104976177216,0.7799999713897705,0.18587104976177216,0,nominal-sac-a-star,1.675180431627834,99.0,99.0,1.6653084182739257,99.0,waiter-2,0,,waiter-1,-8.073075294494629,-2.549999952316284,-0.45764784314368256,0.0,8.554374265535985,0,0,waiter-2,-3.504161834716797,2.200000047683716,0.44826041425128693,0.0,3.3740597055987114,0,0,customer-1,5.179895401000977,-2.200000047683716,0.436280915519065,0.0,12.467587307225386,0,0,customer-2,5.420207500457764,2.549999952316284,0.45858219403928757,0.0,10.548038081558323,0,0
2,97,3.8800000000000026,to_table,-4.7082390785217285,5.325784683227539,-0.17275973769364075,0.5973381996154785,0.5182406902313232,0.7799999713897705,0.18847514688968658,0.7799999713897705,0.18847514688968658,0,nominal-sac-a-star,1.6730742617147918,99.0,99.0,1.6699225330352783,99.0,waiter-2,0,,waiter-1,-8.091381072998047,-2.549999952316284,-0.45764886554641393,0.0,8.571676229318124,0,0,waiter-2,-3.4862313270568848,2.200000047683716,0.44825873555416784,0.0,3.3561633649812097,0,0,customer-1,5.1973466873168945,-2.200000047683716,0.4362812468621424,0.0,12.44017946737111,0,0,customer-2,5.43855094909668,2.549999952316284,0.4585812683712387,0.0,10.519616377840803,0,0
2,98,3.9200000000000026,to_table,-4.662396430969238,5.317679405212402,-0.16734686142432112,0.5903842449188232,0.5141735076904297,0.7799999713897705,0.19683054089546204,0.7799999713897705,0.19683054089546204,0,nominal-sac-a-star,1.6722841615970232,99.0,99.0,1.6765062236785888,99.0,waiter-2,0,,waiter-1,-8.109686851501465,-2.549999952316284,-0.4576498879491453,0.0,8.58977239025437,0,0,waiter-2,-3.4683008193969727,2.200000047683716,0.44825705685704875,0.0,3.3385309502738814,0,0,customer-1,5.2147979736328125,-2.200000047683716,0.43628157820521984,0.0,12.412673912690954,0,0,customer-2,5.456894397735596,2.549999952316284,0.4585803427031898,0.0,10.490953075383242,0,0
2,99,3.9600000000000026,to_table,-4.616372585296631,5.309511184692383,-0.16121765919588962,0.5854401588439941,0.5067756175994873,0.7799999713897705,0.22449356317520142,0.7799999713897705,0.22449356317520142,0,nominal-sac-a-star,1.6731277970428242,99.0,99.0,1.6850413703918456,99.0,waiter-2,0,,waiter-1,-8.127992630004883,-2.549999952316284,-0.4576509103518944,0.0,8.608332628979904,0,0,waiter-2,-3.4503707885742188,2.200000047683716,0.4482601465315117,0.0,3.320936569876159,0,0,customer-1,5.2322492599487305,-2.200000047683716,0.43628190954829726,0.0,12.384995405724903,0,0,customer-2,5.4752373695373535,2.549999952316284,0.45858418540672297,0.0,10.462097959879474,0,0
2,100,4.000000000000003,to_table,-4.570807456970215,5.302168846130371,-0.154936247062373,0.5827406644821167,0.4495922327041626,0.7799999713897705,0.22744984924793243,0.7799999713897705,0.22744984924793243,0,nominal-sac-a-star,1.6755479402987614,99.0,99.0,1.6950358772277831,99.0,waiter-2,0,,waiter-1,-8.1462984085083,-2.549999952316284,-0.45765193275464355,0.0,8.627901852932144,0,0,waiter-2,-3.4324402809143066,2.200000047683716,0.4482584678343926,0.0,3.3044411148600408,0,0,customer-1,5.249700546264648,-2.200000047683716,0.4362822408913747,0.0,12.35819224453608,0,0,customer-2,5.4935808181762695,2.549999952316284,0.4585832597386741,0.0,10.433903630616102,0,0
2,101,4.040000000000003,to_table,-4.524734020233154,5.294332504272461,-0.14879072513225883,0.6384800672531128,0.11673223972320557,0.7799999713897705,0.19854019582271576,0.7799999713897705,0.19854019582271576,0,nominal-sac-a-star,1.6794116659937721,99.0,99.0,1.7045890712738037,99.0,waiter-2,0,,waiter-1,-8.164604187011719,-2.549999952316284,-0.4576529551573749,0.0,8.647670583486413,0,0,waiter-2,-3.4145097732543945,2.200000047683716,0.4482567891372735,0.0,3.2874749018780496,0,0,customer-1,5.267151832580566,-2.200000047683716,0.4362825722344521,0.0,12.33069539619901,0,0,customer-2,5.5119242668151855,2.549999952316284,0.4585823340706252,0.0,10.405088693841222,0,0
2,102,4.080000000000003,to_table,-4.478598594665527,5.287381172180176,-0.14205040804288788,0.6278541088104248,0.33339500427246094,0.7799999713897705,0.23662397265434265,0.7799999713897705,0.23662397265434265,0,nominal-sac-a-star,1.6828517806301533,99.0,99.0,1.7167355442047119,99.0,waiter-2,0,,waiter-1,-8.182910919189453,-2.549999952316284,-0.4576444408169422,0.0,8.668706517597261,0,0,waiter-2,-3.3965797424316406,2.200000047683716,0.44825987881173646,0.0,3.2714961415973827,0,0,customer-1,5.284603118896484,-2.200000047683716,0.4362829035775295,0.0,12.303698030725181,0,0,customer-2,5.530267715454102,2.549999952316284,0.45858140840257633,0.0,10.376447405384525,0,0
2,103,4.120000000000003,to_table,-4.432785987854004,5.280714511871338,-0.13515262269056966,0.6542685031890869,0.2968287467956543,0.7799999713897705,0.24310168623924255,0.7799999713897705,0.24310168623924255,0,nominal-sac-a-star,1.6886081909662947,99.0,99.0,1.7297980213165283,99.0,waiter-2,0,,waiter-1,-8.201216697692871,-2.549999952316284,-0.45764546321969135,0.0,8.690291078812832,0,0,waiter-2,-3.3786492347717285,2.200000047683716,0.44825820011461737,0.0,3.2560721589138146,0,0,customer-1,5.302054405212402,-2.200000047683716,0.43628323492060694,0.0,12.277141678746574,0,0,customer-2,5.548611164093018,2.549999952316284,0.45858048273452745,0.0,10.34819264947566,0,0
2,104,4.160000000000003,to_table,-4.386593341827393,5.274130344390869,-0.12790067006487726,0.6373279094696045,0.20991694927215576,0.7799999713897705,0.24656178057193756,0.7799999713897705,0.24656178057193756,0,nominal-sac-a-star,1.6952627076716236,99.0,99.0,1.7441176795959472,99.0,waiter-2,0,,waiter-1,-8.219522476196289,-2.549999952316284,-0.4576464856224405,0.0,8.712540424522842,0,0,waiter-2,-3.3607187271118164,2.200000047683716,0.4482565214174983,0.0,3.2407862944431622,0,0,customer-1,5.31950569152832,-2.200000047683716,0.43628356626368436,0.0,12.250346262985454,0,0,customer-2,5.566954135894775,2.549999952316284,0.4585843254380606,0.0,10.319592714070346,0,0
2,105,4.200000000000003,to_table,-4.34055757522583,5.268630504608154,-0.11945356150422048,0.6790927648544312,0.29368162155151367,0.7799999713897705,0.27513501048088074,0.7799999713897705,0.27513501048088074,0,nominal-sac-a-star,1.702989460593915,99.0,99.0,1.7625715160369873,99.0,waiter-2,0,,waiter-1,-8.237828254699707,-2.549999952316284,-0.45764750802517185,0.0,8.736114752625062,0,0,waiter-2,-3.3427886962890625,2.200000047683716,0.4482596110919612,0.0,3.226768602943047,0,0,customer-1,5.336956977844238,-2.200000047683716,0.4362838976067618,0.0,12.224349890751268,0,0,customer-2,5.585297584533691,2.549999952316284,0.4585833997700117,0.0,10.291431034233263,0,0
2,106,4.240000000000003,to_table,-4.294217109680176,5.262570381164551,-0.11066966899719069,0.6791256666183472,0.2819674015045166,0.7799999713897705,0.259678453207016,0.7799999713897705,0.259678453207016,0,nominal-sac-a-star,1.714344568764909,99.0,99.0,1.7815801525115966,99.0,waiter-2,0,,waiter-1,-8.256134033203125,-2.549999952316284,-0.4576485304279032,0.0,8.759739774929526,0,0,waiter-2,-3.3248581886291504,2.200000047683716,0.44825793239484213,0.0,3.2123190634397014,0,0,customer-1,5.3544087409973145,-2.200000047683716,0.43627946057825717,0.0,12.197784151717169,0,0,customer-2,5.603641033172607,2.549999952316284,0.45858247410196284,0.0,10.262827785142807,0,0
2,107,4.280000000000003,to_table,-4.248484134674072,5.257678985595703,-0.10227899909050661,0.6587393283843994,0.2923537492752075,0.7799999713897705,0.27499136328697205,0.7799999713897705,0.27499136328697205,0,nominal-sac-a-star,1.7261020848856896,99.0,99.0,1.8009213829040527,99.0,waiter-2,0,,waiter-1,-8.274439811706543,-2.549999952316284,-0.45764955283065234,0.0,8.78454150829424,0,0,waiter-2,-3.3069276809692383,2.200000047683716,0.44825625369772304,0.0,3.1993638497150965,0,0,customer-1,5.371860027313232,-2.200000047683716,0.4362797919213346,0.0,12.172427792289369,0,0,customer-2,5.621984481811523,2.549999952316284,0.45858154843391397,0.0,10.235119757789258,0,0
2,108,4.320000000000003,to_table,-4.202219009399414,5.2530975341796875,-0.09391940531583748,0.6564552783966064,0.2900604009628296,0.7799999713897705,0.29117146134376526,0.7799999713897705,0.29117146134376526,0,nominal-sac-a-star,1.7385658308005012,99.0,99.0,1.8197008991241455,99.0,waiter-2,0,,waiter-1,-8.292745590209961,-2.549999952316284,-0.45765057523340147,0.0,8.810263224902952,0,0,waiter-2,-3.2889976501464844,2.200000047683716,0.448259343372186,0.0,3.186750306039648,0,0,customer-1,5.38931131362915,-2.200000047683716,0.436280123264412,0.0,12.146856280633049,0,0,customer-2,5.6403279304504395,2.549999952316284,0.4585806227658651,0.0,10.206981277548396,0,0
2,109,4.360000000000003,to_table,-4.156224250793457,5.248810291290283,-0.08474795657727949,0.531768798828125,0.6298847198486328,0.7799999713897705,0.3060196340084076,0.7799999713897705,0.3060196340084076,0,nominal-sac-a-star,1.7516109174377417,99.0,99.0,1.8391549015045165,99.0,waiter-2,0,,waiter-1,-8.311051368713379,-2.549999952316284,-0.45765159763613283,0.0,8.83651682483463,0,0,waiter-2,-3.2710671424865723,2.200000047683716,0.4482576646750669,0.0,3.174704239438147,0,0,customer-1,5.406762599945068,-2.200000047683716,0.43628045460748943,0.0,12.121695136135205,0,0,customer-2,5.658670902252197,2.549999952316284,0.45858446546939824,0.0,10.179181897924412,0,0
2,110,4.400000000000003,to_table,-4.110111236572266,5.24486780166626,-0.07554254785032484,0.518043041229248,0.2845747470855713,0.7799999713897705,0.2762172520160675,0.7799999713897705,0.2762172520160675,0,nominal-sac-a-star,1.7667380312354548,99.0,99.0,1.857579174041748,99.0,waiter-2,0,,waiter-1,-8.329357147216797,-2.549999952316284,-0.4576526200388642,0.0,8.863520708870007,0,0,waiter-2,-3.2531371116638184,2.200000047683716,0.44826075434952983,0.0,3.1631668134964523,0,0,customer-1,5.424213886260986,-2.200000047683716,0.43628078595056685,0.0,12.09666949379763,0,0,customer-2,5.677014350891113,2.549999952316284,0.45858353980134936,0.0,10.151361484561592,0,0
2,111,4.440000000000003,to_table,-4.063957691192627,5.2412190437316895,-0.06664954562821084,0.4886051416397095,0.3036240339279175,0.7799999713897705,0.29413744807243347,0.7799999713897705,0.29413744807243347,0,nominal-sac-a-star,1.7825597788750605,99.0,99.0,1.8742458248138427,99.0,waiter-2,0,,waiter-1,-8.347663879394531,-2.549999952316284,-0.45764410569844927,0.0,8.89118845550009,0,0,waiter-2,-3.2352066040039062,2.200000047683716,0.44825907565241074,0.0,3.152116962683893,0,0,customer-1,5.441665172576904,-2.200000047683716,0.43628111729364427,0.0,12.071810452233882,0,0,customer-2,5.695357799530029,2.549999952316284,0.4585826141333005,0.0,10.12358133495543,0,0
2,112,4.480000000000003,to_table,-4.017782688140869,5.238018035888672,-0.05822337377269171,0.4855010509490967,0.29972171783447266,0.7799999713897705,0.25837263464927673,0.7799999713897705,0.25837263464927673,0,nominal-sac-a-star,1.798361350651561,99.0,99.0,1.8891326808929443,99.0,waiter-2,0,,waiter-1,-8.36596965789795,-2.549999952316284,-0.4576451281011984,0.0,8.919638675897653,0,0,waiter-2,-3.217276096343994,2.200000047683716,0.44825739695529165,0.0,3.1417135611266565,0,0,customer-1,5.459116458892822,-2.200000047683716,0.4362814486367217,0.0,12.047229160873373,0,0,customer-2,5.713701248168945,2.549999952316284,0.4585816884652516,0.0,10.095901189109773,0,0
2,113,4.520000000000003,to_table,-3.971602201461792,5.2351975440979,-0.05006489092794305,0.46164262294769287,0.3931981325149536,0.7799999713897705,0.28121206164360046,0.7799999713897705,0.28121206164360046,0,nominal-sac-a-star,1.8134669716353211,99.0,99.0,1.9026479148864746,99.0,waiter-2,0,,waiter-1,-8.384275436401367,-2.549999952316284,-0.45764615050392976,0.0,8.948797971600754,0,0,waiter-2,-3.1993460655212402,2.200000047683716,0.4482604866297546,0.0,3.1319009214432003,0,0,customer-1,5.47656774520874,-2.200000047683716,0.4362817799797991,0.0,12.022898093637965,0,0,customer-2,5.732044696807861,2.549999952316284,0.4585807627972027,0.0,10.068319086779484,0,0
2,114,4.560000000000003,to_table,-3.935575008392334,5.232109069824219,-0.04453256741722109,0.48203492164611816,0.5470497608184814,0.3400000035762787,-0.05693525820970535,0.3400000035762787,-0.05693525820970535,0,nominal-sac-a-star,1.9394003941003675,99.0,99.0,1.9927710914611816,99.0,waiter-2,0,,waiter-1,-8.402581214904785,-2.549999952316284,-0.4576471729066611,0.0,8.973035455268265,0,0,waiter-2,-3.181415557861328,2.200000047683716,0.4482588079326355,0.0,3.124490614319567,0,0,customer-1,5.494019031524658,-2.200000047683716,0.43628211132287653,0.0,12.006393700532339,0,0,customer-2,5.750387668609619,2.549999952316284,0.4585846055007359,0.0,10.05045184548904,0,0
2,115,4.600000000000003,to_table,-3.9086852073669434,5.230414390563965,-0.042294323171021164,0.920325756072998,0.6172513961791992,0.3400000035762787,-0.06504993885755539,0.3400000035762787,-0.06504993885755539,0,nominal-sac-a-star,1.9367131543040417,99.0,99.0,1.991483392715454,99.0,waiter-2,0,,waiter-1,-8.420886993408203,-2.549999952316284,-0.45764819530941026,0.0,8.994154340728794,0,0,waiter-2,-3.163485050201416,2.200000047683716,0.4482571292355164,0.0,3.120694532275445,0,0,customer-1,5.511470317840576,-2.200000047683716,0.43628244266595395,0.0,11.99793269039368,0,0,customer-2,5.768731117248535,2.549999952316284,0.458583679832687,0.0,10.041763205767241,0,0
2,116,4.640000000000003,to_table,-3.8873953819274902,5.229931831359863,-0.04369597120794466,0.01268613338470459,0.8471288681030273,0.3400000035762787,-0.06878107041120529,0.3400000035762787,-0.06878107041120529,0,nominal-sac-a-star,1.93486845862849,99.0,99.0,1.988941135406494,99.0,waiter-2,0,,waiter-1,-8.439192771911621,-2.549999952316284,-0.4576492177121594,0.0,9.013667291292744,0,0,waiter-2,-3.145555019378662,2.200000047683716,0.44826021890997936,0.0,3.1194252254602124,0,0,customer-1,5.528921604156494,-2.200000047683716,0.43628277400903137,0.0,11.994620181966656,0,0,customer-2,5.787074565887451,2.549999952316284,0.4585827541646381,0.0,10.038794930044567,0,0
2,117,4.680000000000003,to_table,-3.867290735244751,5.228822231292725,-0.04492225259598632,0.01963496208190918,0.8489193916320801,0.3400000035762787,-0.06773106008768082,0.3400000035762787,-0.06773106008768082,0,nominal-sac-a-star,1.9325657821336342,99.0,99.0,1.9862009906768798,99.0,waiter-2,0,,waiter-1,-8.457498550415039,-2.549999952316284,-0.45765024011489075,0.0,9.0321693048048,0,0,waiter-2,-3.12762451171875,2.200000047683716,0.44825854021286027,0.0,3.117830967539334,0,0,customer-1,5.546372890472412,-2.200000047683716,0.4362831053521088,0.0,11.991849870256345,0,0,customer-2,5.805418014526367,2.549999952316284,0.45858182849658924,0.0,10.03680145067338,0,0
2,118,4.720000000000003,to_table,-3.8469409942626953,5.22805643081665,-0.045898275910033835,0.014902830123901367,0.8473103046417236,0.3400000035762787,-0.06644642353057861,0.3400000035762787,-0.06644642353057861,0,nominal-sac-a-star,1.930046996379358,99.0,99.0,1.9839968109130859,99.0,waiter-2,0,,waiter-1,-8.475804328918457,-2.549999952316284,-0.4576512625176221,0.0,9.051217424750963,0,0,waiter-2,-3.109694004058838,2.200000047683716,0.4482568615157412,0.0,3.1165138510837322,0,0,customer-1,5.56382417678833,-2.200000047683716,0.4362834366951862,0.0,11.989100222804808,0,0,customer-2,5.823761463165283,2.549999952316284,0.45858090282854036,0.0,10.034663548028968,0,0
2,119,4.760000000000003,to_table,-3.8267791271209717,5.227112770080566,-0.04682511641882801,0.01227414608001709,0.8460838794708252,0.3400000035762787,-0.06579023599624634,0.3400000035762787,-0.06579023599624634,0,nominal-sac-a-star,1.9280097685775108,99.0,99.0,1.9817063236236572,99.0,waiter-2,0,,waiter-1,-8.494110107421875,-2.549999952316284,-0.45765228492037124,0.0,9.070141166296342,0,0,waiter-2,-3.091763973236084,2.200000047683716,0.4482599511902041,0.0,3.115069615680731,0,0,customer-1,5.581275463104248,-2.200000047683716,0.43628376803826363,0.0,11.98638794551788,0,0,customer-2,5.842104434967041,2.549999952316284,0.4585847455320735,0.0,10.032658788987773,0,0
2,120,4.800000000000003,to_table,-3.8066022396087646,5.226170063018799,-0.04770422032866863,0.008520007133483887,0.8448458909988403,0.3400000035762787,-0.06508269160985947,0.3400000035762787,-0.06508269160985947,0,nominal-sac-a-star,1.9258792716992255,99.0,99.0,1.9794623279571533,99.0,waiter-2,0,,waiter-1,-8.51241683959961,-2.549999952316284,-0.4576437705799563,0.0,9.08919749795786,0,0,waiter-2,-3.073833465576172,2.200000047683716,0.44825827249308503,0.0,3.1136241002905867,0,0,customer-1,5.598726749420166,-2.200000047683716,0.43628409938134105,0.0,11.98366454407663,0,0,customer-2,5.860447883605957,2.549999952316284,0.45858381986402463,0.0,10.030640285952003,0,0
2,121,4.840000000000003,to_table,-3.786421298980713,5.225211143493652,-0.04856002084881743,0.0051926374435424805,0.8436708450317383,0.3400000035762787,-0.06445872038602829,0.3400000035762787,-0.06445872038602829,0,nominal-sac-a-star,1.9237853334190724,99.0,99.0,1.9772257232666015,99.0,waiter-2,0,,waiter-1,-8.530722618103027,-2.549999952316284,-0.4576447929826877,0.0,9.108364430073694,0,0,waiter-2,-3.0559029579162598,2.200000047683716,0.44825659379596594,0.0,3.112163109614134,0,0,customer-1,5.616178512573242,-2.200000047683716,0.43627966235283644,0.0,11.980928363437455,0,0,customer-2,5.878791332244873,2.549999952316284,0.45858289419597575,0.0,10.028613569392494,0,0
2,122,4.8800000000000034,to_table,-3.7662405967712402,5.224234104156494,-0.049397267746489504,0.0018144845962524414,0.8425214290618896,0.3400000035762787,-0.06387023627758026,0.3400000035762787,-0.06387023627758026,0,nominal-sac-a-star,1.9216942842725477,99.0,99.0,1.9749910259246826,99.0,waiter-2,0,,waiter-1,-8.549028396606445,-2.549999952316284,-0.45764581538541904,0.0,9.127637936677466,0,0,waiter-2,-3.037972927093506,2.200000047683716,0.4482596834704289,0.0,3.1106856843833697,0,0,customer-1,5.63362979888916,-2.200000047683716,0.43627999369591386,0.0,11.978180838364535,0,0,customer-2,5.897134780883789,2.549999952316284,0.4585819685279269,0.0,10.026582268566793,0,0
2,123,4.9200000000000035,to_table,-3.746061086654663,5.223239421844482,-0.05021791499269481,-0.0016025304794311523,0.8413861989974976,0.3400000035762787,-0.0633087232708931,0.3400000035762787,-0.0633087232708931,0,nominal-sac-a-star,1.919601428186438,99.0,99.0,1.972757043838501,99.0,waiter-2,0,,waiter-1,-8.567334175109863,-2.549999952316284,-0.45764683778816817,0.0,9.147017249435228,0,0,waiter-2,-3.0200424194335938,2.200000047683716,0.4482580047733098,0.0,3.109192727804026,0,0,customer-1,5.651081085205078,-2.200000047683716,0.4362803250389913,0.0,11.975423383751663,0,0,customer-2,5.915478229522705,2.549999952316284,0.458581042859878,0.0,10.024547432152957,0,0
2,124,4.9600000000000035,to_table,-3.725709915161133,5.222362518310547,-0.051273281551929624,-0.005050718784332275,0.8402631282806396,0.3400000035762787,-0.06277164071798325,0.3400000035762787,-0.06277164071798325,0,nominal-sac-a-star,1.917505885304831,99.0,99.0,1.9703733348846435,99.0,waiter-2,0,,waiter-1,-8.585639953613281,-2.549999952316284,-0.4576478601909173,0.0,9.166708152518979,0,0,waiter-2,-3.0021119117736816,2.200000047683716,0.4482563260761907,0.0,3.107775566922397,0,0,customer-1,5.668532371520996,-2.200000047683716,0.4362806563820687,0.0,11.972604319944747,0,0,customer-2,5.933821201324463,2.549999952316284,0.45858488556341115,0.0,10.022378114723116,0,0
2,125,5.0000000000000036,to_table,-3.7057127952575684,5.221235275268555,-0.052092199131195116,-0.007073163986206055,0.8390711545944214,0.3400000035762787,-0.06200719624757767,0.3400000035762787,-0.06200719624757767,0,nominal-sac-a-star,1.915305538704899,99.0,99.0,1.9680497074127197,99.0,waiter-2,0,,waiter-1,-8.6039457321167,-2.549999952316284,-0.45764888259364866,0.0,9.186119031788518,0,0,waiter-2,-2.9841818809509277,2.200000047683716,0.44825941575065364,0.0,3.1061985063256645,0,0,customer-1,5.685983657836914,-2.200000047683716,0.4362809877251461,0.0,11.969907935556646,0,0,customer-2,5.952164649963379,2.549999952316284,0.45858395989536227,0.0,10.020483765642027,0,0
2,126,5.040000000000004,to_table,-3.685542345046997,5.220203399658203,-0.05295699319270894,-0.033170342445373535,0.4084181785583496,0.3400000035762787,-0.06138886138796806,0.3400000035762787,-0.06138886138796806,0,nominal-sac-a-star,1.9131227477219066,99.0,99.0,1.9657413387298583,99.0,waiter-2,0,,waiter-1,-8.622251510620117,-2.549999952316284,-0.45764990499638003,0.0,9.205821935953857,0,0,waiter-2,-2.9662513732910156,2.200000047683716,0.44825773705353456,0.0,3.1046751503704204,0,0,customer-1,5.703434944152832,-2.200000047683716,0.43628131906822354,0.0,11.967134733805544,0,0,customer-2,5.970508098602295,2.549999952316284,0.4585830342273134,0.0,10.018447814931031,0,0
2,127,5.080000000000004,to_table,-3.665374755859375,5.219128131866455,-0.0537090121232363,-0.32687389850616455,0.8354506492614746,0.3400000035762787,-0.060800738632678986,0.3400000035762787,-0.060800738632678986,0,nominal-sac-a-star,1.910961643121154,99.0,99.0,1.9635030651092529,99.0,waiter-2,0,,waiter-1,-8.640557289123535,-2.549999952316284,-0.45765092739912916,0.0,9.225605260780116,0,0,waiter-2,-2.9483213424682617,2.200000047683716,0.4482608267279975,0.0,3.103111339664883,0,0,customer-1,5.72088623046875,-2.200000047683716,0.43628165041130096,0.0,11.964336933071587,0,0,customer-2,5.988851547241211,2.549999952316284,0.4585821085592645,0.0,10.016403084458414,0,0
2,128,5.120000000000004,to_table,-3.64520525932312,5.2180328369140625,-0.05444142701120568,-0.330583393573761,0.8347901105880737,0.3400000035762787,-0.060356952250003815,0.3400000035762787,-0.060356952250003815,0,nominal-sac-a-star,1.9088487358294657,99.0,99.0,1.9612657451629638,99.0,waiter-2,0,,waiter-1,-8.658863067626953,-2.549999952316284,-0.4576519498018783,0.0,9.245490686454874,0,0,waiter-2,-2.9303908348083496,2.200000047683716,0.4482591480308784,0.0,3.1015289098062406,0,0,customer-1,5.738337516784668,-2.200000047683716,0.4362819817543784,0.0,11.961525275148595,0,0,customer-2,6.007194995880127,2.549999952316284,0.45858118289121563,0.0,10.014351210135525,0,0
2,129,5.160000000000004,to_table,-3.625058174133301,5.216924667358398,-0.05524006934528872,-0.33408188819885254,0.8342198133468628,0.3400000035762787,-0.05994022637605667,0.3400000035762787,-0.05994022637605667,0,nominal-sac-a-star,1.9067324714142417,99.0,99.0,1.9589559459686279,99.0,waiter-2,0,,waiter-1,-8.677168846130371,-2.549999952316284,-0.45765297220460965,0.0,9.26547032210537,0,0,waiter-2,-2.9124603271484375,2.200000047683716,0.4482574693337593,0.0,3.0999402981874815,0,0,customer-1,5.755788803100586,-2.200000047683716,0.4362823130974558,0.0,11.958723269600343,0,0,customer-2,6.025537967681885,2.549999952316284,0.4585850255947488,0.0,10.012317080881958,0,0
2,130,5.200000000000004,to_table,-3.6048951148986816,5.215801239013672,-0.05594518533129023,-0.337241530418396,0.8336265087127686,0.3400000035762787,-0.0594298280775547,0.3400000035762787,-0.0594298280775547,0,nominal-sac-a-star,1.9045573145655208,99.0,99.0,1.956721487045288,99.0,waiter-2,0,,waiter-1,-8.695475578308105,-2.549999952316284,-0.45764445786417696,0.0,9.285562858422072,0,0,waiter-2,-2.8945302963256836,2.200000047683716,0.44826055900822226,0.0,3.098334230049016,0,0,customer-1,5.773240089416504,-2.200000047683716,0.4362826444405332,0.0,11.955899323522194,0,0,customer-2,6.043881416320801,2.549999952316284,0.4585840999266999,0.0,10.010263985009052,0,0
2,131,5.240000000000004,to_table,-3.584742546081543,5.214663505554199,-0.056706719830881346,-0.34090906381607056,0.8330509662628174,0.3400000035762787,-0.05905850604176521,0.3400000035762787,-0.05905850604176521,0,nominal-sac-a-star,1.9024387248770602,99.0,99.0,1.9544205093383789,99.0,waiter-2,0,,waiter-1,-8.713781356811523,-2.549999952316284,-0.4576454802669261,0.0,9.305752937616797,0,0,waiter-2,-2.8765997886657715,2.200000047683716,0.44825888031110317,0.0,3.0967179285656665,0,0,customer-1,5.790691375732422,-2.200000047683716,0.43628297578361064,0.0,11.953074785594486,0,0,customer-2,6.062224864959717,2.549999952316284,0.458583174258651,0.0,10.00821722794058,0,0
2,132,5.280000000000004,to_table,-3.564579963684082,5.213514804840088,-0.0574408603703258,-0.34408581256866455,0.8324956893920898,0.3400000035762787,-0.058607686311006546,0.3400000035762787,-0.058607686311006546,0,nominal-sac-a-star,1.9002650606293083,99.0,99.0,1.9521350288391113,99.0,waiter-2,0,,waiter-1,-8.732087135314941,-2.549999952316284,-0.4576465026696752,0.0,9.326054457992464,0,0,waiter-2,-2.8586692810058594,2.200000047683716,0.4482572016139841,0.0,3.095089834482751,0,0,customer-1,5.80814266204834,-2.200000047683716,0.43628330712668806,0.0,11.950235641505463,0,0,customer-2,6.080568313598633,2.549999952316284,0.45858224859060215,0.0,10.00615793700982,0,0
2,133,5.320000000000004,to_table,-3.5444750785827637,5.21235990524292,-0.058149521756641454,-0.3473414182662964,0.831937313079834,0.33835461735725403,-0.058203279972076416,0.33835461735725403,-0.058203279972076416,0,nominal-sac-a-star,1.8991400052628018,99.0,99.0,1.9511188888549804,99.0,waiter-2,0,,waiter-1,-8.75039291381836,-2.549999952316284,-0.4576475250724066,0.0,9.346433066441476,0,0,waiter-2,-2.8407392501831055,2.200000047683716,0.448260291288447,0.0,3.093469900873041,0,0,customer-1,5.825593948364258,-2.200000047683716,0.4362836384697655,0.0,11.947437953030033,0,0,customer-2,6.098911762237549,2.549999952316284,0.45858132292255327,0.0,10.004152651806843,0,0
2,134,5.360000000000004,to_table,-3.524468183517456,5.211210250854492,-0.05883519613185562,-0.35020434856414795,0.8315722942352295,0.336342453956604,-0.057841211557388306,0.336342453956604,-0.057841211557388306,0,nominal-sac-a-star,1.8982811936570605,99.0,99.0,1.9504386806488037,99.0,waiter-2,0,,waiter-1,-8.768698692321777,-2.549999952316284,-0.45764854747513795,0.0,9.366874475900497,0,0,waiter-2,-2.8228087425231934,2.200000047683716,0.44825861259132793,0.0,3.091878532351517,0,0,customer-1,5.843045234680176,-2.200000047683716,0.4362839698128429,0.0,11.944720412352542,0,0,customer-2,6.117255210876465,2.549999952316284,0.4585803972545044,0.0,10.002243261741281,0,0
2,135,5.400000000000004,to_table,-3.5045809745788574,5.210056304931641,-0.05951233574297457,-0.3529937267303467,0.8312866687774658,0.3343401253223419,-0.05752415955066681,0.3343401253223419,-0.05752415955066681,0,nominal-sac-a-star,1.8974690613560954,99.0,99.0,1.9497928047180175,99.0,waiter-2,0,,waiter-1,-8.787004470825195,-2.549999952316284,-0.4576495698778871,0.0,9.387356982098213,0,0,waiter-2,-2.8048782348632812,2.200000047683716,0.44825693389420884,0.0,3.090311083978904,0,0,customer-1,5.860496997833252,-2.200000047683716,0.4362795327843383,0.0,11.942094480378795,0,0,customer-2,6.135598182678223,2.549999952316284,0.45858423995803754,0.0,10.000447689133878,0,0
2,136,5.440000000000004,to_table,-3.484812021255493,5.20889139175415,-0.060182458029042464,-0.3557790517807007,0.8310222625732422,0.3323497176170349,-0.0572216771543026,0.3323497176170349,-0.0572216771543026,0,nominal-sac-a-star,1.896686227462601,99.0,99.0,1.9491710090637206,99.0,waiter-2,0,,waiter-1,-8.805310249328613,-2.549999952316284,-0.4576505922806362,0.0,9.407874163912926,0,0,waiter-2,-2.7869482040405273,2.200000047683716,0.4482600235686718,0.0,3.0887604354821416,0,0,customer-1,5.87794828414917,-2.200000047683716,0.4362798641274157,0.0,11.939554133125613,0,0,customer-2,6.153941631317139,2.549999952316284,0.45858331428998866,0.0,9.99876370666385,0,0
2,137,5.480000000000004,to_table,-3.465160608291626,5.207723140716553,-0.06084238459351202,-0.35855722427368164,0.8307626247406006,0.33037102222442627,-0.05692596361041069,0.33037102222442627,-0.05692596361041069,0,nominal-sac-a-star,1.8959249302848304,99.0,99.0,1.9485842609405517,99.0,waiter-2,0,,waiter-1,-8.823616027832031,-2.549999952316284,-0.45765161468336757,0.0,9.428431050359169,0,0,waiter-2,-2.7690176963806152,2.200000047683716,0.4482583448715527,0.0,3.0872339007867473,0,0,customer-1,5.895399570465088,-2.200000047683716,0.4362801954704931,0.0,11.937103907401031,0,0,customer-2,6.172285079956055,2.549999952316284,0.4585823886219398,0.0,9.997192202817963,0,0
2,138,5.520000000000004,to_table,-3.445626735687256,5.206549167633057,-0.061490672931747085,-0.36132216453552246,0.8305172920227051,0.3284040093421936,-0.05664796382188797,0.3284040093421936,-0.05664796382188797,0,nominal-sac-a-star,1.8951950254952852,99.0,99.0,1.9480323219299316,99.0,waiter-2,0,,waiter-1,-8.84192180633545,-2.549999952316284,-0.45765263708609893,0.0,9.449024009901175,0,0,waiter-2,-2.751087188720703,2.200000047683716,0.4482566661744336,0.0,3.0857288916832375,0,0,customer-1,5.912850856781006,-2.200000047683716,0.43628052681357055,0.0,11.934742315091686,0,0,customer-2,6.190628528594971,2.549999952316284,0.4585814629538909,0.0,9.995732552034747,0,0
2,139,5.560000000000004,to_table,-3.4262101650238037,5.205369472503662,-0.06212812653020439,-0.36414337158203125,0.8301684856414795,0.3264486491680145,-0.05638766661286354,0.3264486491680145,-0.05638766661286354,0,nominal-sac-a-star,1.894495368860782,99.0,99.0,1.9475137615203857,99.0,waiter-2,0,,waiter-1,-8.860228538513184,-2.549999952316284,-0.457644122745684,0.0,9.469652084361506,0,0,waiter-2,-2.733157157897949,2.200000047683716,0.44825975584889655,0.0,3.084245102181207,0,0,customer-1,5.930302143096924,-2.200000047683716,0.43628085815664797,0.0,11.93246916201902,0,0,customer-2,6.208971977233887,2.549999952316284,0.458580537285842,0.0,9.994384533487874,0,0
2,140,5.600000000000004,to_table,-3.4069108963012695,5.204184055328369,-0.0627555227484378,-0.36703598499298096,0.8296533823013306,0.3245049715042114,-0.056143809109926224,0.3245049715042114,-0.056143809109926224,0,nominal-sac-a-star,1.8938253562092973,99.0,99.0,1.9470278644561767,99.0,waiter-2,0,,waiter-1,-8.878534317016602,-2.549999952316284,-0.45764514514843313,0.0,9.490312559791308,0,0,waiter-2,-2.715226650238037,2.200000047683716,0.44825807715177746,0.0,3.08278261446375,0,0,customer-1,5.947753429412842,-2.200000047683716,0.4362811894997254,0.0,11.930284442463437,0,0,customer-2,6.2273149490356445,2.549999952316284,0.4585843799893752,0.0,9.993147696879088,0,0
2,141,5.640000000000004,to_table,-3.3877272605895996,5.202993869781494,-0.06337352359652326,-0.36991989612579346,0.8291527032852173,0.3225729465484619,-0.055915143340826035,0.3225729465484619,-0.055915143340826035,0,nominal-sac-a-star,1.8931845174185402,99.0,99.0,1.946575345993042,99.0,waiter-2,0,,waiter-1,-8.89684009552002,-2.549999952316284,-0.4576461675511645,0.0,9.511006120988537,0,0,waiter-2,-2.697296142578125,2.200000047683716,0.44825639845465837,0.0,3.0813417571369777,0,0,customer-1,5.96520471572876,-2.200000047683716,0.4362815208428028,0.0,11.928187435468365,0,0,customer-2,6.2456583976745605,2.549999952316284,0.4585834543213263,0.0,9.992021615616983,0,0
2,142,5.680000000000004,to_table,-3.3686587810516357,5.201798439025879,-0.06398278747397568,0.31341552734375,0.5613440275192261,0.32065239548683167,-0.0557015985250473,0.32065239548683167,-0.0557015985250473,0,nominal-sac-a-star,1.892573160353944,99.0,99.0,1.9461550140380859,99.0,waiter-2,0,,waiter-1,-8.915145874023438,-2.549999952316284,-0.4576471899539136,0.0,9.531731079532078,0,0,waiter-2,-2.679366111755371,2.200000047683716,0.4482594881291213,0.0,3.0799217467672726,0,0,customer-1,5.982656002044678,-2.200000047683716,0.4362818521858802,0.0,11.926177468510692,0,0,customer-2,6.264001846313477,2.549999952316284,0.4585825286532774,0.0,9.991005253532066,0,0
2,143,5.720000000000004,to_table,-3.3497047424316406,5.20059871673584,-0.06458381261708308,-0.0969892144203186,0.7086129188537598,0.3187432885169983,-0.05550173297524452,0.3187432885169983,-0.05550173297524452,0,nominal-sac-a-star,1.8919903756579028,99.0,99.0,1.9457673454284667,99.0,waiter-2,0,,waiter-1,-8.933451652526855,-2.549999952316284,-0.45764821235666275,0.0,9.552487073255342,0,0,waiter-2,-2.661435604095459,2.200000047683716,0.4482578094320022,0.0,3.078523473924376,0,0,customer-1,6.000107288360596,-2.200000047683716,0.43628218352895765,0.0,11.924254571379944,0,0,customer-2,6.282345294952393,2.549999952316284,0.45858160298522854,0.0,9.990098184332936,0,0
2,144,5.760000000000004,to_table,-3.330864429473877,5.199395179748535,-0.06517724271902786,-0.10055077075958252,0.7083840370178223,0.316845566034317,-0.055315662175416946,0.316845566034317,-0.055315662175416946,0,nominal-sac-a-star,1.8914367542753503,99.0,99.0,1.9454121017456054,99.0,waiter-2,0,,waiter-1,-8.951757431030273,-2.549999952316284,-0.4576492347594119,0.0,9.573273371622456,0,0,waiter-2,-2.643505096435547,2.200000047683716,0.44825613073488313,0.0,3.07714705709185,0,0,customer-1,6.017558574676514,-2.200000047683716,0.43628251487203507,0.0,11.922418479330249,0,0,customer-2,6.300688743591309,2.549999952316284,0.45858067731717966,0.0,9.989299855181185,0,0
2,145,5.800000000000004,to_table,-3.3121371269226074,5.198187828063965,-0.06576352380228889,-0.1038827896118164,0.7082765102386475,0.3149591386318207,-0.05514287203550339,0.3149591386318207,-0.05514287203550339,0,nominal-sac-a-star,1.890912351488784,99.0,99.0,1.9450890445709228,99.0,waiter-2,0,,waiter-1,-8.970063209533691,-2.549999952316284,-0.14108555216401086,0.0,9.594088879947101,0,0,waiter-2,-2.625575065612793,2.200000047683716,0.44825922040934607,0.0,3.0757921630779,0,0,customer-1,6.035009860992432,-2.200000047683716,0.4362828462151125,0.0,11.92066863303184,0,0,customer-2,6.319031715393066,2.549999952316284,0.4585845200207128,0.0,9.988609127123217,0,0
2,146,5.840000000000004,to_table,-3.2935221195220947,5.196976661682129,-0.06634324374330636,-0.10709238052368164,0.7082383632659912,0.3130839467048645,-0.05498272925615311,0.3130839467048645,-0.05498272925615311,0,nominal-sac-a-star,1.890416897505697,99.0,99.0,1.944798412322998,99.0,waiter-2,0,,waiter-1,-8.98836898803711,-2.549999952316284,0.22503104030709764,0.0,9.614932527775407,0,0,waiter-2,-2.607644557952881,2.200000047683716,0.448257541712227,0.0,3.0744587904731335,0,0,customer-1,6.05246114730835,-2.200000047683716,0.4362831775581899,0.0,11.919004474484243,0,0,customer-2,6.337375164031982,2.549999952316284,0.45858359435266394,0.0,9.988026240769221,0,0
2,147,5.880000000000004,to_table,-3.2750189304351807,5.195761680603027,-0.06691684883757835,-0.11029064655303955,0.708213210105896,0.3112199306488037,-0.05483437329530716,0.3112199306488037,-0.05483437329530716,0,nominal-sac-a-star,1.8899500349753766,99.0,99.0,1.9445392513275146,99.0,waiter-2,0,,waiter-1,-8.993325233459473,-2.549999952316284,0.45765230196765927,0.0,9.627868416695993,0,0,waiter-2,-2.589714527130127,2.200000047683716,0.4482606313866899,0.0,3.073146577444798,0,0,customer-1,6.069912433624268,-2.200000047683716,0.4362835089012673,0.0,11.91742563394347,0,0,customer-2,6.355718612670898,2.549999952316284,0.45858266868461506,0.0,9.987550287586028,0,0
2,148,5.920000000000004,to_table,-3.256626844406128,5.19454288482666,-0.0674847927575635,-0.16159379482269287,0.7059851884841919,0.30936700105667114,-0.05469714477658272,0.30936700105667114,-0.05469714477658272,0,nominal-sac-a-star,1.8895115977499892,99.0,99.0,1.9443115615844726,99.0,waiter-2,0,,waiter-1,-8.975019454956055,-2.549999952316284,0.4576533243704084,0.0,9.626939171135033,0,0,waiter-2,-2.571784019470215,2.200000047683716,0.44825895268957083,0.0,3.0718555464654123,0,0,customer-1,6.0873637199401855,-2.200000047683716,0.43628384024434474,0.0,11.91593155600233,0,0,customer-2,6.3740620613098145,2.549999952316284,0.4585817430165662,0.0,9.987180589163826,0,0
2,149,5.960000000000004,to_table,-3.238345146179199,5.193321704864502,-0.06804749938427808,-0.15606939792633057,0.7014790773391724,0.3075251579284668,-0.054570380598306656,0.3075251579284668,-0.054570380598306656,0,nominal-sac-a-star,1.8891013132087857,99.0,99.0,1.9441162967681884,99.0,waiter-2,0,,waiter-1,-8.956713676452637,-2.549999952316284,0.4576543467731575,0.0,9.625942495911067,0,0,waiter-2,-2.5538535118103027,2.200000047683716,0.44825727399245174,0.0,3.0705868072517557,0,0,customer-1,6.1048150062561035,-2.200000047683716,0.43628417158742216,0.0,11.91452257418473,0,0,customer-2,6.3924055099487305,2.549999952316284,0.4585808173485173,0.0,9.986916845954168,0,0
2,150,6.000000000000004,to_table,-3.2201733589172363,5.192097187042236,-0.06860541892996129,-0.15032446384429932,0.696916937828064,0.3056942820549011,-0.05445489287376404,0.3056942820549011,-0.05445489287376404,0,nominal-sac-a-star,1.8887204186695539,99.0,99.0,1.9439527416229248,99.0,waiter-2,0,,waiter-1,-8.938407897949219,-2.549999952316284,0.45765536917590666,0.0,9.624877887985992,0,0,waiter-2,-2.535923480987549,2.200000047683716,0.4482603636669147,0.0,3.069339210123937,0,0,customer-1,6.12226676940918,-2.200000047683716,0.43627973455891755,0.0,11.913198104581605,0,0,customer-2,6.410748481750488,2.549999952316284,0.45858466005205045,0.0,9.986757897275627,0,0
2,151,6.0400000000000045,to_table,-3.2021102905273438,5.19087028503418,-0.06915894553239739,-0.14458608627319336,0.6923209428787231,0.30387434363365173,-0.05434909462928772,0.30387434363365173,-0.05434909462928772,0,nominal-sac-a-star,1.8883678150773782,99.0,99.0,1.9438208961486816,99.0,waiter-2,0,,waiter-1,-8.920101165771484,-2.549999952316284,0.4576468548354917,0.0,9.623746239426385,0,0,waiter-2,-2.5179929733276367,2.200000047683716,0.4482586849697956,0.0,3.068113635503311,0,0,customer-1,6.139718055725098,-2.200000047683716,0.436280065901995,0.0,11.911957065314462,0,0,customer-2,6.429091930389404,2.549999952316284,0.4585837343840016,0.0,9.986703777244083,0,0
2,152,6.0800000000000045,to_table,-3.1841557025909424,5.189640045166016,-0.06970849972654448,-0.13860106468200684,0.6877961158752441,0.3020651936531067,-0.054253458976745605,0.3020651936531067,-0.054253458976745605,0,nominal-sac-a-star,1.8880442331369949,99.0,99.0,1.9437205219268798,99.0,waiter-2,0,,waiter-1,-8.901795387268066,-2.549999952316284,0.45764787723824085,0.0,9.622548043757565,0,0,waiter-2,-2.5000624656677246,2.200000047683716,0.4482570062726765,0.0,3.0669090093040015,0,0,customer-1,6.157169342041016,-2.200000047683716,0.4362803972450724,0.0,11.910799061831261,0,0,customer-2,6.44743537902832,2.549999952316284,0.4585828087159527,0.0,9.986753555751111,0,0
2,153,6.1200000000000045,to_table,-3.166308641433716,5.188407897949219,-0.0702544310476358,-0.1325150728225708,0.6832828521728516,0.3002668619155884,-0.05416640639305115,0.3002668619155884,-0.05416640639305115,0,nominal-sac-a-star,1.8877486316379546,99.0,99.0,1.9436523342132568,99.0,waiter-2,0,,waiter-1,-8.883489608764648,-2.549999952316284,0.45764889964099,0.0,9.6212844397337,0,0,waiter-2,-2.4821324348449707,2.200000047683716,0.44826009594713945,0.0,3.0657264328688316,0,0,customer-1,6.174620628356934,-2.200000047683716,0.4362807285881498,0.0,11.909724245100033,0,0,customer-2,6.465778827667236,2.549999952316284,0.4585818830479038,0.0,9.986906703278578,0,0
2,154,6.160000000000005,to_table,-3.148568868637085,5.187173366546631,-0.070797099631263,-0.12643158435821533,0.6787415742874146,0.29847922921180725,-0.05408897250890732,0.29847922921180725,-0.05408897250890732,0,nominal-sac-a-star,1.88748229100176,99.0,99.0,1.9436160945892333,99.0,waiter-2,0,,waiter-1,-8.86518383026123,-2.549999952316284,0.4576499220437391,0.0,9.619955175861746,0,0,waiter-2,-2.4642019271850586,2.200000047683716,0.44825841725002036,0.0,3.0645656376522408,0,0,customer-1,6.192071914672852,-2.200000047683716,0.43628105993122723,0.0,11.908732144722396,0,0,customer-2,6.484122276306152,2.549999952316284,0.45858095737985494,0.0,9.987162875941856,0,0
2,155,6.200000000000005,to_table,-3.1309351921081543,5.185936450958252,-0.07133686331677037,-0.12035262584686279,0.6741695404052734,0.2967022657394409,-0.05402015894651413,0.2967022657394409,-0.05402015894651413,0,nominal-sac-a-star,1.8872447409373292,99.0,99.0,1.9436115646362304,99.0,waiter-2,0,,waiter-1,-8.846878051757812,-2.549999952316284,0.45765094444648824,0.0,9.61856095319295,0,0,waiter-2,-2.4462714195251465,2.200000047683716,0.44825673855290127,0.0,3.0634262984259424,0,0,customer-1,6.2095232009887695,-2.200000047683716,0.43628139127430465,0.0,11.90782183924274,0,0,customer-2,6.50246524810791,2.549999952316284,0.4585848000833881,0.0,9.987520476395927,0,0
2,156,6.240000000000005,to_table,-3.1134071350097656,5.184697151184082,-0.07187408645389545,-0.11427950859069824,0.6695687770843506,0.29493585228919983,-0.053959574550390244,0.29493585228919983,-0.053959574550390244,0,nominal-sac-a-star,1.887035829019533,99.0,99.0,1.943638505935669,99.0,waiter-2,0,,waiter-1,-8.828572273254395,-2.549999952316284,0.45765196684923737,0.0,9.617102050009851,0,0,waiter-2,-2.4283413887023926,2.200000047683716,0.4482598282273642,0.0,3.0623082595335096,0,0,customer-1,6.2269744873046875,-2.200000047683716,0.4362817226173821,0.0,11.906992969235997,0,0,customer-2,6.520808696746826,2.549999952316284,0.4585838744153392,0.0,9.987979977082011,0,0
2,157,6.280000000000005,to_table,-3.09598445892334,5.183455944061279,-0.07240904416788545,-0.10821032524108887,0.664936900138855,0.2931799590587616,-0.05390673130750656,0.2931799590587616,-0.05390673130750656,0,nominal-sac-a-star,1.8868555105339175,99.0,99.0,1.943697395324707,99.0,waiter-2,0,,waiter-1,-8.810266494750977,-2.549999952316284,0.4576529892519865,0.0,9.615578988610064,0,0,waiter-2,-2.4104108810424805,2.200000047683716,0.4482581495302451,0.0,3.061212213538685,0,0,customer-1,6.2444257736206055,-2.200000047683716,0.4362820539604595,0.0,11.906245659075186,0,0,customer-2,6.539152145385742,2.549999952316284,0.45858294874729033,0.0,9.988540826574939,0,0
2,158,6.320000000000005,to_table,-3.0786662101745605,5.182212829589844,-0.07294207099165977,-0.1021430492401123,0.6602761745452881,0.29143455624580383,-0.053861770778894424,0.29143455624580383,-0.053861770778894424,0,nominal-sac-a-star,1.8867043305216842,99.0,99.0,1.9437887096405029,99.0,waiter-2,0,,waiter-1,-8.791960716247559,-2.549999952316284,0.4576540116547356,0.0,9.613992335018601,0,0,waiter-2,-2.3924803733825684,2.200000047683716,0.44825647083312603,0.0,3.0601379183262662,0,0,customer-1,6.261877059936523,-2.200000047683716,0.4362823853035369,0.0,11.905579177268153,0,0,customer-2,6.557495594024658,2.549999952316284,0.45858202307924145,0.0,9.989202117686512,0,0
2,159,6.360000000000005,to_table,-3.0614516735076904,5.180967807769775,-0.0734734909243707,-0.09608089923858643,0.655585527420044,0.289699524641037,-0.05382433161139488,0.289699524641037,-0.05382433161139488,0,nominal-sac-a-star,1.8865822357050055,99.0,99.0,1.9439117336273193,99.0,waiter-2,0,,waiter-1,-8.77365493774414,-2.549999952316284,0.45765503405748476,0.0,9.612342515716115,0,0,waiter-2,-2.3745503425598145,2.200000047683716,0.44825956050758897,0.0,3.0590851941602515,0,0,customer-1,6.279328346252441,-2.200000047683716,0.43628271664661433,0.0,11.904992980291413,0,0,customer-2,6.575839042663574,2.549999952316284,0.4585810974111926,0.0,9.989963173327036,0,0
2,160,6.400000000000005,to_table,-3.044340133666992,5.179721355438232,-0.07400355676600326,-0.2674972414970398,0.5608049631118774,0.28797483444213867,-0.05379405617713928,0.28797483444213867,-0.05379405617713928,0,nominal-sac-a-star,1.8864891785043887,99.0,99.0,1.9440674209594726,99.0,waiter-2,0,,waiter-1,-8.755348205566406,-2.549999952316284,0.4576465197170698,0.0,9.610629776078905,0,0,waiter-2,-2.3566198348999023,2.200000047683716,0.4482578818104699,0.0,3.058054656349782,0,0,customer-1,6.296779632568359,-2.200000047683716,0.43628304798969175,0.0,11.904486821146428,0,0,customer-2,6.594182014465332,2.549999952316284,0.4585849401147257,0.0,9.990822982020802,0,0
2,161,6.440000000000005,to_table,-3.027331590652466,5.178473472595215,-0.07453257772700315,0.19730544090270996,0.5207725763320923,0.2862603962421417,-0.05377121642231941,0.2862603962421417,-0.05377121642231941,0,nominal-sac-a-star,1.8864256726986284,99.0,99.0,1.944256010055542,99.0,waiter-2,0,,waiter-1,-8.737042427062988,-2.549999952316284,0.45764754211981895,0.0,9.608855255179309,0,0,waiter-2,-2.3386893272399902,2.200000047683716,0.4482562031133508,0.0,3.057046304827896,0,0,customer-1,6.314230918884277,-2.200000047683716,0.4362833793327692,0.0,11.90406071931086,0,0,customer-2,6.612525463104248,2.549999952316284,0.45858401444667685,0.0,9.991782476799152,0,0
2,162,6.480000000000005,to_table,-3.010424852371216,5.1772236824035645,-0.07506083929869527,0.1945657730102539,0.5217230319976807,0.28455621004104614,-0.053755417466163635,0.28455621004104614,-0.053755417466163635,0,nominal-sac-a-star,1.886391847483106,99.0,99.0,1.9444763088226318,99.0,waiter-2,0,,waiter-1,-8.71873664855957,-2.549999952316284,0.4576485645225681,0.0,9.607018718805337,0,0,waiter-2,-2.3207592964172363,2.200000047683716,0.44825929278781373,0.0,3.0560594153588996,0,0,customer-1,6.331682205200195,-2.200000047683716,0.4362837106758466,0.0,11.903713464246712,0,0,customer-2,6.630868911743164,2.549999952316284,0.45858308877862797,0.0,9.99283993536795,0,0
2,163,6.520000000000005,to_table,-2.993619680404663,5.175972938537598,-0.07558860315929823,0.19183886051177979,0.522674560546875,0.2828621566295624,-0.05374588072299957,0.2828621566295624,-0.05374588072299957,0,nominal-sac-a-star,1.8863871924835731,99.0,99.0,1.9447297477722167,99.0,waiter-2,0,,waiter-1,-8.700430870056152,-2.549999952316284,0.4576495869253172,0.0,9.605121085365896,0,0,waiter-2,-2.302828788757324,2.200000047683716,0.44825761409069464,0.0,3.0550952036033405,0,0,customer-1,6.349133491516113,-2.200000047683716,0.436284042018924,0.0,11.903445481242072,0,0,customer-2,6.64921236038208,2.549999952316284,0.4585821631105791,0.0,9.993995391793389,0,0
2,164,6.560000000000005,to_table,-2.976914882659912,5.174720287322998,-0.07611612792673685,0.18912339210510254,0.5236291885375977,0.28117820620536804,-0.05374341830611229,0.28117820620536804,-0.05374341830611229,0,nominal-sac-a-star,1.886412772158507,99.0,99.0,1.9450156116485595,99.0,waiter-2,0,,waiter-1,-8.682125091552734,-2.549999952316284,0.45765060932806634,0.0,9.60316230771654,0,0,waiter-2,-2.2848987579345703,2.200000047683716,0.4482607037651576,0.0,3.054152389943807,0,0,customer-1,6.3665852546691895,-2.200000047683716,0.4362796049904194,0.0,11.903255640194848,0,0,customer-2,6.667555809020996,2.549999952316284,0.4585812374425302,0.0,9.995247458652026,0,0
2,165,6.600000000000005,to_table,-2.960310459136963,5.173466682434082,-0.07664368731627803,0.1865323781967163,0.5245734453201294,0.2795042395591736,-0.053746744990348816,0.2795042395591736,-0.053746744990348816,0,nominal-sac-a-star,1.8864676437781847,99.0,99.0,1.9453348541259765,99.0,waiter-2,0,,waiter-1,-8.663819313049316,-2.549999952316284,0.45765163173081547,0.0,9.601143166558801,0,0,waiter-2,-2.266968250274658,2.200000047683716,0.4482590250680385,0.0,3.0532322621385566,0,0,customer-1,6.384036540985107,-2.200000047683716,0.4362799363334968,0.0,11.903143806526257,0,0,customer-2,6.685898780822754,2.549999952316284,0.45858508014606336,0.0,9.996595939874693,0,0
2,166,6.640000000000005,to_table,-2.94380521774292,5.172211647033691,-0.07717150268790539,0.1854860782623291,0.5247609615325928,0.2778402864933014,-0.05375666916370392,0.2778402864933014,-0.05375666916370392,0,nominal-sac-a-star,1.8865528906854196,99.0,99.0,1.9456867599487304,99.0,waiter-2,0,,waiter-1,-8.645513534545898,-2.549999952316284,0.4576526541335646,0.0,9.5990640020283,0,0,waiter-2,-2.249037742614746,2.200000047683716,0.4482573463709194,0.0,3.052334129122583,0,0,customer-1,6.401487827301025,-2.200000047683716,0.43628026767657424,0.0,11.903109147171374,0,0,customer-2,6.70424222946167,2.549999952316284,0.4585841544780145,0.0,9.998040493787958,0,0
2,167,6.680000000000005,to_table,-2.927399158477783,5.170955181121826,-0.07769983590356445,0.18460142612457275,0.5247578620910645,0.2761861979961395,-0.05377253144979477,0.2761861979961395,-0.05377253144979477,0,nominal-sac-a-star,1.8866680903007111,99.0,99.0,1.9460715675354003,99.0,waiter-2,0,,waiter-1,-8.62720775604248,-2.549999952316284,0.4576536765363137,0.0,9.59692483149872,0,0,waiter-2,-2.231107711791992,2.200000047683716,0.44826043604538235,0.0,3.0514580422529245,0,0,customer-1,6.418939113616943,-2.200000047683716,0.43628059901965166,0.0,11.90315168690538,0,0,customer-2,6.722585678100586,2.549999952316284,0.4585832288099656,0.0,9.999580674088067,0,0
2,168,6.720000000000005,to_table,-2.9110913276672363,5.1696977615356445,-0.07822889792117627,0.18372225761413574,0.5247613191604614,0.274541974067688,-0.053794026374816895,0.274541974067688,-0.053794026374816895,0,nominal-sac-a-star,1.8868134473180298,99.0,99.0,1.9464904689788818,99.0,waiter-2,0,,waiter-1,-8.608901977539062,-2.549999952316284,0.45765469893906285,0.0,9.594726624299595,0,0,waiter-2,-2.21317720413208,2.200000047683716,0.44825875734826326,0.0,3.050604634410565,0,0,customer-1,6.436390399932861,-2.200000047683716,0.4362809303627291,0.0,11.903270997798478,0,0,customer-2,6.740929126739502,2.549999952316284,0.4585823031419167,0.0,10.0012156992995,0,0
2,169,6.760000000000005,to_table,-2.8948814868927,5.1684393882751465,-0.07875893862513021,0.19379401206970215,0.5188814401626587,0.272907555103302,-0.053821664303541183,0.272907555103302,-0.053821664303541183,0,nominal-sac-a-star,1.8869894690381344,99.0,99.0,1.9469429874420165,99.0,waiter-2,0,,waiter-1,-8.590595245361328,-2.549999952316284,0.4576461845986479,0.0,9.592468976900488,0,0,waiter-2,-2.195246696472168,2.200000047683716,0.44825707865114417,0.0,3.049773919282816,0,0,customer-1,6.453841686248779,-2.200000047683716,0.4362812617058065,0.0,11.903466918903343,0,0,customer-2,6.759272575378418,2.549999952316284,0.45858137747386785,0.0,10.00294535313727,0,0
2,170,6.800000000000005,to_table,-2.8787686824798584,5.167179584503174,-0.07929021541051857,0.1705409288406372,0.5310659408569336,0.2712828814983368,-0.053855232894420624,0.2712828814983368,-0.053855232894420624,0,nominal-sac-a-star,1.8871963659860067,99.0,99.0,1.9474284076690673,99.0,waiter-2,0,,waiter-1,-8.57228946685791,-2.549999952316284,0.45764720700139705,0.0,9.590153227433326,0,0,waiter-2,-2.177316665649414,2.200000047683716,0.4482601683256071,0.0,3.048965289345819,0,0,customer-1,6.471292972564697,-2.200000047683716,0.4362815930488839,0.0,11.903738433200045,0,0,customer-2,6.777616024017334,2.549999952316284,0.45858045180581897,0.0,10.004768604370955,0,0
2,171,6.840000000000005,to_table,-2.862752676010132,5.165918827056885,-0.079822879699803,0.16975152492523193,0.5307495594024658,0.2696678638458252,-0.05389398708939552,0.2696678638458252,-0.05389398708939552,0,nominal-sac-a-star,1.8874337288868253,99.0,99.0,1.947948637008667,99.0,waiter-2,0,,waiter-1,-8.553983688354492,-2.549999952316284,0.4576482294041462,0.0,9.58777935946347,0,0,waiter-2,-2.159386157989502,2.200000047683716,0.448258489628488,0.0,3.048179565660608,0,0,customer-1,6.488744258880615,-2.200000047683716,0.43628192439196134,0.0,11.90408567646129,0,0,customer-2,6.795958995819092,2.549999952316284,0.4585842945093521,0.0,10.006684901542279,0,0
2,172,6.880000000000005,to_table,-2.846832513809204,5.164657115936279,-0.08035723343320689,0.16887390613555908,0.5302670001983643,0.2680624723434448,-0.05393848195672035,0.2680624723434448,-0.05393848195672035,0,nominal-sac-a-star,1.8877022769842942,99.0,99.0,1.9485022449493408,99.0,waiter-2,0,,waiter-1,-8.535677909851074,-2.549999952316284,0.4576492518068953,0.0,9.585347965556911,0,0,waiter-2,-2.14145565032959,2.200000047683716,0.44825681093136893,0.0,3.0474166193469876,0,0,customer-1,6.506195545196533,-2.200000047683716,0.43628225573503876,0.0,11.904507928100513,0,0,customer-2,6.814302444458008,2.549999952316284,0.45858336884130324,0.0,10.008694258749347,0,0
2,173,6.920000000000005,to_table,-2.831007719039917,5.163394451141357,-0.08089343752602571,0.16800284385681152,0.5297932624816895,0.2664666175842285,-0.05398855358362198,0.2664666175842285,-0.05398855358362198,0,nominal-sac-a-star,1.8880020428580293,99.0,99.0,1.9490909004211425,99.0,waiter-2,0,,waiter-1,-8.517372131347656,-2.549999952316284,0.45765027420964444,0.0,9.582859356833513,0,0,waiter-2,-2.123525619506836,2.200000047683716,0.4482599006058319,0.0,3.046676436972559,0,0,customer-1,6.523646831512451,-2.200000047683716,0.4362825870781162,0.0,11.905004842733055,0,0,customer-2,6.832645893096924,2.549999952316284,0.45858244317325436,0.0,10.0107957696606,0,0
2,174,6.960000000000005,to_table,-2.8152778148651123,5.162130832672119,-0.08143173983108748,0.16713690757751465,0.529329776763916,0.2648802697658539,-0.054044194519519806,0.2648802697658539,-0.054044194519519806,0,nominal-sac-a-star,1.8883332253551246,99.0,99.0,1.9497136497497558,99.0,waiter-2,0,,waiter-1,-8.499066352844238,-2.549999952316284,0.45765129661239357,0.0,9.580313846071471,0,0,waiter-2,-2.105595111846924,2.200000047683716,0.4482582219087128,0.0,3.04595934417044,0,0,customer-1,6.541098117828369,-2.200000047683716,0.4362829184211936,0.0,11.905576075661974,0,0,customer-2,6.85098934173584,2.549999952316284,0.4585815175052055,0.0,10.012988988253747,0,0
2,175,7.000000000000005,to_table,-2.7996420860290527,5.1608662605285645,-0.08197236065850225,0.16627681255340576,0.5288766622543335,0.26330336928367615,-0.05410527437925339,0.26330336928367615,-0.05410527437925339,0,nominal-sac-a-star,1.8886960001721071,99.0,99.0,1.950371208190918,99.0,waiter-2,0,,waiter-1,-8.48076057434082,-2.549999952316284,0.4576523190151427,0.0,9.577711889101177,0,0,waiter-2,-2.0876646041870117,2.200000047683716,0.4482565432115937,0.0,3.0452652864760945,0,0,customer-1,6.558549404144287,-2.200000047683716,0.436283249764271,0.0,11.906221095466327,0,0,customer-2,6.869332790374756,2.549999952316284,0.4585805918371566,0.0,10.015273238403736,0,0
2,176,7.040000000000005,to_table,-2.784100294113159,5.159600734710693,-0.08251550555411635,0.16542255878448486,0.5284328460693359,0.26173585653305054,-0.05417175590991974,0.26173585653305054,-0.05417175590991974,0,nominal-sac-a-star,1.8890904999718696,99.0,99.0,1.9510633373260498,99.0,waiter-2,0,,waiter-1,-8.462454795837402,-2.549999952316284,0.4576533414178918,0.0,9.575053660458453,0,0,waiter-2,-2.069734573364258,2.200000047683716,0.44825963288605664,0.0,3.0445943259540598,0,0,customer-1,6.576000690460205,-2.200000047683716,0.43628358110734844,0.0,11.906939746115778,0,0,customer-2,6.887675762176514,2.549999952316284,0.45858443454068976,0.0,10.017647844004685,0,0
2,177,7.080000000000005,to_table,-2.7686514854431152,5.158334255218506,-0.08306138511245087,0.16457629203796387,0.5279989242553711,0.2601776719093323,-0.0542435497045517,0.2601776719093323,-0.0542435497045517,0,nominal-sac-a-star,1.8895169995080638,99.0,99.0,1.9517905139923095,99.0,waiter-2,0,,waiter-1,-8.444149017333984,-2.549999952316284,0.45765436382064095,0.0,9.57233976045305,0,0,waiter-2,-2.0518040657043457,2.200000047683716,0.44825795418893755,0.0,3.0439466990498745,0,0,customer-1,6.593451976776123,-2.200000047683716,0.43628391245042586,0.0,11.907731309975254,0,0,customer-2,6.90601921081543,2.549999952316284,0.4585835088726409,0.0,10.020112819561476,0,0
2,178,7.120000000000005,to_table,-2.7532951831817627,5.157066822052002,-0.08361022468749087,0.16373443603515625,0.5275743007659912,0.2586287558078766,-0.05432070419192314,0.2586287558078766,-0.05432070419192314,0,nominal-sac-a-star,1.889975579877071,99.0,99.0,1.9525532150268554,99.0,waiter-2,0,,waiter-1,-8.42584228515625,-2.549999952316284,0.457645849480226,0.0,9.569569942724215,0,0,waiter-2,-2.0338735580444336,2.200000047683716,0.44825627549181846,0.0,3.043322425046038,0,0,customer-1,6.610903739929199,-2.200000047683716,0.43627947542192125,0.0,11.908595819715917,0,0,customer-2,6.924362659454346,2.549999952316284,0.458582583204592,0.0,10.02266725888921,0,0
2,179,7.1600000000000055,to_table,-2.7380311489105225,5.15579891204834,-0.08416221254547414,-0.11134344339370728,0.624629020690918,0.2570890486240387,-0.05440317839384079,0.2570890486240387,-0.05440317839384079,0,nominal-sac-a-star,1.890466446622185,99.0,99.0,1.9533514404296874,99.0,waiter-2,0,,waiter-1,-8.407536506652832,-2.549999952316284,0.45764687188297515,0.0,9.56674590127238,0,0,waiter-2,-2.0159435272216797,2.200000047683716,0.4482593651662814,0.0,3.042722047768322,0,0,customer-1,6.628355026245117,-2.200000047683716,0.43627980676499867,0.0,11.909532665816148,0,0,customer-2,6.942706108093262,2.549999952316284,0.4585816575365431,0.0,10.025311070369927,0,0
2,180,7.2000000000000055,to_table,-2.7228586673736572,5.154530048370361,-0.08471759883403217,-0.10091245174407959,0.43464434146881104,0.2555585205554962,-0.054491668939590454,0.2555585205554962,-0.054491668939590454,0,nominal-sac-a-star,1.8909903297719168,99.0,99.0,1.9541856670379638,99.0,waiter-2,0,,waiter-1,-8.389230728149414,-2.549999952316284,0.4576478942857243,0.0,9.563867149988056,0,0,waiter-2,-1.9980130195617676,2.200000047683716,0.4482576864691623,0.0,3.0421454169893436,0,0,customer-1,6.645806312561035,-2.200000047683716,0.4362801381080761,0.0,11.910541399954072,0,0,customer-2,6.961049556732178,2.549999952316284,0.45858073186849424,0.0,10.028043453942354,0,0
2,181,7.2400000000000055,to_table,-2.7077770233154297,5.153260231018066,-0.0852765767391601,-0.1035577654838562,0.4336339235305786,0.25403711199760437,-0.05458547919988632,0.25403711199760437,-0.05458547919988632,0,nominal-sac-a-star,1.8915469045068076,99.0,99.0,1.955054941177368,99.0,waiter-2,0,,waiter-1,-8.370924949645996,-2.549999952316284,0.4576489166884734,0.0,9.560934153504382,0,0,waiter-2,-1.9800829887390137,2.200000047683716,0.44826077614362525,0.0,3.041592398469286,0,0,customer-1,6.663257598876953,-2.200000047683716,0.4362804694511535,0.0,11.911621494014227,0,0,customer-2,6.9793925285339355,2.549999952316284,0.4585845745720274,0.0,10.030863273165672,0,0
2,182,7.280000000000006,to_table,-2.6927859783172607,5.151989936828613,-0.08583938162912991,-0.10618144273757935,0.43264079093933105,0.252524733543396,-0.05468469858169556,0.252524733543396,-0.05468469858169556,0,nominal-sac-a-star,1.892136365190689,99.0,99.0,1.9559614086151123,99.0,waiter-2,0,,waiter-1,-8.352619171142578,-2.549999952316284,0.45764993909122254,0.0,9.55794747961598,0,0,waiter-2,-1.9621524810791016,2.200000047683716,0.44825909744650616,0.0,3.0410638949058875,0,0,customer-1,6.680708885192871,-2.200000047683716,0.4362808007942309,0.0,11.912773089781423,0,0,customer-2,6.997735977172852,2.549999952316284,0.4585836489039785,0.0,10.033771357238432,0,0
2,183,7.320000000000006,to_table,-2.677884817123413,5.150718688964844,-0.08640624381067179,-0.1135936975479126,0.4340193271636963,0.2510213851928711,-0.05479005351662636,0.2510213851928711,-0.05479005351662636,0,nominal-sac-a-star,1.8927593992957505,99.0,99.0,1.9569034004211425,99.0,waiter-2,0,,waiter-1,-8.33431339263916,-2.549999952316284,0.45765096149397166,0.0,9.554907211589539,0,0,waiter-2,-1.9442219734191895,2.200000047683716,0.44825741874938707,0.0,3.040559433432623,0,0,customer-1,6.698160171508789,-2.200000047683716,0.43628113213730835,0.0,11.913995365710498,0,0,customer-2,7.016079425811768,2.549999952316284,0.45858272323592963,0.0,10.036766445945663,0,0
2,184,7.360000000000006,to_table,-2.6630730628967285,5.149446487426758,-0.08697735642566917,-0.11973166465759277,0.4357016086578369,0.2495269924402237,-0.054900895804166794,0.2495269924402237,-0.054900895804166794,0,nominal-sac-a-star,1.893415715934867,99.0,99.0,1.9578821086883544,99.0,waiter-2,0,,waiter-1,-8.316007614135742,-2.549999952316284,0.4576519838967208,0.0,9.55181367694448,0,0,waiter-2,-1.9262919425964355,2.200000047683716,0.44826050842385,0.0,3.0400790647849703,0,0,customer-1,6.715611457824707,-2.200000047683716,0.43628146348038577,0.0,11.915287982741635,0,0,customer-2,7.034422874450684,2.549999952316284,0.45858179756788076,0.0,10.039848093659954,0,0
2,185,7.400000000000006,to_table,-2.648350477218628,5.1481733322143555,-0.08755297494689927,-0.12588930130004883,0.43705856800079346,0.24804149568080902,-0.05501733720302582,0.24804149568080902,-0.05501733720302582,0,nominal-sac-a-star,1.8941055602714876,99.0,99.0,1.958897533416748,99.0,waiter-2,0,,waiter-1,-8.297701835632324,-2.549999952316284,0.4576530062994699,0.0,9.54866706349488,0,0,waiter-2,-1.9083614349365234,2.200000047683716,0.4482588297267309,0.0,3.0396232494040714,0,0,customer-1,6.733062744140625,-2.200000047683716,0.4362817948234632,0.0,11.916650790005422,0,0,customer-2,7.0527663230896,2.549999952316284,0.4585808718998319,0.0,10.043016085082883,0,0
2,186,7.440000000000006,to_table,-2.633715867996216,5.146899223327637,-0.08813330221579196,-0.1321275234222412,0.4377483129501343,0.2465648502111435,-0.055139366537332535,0.2465648502111435,-0.055139366537332535,0,nominal-sac-a-star,1.8948292026164024,99.0,99.0,1.959949197769165,99.0,waiter-2,0,,waiter-1,-8.279396057128906,-2.549999952316284,0.45765402870221905,0.0,9.545468124612507,0,0,waiter-2,-1.8904309272766113,2.200000047683716,0.44825715102961183,0.0,3.0391918752377856,0,0,customer-1,6.750514030456543,-2.200000047683716,0.4362821261665406,0.0,11.918082886328733,0,0,customer-2,7.071109294891357,2.549999952316284,0.45858471460336503,0.0,10.0462688231002,0,0
2,187,7.480000000000006,delivered,-2.619168996810913,5.145624160766602,-0.08871855144623489,-0.1383225917816162,0.438451886177063,0.24509698152542114,-0.05526728928089142,0.24509698152542114,-0.05526728928089142,0,nominal-sac-a-star,1.8955866935777599,99.0,99.0,1.961038293838501,99.0,waiter-2,0,,waiter-1,-8.261090278625488,-2.549999952316284,0.4576550511049682,0.0,9.542217050562986,0,0,waiter-2,-1.8725008964538574,2.200000047683716,0.4482602407040748,0.0,3.0387850644075094,0,0,customer-1,6.767965316772461,-2.200000047683716,0.436282457509618,0.0,11.919584121647272,0,0,customer-2,7.089452743530273,2.549999952316284,0.45858378893531615,0.0,10.04960701363585,0,0
