episode,step,sim_time,phase,robot_x,robot_y,robot_yaw,sac_linear,sac_turn,proposed_linear,proposed_turn,final_linear,final_turn,dwa_intervened,dwa_reason,pred_dynamic_clearance,pred_static_clearance,pred_ttc,env_dynamic_clearance,env_dynamic_ttc,env_dynamic_person,collision,collision_type,p0_type,p0_x,p0_y,p0_vx,p0_vy,p0_distance,p0_cooperative,p0_reciprocal,p1_type,p1_x,p1_y,p1_vx,p1_vy,p1_distance,p1_cooperative,p1_reciprocal,p2_type,p2_x,p2_y,p2_vx,p2_vy,p2_distance,p2_cooperative,p2_reciprocal,p3_type,p3_x,p3_y,p3_vx,p3_vy,p3_distance,p3_cooperative,p3_reciprocal
2,1,0.04,to_table,-8.300000190734863,5.500000476837158,-0.011059121308891466,0.854616641998291,-0.90518718957901,0.0,-0.75,0.0,-0.75,0,nominal-sac-a-star,3.400833325900308,99.0,99.0,3.462531032562256,99.0,waiter-2,0,,waiter-1,-6.334016799926758,-2.549999952316284,-0.4576460823149908,0.0,8.286591434498503,0,0,waiter-2,-5.207543849945068,2.200000047683716,0.4482577658438025,0.0,4.522531266017285,0,0,customer-1,3.522019863128662,-2.200000047683716,0.4362828165277799,0.0,14.108513962553713,0,0,customer-2,3.67758846282959,2.549999952316284,0.4585843018151703,0.0,12.33552321746708,0,0
2,2,0.08,to_table,-8.284294128417969,5.497129440307617,-0.025793507905037694,-0.3660857081413269,0.9865645170211792,0.7799999713897705,-0.021194761618971825,0.7799999713897705,-0.021194761618971825,0,nominal-sac-a-star,2.6842181460175585,99.0,99.0,2.5739738368988037,99.0,waiter-2,0,,waiter-1,-6.352322578430176,-2.549999952316284,-0.45764710471773107,0.0,8.275796368422423,0,0,waiter-2,-5.189613342285156,2.200000047683716,0.4482560871466923,0.0,4.521958801201539,0,0,customer-1,3.53947114944458,-2.200000047683716,0.4362831478708573,0.0,14.10840982183654,0,0,customer-2,3.695931911468506,2.549999952316284,0.45858337614712585,0.0,12.33739795036871,0,0
2,3,0.12,to_table,-8.262991905212402,5.492949485778809,-0.03813492342971134,0.10131728649139404,0.9203206300735474,0.7799999713897705,-0.00812506303191185,0.7799999713897705,-0.00812506303191185,0,nominal-sac-a-star,2.6595088455896883,99.0,99.0,2.5434510135650634,99.0,waiter-2,0,,waiter-1,-6.370628356933594,-2.549999952316284,-0.4576481271204713,0.0,8.26257075386399,0,0,waiter-2,-5.171683311462402,2.200000047683716,0.44825917682114635,0.0,4.516603239564373,0,0,customer-1,3.556922435760498,-2.200000047683716,0.43628347921393473,0.0,14.102902096814617,0,0,customer-2,3.714275360107422,2.549999952316284,0.4585824504790814,0.0,12.333526790882205,0,0
2,4,0.16,to_table,-8.227437973022461,5.491533279418945,-0.04730115437184701,-0.9491745829582214,0.9994943141937256,0.7799999713897705,0.06401371955871582,0.7799999713897705,0.06401371955871582,0,nominal-sac-a-star,2.634812010723695,99.0,99.0,2.5154945278167724,99.0,waiter-2,0,,waiter-1,-6.38893461227417,-2.549999952316284,-0.45764438115162953,0.0,8.249021234339551,0,0,waiter-2,-5.15375280380249,2.200000047683716,0.44825749812403615,0.0,4.503524346009486,0,0,customer-1,3.574373722076416,-2.200000047683716,0.43628381055701215,0.0,14.086960076911682,0,0,customer-2,3.732618808746338,2.549999952316284,0.458581524811037,0.0,12.316475816465905,0,0
2,5,0.2,to_table,-8.183923721313477,5.489782333374023,-0.04605750196483986,-0.21908670663833618,0.9885716438293457,0.7799999713897705,0.0699981302022934,0.7799999713897705,0.0699981302022934,0,nominal-sac-a-star,2.6101847126160873,99.0,99.0,2.504854383468628,99.0,waiter-2,0,,waiter-1,-6.407240390777588,-2.549999952316284,-0.4576454035543698,0.0,8.23375387404213,0,0,waiter-2,-5.135822296142578,2.200000047683716,0.4482558194269082,0.0,4.484817698120025,0,0,customer-1,3.591825008392334,-2.200000047683716,0.4362841419000896,0.0,14.064174743410794,0,0,customer-2,3.7509617805480957,2.549999952316284,0.45858536751457457,0.0,12.291615532163503,0,0
2,6,0.24000000000000002,to_table,-8.13793659210205,5.48764705657959,-0.04512292777366275,-0.11273431777954102,0.973816990852356,0.7799999713897705,0.06096487119793892,0.7799999713897705,0.06096487119793892,0,nominal-sac-a-star,2.5974378486820213,99.0,99.0,2.4922940158843994,99.0,waiter-2,0,,waiter-1,-6.425546169281006,-2.549999952316284,-0.45764642595711,0.0,8.21803202718157,0,0,waiter-2,-5.117892265319824,2.200000047683716,0.44825890910138,0.0,4.464223402881122,0,0,customer-1,3.609276294708252,-2.200000047683716,0.436284473243167,0.0,14.039121361671109,0,0,customer-2,3.7693052291870117,2.549999952316284,0.45858444184653013,0.0,12.264264278783374,0,0
2,7,0.28,to_table,-8.091753959655762,5.485645771026611,-0.04447255121306448,-0.1087806224822998,0.9730532169342041,0.7799999713897705,0.0531717985868454,0.7799999713897705,0.0531717985868454,0,nominal-sac-a-star,2.582755712084557,99.0,99.0,2.4793640995025634,99.0,waiter-2,0,,waiter-1,-6.443851947784424,-2.549999952316284,-0.4576474483598503,0.0,8.20287652179457,0,0,waiter-2,-5.09996223449707,2.200000047683716,0.44826199877583406,0.0,4.443679280286717,0,0,customer-1,3.62672758102417,-2.200000047683716,0.4362848045862444,0.0,14.013991625155048,0,0,customer-2,3.7876486778259277,2.549999952316284,0.4585835161784857,0.0,12.236757062078103,0,0
2,8,0.32,to_table,-8.045524597167969,5.483640670776367,-0.04331130620769308,-0.08900082111358643,0.9732062816619873,0.7799999713897705,0.08242641389369965,0.7799999713897705,0.08242641389369965,0,nominal-sac-a-star,2.567799992389903,99.0,99.0,2.467647018432617,99.0,waiter-2,0,,waiter-1,-6.462158203125,-2.549999952316284,-0.4576437023910085,0.0,8.188188493115502,0,0,waiter-2,-5.08203125,2.200000047683716,0.4482555517071418,0.0,4.423187601756577,0,0,customer-1,3.644178867340088,-2.200000047683716,0.43628513592932183,0.0,13.988834897106672,0,0,customer-2,3.8059921264648438,2.549999952316284,0.45858259051044126,0.0,12.209205400662045,0,0
2,9,0.36,to_table,-7.99928092956543,5.481663227081299,-0.04192030562329761,-0.09727180004119873,0.9712038040161133,0.7799999713897705,0.07705381512641907,0.7799999713897705,0.07705381512641907,0,nominal-sac-a-star,2.5537840903827806,99.0,99.0,2.4566168212890624,99.0,waiter-2,0,,waiter-1,-6.480463981628418,-2.549999952316284,-0.45764472479374874,0.0,8.174008707398812,0,0,waiter-2,-5.064101219177246,2.200000047683716,0.4482586413815959,0.0,4.402793789775796,0,0,customer-1,3.661630630493164,-2.200000047683716,0.4362806989008172,0.0,13.963696110929288,0,0,customer-2,3.8243355751037598,2.549999952316284,0.4585816648423968,0.0,12.181648361617224,0,0
2,10,0.39999999999999997,to_table,-7.953042030334473,5.479726791381836,-0.04080013646342164,-0.10974663496017456,0.9698495864868164,0.7799999713897705,0.07053285837173462,0.7799999713897705,0.07053285837173462,0,nominal-sac-a-star,2.54031837835562,99.0,99.0,2.445260705947876,99.0,waiter-2,0,,waiter-1,-6.498769760131836,-2.549999952316284,-0.457645747196489,0.0,8.160356573970352,0,0,waiter-2,-5.046171188354492,2.200000047683716,0.4482617310560677,0.0,4.382522744411268,0,0,customer-1,3.679081916809082,-2.200000047683716,0.43628103024389464,0.0,13.938597915298882,0,0,customer-2,3.8426785469055176,2.549999952316284,0.4585855075459344,0.0,12.154107260011488,0,0
2,11,0.43999999999999995,to_table,-7.906795978546143,5.477806091308594,-0.045298431275460384,-0.13314485549926758,0.9693021774291992,0.7799999713897705,-0.2561725974082947,0.7799999713897705,-0.2561725974082947,0,nominal-sac-a-star,2.5266306778814833,99.0,99.0,2.4223734760284423,99.0,waiter-2,0,,waiter-1,-6.517075538635254,-2.549999952316284,-0.45764676959922923,0.0,8.147207667364704,0,0,waiter-2,-5.028240203857422,2.200000047683716,0.4482552839873577,0.0,4.362349803445106,0,0,customer-1,3.696533203125,-2.200000047683716,0.43628136158697206,0.0,13.913516996294256,0,0,customer-2,3.8610219955444336,2.549999952316284,0.45858458187789,0.0,12.126565410653187,0,0
2,12,0.4799999999999999,to_table,-7.8605499267578125,5.475699424743652,-0.05336658962943039,-0.3626577854156494,0.9810680150985718,0.7799999713897705,-0.2837839424610138,0.7799999713897705,-0.2837839424610138,0,nominal-sac-a-star,2.504111613228887,99.0,99.0,2.3920137310028076,99.0,waiter-2,0,,waiter-1,-6.535381317138672,-2.549999952316284,-0.4576477920019695,0.0,8.134366744551182,0,0,waiter-2,-5.010310173034668,2.200000047683716,0.44825837366182064,0.0,4.342127711453755,0,0,customer-1,3.713984489440918,-2.200000047683716,0.4362816929300495,0.0,13.888347970251562,0,0,customer-2,3.8793654441833496,2.549999952316284,0.45858365620984554,0.0,12.09898054878271,0,0
2,13,0.5199999999999999,to_table,-7.814332962036133,5.473302841186523,-0.0623454791782963,-0.4588749408721924,0.9904086589813232,0.7799999713897705,-0.3135939836502075,0.7799999713897705,-0.3135939836502075,0,nominal-sac-a-star,2.4758442891720422,99.0,99.0,2.3596560382843017,99.0,waiter-2,0,,waiter-1,-6.553687572479248,-2.549999952316284,-0.4576440460331277,0.0,8.121737161127598,0,0,waiter-2,-4.992379665374756,2.200000047683716,0.44825669496471043,0.0,4.321797263464738,0,0,customer-1,3.731435775756836,-2.200000047683716,0.4362820242731269,0.0,13.863057129325473,0,0,customer-2,3.8977088928222656,2.549999952316284,0.4585827305418011,0.0,12.071355524133653,0,0
2,14,0.5599999999999999,to_table,-7.775349140167236,5.471485137939453,-0.07341401316980235,-0.38846635818481445,0.9787602424621582,0.20000000298023224,-0.4971059560775757,0.20000000298023224,-0.4971059560775757,0,nominal-sac-a-star,3.199548858604736,99.0,99.0,3.2466987991333007,99.0,waiter-2,0,,waiter-1,-6.571993350982666,-2.549999952316284,-0.45764506843586794,0.0,8.111244553615624,0,0,waiter-2,-4.974449634552002,2.200000047683716,0.4482597846391734,0.0,4.3066985889798755,0,0,customer-1,3.748887062072754,-2.200000047683716,0.4362823556162043,0.0,13.844121676663152,0,0,customer-2,3.9160523414611816,2.549999952316284,0.45858180487375666,0.0,12.050889771898124,0,0
2,15,0.6,to_table,-7.747860431671143,5.470565319061279,-0.08902589768617629,-0.34008634090423584,0.9956979751586914,0.20000000298023224,-0.5226810574531555,0.20000000298023224,-0.5226810574531555,0,nominal-sac-a-star,3.184403978235715,99.0,99.0,3.2397889518737792,99.0,waiter-2,0,,waiter-1,-6.590299129486084,-2.549999952316284,-0.4576460908386082,0.0,8.10366678983929,0,0,waiter-2,-4.95651912689209,2.200000047683716,0.4482581059420543,0.0,4.2997887708708,0,0,customer-1,3.766338348388672,-2.200000047683716,0.43628268695928174,0.0,13.835257373545268,0,0,customer-2,3.9343953132629395,2.549999952316284,0.45858564757729425,0.0,12.041793942410562,0,0
2,16,0.64,to_table,-7.7263617515563965,5.470245361328125,-0.11109963371587818,-0.4185206890106201,0.9960243701934814,0.20000000298023224,-0.536155104637146,0.20000000298023224,-0.536155104637146,0,nominal-sac-a-star,3.177473023636643,99.0,99.0,3.237229766845703,99.0,waiter-2,0,,waiter-1,-6.608604907989502,-2.549999952316284,-0.45764711324134844,0.0,8.097759891005397,0,0,waiter-2,-4.938588619232178,2.200000047683716,0.4482564272449352,0.0,4.297229741207934,0,0,customer-1,3.78378963470459,-2.200000047683716,0.43628301830235916,0.0,13.831711736770432,0,0,customer-2,3.9527387619018555,2.549999952316284,0.4585847219092498,0.0,12.038655325754432,0,0
2,17,0.68,to_table,-7.699306488037109,5.467641353607178,-0.11925696512525406,-0.35236454010009766,0.9962401390075684,0.7799999713897705,0.19796660542488098,0.7799999713897705,0.19796660542488098,0,nominal-sac-a-star,2.3508274377462253,99.0,99.0,2.2206835174560546,99.0,waiter-2,0,,waiter-1,-6.62691068649292,-2.549999952316284,-0.4576481356440887,0.0,8.089042271222205,0,0,waiter-2,-4.920658588409424,2.200000047683716,0.44825951691939814,0.0,4.289331399447067,0,0,customer-1,3.801240921020508,-2.200000047683716,0.4362833496454366,0.0,13.82227605594578,0,0,customer-2,3.9710822105407715,2.549999952316284,0.4585837962412054,0.0,12.029572050676657,0,0
2,18,0.7200000000000001,to_table,-7.662981033325195,5.464085578918457,-0.11765873952941745,-0.19078218936920166,0.9785811901092529,0.7799999713897705,0.20995934307575226,0.7799999713897705,0.20995934307575226,0,nominal-sac-a-star,2.3316916470399427,99.0,99.0,2.21311110496521,99.0,waiter-2,0,,waiter-1,-6.645216941833496,-2.549999952316284,-0.4576443896752469,0.0,8.078453481197744,0,0,waiter-2,-4.902728080749512,2.200000047683716,0.44825783822227905,0.0,4.274722297111095,0,0,customer-1,3.818692207336426,-2.200000047683716,0.436283680988514,0.0,13.804601729032791,0,0,customer-2,3.9894256591796875,2.549999952316284,0.4585828705731565,0.0,12.011264578165862,0,0
2,19,0.7600000000000001,to_table,-7.619429588317871,5.460093021392822,-0.11686830225279833,-0.1549586057662964,0.9603250026702881,0.7799999713897705,-0.12121019512414932,0.7799999713897705,-0.12121019512414932,0,nominal-sac-a-star,2.3222619683668957,99.0,99.0,2.2006995105743408,99.0,waiter-2,0,,waiter-1,-6.663522720336914,-2.549999952316284,-0.45764541207798715,0.0,8.066929241521656,0,0,waiter-2,-4.8847975730896,2.200000047683716,0.44825615952515996,0.0,4.255163740203063,0,0,customer-1,3.8361434936523438,-2.200000047683716,0.4362840123315914,0.0,13.780681422312721,0,0,customer-2,4.0077691078186035,2.549999952316284,0.4585819449051165,0.0,11.985841280032247,0,0
2,20,0.8000000000000002,to_table,-7.5738935470581055,5.454711437225342,-0.12055061905164187,-0.20325398445129395,0.9605532884597778,0.7799999713897705,-0.145670548081398,0.7799999713897705,-0.145670548081398,0,nominal-sac-a-star,2.3078947965500864,99.0,99.0,2.177328052520752,99.0,waiter-2,0,,waiter-1,-6.681828498840332,-2.549999952316284,-0.4576464344807274,0.0,8.054264986956241,0,0,waiter-2,-4.866867542266846,2.200000047683716,0.4482592491996229,0.0,4.23333627530676,0,0,customer-1,3.8535947799682617,-2.200000047683716,0.43628434367466884,0.0,13.754348308135958,0,0,customer-2,4.026112079620361,2.549999952316284,0.45858578760865853,0.0,11.95815534894637,0,0
2,21,0.8400000000000002,to_table,-7.528316020965576,5.448886394500732,-0.12556555470902553,-0.24839234352111816,0.9668159484863281,0.7799999713897705,-0.16660745441913605,0.7799999713897705,-0.16660745441913605,0,nominal-sac-a-star,2.2846012369844133,99.0,99.0,2.15096134185791,99.0,waiter-2,0,,waiter-1,-6.70013427734375,-2.549999952316284,-0.45764745688346764,0.0,8.041645838369417,0,0,waiter-2,-4.848937034606934,2.200000047683716,0.4482575705025038,0.0,4.211215293365359,0,0,customer-1,3.8710460662841797,-2.200000047683716,0.43628467501774626,0.0,13.727742705982662,0,0,customer-2,4.044455528259277,2.549999952316284,0.45858486194060966,0.0,11.930322038202867,0,0
2,22,0.8800000000000002,to_table,-7.482359886169434,5.4428935050964355,-0.13114733403934387,-0.27137601375579834,0.9677047729492188,0.7799999713897705,-0.19109690189361572,0.7799999713897705,-0.19109690189361572,0,nominal-sac-a-star,2.2589476555554637,99.0,99.0,2.12326997756958,99.0,waiter-2,0,,waiter-1,-6.718440532684326,-2.549999952316284,-0.45764371091462586,0.0,8.029316197546349,0,0,waiter-2,-4.83100700378418,2.200000047683716,0.44826066017696675,0.0,4.1887981669045375,0,0,customer-1,3.8884973526000977,-2.200000047683716,0.4362850063608237,0.0,13.700737797783223,0,0,customer-2,4.062798976898193,2.549999952316284,0.4585839362725608,0.0,11.902080754270909,0,0
2,23,0.9200000000000003,to_table,-7.436386585235596,5.436699390411377,-0.14359722141836512,-0.43823468685150146,-0.7262547612190247,0.7799999713897705,-0.5978838801383972,0.7799999713897705,-0.5978838801383972,0,nominal-sac-a-star,2.2322059632719253,99.0,99.0,2.0816637897491455,99.0,waiter-2,0,,waiter-1,-6.736746311187744,-2.549999952316284,-0.4576447333173661,0.0,8.017285257753787,0,0,waiter-2,-4.813076496124268,2.200000047683716,0.44825898147984766,0.0,4.1662907314356925,0,0,customer-1,3.9059486389160156,-2.200000047683716,0.4362853377039011,0.0,13.673614980861217,0,0,customer-2,4.081142425537109,2.549999952316284,0.4585830106045208,0.0,11.873773964493742,0,0
2,24,0.9600000000000003,to_table,-7.390688896179199,5.430215358734131,-0.1579259897603372,-0.3670889139175415,0.9337451457977295,0.7799999713897705,-0.4271630644798279,0.7799999713897705,-0.4271630644798279,0,nominal-sac-a-star,2.194839196072749,99.0,99.0,2.036351146697998,99.0,waiter-2,0,,waiter-1,-6.755052089691162,-2.549999952316284,-0.45764575572010635,0.0,8.005490026256092,0,0,waiter-2,-4.7951459884643555,2.200000047683716,0.4482573027827286,0.0,4.14380669693138,0,0,customer-1,3.923400402069092,-2.200000047683716,0.4362809006753965,0.0,13.646567473070757,0,0,customer-2,4.099485874176025,2.549999952316284,0.4585820849364808,0.0,11.845664060772384,0,0
2,25,1.0000000000000002,to_table,-7.3444108963012695,5.423940658569336,-0.16257881278673314,-0.16984522342681885,0.9175426959991455,0.7799999713897705,0.36700505018234253,0.7799999713897705,0.36700505018234253,0,nominal-sac-a-star,2.1546736368874018,99.0,99.0,2.0105180168151855,99.0,waiter-2,0,,waiter-1,-6.77335786819458,-2.549999952316284,-0.4576467781228466,0.0,7.994362415279955,0,0,waiter-2,-4.777215957641602,2.200000047683716,0.4482603924571915,0.0,4.1211992084340405,0,0,customer-1,3.9408516883850098,-2.200000047683716,0.4362812320184739,0.0,13.619163832547956,0,0,customer-2,4.117828845977783,2.549999952316284,0.4585859276400228,0.0,11.817041723398443,0,0
2,26,1.0400000000000003,to_table,-7.298902988433838,5.417234897613525,-0.15984371504834236,0.07646656036376953,0.8758180141448975,0.7799999713897705,0.0027896275278180838,0.7799999713897705,0.0027896275278180838,0,nominal-sac-a-star,2.1292942787878895,99.0,99.0,1.9995154762268066,99.0,waiter-2,0,,waiter-1,-6.791663646697998,-2.549999952316284,-0.45764780052558685,0.0,7.98336538708712,0,0,waiter-2,-4.7592854499816895,2.200000047683716,0.4482587137600724,0.0,4.098811696237902,0,0,customer-1,3.9583029747009277,-2.200000047683716,0.4362815633615469,0.0,13.592165181025956,0,0,customer-2,4.136172294616699,2.549999952316284,0.45858500197196506,0.0,11.789062005120128,0,0
2,27,1.0800000000000003,to_table,-7.253223419189453,5.409776210784912,-0.16081040221602363,0.23965322971343994,0.3185708522796631,0.7799999713897705,-0.07956162840127945,0.7799999713897705,-0.07956162840127945,0,nominal-sac-a-star,2.1152465909381832,99.0,99.0,1.9805032634735107,99.0,waiter-2,0,,waiter-1,-6.809969902038574,-2.549999952316284,-0.45764405455674506,0.0,7.972108268653947,0,0,waiter-2,-4.741354942321777,2.200000047683716,0.44825703506295334,0.0,4.075800076340125,0,0,customer-1,3.9757542610168457,-2.200000047683716,0.4362818947046243,0.0,13.564609631188214,0,0,customer-2,4.154515743255615,2.549999952316284,0.45858407630392506,0.0,11.760732674747937,0,0
2,28,1.1200000000000003,to_table,-7.207507610321045,5.402369976043701,-0.16164715503550411,0.6160705089569092,0.5736830234527588,0.7799999713897705,-0.060510288923978806,0.7799999713897705,-0.060510288923978806,0,nominal-sac-a-star,2.094949152379195,99.0,99.0,1.96195143699646,99.0,waiter-2,0,,waiter-1,-6.828275680541992,-2.549999952316284,-0.4576450769594853,0.0,7.961407183032918,0,0,waiter-2,-4.723424911499023,2.200000047683716,0.4482601247374163,0.0,4.052880458717137,0,0,customer-1,3.9932055473327637,-2.200000047683716,0.4362822260477017,0.0,13.537060434884243,0,0,customer-2,4.172859191894531,2.549999952316284,0.45858315063588506,0.0,11.732380973409835,0,0
2,29,1.1600000000000004,to_table,-7.161801338195801,5.394891262054443,-0.16782885820279336,0.5841718912124634,0.5290088653564453,0.7799999713897705,-0.3058927357196808,0.7799999713897705,-0.3058927357196808,0,nominal-sac-a-star,2.0750181668943433,99.0,99.0,1.9326543235778808,99.0,waiter-2,0,,waiter-1,-6.84658145904541,-2.549999952316284,-0.45764609936222556,0.0,7.951142055101063,0,0,waiter-2,-4.705494403839111,2.200000047683716,0.4482584460402972,0.0,4.029984320990843,0,0,customer-1,4.010656833648682,-2.200000047683716,0.43628255739077915,0.0,13.509485393913076,0,0,customer-2,4.191202640533447,2.549999952316284,0.4585822249678362,0.0,11.704020928948557,0,0
2,30,1.2000000000000004,to_table,-7.116200923919678,5.387217044830322,-0.17664246366071323,0.5599155426025391,0.6381911039352417,0.7799999713897705,-0.31736165285110474,0.7799999713897705,-0.31736165285110474,0,nominal-sac-a-star,2.046912646262504,99.0,99.0,1.8980202102661132,99.0,waiter-2,0,,waiter-1,-6.864887237548828,-2.549999952316284,-0.4576471217649658,0.0,7.941194634861326,0,0,waiter-2,-4.687563896179199,2.200000047683716,0.4482567673431781,0.0,4.007072497399109,0,0,customer-1,4.0281081199646,-2.200000047683716,0.43628288873385657,0.0,13.481894795411291,0,0,customer-2,4.209545612335205,2.549999952316284,0.45858606767136934,0.0,11.675715628326312,0,0
2,31,1.2400000000000004,to_table,-7.0702972412109375,5.379053115844727,-0.18666169114082357,0.5515501499176025,0.6779491901397705,0.7799999713897705,-0.33924350142478943,0.7799999713897705,-0.33924350142478943,0,nominal-sac-a-star,2.0147447805628116,99.0,99.0,1.8605427169799804,99.0,waiter-2,0,,waiter-1,-6.883193016052246,-2.549999952316284,-0.45764814416770605,0.0,7.931260337978181,0,0,waiter-2,-4.669633865356445,2.200000047683716,0.44825985701764104,0.0,3.983662015577253,0,0,customer-1,4.045559406280518,-2.200000047683716,0.436283220076934,0.0,13.453784443909099,0,0,customer-2,4.227889060974121,2.549999952316284,0.45858514200332934,0.0,11.646997704170477,0,0
2,32,1.2800000000000005,to_table,-7.025406360626221,5.36951208114624,-0.19859878572248696,0.5965466499328613,0.4698742628097534,0.7799999713897705,-0.48933911323547363,0.7799999713897705,-0.48933911323547363,0,nominal-sac-a-star,1.9802947624112162,99.0,99.0,1.8184356117248535,99.0,waiter-2,0,,waiter-1,-6.901499271392822,-2.549999952316284,-0.45764439819886427,0.0,7.9204812868234225,0,0,waiter-2,-4.651703357696533,2.200000047683716,0.44825817832052195,0.0,3.9598323798339194,0,0,customer-1,4.0630106925964355,-2.200000047683716,0.4362835514200114,0.0,13.42574044940177,0,0,customer-2,4.246232509613037,2.549999952316284,0.45858421633528934,0.0,11.618928154770034,0,0
2,33,1.3200000000000005,to_table,-6.980771541595459,5.360982418060303,-0.2052538445216065,0.546892523765564,0.2138899564743042,0.7799999713897705,0.0914701446890831,0.7799999713897705,0.0914701446890831,0,nominal-sac-a-star,1.942244725680574,99.0,99.0,1.7880968475341796,99.0,waiter-2,0,,waiter-1,-6.91980504989624,-2.549999952316284,-0.4576454206016045,0.0,7.9112172879727725,0,0,waiter-2,-4.633772850036621,2.200000047683716,0.44825649962340286,0.0,3.937030912249799,0,0,customer-1,4.0804619789123535,-2.200000047683716,0.4362838827630888,0.0,13.398482855998815,0,0,customer-2,4.264575958251953,2.549999952316284,0.45858329066724046,0.0,11.591352932899799,0,0
2,34,1.3600000000000005,to_table,-6.935007095336914,5.351629257202148,-0.2046271050754892,0.805554986000061,-0.24767518043518066,0.805554986000061,0.049894679337739944,0.805554986000061,0.049894679337739944,0,nominal-sac-a-star,1.8777673311670835,99.0,99.0,1.7328676605224609,99.0,waiter-2,0,,waiter-1,-6.938110828399658,-2.549999952316284,-0.45764644300434476,0.0,7.901629819086302,0,0,waiter-2,-4.615842819213867,2.200000047683716,0.4482595892978658,0.0,3.912964300109971,0,0,customer-1,4.0979132652282715,-2.200000047683716,0.43628421410616625,0.0,13.369833089496098,0,0,customer-2,4.282919406890869,2.549999952316284,0.4585823649991916,0.0,11.562482509019407,0,0
2,35,1.4000000000000006,to_table,-6.887831211090088,5.3418354988098145,-0.20469719792602079,0.836184024810791,-0.8579466938972473,0.8199999928474426,-0.015083309262990952,0.8199999928474426,-0.015083309262990952,0,nominal-sac-a-star,1.83973433437943,99.0,99.0,1.6939091110229492,99.0,waiter-2,0,,waiter-1,-6.956416606903076,-2.549999952316284,-0.457647465407085,0.0,7.892133472272849,0,0,waiter-2,-4.597912311553955,2.200000047683716,0.4482579106007467,0.0,3.8877832460678037,0,0,customer-1,4.1153645515441895,-2.200000047683716,0.43628454544924367,0.0,13.339775125586124,0,0,customer-2,4.301262378692627,2.549999952316284,0.4585862077027336,0.0,11.532136015482191,0,0
2,36,1.4400000000000006,to_table,-6.840333938598633,5.331981658935547,-0.20967940529291265,0.875352144241333,-0.4939277172088623,0.8199999928474426,-0.26867347955703735,0.8199999928474426,-0.26867347955703735,0,nominal-sac-a-star,1.819561693640677,99.0,99.0,1.66538423538208,99.0,waiter-2,0,,waiter-1,-6.974722862243652,-2.549999952316284,-0.4576437194382432,0.0,7.883127203268414,0,0,waiter-2,-4.579981803894043,2.200000047683716,0.4482562319036276,0.0,3.862447486514634,0,0,customer-1,4.132815837860107,-2.200000047683716,0.4362848767923211,0.0,13.309423896076183,0,0,customer-2,4.319605827331543,2.549999952316284,0.4585852820346936,0.0,11.50146415875622,0,0
2,37,1.4800000000000006,to_table,-6.793810844421387,5.322115898132324,-0.2135070687569091,-0.6145841479301453,0.9951463937759399,0.7799999713897705,-0.10508157312870026,0.7799999713897705,-0.10508157312870026,0,nominal-sac-a-star,1.8453575563776057,99.0,99.0,1.697789373397827,99.0,waiter-2,0,,waiter-1,-6.99302864074707,-2.549999952316284,-0.45764474184098347,0.0,7.874636226090516,0,0,waiter-2,-4.562051773071289,2.200000047683716,0.44825932157809056,0.0,3.8377540223646287,0,0,customer-1,4.150267124176025,-2.200000047683716,0.4362852081353985,0.0,13.279874656224704,0,0,customer-2,4.337949275970459,2.549999952316284,0.45858435636664474,0.0,11.471735273924073,0,0
2,38,1.5200000000000007,to_table,-6.748004913330078,5.311960697174072,-0.2196400874907858,0.6541424989700317,-0.7556759715080261,0.7799999713897705,-0.3352667987346649,0.7799999713897705,-0.3352667987346649,0,nominal-sac-a-star,1.8192977351790476,99.0,99.0,1.6672548675537109,99.0,waiter-2,0,,waiter-1,-7.011334419250488,-2.549999952316284,-0.4576457642437237,0.0,7.866369409252474,0,0,waiter-2,-4.544121265411377,2.200000047683716,0.4482576428809715,0.0,3.8133190553033827,0,0,customer-1,4.167718887329102,-2.200000047683716,0.4362807711068939,0.0,13.250757726430653,0,0,customer-2,4.356292724609375,2.549999952316284,0.45858343069859586,0.0,11.442633140500622,0,0
2,39,1.5600000000000007,to_table,-6.7023210525512695,5.301455020904541,-0.23130210384526548,0.4518178701400757,-0.6677718758583069,0.7799999713897705,-0.49898841977119446,0.7799999713897705,-0.49898841977119446,0,nominal-sac-a-star,1.78983197271892,99.0,99.0,1.6253868961334228,99.0,waiter-2,0,,waiter-1,-7.029640197753906,-2.549999952316284,-0.45764678664646397,0.0,7.858274811899252,0,0,waiter-2,-4.526191234588623,2.200000047683716,0.4482607325554344,0.0,3.7887417351334904,0,0,customer-1,4.1851701736450195,-2.200000047683716,0.4362811024499713,0.0,13.221546556532243,0,0,customer-2,4.374636173248291,2.549999952316284,0.45858250503055586,0.0,11.41356589224652,0,0
2,40,1.6000000000000008,to_table,-6.656681060791016,5.2903733253479,-0.24609754819860663,0.31658685207366943,-0.49199116230010986,0.7799999713897705,-0.4983198046684265,0.7799999713897705,-0.4983198046684265,0,nominal-sac-a-star,1.7517513172960655,99.0,99.0,1.5768961334228515,99.0,waiter-2,0,,waiter-1,-7.047945976257324,-2.549999952316284,-0.4576478090492042,0.0,7.850130022310808,0,0,waiter-2,-4.508260726928711,2.200000047683716,0.4482590538583153,0.0,3.763790234093007,0,0,customer-1,4.2026214599609375,-2.200000047683716,0.43628143379304873,0.0,13.192048533288178,0,0,customer-2,4.392979621887207,2.549999952316284,0.45858157936251587,0.0,11.384403692154704,0,0
2,41,1.6400000000000008,to_table,-6.611370086669922,5.2790679931640625,-0.254415539335433,0.32783520221710205,-0.47155094146728516,0.7799999713897705,-0.16286581754684448,0.7799999713897705,-0.16286581754684448,0,nominal-sac-a-star,1.7085862797915619,99.0,99.0,1.5414633178710937,99.0,waiter-2,0,,waiter-1,-7.0662522315979,-2.549999952316284,-0.45764406308036243,0.0,7.8422715242920615,0,0,waiter-2,-4.490330219268799,2.200000047683716,0.44825737516119624,0.0,3.738912881037687,0,0,customer-1,4.2200727462768555,-2.200000047683716,0.43628176513612615,0.0,13.162697770708888,0,0,customer-2,4.411322593688965,2.549999952316284,0.458585422066049,0.0,11.355508191939897,0,0
2,42,1.6800000000000008,to_table,-6.566492557525635,5.267412185668945,-0.26265440123690637,0.6124236583709717,-0.7916225790977478,0.7799999713897705,-0.39700761437416077,0.7799999713897705,-0.39700761437416077,0,nominal-sac-a-star,1.6753151437897857,99.0,99.0,1.5061230087280273,99.0,waiter-2,0,,waiter-1,-7.084558010101318,-2.549999952316284,-0.4576450854831027,0.0,7.8345596141883584,0,0,waiter-2,-4.472400188446045,2.200000047683716,0.4482604648356592,0.0,3.714059783376741,0,0,customer-1,4.237524032592773,-2.200000047683716,0.4362820964792036,0.0,13.13350752626193,0,0,customer-2,4.429666042327881,2.549999952316284,0.45858449639800014,0.0,11.32695162870872,0,0
2,43,1.7200000000000009,to_table,-6.521848201751709,5.255468845367432,-0.273150552058838,0.2288762331008911,-0.7175568342208862,0.7799999713897705,-0.4037855267524719,0.7799999713897705,-0.4037855267524719,0,nominal-sac-a-star,1.642124329090482,99.0,99.0,1.4662308120727539,99.0,waiter-2,0,,waiter-1,-7.102863788604736,-2.549999952316284,-0.4576461078858429,0.0,7.827063450859476,0,0,waiter-2,-4.454469680786133,2.200000047683716,0.4482587861385401,0.0,3.6891656946481253,0,0,customer-1,4.254975318908691,-2.200000047683716,0.436282427822281,0.0,13.104348194805896,0,0,customer-2,4.448009490966797,2.549999952316284,0.45858357072996014,0.0,11.298554762878426,0,0
2,44,1.760000000000001,to_table,-6.477200031280518,5.243180751800537,-0.2852056144752622,0.18001186847686768,-0.7437724471092224,0.7799999713897705,-0.42358314990997314,0.7799999713897705,-0.42358314990997314,0,nominal-sac-a-star,1.6054984084326804,99.0,99.0,1.4230985069274902,99.0,waiter-2,0,,waiter-1,-7.121169567108154,-2.549999952316284,-0.45764713028858317,0.0,7.819741827585666,0,0,waiter-2,-4.436539173126221,2.200000047683716,0.448257107441421,0.0,3.664047698367474,0,0,customer-1,4.272426605224609,-2.200000047683716,0.4362827591653584,0.0,13.074991902026998,0,0,customer-2,4.466352939605713,2.549999952316284,0.45858264506192015,0.0,11.270074287479364,0,0
2,45,1.800000000000001,to_table,-6.432717800140381,5.230461597442627,-0.2982411233463428,0.17554140090942383,-0.7375162243843079,0.7799999713897705,-0.4426211714744568,0.7799999713897705,-0.4426211714744568,0,nominal-sac-a-star,1.5663875993484146,99.0,99.0,1.377878131866455,99.0,waiter-2,0,,waiter-1,-7.139475345611572,-2.549999952316284,-0.4576481526913234,0.0,7.812495641941652,0,0,waiter-2,-4.418609142303467,2.200000047683716,0.44826019711588394,0.0,3.6387265478654474,0,0,customer-1,4.289877891540527,-2.200000047683716,0.43628309050843583,0.0,13.045528683305543,0,0,customer-2,4.484696388244629,2.549999952316284,0.45858171939387127,0.0,11.241655002344794,0,0
2,46,1.840000000000001,to_table,-6.388366222381592,5.217188358306885,-0.30911461426234405,0.20258283615112305,-0.7391968965530396,0.7799999713897705,-0.27003416419029236,0.7799999713897705,-0.27003416419029236,0,nominal-sac-a-star,1.5256747264782113,99.0,99.0,1.3366004848480224,99.0,waiter-2,0,,waiter-1,-7.157781600952148,-2.549999952316284,-0.45764440672248163,0.0,7.805204307221053,0,0,waiter-2,-4.400678634643555,2.200000047683716,0.44825851841876485,0.0,3.613077254669342,0,0,customer-1,4.307329177856445,-2.200000047683716,0.43628342185151325,0.0,13.015858939948393,0,0,customer-2,4.503039360046387,2.549999952316284,0.4585855620974044,0.0,11.213233679630244,0,0
2,47,1.880000000000001,to_table,-6.343394756317139,5.20318603515625,-0.31771281507211274,0.9270042181015015,-0.9428510665893555,0.8199999928474426,-0.2990334928035736,0.8199999928474426,-0.2990334928035736,0,nominal-sac-a-star,1.4289104511687736,99.0,99.0,1.234461727142334,99.0,waiter-2,0,,waiter-1,-7.176087379455566,-2.549999952316284,-0.4576454291252219,0.0,7.797773397641766,0,0,waiter-2,-4.382748126983643,2.200000047683716,0.44825683972164576,0.0,3.5865388998961354,0,0,customer-1,4.324780464172363,-2.200000047683716,0.4362837531945907,0.0,12.985265754393385,0,0,customer-2,4.521382808685303,2.549999952316284,0.4585846364293644,0.0,11.184041663332449,0,0
2,48,1.920000000000001,to_table,-6.298379898071289,5.188854694366455,-0.3265425887042237,0.5452735424041748,-0.9112537503242493,0.7799999713897705,-0.30529090762138367,0.7799999713897705,-0.30529090762138367,0,nominal-sac-a-star,1.4525929936933775,99.0,99.0,1.2608703994750976,99.0,waiter-2,0,,waiter-1,-7.194393157958984,-2.549999952316284,-0.45764645152796213,0.0,7.790552676439432,0,0,waiter-2,-4.364818096160889,2.200000047683716,0.4482599293961087,0.0,3.5597631017813525,0,0,customer-1,4.342231750488281,-2.200000047683716,0.4362840845376681,0.0,12.95445061183912,0,0,customer-2,4.539726257324219,2.549999952316284,0.45858371076131554,0.0,11.15473439330864,0,0
2,49,1.960000000000001,to_table,-6.25412654876709,5.173803329467773,-0.3336136148741417,0.5516660213470459,-0.9025458693504333,0.7799999713897705,-0.4416532814502716,0.7799999713897705,-0.4416532814502716,0,nominal-sac-a-star,1.416801764195693,99.0,99.0,1.2257484817504882,99.0,waiter-2,0,,waiter-1,-7.212698936462402,-2.549999952316284,-0.4576474739307024,0.0,7.78305840644602,0,0,waiter-2,-4.346887588500977,2.200000047683716,0.4482582506989896,0.0,3.532855277294358,0,0,customer-1,4.359683036804199,-2.200000047683716,0.4362844158807455,0.0,12.923851212531646,0,0,customer-2,4.558069705963135,2.549999952316284,0.45858278509326666,0.0,11.12600251720059,0,0
2,50,2.000000000000001,to_table,-6.209700107574463,5.158757209777832,-0.3427254494642415,-0.2522730827331543,-0.9506145715713501,0.7799999713897705,-0.4661800265312195,0.7799999713897705,-0.4661800265312195,0,nominal-sac-a-star,1.3832713374261294,99.0,99.0,1.186774911880493,99.0,waiter-2,0,,waiter-1,-7.2310051918029785,-2.549999952316284,-0.4576437279618606,0.0,7.77611735117265,0,0,waiter-2,-4.3289570808410645,2.200000047683716,0.4482565720018705,0.0,3.505914756072876,0,0,customer-1,4.377134323120117,-2.200000047683716,0.43628474722382293,0.0,12.893113341516209,0,0,customer-2,4.576413154602051,2.549999952316284,0.45858185942522667,0.0,11.097110152326072,0,0
2,51,2.040000000000001,to_table,-6.164590835571289,5.143956661224365,-0.3569733586250576,0.5312849283218384,-0.7520692348480225,0.7799999713897705,-0.4636518359184265,0.7799999713897705,-0.4636518359184265,0,nominal-sac-a-star,1.3468531839894267,99.0,99.0,1.1381642246246337,99.0,waiter-2,0,,waiter-1,-7.2493109703063965,-2.549999952316284,-0.45764475036460084,0.0,7.770044153140035,0,0,waiter-2,-4.3110270500183105,2.200000047683716,0.44825966167633347,0.0,3.478876147482577,0,0,customer-1,4.394585609436035,-2.200000047683716,0.43628507856690035,0.0,12.861955813137966,0,0,customer-2,4.594756126403809,2.549999952316284,0.4585857021287687,0.0,11.067617560064678,0,0
2,52,2.080000000000001,to_table,-6.12101936340332,5.127546310424805,-0.3699537832119427,0.9477181434631348,0.45656728744506836,0.8199999928474426,-0.34139376878738403,0.8199999928474426,-0.34139376878738403,0,nominal-sac-a-star,1.2420256595701842,99.0,99.0,1.0231263065338134,99.0,waiter-2,0,,waiter-1,-7.2676167488098145,-2.549999952316284,-0.4576457727673411,0.0,7.762692972206918,0,0,waiter-2,-4.293096542358398,2.200000047683716,0.4482579829792144,0.0,3.4513517583964317,0,0,customer-1,4.412037372589111,-2.200000047683716,0.43628064153839574,0.0,12.831142577099866,0,0,customer-2,4.613099575042725,2.549999952316284,0.4585847764607198,0.0,11.039250636384,0,0
2,53,2.120000000000001,to_table,-6.077385902404785,5.1099019050598145,-0.3788601043350784,0.6958150863647461,-0.60467928647995,0.7799999713897705,-0.27278754115104675,0.7799999713897705,-0.27278754115104675,0,nominal-sac-a-star,1.2606494061711837,99.0,99.0,1.0506772422790527,99.0,waiter-2,0,,waiter-1,-7.285922527313232,-2.549999952316284,-0.45764679517008133,0.0,7.754653908355866,0,0,waiter-2,-4.275166034698486,2.200000047683716,0.4482563042820953,0.0,3.4227949502002275,0,0,customer-1,4.429488658905029,-2.200000047683716,0.43628097288147316,0.0,12.799573414994072,0,0,customer-2,4.631443023681641,2.549999952316284,0.45858385079267094,0.0,11.010545625710176,0,0
2,54,2.160000000000001,to_table,-6.032902717590332,5.0921950340271,-0.3846389950246973,0.9315543174743652,-0.7420504093170166,0.8199999928474426,-0.2954169511795044,0.8199999928474426,-0.2954169511795044,0,nominal-sac-a-star,1.1603099788953974,99.0,99.0,0.9477672004699706,99.0,waiter-2,0,,waiter-1,-7.30422830581665,-2.549999952316284,-0.4576478175728216,0.0,7.74721969228774,0,0,waiter-2,-4.257236003875732,2.200000047683716,0.4482593939565582,0.0,3.3937861036346724,0,0,customer-1,4.446939945220947,-2.200000047683716,0.4362813042245506,0.0,12.767271100239347,0,0,customer-2,4.649786472320557,2.549999952316284,0.45858292512463095,0.0,10.981011071923824,0,0
2,55,2.200000000000001,to_table,-5.988499164581299,5.07483434677124,-0.38996992433870437,0.8921946287155151,-0.41211628913879395,0.8199999928474426,-0.27041637897491455,0.8199999928474426,-0.27041637897491455,0,nominal-sac-a-star,1.1265709502386296,99.0,99.0,0.9146901988983154,99.0,waiter-2,0,,waiter-1,-7.322534561157227,-2.549999952316284,-0.4576440716039798,0.0,7.740655561892612,0,0,waiter-2,-4.23930549621582,2.200000047683716,0.44825771525943914,0.0,3.365167267263239,0,0,customer-1,4.464391231536865,-2.200000047683716,0.436281635567628,0.0,12.735231960981478,0,0,customer-2,4.668129920959473,2.549999952316284,0.45858199945659095,0.0,10.951645181716593,0,0
2,56,2.240000000000001,to_table,-5.94425630569458,5.056626319885254,-0.3969879400328582,0.8973617553710938,-0.43989133834838867,0.8199999928474426,-0.37867969274520874,0.8199999928474426,-0.37867969274520874,0,nominal-sac-a-star,1.0939771637648117,99.0,99.0,0.8774924898147582,99.0,waiter-2,0,,waiter-1,-7.3408403396606445,-2.549999952316284,-0.45764509400672004,0.0,7.733770762627736,0,0,waiter-2,-4.221375465393066,2.200000047683716,0.4482608049339021,0.0,3.3359604387507513,0,0,customer-1,4.481842517852783,-2.200000047683716,0.4362819669107054,0.0,12.702840742010148,0,0,customer-2,4.6864728927612305,2.549999952316284,0.4585858421601241,0.0,10.922251555310972,0,0
2,57,2.280000000000001,to_table,-5.900785446166992,5.037395000457764,-0.4067082139900004,0.8823882341384888,-0.42077767848968506,0.8199999928474426,-0.39474770426750183,0.8199999928474426,-0.39474770426750183,0,nominal-sac-a-star,1.0581828051459237,99.0,99.0,0.8340240144729614,99.0,waiter-2,0,,waiter-1,-7.3591461181640625,-2.549999952316284,-0.4576461164094603,0.0,7.726278406775726,0,0,waiter-2,-4.203444957733154,2.200000047683716,0.448259126236783,0.0,3.306323464469933,0,0,customer-1,4.499293804168701,-2.200000047683716,0.43628229825378284,0.0,12.670498628551515,0,0,customer-2,4.7048163414001465,2.549999952316284,0.4585849164920752,0.0,10.89338897689631,0,0
2,58,2.320000000000001,to_table,-5.856733798980713,5.019027233123779,-0.4144201430791664,0.889174222946167,-0.4316905736923218,0.8199999928474426,-0.4128114879131317,0.8199999928474426,-0.4128114879131317,0,nominal-sac-a-star,1.0176787254641972,99.0,99.0,0.7955860519409179,99.0,waiter-2,0,,waiter-1,-7.3774518966674805,-2.549999952316284,-0.45764713881220054,0.0,7.720282123508363,0,0,waiter-2,-4.185514450073242,2.200000047683716,0.4482574475396639,0.0,3.2771768924507017,0,0,customer-1,4.516745090484619,-2.200000047683716,0.43628262959686026,0.0,12.63817309389398,0,0,customer-2,4.7231597900390625,2.549999952316284,0.4585839908240352,0.0,10.864172498094524,0,0
2,59,2.360000000000001,to_table,-5.8129048347473145,5.000458717346191,-0.4200275590813111,0.8821918964385986,-0.46098315715789795,0.8199999928474426,-0.4436905086040497,0.8199999928474426,-0.4436905086040497,0,nominal-sac-a-star,0.9809818866335704,99.0,99.0,0.7614629888534545,99.0,waiter-2,0,,waiter-1,-7.395757675170898,-2.549999952316284,-0.4576481612149408,0.0,7.714586783277394,0,0,waiter-2,-4.167584419250488,2.200000047683716,0.44826053721412684,0.0,3.248022172051535,0,0,customer-1,4.534196376800537,-2.200000047683716,0.4362829609399377,0.0,12.605915671180378,0,0,customer-2,4.7415032386779785,2.549999952316284,0.45858306515599523,0.0,10.835140882309602,0,0
2,60,2.4000000000000012,to_table,-5.770272254943848,4.980033874511719,-0.4312176303294814,0.8787535429000854,-0.6127645373344421,0.8199999928474426,-0.4986729323863983,0.8199999928474426,-0.4986729323863983,0,nominal-sac-a-star,0.9474296717125847,99.0,99.0,0.7144146585464477,99.0,waiter-2,0,,waiter-1,-7.414063930511475,-2.549999952316284,-0.457644415246099,0.0,7.707364043941314,0,0,waiter-2,-4.149653911590576,2.200000047683716,0.44825885851700775,0.0,3.2179173222941966,0,0,customer-1,4.551647663116455,-2.200000047683716,0.4362832922830151,0.0,12.573580155179636,0,0,customer-2,4.7598466873168945,2.549999952316284,0.45858213948794635,0.0,10.806871415963966,0,0
2,61,2.4400000000000013,to_table,-5.725358009338379,4.960322380065918,-0.44311602801417066,0.8859424591064453,-0.6306251883506775,0.8199999928474426,-0.26853471994400024,0.8199999928474426,-0.26853471994400024,0,nominal-sac-a-star,0.9041981245109132,99.0,99.0,0.6664677286148071,99.0,waiter-2,0,,waiter-1,-7.432369709014893,-2.549999952316284,-0.45764543764883925,0.0,7.7018718815046086,0,0,waiter-2,-4.131723403930664,2.200000047683716,0.44825717981988866,0.0,3.187326565352368,0,0,customer-1,4.569098949432373,-2.200000047683716,0.4362836236260925,0.0,12.539779158554506,0,0,customer-2,4.778189659118652,2.549999952316284,0.4585859821914795,0.0,10.776556399391321,0,0
2,62,2.4800000000000013,to_table,-5.680975437164307,4.939078330993652,-0.4506316175184871,0.921762228012085,-0.6862239241600037,0.8199999928474426,-0.2834773659706116,0.8199999928474426,-0.2834773659706116,0,nominal-sac-a-star,0.8601434950314035,99.0,99.0,0.6261915588378906,99.0,waiter-2,0,,waiter-1,-7.4506754875183105,-2.549999952316284,-0.4576464600515795,0.0,7.695331818821556,0,0,waiter-2,-4.11379337310791,2.200000047683716,0.4482602694943516,0.0,3.1557264558260076,0,0,customer-1,4.586550235748291,-2.200000047683716,0.43628395496916994,0.0,12.505539714095429,0,0,customer-2,4.796533107757568,2.549999952316284,0.4585850565234395,0.0,10.746435725782506,0,0
2,63,2.5200000000000014,to_table,-5.645761966705322,4.920253753662109,-0.4478960883169094,0.9016869068145752,-0.6544370055198669,0.8199999928474426,-0.09167688339948654,0.30000001192092896,0.44999998807907104,1,dwa-left-arc,1.953754755996006,0.5439751616729154,99.0,1.7869350337982177,99.0,waiter-2,0,,waiter-1,-7.4689812660217285,-2.549999952316284,-0.45764748245431974,0.0,7.689526581336703,0,0,waiter-2,-4.095862865447998,2.200000047683716,0.4482585907972325,0.0,3.1308093919891458,0,0,customer-1,4.604001522064209,-2.200000047683716,0.43628428631224736,0.0,12.480210966618017,0,0,customer-2,4.814876556396484,2.549999952316284,0.4585841308553995,0.0,10.725812854688257,0,0
2,64,2.5600000000000014,to_table,-5.615857124328613,4.901252269744873,-0.44093299514303014,0.9201004505157471,-0.5924252867698669,0.8199999928474426,-0.08467451483011246,0.30000001192092896,0.44999998807907104,1,dwa-left-arc,1.929207641903634,0.5412905792966936,99.0,1.7675902271270751,99.0,waiter-2,0,,waiter-1,-7.487287521362305,-2.549999952316284,-0.45764373648547796,0.0,7.682669549558474,0,0,waiter-2,-4.077932357788086,2.200000047683716,0.4482569121001134,0.0,3.1083719460079218,0,0,customer-1,4.621452808380127,-2.200000047683716,0.4362846176553248,0.0,12.459145200780105,0,0,customer-2,4.8332200050354,2.549999952316284,0.45858320518735063,0.0,10.710350149066622,0,0
2,65,2.6000000000000014,to_table,-5.592184066772461,4.887754440307617,-0.42876083856981556,0.9069435596466064,-0.5363960862159729,0.8199999928474426,-0.07642767578363419,0.30000001192092896,0.44999998807907104,1,dwa-left-arc,1.9078477514679608,0.5403285505140434,99.0,1.7587417984008789,99.0,waiter-2,0,,waiter-1,-7.505593299865723,-2.549999952316284,-0.4576447588882182,0.0,7.679930032121561,0,0,waiter-2,-4.060002326965332,2.200000047683716,0.44826000177457637,0.0,3.093800988891735,0,0,customer-1,4.638904094696045,-2.200000047683716,0.4362849489984022,0.0,12.446341978661131,0,0,customer-2,4.851563453674316,2.549999952316284,0.45858227951930175,0.0,10.702194088922226,0,0
2,66,2.6400000000000015,to_table,-5.572226047515869,4.876197814941406,-0.416739644868868,0.889937162399292,-0.4348532557487488,0.8199999928474426,-0.0740322545170784,0.30000001192092896,0.44999998807907104,1,dwa-left-arc,1.8952094644166582,0.5355594567103659,99.0,1.753664436340332,99.0,waiter-2,0,,waiter-1,-7.523899078369141,-2.549999952316284,-0.45764578129095845,0.0,7.678374886509716,0,0,waiter-2,-4.04207181930542,2.200000047683716,0.4482583230774573,0.0,3.082759551373633,0,0,customer-1,4.656355381011963,-2.200000047683716,0.4362852803414796,0.0,12.437702932255812,0,0,customer-2,4.869906425476074,2.549999952316284,0.4585861222228438,0.0,10.69809922741393,0,0
2,67,2.6800000000000015,to_table,-5.553243160247803,4.864755153656006,-0.4026465609285915,0.8911395072937012,-0.42761552333831787,0.8199999928474426,-0.0825720801949501,0.30000001192092896,0.44999998807907104,1,dwa-left-arc,1.8861157036658962,0.5311792939259268,99.0,1.7503468418121337,99.0,waiter-2,0,,waiter-1,-7.542204856872559,-2.549999952316284,-0.4576468036936987,0.0,7.676884909400594,0,0,waiter-2,-4.024141311645508,2.200000047683716,0.4482566443803382,0.0,3.072307315065397,0,0,customer-1,4.673807144165039,-2.200000047683716,0.436280843312975,0.0,12.429936604176525,0,0,customer-2,4.88824987411499,2.549999952316284,0.4585851965547949,0.0,10.694992680164678,0,0
2,68,2.7200000000000015,to_table,-5.539074897766113,4.856238842010498,-0.39555472148823845,-0.02631521224975586,-0.9034783244132996,0.7799999713897705,-0.15001927316188812,0.18000000715255737,0.14000000059604645,1,dwa-left-arc,1.9104728691294237,0.8705147421278814,99.0,2.0068020248413085,99.0,waiter-2,0,,waiter-1,-7.560510635375977,-2.549999952316284,-0.45764782609643895,0.0,7.677146313564524,0,0,waiter-2,-4.006211280822754,2.200000047683716,0.44825973405480113,0.0,3.066802145661711,0,0,customer-1,4.691258430480957,-2.200000047683716,0.43628117465605243,0.0,12.427800580773567,0,0,customer-2,4.906593322753906,2.549999952316284,0.458584270886746,0.0,10.697229659566998,0,0
2,69,2.7600000000000016,to_table,-5.5248212814331055,4.849094867706299,-0.3840244007764612,0.8528525829315186,-0.46867191791534424,0.8199999928474426,-0.10087308287620544,0.30000001192092896,0.44999998807907104,1,dwa-left-arc,1.8736721561357574,0.5246615338706264,99.0,1.7507752799987792,99.0,waiter-2,0,,waiter-1,-7.578816890716553,-2.549999952316284,-0.45764408012759716,0.0,7.678899798710796,0,0,waiter-2,-3.988280773162842,2.200000047683716,0.44825805535768204,0.0,3.0624598118221766,0,0,customer-1,4.708709716796875,-2.200000047683716,0.43628150599912985,0.0,12.426379030832404,0,0,customer-2,4.924936771392822,2.549999952316284,0.45858334521869715,0.0,10.699686013737624,0,0
2,70,2.8000000000000016,to_table,-5.509785175323486,4.842107772827148,-0.3697638366795916,0.8736783266067505,-0.5074203610420227,0.8199999928474426,-0.11792436242103577,0.30000001192092896,0.44999998807907104,1,dwa-left-arc,1.8709584978280638,0.5196528495176211,99.0,1.7538072490692138,99.0,waiter-2,0,,waiter-1,-7.597122669219971,-2.549999952316284,-0.4576451025303374,0.0,7.681161008177818,0,0,waiter-2,-3.9703502655029297,2.200000047683716,0.44825637666056295,0.0,3.0578739465250737,0,0,customer-1,4.726161003112793,-2.200000047683716,0.43628183734220727,0.0,12.424406493814686,0,0,customer-2,4.943280220031738,2.549999952316284,0.45858241955064827,0.0,10.70141740240142,0,0
2,71,2.8400000000000016,to_table,-5.494306564331055,4.837092876434326,-0.3550879260008145,0.8579087257385254,-0.5022431015968323,0.8199999928474426,-0.13459144532680511,0.30000001192092896,0.44999998807907104,1,dwa-left-arc,1.8683160072471077,0.5130350655404474,99.0,1.758587064743042,99.0,waiter-2,0,,waiter-1,-7.615428447723389,-2.549999952316284,-0.45764612493307766,0.0,7.685590315960416,0,0,waiter-2,-3.952420234680176,2.200000047683716,0.4482594663350259,0.0,3.0547785584248417,0,0,customer-1,4.743612289428711,-2.200000047683716,0.4362821686852847,0.0,12.42319038245981,0,0,customer-2,4.961623668670654,2.549999952316284,0.4585814938825994,0.0,10.703143046832084,0,0
2,72,2.8800000000000017,to_table,-5.481678485870361,4.831405162811279,-0.3501326220121782,0.8741649389266968,-0.5908058285713196,0.8199999928474426,-0.34019044041633606,0.18000000715255737,0.0,1,dwa-slow-forward,1.8932962330574632,0.9427624816110762,99.0,1.9925541305541992,99.0,waiter-2,0,,waiter-1,-7.633734226226807,-2.549999952316284,-0.4576471473358179,0.0,7.688724561540261,0,0,waiter-2,-3.9344897270202637,2.200000047683716,0.4482577876379068,0.0,3.052554002050023,0,0,customer-1,4.761063575744629,-2.200000047683716,0.4362825000283621,0.0,12.423945596104044,0,0,customer-2,4.97996711730957,2.549999952316284,0.4585805682145505,0.0,10.707513178185106,0,0
2,73,2.9200000000000017,to_table,-5.4710001945495605,4.827502250671387,-0.35009936612922515,0.8842751979827881,-0.5426755547523499,0.8199999928474426,-0.34548383951187134,0.18000000715255737,0.0,1,dwa-slow-forward,1.8911264668365593,0.9404885141546739,99.0,1.9928762340545654,99.0,waiter-2,0,,waiter-1,-7.652040004730225,-2.549999952316284,-0.45764816973855815,0.0,7.693144572194185,0,0,waiter-2,-3.9165596961975098,2.200000047683716,0.44826087731236974,0.0,3.0528761995243165,0,0,customer-1,4.778514862060547,-2.200000047683716,0.43628283137143953,0.0,12.427322617887715,0,0,customer-2,4.998310089111328,2.549999952316284,0.45858441091808366,0.0,10.714171668149639,0,0
2,74,2.9600000000000017,to_table,-5.45156717300415,4.820440769195557,-0.35001258228274007,0.8856860399246216,-0.41590940952301025,0.8199999928474426,-0.3365723192691803,0.8199999928474426,-0.3365723192691803,0,nominal-sac-a-star,0.43863561716611305,0.9784659486407543,99.0,0.7222810411453247,99.0,waiter-2,0,,waiter-1,-7.670346260070801,-2.549999952316284,-0.45764442376971637,0.0,7.697166820754524,0,0,waiter-2,-3.8986291885375977,2.200000047683716,0.44825919861525065,0.0,3.0460344644400426,0,0,customer-1,4.795966148376465,-2.200000047683716,0.43628316271451695,0.0,12.421695876011075,0,0,customer-2,5.016653537750244,2.549999952316284,0.4585834852500348,0.0,10.711608018967958,0,0
2,75,3.0000000000000018,to_table,-5.4233622550964355,4.8114333152771,-0.35119184665302144,0.8957974910736084,-0.6741588711738586,0.8199999928474426,-0.37988150119781494,0.8199999928474426,-0.37988150119781494,0,nominal-sac-a-star,0.8606191271471384,99.0,99.0,0.7098826789855956,99.0,waiter-2,0,,waiter-1,-7.688652038574219,-2.549999952316284,-0.4576454461724566,0.0,7.702093063340603,0,0,waiter-2,-3.8806986808776855,2.200000047683716,0.44825751991813156,0.0,3.0330503811039518,0,0,customer-1,4.813417434692383,-2.200000047683716,0.43628349405759437,0.0,12.407733726209345,0,0,customer-2,5.03499698638916,2.549999952316284,0.4585825595819859,0.0,10.700063498833988,0,0
2,76,3.040000000000002,to_table,-5.3971848487854,4.801485061645508,-0.34569793727231496,0.876502275466919,-0.6997650265693665,0.8199999928474426,-0.4038942754268646,0.30000001192092896,0.44999998807907104,1,dwa-left-arc,1.8461138999385784,0.49942213279082814,99.0,1.7299119853973388,99.0,waiter-2,0,,waiter-1,-7.706957817077637,-2.549999952316284,-0.45764646857519686,0.0,7.705801909960983,0,0,waiter-2,-3.8627686500549316,2.200000047683716,0.4482606095925945,0.0,3.020290937773089,0,0,customer-1,4.830868721008301,-2.200000047683716,0.4362838254006718,0.0,12.394913213198732,0,0,customer-2,5.053340435028076,2.549999952316284,0.458581633913937,0.0,10.690307007058122,0,0
2,77,3.080000000000002,to_table,-5.374961853027344,4.791803359985352,-0.334322835474817,0.9407075643539429,-0.7177878618240356,0.8199999928474426,-0.23716916143894196,0.30000001192092896,0.44999998807907104,1,dwa-left-arc,1.8340903344112618,0.49704944153235386,99.0,1.7255184078216552,99.0,waiter-2,0,,waiter-1,-7.725263595581055,-2.549999952316284,-0.4576474909779371,0.0,7.708825731431103,0,0,waiter-2,-3.8448381423950195,2.200000047683716,0.4482589308954754,0.0,3.009771250360559,0,0,customer-1,4.848320007324219,-2.200000047683716,0.4362841567437492,0.0,12.385507938219009,0,0,customer-2,5.071683883666992,2.549999952316284,0.45858070824588815,0.0,10.684478914136646,0,0
2,78,3.120000000000002,to_table,-5.3576459884643555,4.78462553024292,-0.32540996176942144,0.9415473937988281,-0.7815101742744446,0.8199999928474426,-0.26204589009284973,0.18000000715255737,0.0,1,dwa-slow-forward,1.8484682449609238,0.9289029919290552,99.0,1.9439055347442626,99.0,waiter-2,0,,waiter-1,-7.743569850921631,-2.549999952316284,-0.4576437450090953,0.0,7.712934827084298,0,0,waiter-2,-3.8269076347351074,2.200000047683716,0.4482572521983563,0.0,3.0039055898400213,0,0,customer-1,4.865771293640137,-2.200000047683716,0.4362844880868355,0.0,12.38156918116035,0,0,customer-2,5.09002685546875,2.549999952316284,0.4585845509494213,0.0,10.683979564159658,0,0
2,79,3.160000000000002,to_table,-5.346114158630371,4.780604839324951,-0.32507818491621504,0.8848066329956055,-0.644487738609314,0.8199999928474426,-0.2600800395011902,0.18000000715255737,0.0,1,dwa-slow-forward,1.8426765441322208,0.9256798579146257,99.0,1.943715991973877,99.0,waiter-2,0,,waiter-1,-7.761875629425049,-2.549999952316284,-0.4576447674118356,0.0,7.718398156030142,0,0,waiter-2,-3.8089776039123535,2.200000047683716,0.44826034187281927,0.0,3.0037160116249475,0,0,customer-1,4.883222579956055,-2.200000047683716,0.43628481942991293,0.0,12.384190514519844,0,0,customer-2,5.108370304107666,2.549999952316284,0.4585836252813724,0.0,10.689800912251732,0,0
2,80,3.200000000000002,to_table,-5.326032638549805,4.773803234100342,-0.32420455742544296,0.8791000843048096,-0.40693455934524536,0.8199999928474426,-0.23611155152320862,0.8199999928474426,-0.23611155152320862,0,nominal-sac-a-star,0.391090562545722,0.9503133002020501,99.0,0.7329298877716064,99.0,waiter-2,0,,waiter-1,-7.780181407928467,-2.549999952316284,-0.4576457898145758,0.0,7.724049410484706,0,0,waiter-2,-3.7910470962524414,2.200000047683716,0.4482586631757002,0.0,2.996772173100636,0,0,customer-1,4.900674343109131,-2.200000047683716,0.4362803824014083,0.0,12.37818516187788,0,0,customer-2,5.126713752746582,2.549999952316284,0.45858269961332354,0.0,10.686683683764256,0,0
2,81,3.240000000000002,to_table,-5.2975077629089355,4.766873359680176,-0.3262221348583263,0.9191490411758423,-0.7054471373558044,0.8199999928474426,-0.2811485230922699,0.8199999928474426,-0.2811485230922699,0,nominal-sac-a-star,0.8545181427612742,99.0,99.0,0.7208338403701782,99.0,waiter-2,0,,waiter-1,-7.798487186431885,-2.549999952316284,-0.45764681221731607,0.0,7.732498505702489,0,0,waiter-2,-3.7731165885925293,2.200000047683716,0.4482569844785811,0.0,2.9853989770503753,0,0,customer-1,4.918125629425049,-2.200000047683716,0.43628071374448574,0.0,12.365132052703817,0,0,customer-2,5.145057201385498,2.549999952316284,0.45858177394527466,0.0,10.6752841057176,0,0
2,82,3.280000000000002,to_table,-5.270392417907715,4.75708532333374,-0.31989175618924665,0.907692551612854,-0.6688191294670105,0.8199999928474426,-0.2936691343784332,0.30000001192092896,0.44999998807907104,1,dwa-left-arc,1.801924219023223,0.4902955813937162,99.0,1.696232500076294,99.0,waiter-2,0,,waiter-1,-7.816792964935303,-2.549999952316284,-0.4576478346200563,0.0,7.738065066379566,0,0,waiter-2,-3.7551865577697754,2.200000047683716,0.44826007415304403,0.0,2.972294384064693,0,0,customer-1,4.935576915740967,-2.200000047683716,0.43628104508756316,0.0,12.351633369680401,0,0,customer-2,5.163400650024414,2.549999952316284,0.4585808482772258,0.0,10.664673629295358,0,0
2,83,3.320000000000002,to_table,-5.248154163360596,4.748363494873047,-0.3108043857880716,0.9452481269836426,-0.7449913620948792,0.8199999928474426,-0.43620914220809937,0.30000001192092896,0.44999998807907104,1,dwa-left-arc,1.789628825938707,0.48955130621708753,99.0,1.6915890598297119,99.0,waiter-2,0,,waiter-1,-7.835099220275879,-2.549999952316284,-0.45764408865121453,0.0,7.743280553794222,0,0,waiter-2,-3.7372560501098633,2.200000047683716,0.44825839545592494,0.0,2.9625950394198854,0,0,customer-1,4.953028202056885,-2.200000047683716,0.4362813764306406,0.0,12.342766204220046,0,0,customer-2,5.181743621826172,2.549999952316284,0.45858469098075894,0.0,10.65906046866639,0,0
2,84,3.360000000000002,to_table,-5.227841854095459,4.739654541015625,-0.29891726081851744,0.946505069732666,-0.7638718485832214,0.8199999928474426,-0.4605959951877594,0.30000001192092896,0.44999998807907104,1,dwa-left-arc,1.7809210542004912,0.4879554406106499,99.0,1.689678611755371,99.0,waiter-2,0,,waiter-1,-7.853404998779297,-2.549999952316284,-0.4576451110539548,0.0,7.748073596635242,0,0,waiter-2,-3.719325542449951,2.200000047683716,0.44825671675880585,0.0,2.953890046701387,0,0,customer-1,4.970479488372803,-2.200000047683716,0.436281707773718,0.0,12.335500152596143,0,0,customer-2,5.200087070465088,2.549999952316284,0.45858376531271006,0.0,10.655340861441204,0,0
2,85,3.400000000000002,to_table,-5.211377143859863,4.7334136962890625,-0.2907420442790328,0.9475022554397583,-0.7893336415290833,0.8199999928474426,-0.4877606928348541,0.18000000715255737,0.0,1,dwa-slow-forward,1.7928605648437814,0.9163130979574254,99.0,1.8892759704589843,99.0,waiter-2,0,,waiter-1,-7.871710777282715,-2.549999952316284,-0.457646133456695,0.0,7.754062768498297,0,0,waiter-2,-3.7013955116271973,2.200000047683716,0.4482598064332688,0.0,2.9492760543258547,0,0,customer-1,4.987930774688721,-2.200000047683716,0.4362820391167954,0.0,12.332806175501116,0,0,customer-2,5.218430519104004,2.549999952316284,0.4585828396446612,0.0,10.65589899838531,0,0
2,86,3.440000000000002,to_table,-5.199789047241211,4.729991436004639,-0.2906122944335218,0.8864519596099854,-0.5540723204612732,0.8199999928474426,-0.47923728823661804,0.18000000715255737,0.0,1,dwa-slow-forward,1.7883183105611253,0.9143141502412551,99.0,1.889592351913452,99.0,waiter-2,0,,waiter-1,-7.890016555786133,-2.549999952316284,-0.4576471558594353,0.0,7.761159620943163,0,0,waiter-2,-3.683465003967285,2.200000047683716,0.4482581277361497,0.0,2.9495923496626815,0,0,customer-1,5.005382061004639,-2.200000047683716,0.43628237045987284,0.0,12.335732621639014,0,0,customer-2,5.23677396774292,2.549999952316284,0.4585819139766123,0.0,10.661810842192258,0,0
2,87,3.480000000000002,to_table,-5.179812908172607,4.723395347595215,-0.2919109831541054,0.8662230968475342,-0.3713521361351013,0.8199999928474426,-0.4663345515727997,0.8199999928474426,-0.4663345515727997,0,nominal-sac-a-star,0.48856582030764956,0.9372763963107453,99.0,0.7562782192230224,99.0,waiter-2,0,,waiter-1,-7.908322334289551,-2.549999952316284,-0.4576481782621755,0.0,7.768335914285871,0,0,waiter-2,-3.665534496307373,2.200000047683716,0.4482564490390306,0.0,2.9428834411604785,0,0,customer-1,5.022833347320557,-2.200000047683716,0.43628270180295026,0.0,12.329938946081533,0,0,customer-2,5.255117416381836,2.549999952316284,0.4585809883085634,0.0,10.658865719321431,0,0
2,88,3.5200000000000022,to_table,-5.153242588043213,4.716647148132324,-0.29879100191425545,0.8247499465942383,-0.5719224214553833,0.8199999928474426,-0.5036872625350952,0.8199999928474426,-0.5036872625350952,0,nominal-sac-a-star,0.8567485068558007,99.0,99.0,0.733238878250122,99.0,waiter-2,0,,waiter-1,-7.926628589630127,-2.549999952316284,-0.45764443229333374,0.0,7.777906530439693,0,0,waiter-2,-3.647604465484619,2.200000047683716,0.44825953871349355,0.0,2.9326538807534304,0,0,customer-1,5.040284633636475,-2.200000047683716,0.4362830331460277,0.0,12.318604046340425,0,0,customer-2,5.273460388183594,2.549999952316284,0.45858483101209657,0.0,10.649436371263715,0,0
2,89,3.5600000000000023,to_table,-5.123370170593262,4.708451747894287,-0.29779774951676463,0.8182699680328369,-0.42874521017074585,0.8182699680328369,-0.5034608244895935,0.30000001192092896,0.44999998807907104,1,dwa-left-arc,1.7523492488778893,0.49411198110674026,99.0,1.6561738872528076,99.0,waiter-2,0,,waiter-1,-7.944934368133545,-2.549999952316284,-0.457645454696074,0.0,7.787576362715866,0,0,waiter-2,-3.629673957824707,2.200000047683716,0.44825786001637447,0.0,2.9194962422185835,0,0,customer-1,5.057735919952393,-2.200000047683716,0.4362833644891051,0.0,12.303724128846955,0,0,customer-2,5.29180383682251,2.549999952316284,0.4585839053440477,0.0,10.636482677961874,0,0
2,90,3.6000000000000023,to_table,-5.1012864112854,4.701539039611816,-0.28427748384584234,0.9431536197662354,-0.6304727792739868,0.8199999928474426,-0.5594301819801331,0.30000001192092896,0.44999998807907104,1,dwa-left-arc,1.7392745107865009,0.49725450697949425,99.0,1.6558026695251464,99.0,waiter-2,0,,waiter-1,-7.963240146636963,-2.549999952316284,-0.45764647709880535,0.0,7.795870505257663,0,0,waiter-2,-3.611743450164795,2.200000047683716,0.4482561813192554,0.0,2.911431874724291,0,0,customer-1,5.0751872062683105,-2.200000047683716,0.4362836958321825,0.0,12.296009802461722,0,0,customer-2,5.310147285461426,2.549999952316284,0.4585829796759988,0.0,10.631419099344912,0,0
2,91,3.6400000000000023,to_table,-5.08188009262085,4.694314956665039,-0.2692418747765063,0.9548670053482056,-0.7528672218322754,0.8199999928474426,-0.6140233278274536,0.30000001192092896,0.44999998807907104,1,dwa-left-arc,1.732708587816086,0.49368942792073,99.0,1.6577107334136962,99.0,waiter-2,0,,waiter-1,-7.981545925140381,-2.549999952316284,-0.4576474995015545,0.0,7.803086597031348,0,0,waiter-2,-3.593813419342041,2.200000047683716,0.4482592709937183,0.0,2.9044705695340705,0,0,customer-1,5.0926384925842285,-2.200000047683716,0.43628402717525994,0.0,12.290337986396953,0,0,customer-2,5.328490734100342,2.549999952316284,0.45858205400794994,0.0,10.628918458042797,0,0
2,92,3.6800000000000024,to_table,-5.06494140625,4.68902587890625,-0.25968471883018,0.9566547870635986,-0.7620286345481873,0.20000000298023224,-0.653529167175293,0.18000000715255737,0.0,1,dwa-slow-forward,1.7436745941637122,0.9088413867410001,99.0,1.8404385471343994,99.0,waiter-2,0,,waiter-1,-7.999852180480957,-2.549999952316284,-0.4576437535327216,0.0,7.811350474649314,0,0,waiter-2,-3.575882911682129,2.200000047683716,0.4482575922965992,0.0,2.9004387234930102,0,0,customer-1,5.110090255737305,-2.200000047683716,0.4362795901467553,0.0,12.28779669182693,0,0,customer-2,5.346834182739258,2.549999952316284,0.45858112833990106,0.0,10.629228703443005,0,0
2,93,3.7200000000000024,to_table,-5.053291320800781,4.685751914978027,-0.25924798659909687,0.884066104888916,-0.30202269554138184,0.20000000298023224,-0.6310902237892151,0.18000000715255737,0.0,1,dwa-slow-forward,1.739723850703706,0.9067482649499925,99.0,1.8408617401123046,99.0,waiter-2,0,,waiter-1,-8.018157958984375,-2.549999952316284,-0.45764477593545294,0.0,7.819625263864452,0,0,waiter-2,-3.557952880859375,2.200000047683716,0.44826068197106217,0.0,2.9008618367174184,0,0,customer-1,5.127541542053223,-2.200000047683716,0.43627992148983274,0.0,12.290766366369027,0,0,customer-2,5.365177154541016,2.549999952316284,0.4585849710434342,0.0,10.635126788981141,0,0
2,94,3.7600000000000025,to_table,-5.033364295959473,4.68013334274292,-0.26092135826087287,0.8544763326644897,-0.20253348350524902,0.8199999928474426,-0.3978712856769562,0.8199999928474426,-0.3978712856769562,0,nominal-sac-a-star,0.33322833408617686,0.9185193979192041,99.0,0.7855716371536254,99.0,waiter-2,0,,waiter-1,-8.036463737487793,-2.549999952316284,-0.4576457983381843,0.0,7.829012308077653,0,0,waiter-2,-3.540022373199463,2.200000047683716,0.4482590032739431,0.0,2.8950183521929165,0,0,customer-1,5.144992828369141,-2.200000047683716,0.43628025283291016,0.0,12.285568331193904,0,0,customer-2,5.383520603179932,2.549999952316284,0.45858404537538533,0.0,10.632448413367875,0,0
2,95,3.8000000000000025,to_table,-5.005232334136963,4.67306661605835,-0.26696885861216685,0.851064920425415,-0.4476466774940491,0.8199999928474426,-0.4392467737197876,0.8199999928474426,-0.4392467737197876,0,nominal-sac-a-star,0.8654072469436658,99.0,99.0,0.7641093158721923,99.0,waiter-2,0,,waiter-1,-8.054769515991211,-2.549999952316284,-0.45764682074093344,0.0,7.8404316000257825,0,0,waiter-2,-3.522091865539551,2.200000047683716,0.448257324576824,0.0,2.8837066253701398,0,0,customer-1,5.162444114685059,-2.200000047683716,0.4362805841759876,0.0,12.27276210688419,0,0,customer-2,5.401864051818848,2.549999952316284,0.45858311970733645,0.0,10.621443745803456,0,0
2,96,3.8400000000000025,to_table,-4.968094348907471,4.663383483886719,-0.2759767035577708,0.8157529830932617,-0.4203609824180603,0.8157529830932617,-0.45206478238105774,0.8157529830932617,-0.45206478238105774,0,nominal-sac-a-star,0.850208485330068,99.0,99.0,0.7365469360351562,99.0,waiter-2,0,,waiter-1,-8.073075294494629,-2.549999952316284,-0.45764784314368256,0.0,7.853267299038482,0,0,waiter-2,-3.504161834716797,2.200000047683716,0.44826041425128693,0.0,2.8655464330322657,0,0,customer-1,5.179895401000977,-2.200000047683716,0.436280915519065,0.0,12.251029730829941,0,0,customer-2,5.420207500457764,2.549999952316284,0.45858219403928757,0.0,10.60109453146411,0,0
2,97,3.8800000000000026,to_table,-4.929371356964111,4.649749279022217,-0.2847450711036612,0.5290957689285278,0.991142988204956,0.7799999713897705,-0.12049458920955658,0.7799999713897705,-0.12049458920955658,0,nominal-sac-a-star,0.8594293507595916,99.0,99.0,0.7348702573776245,99.0,waiter-2,0,,waiter-1,-8.091381072998047,-2.549999952316284,-0.45764886554641393,0.0,7.863503954246627,0,0,waiter-2,-3.4862313270568848,2.200000047683716,0.44825873555416784,0.0,2.843224303913465,0,0,customer-1,5.1973466873168945,-2.200000047683716,0.4362812468621424,0.0,12.225771312562447,0,0,customer-2,5.43855094909668,2.549999952316284,0.4585812683712387,0.0,10.578410096962347,0,0
2,98,3.9200000000000026,to_table,-4.892536163330078,4.637725830078125,-0.28356482682690876,0.8833768367767334,0.6375927925109863,0.8199999928474426,-0.1644132286310196,0.30000001192092896,0.44999998807907104,1,dwa-left-arc,1.6643955470483245,0.5358202096322704,99.0,1.5668274784088134,99.0,waiter-2,0,,waiter-1,-8.109686851501465,-2.549999952316284,-0.4576498879491453,0.0,7.874862568534066,0,0,waiter-2,-3.4683008193969727,2.200000047683716,0.44825705685704875,0.0,2.8232876766384765,0,0,customer-1,5.2147979736328125,-2.200000047683716,0.43628157820521984,0.0,12.20297908445431,0,0,customer-2,5.456894397735596,2.549999952316284,0.4585803427031898,0.0,10.55790283526973,0,0
2,99,3.9600000000000026,to_table,-4.865476131439209,4.628718376159668,-0.2741630329648651,0.9528669118881226,-0.09716850519180298,0.8199999928474426,-0.26962825655937195,0.30000001192092896,0.44999998807907104,1,dwa-left-arc,1.6445502545717048,0.5471380522059603,99.0,1.5597621822357177,99.0,waiter-2,0,,waiter-1,-8.127992630004883,-2.549999952316284,-0.4576509103518944,0.0,7.885303465498953,0,0,waiter-2,-3.4503707885742188,2.200000047683716,0.4482601465315117,0.0,2.810906588714763,0,0,customer-1,5.2322492599487305,-2.200000047683716,0.43628190954829726,0.0,12.18997347790465,0,0,customer-2,5.4752373695373535,2.549999952316284,0.45858418540672297,0.0,10.547579153289387,0,0
2,100,4.000000000000003,to_table,-4.8414788246154785,4.61821985244751,-0.2627137979417404,0.9426038265228271,0.014042973518371582,0.8199999928474426,-0.28051838278770447,0.30000001192092896,0.44999998807907104,1,dwa-left-arc,1.6332167122488261,0.5505386149378153,99.0,1.5544471168518066,99.0,waiter-2,0,,waiter-1,-8.1462984085083,-2.549999952316284,-0.45765193275464355,0.0,7.89336478641963,0,0,waiter-2,-3.4324402809143066,2.200000047683716,0.4482584678343926,0.0,2.7987812779471284,0,0,customer-1,5.249700546264648,-2.200000047683716,0.4362822408913747,0.0,12.178670851198094,0,0,customer-2,5.4935808181762695,2.549999952316284,0.4585832597386741,0.0,10.539971127823904,0,0
2,101,4.040000000000003,to_table,-4.8222808837890625,4.609314441680908,-0.24872599202353177,0.9432002305984497,-0.11206644773483276,0.8199999928474426,-0.31628745794296265,0.30000001192092896,0.44999998807907104,1,dwa-left-arc,1.6223940421648115,0.5542432227031475,99.0,1.5547429943084716,99.0,waiter-2,0,,waiter-1,-8.164604187011719,-2.549999952316284,-0.4576529551573749,0.0,7.901070032303258,0,0,waiter-2,-3.4145097732543945,2.200000047683716,0.4482567891372735,0.0,2.790450742940658,0,0,customer-1,5.267151832580566,-2.200000047683716,0.4362825722344521,0.0,12.172239578369332,0,0,customer-2,5.5119242668151855,2.549999952316284,0.4585823340706252,0.0,10.537389252603438,0,0
2,102,4.080000000000003,to_table,-4.8037333488464355,4.602236270904541,-0.23468085798754246,0.9431859254837036,-0.24194622039794922,0.8199999928474426,-0.46501582860946655,0.30000001192092896,0.44999998807907104,1,dwa-left-arc,1.6156495739322185,0.5549002359665463,99.0,1.557100954055786,99.0,waiter-2,0,,waiter-1,-8.182910919189453,-2.549999952316284,-0.4576444408169422,0.0,7.910330210848434,0,0,waiter-2,-3.3965797424316406,2.200000047683716,0.44825987881173646,0.0,2.7840294797649716,0,0,customer-1,5.284603118896484,-2.200000047683716,0.4362829035775295,0.0,12.167372420548029,0,0,customer-2,5.530267715454102,2.549999952316284,0.45858140840257633,0.0,10.535808080270698,0,0
2,103,4.120000000000003,to_table,-4.785562038421631,4.595376014709473,-0.21679627709493934,0.9464313983917236,-0.6460576057434082,0.8199999928474426,-0.5401955246925354,0.30000001192092896,0.44999998807907104,1,dwa-left-arc,1.6104276510283357,0.5537551542481034,99.0,1.5624122047424316,99.0,waiter-2,0,,waiter-1,-8.201216697692871,-2.549999952316284,-0.45764546321969135,0.0,7.919791314267732,0,0,waiter-2,-3.3786492347717285,2.200000047683716,0.44825820011461737,0.0,2.7779902196513593,0,0,customer-1,5.302054405212402,-2.200000047683716,0.43628323492060694,0.0,12.16294131134497,0,0,customer-2,5.548611164093018,2.549999952316284,0.45858048273452745,0.0,10.5346428043946,0,0
2,104,4.160000000000003,to_table,-4.768977642059326,4.5908122062683105,-0.20668680051019517,0.9484410285949707,-0.7231108546257019,0.8199999928474426,-0.5813815593719482,0.18000000715255737,0.0,1,dwa-slow-forward,1.617544302687926,0.9241317001476113,99.0,1.7147387886047363,99.0,waiter-2,0,,waiter-1,-8.219522476196289,-2.549999952316284,-0.4576464856224405,0.0,7.930791759753805,0,0,waiter-2,-3.3607187271118164,2.200000047683716,0.4482565214174983,0.0,2.774738897475773,0,0,customer-1,5.31950569152832,-2.200000047683716,0.43628356626368436,0.0,12.161111258454168,0,0,customer-2,5.566954135894775,2.549999952316284,0.4585843254380606,0.0,10.535482920796852,0,0
2,105,4.200000000000003,to_table,-4.757290363311768,4.588196754455566,-0.20627276912340403,0.8607175350189209,-0.4066295623779297,0.8199999928474426,-0.5683836340904236,0.18000000715255737,0.0,1,dwa-slow-forward,1.6143824659568544,0.9244037718316409,99.0,1.7156617069244384,99.0,waiter-2,0,,waiter-1,-8.237828254699707,-2.549999952316284,-0.45764750802517185,0.0,7.94153613842786,0,0,waiter-2,-3.3427886962890625,2.200000047683716,0.4482596110919612,0.0,2.7756618086946263,0,0,customer-1,5.336956977844238,-2.200000047683716,0.4362838976067618,0.0,12.1644336164496,0,0,customer-2,5.585297584533691,2.549999952316284,0.4585833997700117,0.0,10.541507086900285,0,0
2,106,4.240000000000003,to_table,-4.737099647521973,4.582951545715332,-0.2091875321298437,0.829803466796875,0.05912137031555176,0.8199999928474426,-0.5233033299446106,0.8199999928474426,-0.5233033299446106,0,nominal-sac-a-star,0.36836553754313833,0.9251252803033891,99.0,0.8146381998062133,99.0,waiter-2,0,,waiter-1,-8.256134033203125,-2.549999952316284,-0.4576485304279032,0.0,7.953778981143354,0,0,waiter-2,-3.3248581886291504,2.200000047683716,0.44825793239484213,0.0,2.7699970722343465,0,0,customer-1,5.3544087409973145,-2.200000047683716,0.43627946057825717,0.0,12.159234098986245,0,0,customer-2,5.603641033172607,2.549999952316284,0.45858247410196284,0.0,10.538681606656287,0,0
2,107,4.280000000000003,to_table,-4.709934234619141,4.5779876708984375,-0.21641803719519184,0.6852999925613403,0.043781161308288574,0.7799999713897705,-0.5390170812606812,0.7799999713897705,-0.5390170812606812,0,nominal-sac-a-star,0.88513680283469,99.0,99.0,0.8155663633346557,99.0,waiter-2,0,,waiter-1,-8.274439811706543,-2.549999952316284,-0.45764955283065234,0.0,7.969561315768231,0,0,waiter-2,-3.3069276809692383,2.200000047683716,0.44825625369772304,0.0,2.7610238183954476,0,0,customer-1,5.371860027313232,-2.200000047683716,0.4362797919213346,0.0,12.148402901335757,0,0,customer-2,5.621984481811523,2.549999952316284,0.45858154843391397,0.0,10.529068265979204,0,0
2,108,4.320000000000003,to_table,-4.678733825683594,4.573619365692139,-0.22493993335908874,0.646844744682312,0.2726569175720215,0.20000000298023224,-0.5320090651512146,0.20000000298023224,-0.5320090651512146,0,nominal-sac-a-star,1.636200670842927,99.0,99.0,1.6905335807800292,99.0,waiter-2,0,,waiter-1,-8.292745590209961,-2.549999952316284,-0.45765057523340147,0.0,7.987930471782899,0,0,waiter-2,-3.2889976501464844,2.200000047683716,0.448259343372186,0.0,2.7505336399359455,0,0,customer-1,5.38931131362915,-2.200000047683716,0.436280123264412,0.0,12.134556146991995,0,0,customer-2,5.6403279304504395,2.549999952316284,0.4585806227658651,0.0,10.515610826628173,0,0
2,109,4.360000000000003,to_table,-4.654984951019287,4.568310737609863,-0.23538071610023692,0.5058188438415527,0.40480268001556396,0.20000000298023224,-0.5454297661781311,0.20000000298023224,-0.5454297661781311,0,nominal-sac-a-star,1.6256592268740753,99.0,99.0,1.6830136203765869,99.0,waiter-2,0,,waiter-1,-8.311051368713379,-2.549999952316284,-0.45765159763613283,0.0,8.002322708370825,0,0,waiter-2,-3.2710671424865723,2.200000047683716,0.4482576646750669,0.0,2.743013675648092,0,0,customer-1,5.406762599945068,-2.200000047683716,0.43628045460748943,0.0,12.126367744121016,0,0,customer-2,5.658670902252197,2.549999952316284,0.45858446546939824,0.0,10.509285203369139,0,0
2,110,4.400000000000003,to_table,-4.63071346282959,4.565089225769043,-0.24628169213268752,0.48411059379577637,0.41237545013427734,0.20000000298023224,-0.5610963702201843,0.20000000298023224,-0.5610963702201843,0,nominal-sac-a-star,1.6181261426488196,99.0,99.0,1.6770355129241943,99.0,waiter-2,0,,waiter-1,-8.329357147216797,-2.549999952316284,-0.4576526200388642,0.0,8.019006117728326,0,0,waiter-2,-3.2531371116638184,2.200000047683716,0.44826075434952983,0.0,2.73703551741433,0,0,customer-1,5.424213886260986,-2.200000047683716,0.43628078595056685,0.0,12.118910713148901,0,0,customer-2,5.677014350891113,2.549999952316284,0.45858353980134936,0.0,10.502849016421008,0,0
2,111,4.440000000000003,to_table,-4.612204074859619,4.561326503753662,-0.26271291448412637,0.4925360679626465,0.37817251682281494,0.20000000298023224,-0.5890105366706848,0.20000000298023224,-0.5890105366706848,0,nominal-sac-a-star,1.6121265240759843,99.0,99.0,1.6734930896759033,99.0,waiter-2,0,,waiter-1,-8.347663879394531,-2.549999952316284,-0.45764410569844927,0.0,8.03272207387361,0,0,waiter-2,-3.2352066040039062,2.200000047683716,0.44825907565241074,0.0,2.7334931254493546,0,0,customer-1,5.441665172576904,-2.200000047683716,0.43628111729364427,0.0,12.115932633508734,0,0,customer-2,5.695357799530029,2.549999952316284,0.4585826141333005,0.0,10.501964877625902,0,0
2,112,4.480000000000003,to_table,-4.5929765701293945,4.55540132522583,-0.276636107648941,0.6353774070739746,0.13704872131347656,0.20000000298023224,-0.6257688403129578,0.20000000298023224,-0.6257688403129578,0,nominal-sac-a-star,1.608591975054046,99.0,99.0,1.6677219295501708,99.0,waiter-2,0,,waiter-1,-8.36596965789795,-2.549999952316284,-0.4576451281011984,0.0,8.045011134563234,0,0,waiter-2,-3.217276096343994,2.200000047683716,0.44825739695529165,0.0,2.7277219381418627,0,0,customer-1,5.459116458892822,-2.200000047683716,0.4362814486367217,0.0,12.11115279291056,0,0,customer-2,5.713701248168945,2.549999952316284,0.4585816884652516,0.0,10.499963919779464,0,0
2,113,4.520000000000003,to_table,-4.574915409088135,4.548898220062256,-0.2770340571353744,0.6209397315979004,0.13201570510864258,0.7799999713897705,-0.38697370886802673,0.30000001192092896,0.44999998807907104,1,dwa-left-arc,1.54976393208959,0.6253281020950161,99.0,1.4697238826751708,99.0,waiter-2,0,,waiter-1,-8.384275436401367,-2.549999952316284,-0.45764615050392976,0.0,8.056399883291,0,0,waiter-2,-3.1993460655212402,2.200000047683716,0.4482604866297546,0.0,2.7220421824733543,0,0,customer-1,5.47656774520874,-2.200000047683716,0.4362817799797991,0.0,12.107020336544348,0,0,customer-2,5.732044696807861,2.549999952316284,0.4585807627972027,0.0,10.499000948153565,0,0
2,114,4.560000000000003,to_table,-4.556678295135498,4.542148113250732,-0.2633693650252215,0.9286909103393555,-0.2998504042625427,0.8199999928474426,-0.4499220848083496,0.30000001192092896,0.44999998807907104,1,dwa-left-arc,1.5440519049799089,0.632068303023464,99.0,1.471975746154785,99.0,waiter-2,0,,waiter-1,-8.402581214904785,-2.549999952316284,-0.4576471729066611,0.0,8.067808466505381,0,0,waiter-2,-3.181415557861328,2.200000047683716,0.4482588079326355,0.0,2.7160642771433374,0,0,customer-1,5.494019031524658,-2.200000047683716,0.43628211132287653,0.0,12.102606272044273,0,0,customer-2,5.750387668609619,2.549999952316284,0.4585846055007359,0.0,10.497821825317267,0,0
2,115,4.600000000000003,to_table,-4.539114475250244,4.537164688110352,-0.24915748642896757,0.926845908164978,-0.2506359815597534,0.8199999928474426,-0.4730834662914276,0.30000001192092896,0.44999998807907104,1,dwa-left-arc,1.5396345343735627,0.6307029501821453,99.0,1.4765426540374755,99.0,waiter-2,0,,waiter-1,-8.420886993408203,-2.549999952316284,-0.45764819530941026,0.0,8.080597782543071,0,0,waiter-2,-3.163485050201416,2.200000047683716,0.4482571292355164,0.0,2.7119540688442227,0,0,customer-1,5.511470317840576,-2.200000047683716,0.43628244266595395,0.0,12.099737326088347,0,0,customer-2,5.768731117248535,2.549999952316284,0.458583679832687,0.0,10.49764280426706,0,0
2,116,4.640000000000003,to_table,-4.5214972496032715,4.532515048980713,-0.23494572664486968,0.9273172616958618,-0.21518439054489136,0.8199999928474426,-0.5021335482597351,0.30000001192092896,0.44999998807907104,1,dwa-left-arc,1.5371438726123445,0.6273035677426333,99.0,1.4815093898773193,99.0,waiter-2,0,,waiter-1,-8.439192771911621,-2.549999952316284,-0.4576492177121594,0.0,8.093846857280653,0,0,waiter-2,-3.145555019378662,2.200000047683716,0.44826021890997936,0.0,2.7081069499174144,0,0,customer-1,5.528921604156494,-2.200000047683716,0.43628277400903137,0.0,12.09701114585021,0,0,customer-2,5.787074565887451,2.549999952316284,0.4585827541646381,0.0,10.497476791288088,0,0
2,117,4.680000000000003,to_table,-4.503806114196777,4.528403282165527,-0.2205174757548122,0.9277510643005371,-0.19480013847351074,0.8199999928474426,-0.534935712814331,0.30000001192092896,0.44999998807907104,1,dwa-left-arc,1.5345059142864859,0.6236308971020326,99.0,1.4871713542938232,99.0,waiter-2,0,,waiter-1,-8.457498550415039,-2.549999952316284,-0.45765024011489075,0.0,8.107741746635254,0,0,waiter-2,-3.12762451171875,2.200000047683716,0.44825854021286027,0.0,2.704688045846388,0,0,customer-1,5.546372890472412,-2.200000047683716,0.4362831053521088,0.0,12.09452394247164,0,0,customer-2,5.805418014526367,2.549999952316284,0.45858182849658924,0.0,10.497341657381932,0,0
2,118,4.720000000000003,to_table,-4.486287593841553,4.524434566497803,-0.20630220527952384,0.9413027763366699,-0.4667007327079773,0.8199999928474426,-0.6056889891624451,0.30000001192092896,0.44999998807907104,1,dwa-left-arc,1.5323256045947664,0.6193571218281622,99.0,1.4930641078948974,99.0,waiter-2,0,,waiter-1,-8.475804328918457,-2.549999952316284,-0.4576512625176221,0.0,8.121814301031943,0,0,waiter-2,-3.109694004058838,2.200000047683716,0.4482568615157412,0.0,2.7014821383243195,0,0,customer-1,5.56382417678833,-2.200000047683716,0.4362834366951862,0.0,12.092260644005151,0,0,customer-2,5.823761463165283,2.549999952316284,0.45858090282854036,0.0,10.497404612739555,0,0
2,119,4.760000000000003,to_table,-4.470869541168213,4.52190637588501,-0.19999274149097412,0.9431419372558594,-0.5061308145523071,0.20000000298023224,-0.6498309969902039,0.18000000715255737,0.0,1,dwa-slow-forward,1.5411467366764433,0.9454617675104788,99.0,1.6405891799926757,99.0,waiter-2,0,,waiter-1,-8.494110107421875,-2.549999952316284,-0.45765228492037124,0.0,8.136235233128563,0,0,waiter-2,-3.091763973236084,2.200000047683716,0.4482599511902041,0.0,2.7005890402729946,0,0,customer-1,5.581275463104248,-2.200000047683716,0.43628376803826363,0.0,12.092545023862193,0,0,customer-2,5.842104434967041,2.549999952316284,0.4585847455320735,0.0,10.499802244602257,0,0
2,120,4.800000000000003,to_table,-4.459540843963623,4.519609451293945,-0.19997427789671415,0.8488280773162842,-0.16825705766677856,0.20000000298023224,-0.6739106178283691,0.18000000715255737,0.0,1,dwa-slow-forward,1.5403135561338122,0.9467978407103272,99.0,1.6419941806793212,99.0,waiter-2,0,,waiter-1,-8.51241683959961,-2.549999952316284,-0.4576437705799563,0.0,8.148937412670229,0,0,waiter-2,-3.073833465576172,2.200000047683716,0.44825827249308503,0.0,2.7019942123983958,0,0,customer-1,5.598726749420166,-2.200000047683716,0.43628409938134105,0.0,12.096358906665483,0,0,customer-2,5.860447883605957,2.549999952316284,0.45858381986402463,0.0,10.506261414776725,0,0
2,121,4.840000000000003,to_table,-4.446815013885498,4.51776647567749,-0.19170504331486193,0.8323237895965576,0.052985191345214844,0.8199999928474426,-0.4009450376033783,0.30000001192092896,0.44999998807907104,1,dwa-left-arc,1.5313985211960164,0.6163253651018228,99.0,1.504669132232666,99.0,waiter-2,0,,waiter-1,-8.530722618103027,-2.549999952316284,-0.4576447929826877,0.0,8.162819586421204,0,0,waiter-2,-3.0559029579162598,2.200000047683716,0.44825659379596594,0.0,2.703086673078685,0,0,customer-1,5.616178512573242,-2.200000047683716,0.43627966235283644,0.0,12.099265505638886,0,0,customer-2,5.878791332244873,2.549999952316284,0.45858289419597575,0.0,10.511434321999488,0,0
2,122,4.8800000000000034,to_table,-4.432353973388672,4.5163116455078125,-0.17757079035982495,0.9342226982116699,-0.2940645217895508,0.8199999928474426,-0.464249849319458,0.30000001192092896,0.44999998807907104,1,dwa-left-arc,1.5331575978489478,0.6134469588962106,99.0,1.5145418071746826,99.0,waiter-2,0,,waiter-1,-8.549028396606445,-2.549999952316284,-0.45764581538541904,0.0,8.17800512987848,0,0,waiter-2,-3.037972927093506,2.200000047683716,0.4482596834704289,0.0,2.7036268086556663,0,0,customer-1,5.63362979888916,-2.200000047683716,0.43627999369591386,0.0,12.100945089697,0,0,customer-2,5.897134780883789,2.549999952316284,0.4585819685279269,0.0,10.514975967610338,0,0
2,123,4.9200000000000035,to_table,-4.416471481323242,4.515244483947754,-0.16336232393642572,0.9409530162811279,-0.4488735795021057,0.8199999928474426,-0.5152482986450195,0.30000001192092896,0.44999998807907104,1,dwa-left-arc,1.5347637475351843,0.6068845417397246,99.0,1.5241493606567382,99.0,waiter-2,0,,waiter-1,-8.567334175109863,-2.549999952316284,-0.45764683778816817,0.0,8.194348055021184,0,0,waiter-2,-3.0200424194335938,2.200000047683716,0.4482580047733098,0.0,2.7037697617477687,0,0,customer-1,5.651081085205078,-2.200000047683716,0.4362803250389913,0.0,12.101657894661265,0,0,customer-2,5.915478229522705,2.549999952316284,0.458581042859878,0.0,10.51719406004078,0,0
2,124,4.9600000000000035,to_table,-4.400210857391357,4.51357889175415,-0.15495047268923207,0.9401282072067261,-0.43330633640289307,0.8199999928474426,-0.5494019389152527,0.18000000715255737,0.0,1,dwa-slow-forward,1.5438397844461518,0.9503080603549303,99.0,1.6432070159912109,99.0,waiter-2,0,,waiter-1,-8.585639953613281,-2.549999952316284,-0.4576478601909173,0.0,8.210478841450144,0,0,waiter-2,-3.0021119117736816,2.200000047683716,0.4482563260761907,0.0,2.7032069342666953,0,0,customer-1,5.668532371520996,-2.200000047683716,0.4362806563820687,0.0,12.101724355885487,0,0,customer-2,5.933821201324463,2.549999952316284,0.45858488556341115,0.0,10.518928692693486,0,0
2,125,5.0000000000000036,to_table,-4.388652801513672,4.511778354644775,-0.15487964998595163,0.8489861488342285,-0.17476612329483032,0.8199999928474426,-0.5475863218307495,0.18000000715255737,0.0,1,dwa-slow-forward,1.5433520810348895,0.9513658838743526,99.0,1.6449689292907714,99.0,waiter-2,0,,waiter-1,-8.6039457321167,-2.549999952316284,-0.45764888259364866,0.0,8.22419645603494,0,0,waiter-2,-2.9841818809509277,2.200000047683716,0.44825941575065364,0.0,2.704969039978481,0,0,customer-1,5.685983657836914,-2.200000047683716,0.4362809877251461,0.0,12.105629645336062,0,0,customer-2,5.952164649963379,2.549999952316284,0.45858395989536227,0.0,10.525259144772392,0,0
2,126,5.040000000000004,to_table,-4.3682451248168945,4.507248878479004,-0.15811777000866478,0.8226381540298462,0.15032005310058594,0.8199999928474426,-0.5214241147041321,0.8199999928474426,-0.5214241147041321,0,nominal-sac-a-star,0.2777525043579783,0.9541755718571401,99.0,0.8643484735488891,99.0,waiter-2,0,,waiter-1,-8.622251510620117,-2.549999952316284,-0.45764990499638003,0.0,8.24022641619853,0,0,waiter-2,-2.9662513732910156,2.200000047683716,0.44825773705353456,0.0,2.699811779832778,0,0,customer-1,5.703434944152832,-2.200000047683716,0.43628131906822354,0.0,12.100658146117219,0,0,customer-2,5.970508098602295,2.549999952316284,0.4585830342273134,0.0,10.52238763654551,0,0
2,127,5.080000000000004,to_table,-4.340879440307617,4.503357887268066,-0.1660040902298283,0.6365959644317627,-0.15564590692520142,0.7799999713897705,-0.5751163363456726,0.7799999713897705,-0.5751163363456726,0,nominal-sac-a-star,0.8990792996607508,99.0,99.0,0.8567816638946533,99.0,waiter-2,0,,waiter-1,-8.640557289123535,-2.549999952316284,-0.45765092739912916,0.0,8.260574218347312,0,0,waiter-2,-2.9483213424682617,2.200000047683716,0.4482608267279975,0.0,2.6915934672666766,0,0,customer-1,5.72088623046875,-2.200000047683716,0.43628165041130096,0.0,12.090249625946306,0,0,customer-2,5.988851547241211,2.549999952316284,0.4585821085592645,0.0,10.512799317839448,0,0
2,128,5.120000000000004,to_table,-4.309025287628174,4.499765872955322,-0.17694275095729384,0.5533196926116943,0.0764390230178833,0.20000000298023224,-0.6337243318557739,0.20000000298023224,-0.6337243318557739,0,nominal-sac-a-star,1.566936520827146,99.0,99.0,1.6213347339630126,99.0,waiter-2,0,,waiter-1,-8.658863067626953,-2.549999952316284,-0.4576519498018783,0.0,8.283736288865802,0,0,waiter-2,-2.9303908348083496,2.200000047683716,0.4482591480308784,0.0,2.6813347059979304,0,0,customer-1,5.738337516784668,-2.200000047683716,0.4362819817543784,0.0,12.076272716151077,0,0,customer-2,6.007194995880127,2.549999952316284,0.45858118289121563,0.0,10.498856513123393,0,0
2,129,5.160000000000004,to_table,-4.278867721557617,4.495415210723877,-0.19067802539995263,0.3217424154281616,0.5853444337844849,0.7799999713897705,-0.3256945312023163,0.7799999713897705,-0.3256945312023163,0,nominal-sac-a-star,0.8548284906575971,99.0,99.0,0.7922517681121826,99.0,waiter-2,0,,waiter-1,-8.677168846130371,-2.549999952316284,-0.45765297220460965,0.0,8.305596161746259,0,0,waiter-2,-2.9124603271484375,2.200000047683716,0.4482574693337593,0.0,2.6713292455649813,0,0,customer-1,5.755788803100586,-2.200000047683716,0.4362823130974558,0.0,12.063287986713352,0,0,customer-2,6.025537967681885,2.549999952316284,0.4585850255947488,0.0,10.486439678750672,0,0
2,130,5.200000000000004,to_table,-4.250872611999512,4.489226818084717,-0.18712428648953608,0.6881400346755981,0.15089154243469238,0.7799999713897705,-0.38731881976127625,0.30000001192092896,0.44999998807907104,1,dwa-left-arc,1.5014628785326276,0.6352134206486668,99.0,1.4648770713806152,99.0,waiter-2,0,,waiter-1,-8.695475578308105,-2.549999952316284,-0.45764445786417696,0.0,8.324975018175685,0,0,waiter-2,-2.8945302963256836,2.200000047683716,0.44826055900822226,0.0,2.660868971521905,0,0,customer-1,5.773240089416504,-2.200000047683716,0.4362826444405332,0.0,12.05108258673917,0,0,customer-2,6.043881416320801,2.549999952316284,0.4585840999266999,0.0,10.475808386016583,0,0
2,131,5.240000000000004,to_table,-4.226818561553955,4.480962753295898,-0.1753851896375881,0.9219509363174438,-0.14282304048538208,0.8199999928474426,-0.44946378469467163,0.30000001192092896,0.44999998807907104,1,dwa-left-arc,1.4912635908139253,0.6393809624722011,99.0,1.4623259925842285,99.0,waiter-2,0,,waiter-1,-8.713781356811523,-2.549999952316284,-0.4576454802669261,0.0,8.340699712478264,0,0,waiter-2,-2.8765997886657715,2.200000047683716,0.44825888031110317,0.0,2.650637960765921,0,0,customer-1,5.790691375732422,-2.200000047683716,0.43628297578361064,0.0,12.041003666293964,0,0,customer-2,6.062224864959717,2.549999952316284,0.458583174258651,0.0,10.468669063995252,0,0
2,132,5.280000000000004,to_table,-4.205786228179932,4.47185754776001,-0.15995135244572878,0.9350476264953613,-0.4068424701690674,0.8199999928474426,-0.5101879835128784,0.30000001192092896,0.44999998807907104,1,dwa-left-arc,1.4819038922937113,0.6409997466754249,99.0,1.4632775211334228,99.0,waiter-2,0,,waiter-1,-8.732087135314941,-2.549999952316284,-0.4576465026696752,0.0,8.354273316890518,0,0,waiter-2,-2.8586692810058594,2.200000047683716,0.4482572016139841,0.0,2.6412233093808064,0,0,customer-1,5.80814266204834,-2.200000047683716,0.43628330712668806,0.0,12.03297368036798,0,0,customer-2,6.080568313598633,2.549999952316284,0.45858224859060215,0.0,10.464350260591111,0,0
2,133,5.320000000000004,to_table,-4.189914226531982,4.466716766357422,-0.1527410163853552,0.9374593496322632,-0.4962828755378723,0.20000000298023224,-0.6435403823852539,0.18000000715255737,0.0,1,dwa-slow-forward,1.4812681376940273,0.9922300556362953,99.0,1.577854814529419,99.0,waiter-2,0,,waiter-1,-8.75039291381836,-2.549999952316284,-0.4576475250724066,0.0,8.36852910416809,0,0,waiter-2,-2.8407392501831055,2.200000047683716,0.448260291288447,0.0,2.6378547722573518,0,0,customer-1,5.825593948364258,-2.200000047683716,0.4362836384697655,0.0,12.031438695352781,0,0,customer-2,6.098911762237549,2.549999952316284,0.45858132292255327,0.0,10.465836974289601,0,0
2,134,5.360000000000004,to_table,-4.178706169128418,4.4649834632873535,-0.15267290660967223,0.8291932344436646,-0.12985968589782715,0.20000000298023224,-0.6190419793128967,0.18000000715255737,0.0,1,dwa-slow-forward,1.4779713918609865,0.997351606626149,99.0,1.5798119926452636,99.0,waiter-2,0,,waiter-1,-8.768698692321777,-2.549999952316284,-0.45764854747513795,0.0,8.383198893272485,0,0,waiter-2,-2.8228087425231934,2.200000047683716,0.44825861259132793,0.0,2.6398120585439773,0,0,customer-1,5.843045234680176,-2.200000047683716,0.4362839698128429,0.0,12.035676399822977,0,0,customer-2,6.117255210876465,2.549999952316284,0.4585803972545044,0.0,10.47253467818766,0,0
2,135,5.400000000000004,to_table,-4.167575359344482,4.46342658996582,-0.16295888621724913,0.8039840459823608,0.21663665771484375,0.20000000298023224,-0.5884523391723633,0.20000000298023224,-0.5884523391723633,0,nominal-sac-a-star,1.4544415380329974,0.9991477923029222,99.0,1.581977071762085,99.0,waiter-2,0,,waiter-1,-8.787004470825195,-2.549999952316284,-0.4576495698778871,0.0,8.398051987216,0,0,waiter-2,-2.8048782348632812,2.200000047683716,0.44825693389420884,0.0,2.641977131879922,0,0,customer-1,5.860496997833252,-2.200000047683716,0.4362795327843383,0.0,12.040078477988821,0,0,customer-2,6.135598182678223,2.549999952316284,0.45858423995803754,0.0,10.479340939901874,0,0
2,136,5.440000000000004,to_table,-4.156347751617432,4.461952209472656,-0.17990795001756163,0.3112236261367798,0.6038438081741333,0.20000000298023224,-0.5407795310020447,0.20000000298023224,-0.5407795310020447,0,nominal-sac-a-star,1.5172924560202503,99.0,99.0,1.584179105758667,99.0,waiter-2,0,,waiter-1,-8.805310249328613,-2.549999952316284,-0.4576505922806362,0.0,8.413104386868238,0,0,waiter-2,-2.7869482040405273,2.200000047683716,0.4482600235686718,0.0,2.6441790225182356,0,0,customer-1,5.87794828414917,-2.200000047683716,0.4362798641274157,0.0,12.04444705289671,0,0,customer-2,6.153941631317139,2.549999952316284,0.45858331428998866,0.0,10.486068309595293,0,0
2,137,5.480000000000004,to_table,-4.145034313201904,4.4603095054626465,-0.1970468494541424,0.30177927017211914,0.6797217130661011,0.20000000298023224,-0.5229047536849976,0.20000000298023224,-0.5229047536849976,0,nominal-sac-a-star,1.5195320867250923,99.0,99.0,1.5862087631225585,99.0,waiter-2,0,,waiter-1,-8.823616027832031,-2.549999952316284,-0.45765161468336757,0.0,8.428141287039278,0,0,waiter-2,-2.7690176963806152,2.200000047683716,0.4482583448715527,0.0,2.6462087171448117,0,0,customer-1,5.895399570465088,-2.200000047683716,0.4362801954704931,0.0,12.048652867271965,0,0,customer-2,6.172285079956055,2.549999952316284,0.4585823886219398,0.0,10.492681356511097,0,0
2,138,5.520000000000004,to_table,-4.133681774139404,4.458324909210205,-0.21389264445376197,0.40044736862182617,0.528336763381958,0.20000000298023224,-0.5323132276535034,0.20000000298023224,-0.5323132276535034,0,nominal-sac-a-star,1.5215992406976135,99.0,99.0,1.587942304611206,99.0,waiter-2,0,,waiter-1,-8.84192180633545,-2.549999952316284,-0.45765263708609893,0.0,8.442993637653869,0,0,waiter-2,-2.751087188720703,2.200000047683716,0.4482566661744336,0.0,2.647942402662442,0,0,customer-1,5.912850856781006,-2.200000047683716,0.43628052681357055,0.0,12.052639094229322,0,0,customer-2,6.190628528594971,2.549999952316284,0.4585814629538909,0.0,10.499194605694827,0,0
2,139,5.560000000000004,to_table,-4.122201442718506,4.456035614013672,-0.23124819906993532,0.5569610595703125,0.2573496103286743,0.20000000298023224,-0.5563440918922424,0.20000000298023224,-0.5563440918922424,0,nominal-sac-a-star,1.523371110829593,99.0,99.0,1.5893659019470214,99.0,waiter-2,0,,waiter-1,-8.860228538513184,-2.549999952316284,-0.457644122745684,0.0,8.457744091491824,0,0,waiter-2,-2.733157157897949,2.200000047683716,0.44825975584889655,0.0,2.649366056576248,0,0,customer-1,5.930302143096924,-2.200000047683716,0.43628085815664797,0.0,12.056352643839656,0,0,customer-2,6.208971977233887,2.549999952316284,0.458580537285842,0.0,10.505527886631542,0,0
2,140,5.600000000000004,to_table,-4.112196445465088,4.454404354095459,-0.24679841748135542,0.5696735382080078,0.2545053958892822,0.20000000298023224,-0.5476788282394409,0.20000000298023224,-0.5476788282394409,0,nominal-sac-a-star,1.524833386761292,99.0,99.0,1.5921432399749755,99.0,waiter-2,0,,waiter-1,-8.878534317016602,-2.549999952316284,-0.45764514514843313,0.0,8.472287553752269,0,0,waiter-2,-2.715226650238037,2.200000047683716,0.44825807715177746,0.0,2.652143168372424,0,0,customer-1,5.947753429412842,-2.200000047683716,0.4362811894997254,0.0,12.061661967882973,0,0,customer-2,6.2273149490356445,2.549999952316284,0.4585843799893752,0.0,10.513431980211141,0,0
2,141,5.640000000000004,to_table,-4.102014064788818,4.454073429107666,-0.2615616380806533,0.3863738775253296,-0.9000816345214844,0.20000000298023224,-0.6788629293441772,0.20000000298023224,-0.6788629293441772,0,nominal-sac-a-star,1.527653946590204,99.0,99.0,1.595951738357544,99.0,waiter-2,0,,waiter-1,-8.89684009552002,-2.549999952316284,-0.4576461675511645,0.0,8.488074021669995,0,0,waiter-2,-2.697296142578125,2.200000047683716,0.44825639845465837,0.0,2.6559516655662105,0,0,customer-1,5.96520471572876,-2.200000047683716,0.4362815208428028,0.0,12.067542741144296,0,0,customer-2,6.2456583976745605,2.549999952316284,0.4585834543213263,0.0,10.521398252867503,0,0
2,142,5.680000000000004,to_table,-4.091647148132324,4.45289421081543,-0.2749776266205295,0.3372386693954468,0.0851442813873291,0.20000000298023224,-0.5571374893188477,0.20000000298023224,-0.5571374893188477,0,nominal-sac-a-star,1.5315009181982862,99.0,99.0,1.5989603424072265,99.0,waiter-2,0,,waiter-1,-8.915145874023438,-2.549999952316284,-0.4576471899539136,0.0,8.503332677174134,0,0,waiter-2,-2.679366111755371,2.200000047683716,0.4482594881291213,0.0,2.658960292291501,0,0,customer-1,5.982656002044678,-2.200000047683716,0.4362818521858802,0.0,12.072803567375606,0,0,customer-2,6.264001846313477,2.549999952316284,0.4585825286532774,0.0,10.529029995930077,0,0
2,143,5.720000000000004,to_table,-4.081026554107666,4.451392650604248,-0.28706426929981443,-0.0148695707321167,0.8396592140197754,0.20000000298023224,-0.46401217579841614,0.20000000298023224,-0.46401217579841614,0,nominal-sac-a-star,1.5345497874937726,99.0,99.0,1.6015798473358154,99.0,waiter-2,0,,waiter-1,-8.933451652526855,-2.549999952316284,-0.45764821235666275,0.0,8.518540233866295,0,0,waiter-2,-2.661435604095459,2.200000047683716,0.4482578094320022,0.0,2.661579816169684,0,0,customer-1,6.000107288360596,-2.200000047683716,0.43628218352895765,0.0,12.077677110131622,0,0,customer-2,6.282345294952393,2.549999952316284,0.45858160298522854,0.0,10.536354695766144,0,0
2,144,5.760000000000004,to_table,-4.071889400482178,4.450199127197266,-0.29624773877124067,0.05092442035675049,0.4935493469238281,0.20000000298023224,-0.5049017667770386,0.20000000298023224,-0.5049017667770386,0,nominal-sac-a-star,1.537208907601335,99.0,99.0,1.6052724742889404,99.0,waiter-2,0,,waiter-1,-8.951757431030273,-2.549999952316284,-0.4576492347594119,0.0,8.533223256682536,0,0,waiter-2,-2.643505096435547,2.200000047683716,0.44825613073488313,0.0,2.6652725221805,0,0,customer-1,6.017558574676514,-2.200000047683716,0.43628251487203507,0.0,12.083960836953317,0,0,customer-2,6.300688743591309,2.549999952316284,0.45858067731717966,0.0,10.545194842160544,0,0
2,145,5.800000000000004,to_table,-4.059311389923096,4.445047378540039,-0.2942957991927975,1.9788742065429688e-05,0.5142121315002441,0.7799999713897705,-0.3014436960220337,0.30000001192092896,0.44999998807907104,1,dwa-left-arc,1.4855904898744412,0.7539155070294687,99.0,1.4086057567596435,99.0,waiter-2,0,,waiter-1,-8.970063209533691,-2.549999952316284,-0.14108555216401086,0.0,8.546705247914483,0,0,waiter-2,-2.625575065612793,2.200000047683716,0.44825922040934607,0.0,2.663801299915577,0,0,customer-1,6.035009860992432,-2.200000047683716,0.4362828462151125,0.0,12.085196598047041,0,0,customer-2,6.319031715393066,2.549999952316284,0.4585845200207128,0.0,10.549938879410666,0,0
2,146,5.840000000000004,to_table,-4.044148921966553,4.440727233886719,-0.28330372692140504,0.6037445068359375,0.2534395456314087,0.7799999713897705,-0.340609610080719,0.30000001192092896,0.44999998807907104,1,dwa-left-arc,1.4843650657558967,0.7593685420228891,99.0,1.4127275371551513,99.0,waiter-2,0,,waiter-1,-8.98836898803711,-2.549999952316284,0.22503104030709764,0.0,8.562451673069607,0,0,waiter-2,-2.607644557952881,2.200000047683716,0.448257541712227,0.0,2.6616542057186074,0,0,customer-1,6.05246114730835,-2.200000047683716,0.4362831775581899,0.0,12.084733911806962,0,0,customer-2,6.337375164031982,2.549999952316284,0.45858359435266394,0.0,10.552293210551081,0,0
2,147,5.880000000000004,to_table,-4.028106212615967,4.437032222747803,-0.2673163383076692,0.5425183773040771,0.22477483749389648,0.7799999713897705,-0.3677060604095459,0.30000001192092896,0.44999998807907104,1,dwa-left-arc,1.4834270154969507,0.7587294473682589,99.0,1.419703426361084,99.0,waiter-2,0,,waiter-1,-8.993325233459473,-2.549999952316284,0.45765230196765927,0.0,8.571582032526255,0,0,waiter-2,-2.589714527130127,2.200000047683716,0.4482606313866899,0.0,2.659564549535648,0,0,customer-1,6.069912433624268,-2.200000047683716,0.4362835089012673,0.0,12.083880913786134,0,0,customer-2,6.355718612670898,2.549999952316284,0.45858266868461506,0.0,10.553895432109119,0,0
2,148,5.920000000000004,to_table,-4.011577606201172,4.432823181152344,-0.25201624090275343,0.5092017650604248,0.21774399280548096,0.7799999713897705,-0.40101978182792664,0.30000001192092896,0.44999998807907104,1,dwa-left-arc,1.4830981387381197,0.7545758753046885,99.0,1.4257878684997558,99.0,waiter-2,0,,waiter-1,-8.975019454956055,-2.549999952316284,0.4576533243704084,0.0,8.567121681129311,0,0,waiter-2,-2.571784019470215,2.200000047683716,0.44825895268957083,0.0,2.65678465776665,0,0,customer-1,6.0873637199401855,-2.200000047683716,0.43628384024434474,0.0,12.082340828408746,0,0,customer-2,6.3740620613098145,2.549999952316284,0.4585817430165662,0.0,10.554929398836467,0,0
2,149,5.960000000000004,to_table,-3.994493007659912,4.428582191467285,-0.2374151244927975,0.5352710485458374,0.27785253524780273,0.7799999713897705,-0.42582637071609497,0.30000001192092896,0.44999998807907104,1,dwa-left-arc,1.4820223282708858,0.7515796001382482,99.0,1.4312941455841064,99.0,waiter-2,0,,waiter-1,-8.956713676452637,-2.549999952316284,0.4576543467731575,0.0,8.56295759088696,0,0,waiter-2,-2.5538535118103027,2.200000047683716,0.44825727399245174,0.0,2.6536805626511994,0,0,customer-1,6.1048150062561035,-2.200000047683716,0.43628417158742216,0.0,12.080319733398465,0,0,customer-2,6.3924055099487305,2.549999952316284,0.4585808173485173,0.0,10.555412452592945,0,0
2,150,6.000000000000004,to_table,-3.97763729095459,4.4245285987854,-0.22315270587071354,0.5554940700531006,0.3292384147644043,0.7799999713897705,-0.4522528350353241,0.30000001192092896,0.44999998807907104,1,dwa-left-arc,1.4801945663461407,0.7492892772169311,99.0,1.43704909324646,99.0,waiter-2,0,,waiter-1,-8.938407897949219,-2.549999952316284,0.45765536917590666,0.0,8.558813791954725,0,0,waiter-2,-2.535923480987549,2.200000047683716,0.4482603636669147,0.0,2.6508613665215015,0,0,customer-1,6.12226676940918,-2.200000047683716,0.43627973455891755,0.0,12.078594364264514,0,0,customer-2,6.410748481750488,2.549999952316284,0.45858466005205045,0.0,10.556155389580745,0,0
2,151,6.0400000000000045,to_table,-3.960395574569702,4.420500755310059,-0.20888183737639693,0.5564193725585938,0.332197904586792,0.7799999713897705,-0.4849833846092224,0.30000001192092896,0.44999998807907104,1,dwa-left-arc,1.478560726418661,0.7471415039077172,99.0,1.4427592182159423,99.0,waiter-2,0,,waiter-1,-8.920101165771484,-2.549999952316284,0.4576468548354917,0.0,8.554914357631967,0,0,waiter-2,-2.5179929733276367,2.200000047683716,0.4482586849697956,0.0,2.647857370901795,0,0,customer-1,6.139718055725098,-2.200000047683716,0.436280065901995,0.0,12.076561026521913,0,0,customer-2,6.429091930389404,2.549999952316284,0.4585837343840016,0.0,10.55652517970292,0,0
2,152,6.0800000000000045,to_table,-3.9464643001556396,4.417263031005859,-0.20355888418635282,0.5569696426391602,0.33242011070251465,0.20000000298023224,-0.5196081399917603,0.18000000715255737,0.0,1,dwa-slow-forward,1.487809500755942,1.0437167072695641,99.0,1.5873257541656494,99.0,waiter-2,0,,waiter-1,-8.901795387268066,-2.549999952316284,0.45764787723824085,0.0,8.549740327148761,0,0,waiter-2,-2.5000624656677246,2.200000047683716,0.4482570062726765,0.0,2.6473257079589994,0,0,customer-1,6.157169342041016,-2.200000047683716,0.4362803972450724,0.0,12.077730889050157,0,0,customer-2,6.44743537902832,2.549999952316284,0.4585828087159527,0.0,10.56029459560564,0,0
2,153,6.1200000000000045,to_table,-3.9352974891662598,4.414948463439941,-0.20352869280200309,0.23547840118408203,0.4229462146759033,0.20000000298023224,-0.5299164056777954,0.18000000715255737,0.0,1,dwa-slow-forward,1.48733261410481,1.0469403641320167,99.0,1.5890912437438964,99.0,waiter-2,0,,waiter-1,-8.883489608764648,-2.549999952316284,0.45764889964099,0.0,8.54371767362433,0,0,waiter-2,-2.4821324348449707,2.200000047683716,0.44826009594713945,0.0,2.649091383769463,0,0,customer-1,6.174620628356934,-2.200000047683716,0.4362807285881498,0.0,12.081721241108024,0,0,customer-2,6.465778827667236,2.549999952316284,0.4585818830479038,0.0,10.566949488747309,0,0
2,154,6.160000000000005,to_table,-3.924384832382202,4.4128737449646,-0.21263037271822072,0.2538975477218628,0.4122345447540283,0.20000000298023224,-0.5440382361412048,0.20000000298023224,-0.5440382361412048,0,nominal-sac-a-star,1.4731378992109705,1.0493314650005838,99.0,1.5912155532836914,99.0,waiter-2,0,,waiter-1,-8.86518383026123,-2.549999952316284,0.4576499220437391,0.0,8.537745888800414,0,0,waiter-2,-2.4642019271850586,2.200000047683716,0.44825841725002036,0.0,2.6512155922798017,0,0,customer-1,6.192071914672852,-2.200000047683716,0.43628105993122723,0.0,12.086057955865122,0,0,customer-2,6.484122276306152,2.549999952316284,0.45858095737985494,0.0,10.573898003997954,0,0
2,155,6.200000000000005,to_table,-3.91349458694458,4.410952568054199,-0.22755531163690634,-0.21889662742614746,0.593447208404541,0.20000000298023224,-0.5244628190994263,0.20000000298023224,-0.5244628190994263,0,nominal-sac-a-star,1.5271556512823952,99.0,99.0,1.593498649597168,99.0,waiter-2,0,,waiter-1,-8.846878051757812,-2.549999952316284,0.45765094444648824,0.0,8.531889146123783,0,0,waiter-2,-2.4462714195251465,2.200000047683716,0.44825673855290127,0.0,2.6534986094484596,0,0,customer-1,6.2095232009887695,-2.200000047683716,0.43628139127430465,0.0,12.090499725914848,0,0,customer-2,6.50246524810791,2.549999952316284,0.4585848000833881,0.0,10.5808961777086,0,0
2,156,6.240000000000005,to_table,-3.9026222229003906,4.409051895141602,-0.24338257681100867,-0.20763945579528809,0.5664000511169434,0.20000000298023224,-0.5235104560852051,0.20000000298023224,-0.5235104560852051,0,nominal-sac-a-star,1.529477469226364,99.0,99.0,1.5958263301849365,99.0,waiter-2,0,,waiter-1,-8.828572273254395,-2.549999952316284,0.45765196684923737,0.0,8.526041667396989,0,0,waiter-2,-2.4283413887023926,2.200000047683716,0.4482598282273642,0.0,2.6558264331165624,0,0,customer-1,6.2269744873046875,-2.200000047683716,0.4362817226173821,0.0,12.094969908782769,0,0,customer-2,6.520808696746826,2.549999952316284,0.4585838744153392,0.0,10.587916993572447,0,0
2,157,6.280000000000005,to_table,-3.8917250633239746,4.407172203063965,-0.2594048387737594,-0.18580937385559082,0.5614453554153442,0.20000000298023224,-0.5193813443183899,0.20000000298023224,-0.5193813443183899,0,nominal-sac-a-star,1.5318442417404396,99.0,99.0,1.5981761837005615,99.0,waiter-2,0,,waiter-1,-8.810266494750977,-2.549999952316284,0.4576529892519865,0.0,8.520228530518548,0,0,waiter-2,-2.4104108810424805,2.200000047683716,0.4482581495302451,0.0,2.658176184927212,0,0,customer-1,6.2444257736206055,-2.200000047683716,0.4362820539604595,0.0,12.099433000779106,0,0,customer-2,6.539152145385742,2.549999952316284,0.45858294874729033,0.0,10.594918032345838,0,0
2,158,6.320000000000005,to_table,-3.8807899951934814,4.405152320861816,-0.27512352718125227,-0.07697808742523193,0.5846905708312988,0.20000000298023224,-0.5123206377029419,0.20000000298023224,-0.5123206377029419,0,nominal-sac-a-star,1.5342323616835682,99.0,99.0,1.6004063510894775,99.0,waiter-2,0,,waiter-1,-8.791960716247559,-2.549999952316284,0.4576540116547356,0.0,8.514325633568012,0,0,waiter-2,-2.3924803733825684,2.200000047683716,0.44825647083312603,0.0,2.6604063746498365,0,0,customer-1,6.261877059936523,-2.200000047683716,0.4362823853035369,0.0,12.103790018127471,0,0,customer-2,6.557495594024658,2.549999952316284,0.45858202307924145,0.0,10.60185815565362,0,0
2,159,6.360000000000005,to_table,-3.869737148284912,4.4028167724609375,-0.2907049071400601,-0.06727045774459839,0.5691488981246948,0.20000000298023224,-0.5107200741767883,0.20000000298023224,-0.5107200741767883,0,nominal-sac-a-star,1.5365010469930436,99.0,99.0,1.6023270511627197,99.0,waiter-2,0,,waiter-1,-8.77365493774414,-2.549999952316284,0.45765503405748476,0.0,8.50823542775566,0,0,waiter-2,-2.3745503425598145,2.200000047683716,0.44825956050758897,0.0,2.662327009774094,0,0,customer-1,6.279328346252441,-2.200000047683716,0.43628271664661433,0.0,12.107878442270302,0,0,customer-2,6.575839042663574,2.549999952316284,0.4585810974111926,0.0,10.608628192651528,0,0
2,160,6.400000000000005,to_table,-3.8589582443237305,4.40029764175415,-0.30510067388955925,-0.06305843591690063,0.5463739633560181,0.20000000298023224,-0.5104210376739502,0.20000000298023224,-0.5104210376739502,0,nominal-sac-a-star,1.5384607597219646,99.0,99.0,1.604269208908081,99.0,waiter-2,0,,waiter-1,-8.755348205566406,-2.549999952316284,0.4576465197170698,0.0,8.501839289159689,0,0,waiter-2,-2.3566198348999023,2.200000047683716,0.4482578818104699,0.0,2.664269167877424,0,0,customer-1,6.296779632568359,-2.200000047683716,0.43628304798969175,0.0,12.112098968111988,0,0,customer-2,6.594182014465332,2.549999952316284,0.4585849401147257,0.0,10.615636712390632,0,0
2,161,6.440000000000005,to_table,-3.847537040710449,4.397183418273926,-0.3176733174126124,-0.07162171602249146,0.5221363306045532,0.20000000298023224,-0.517335832118988,0.20000000298023224,-0.517335832118988,0,nominal-sac-a-star,1.5404434274364007,99.0,99.0,1.605377378463745,99.0,waiter-2,0,,waiter-1,-8.737042427062988,-2.549999952316284,0.45764754211981895,0.0,8.495329287777823,0,0,waiter-2,-2.3386893272399902,2.200000047683716,0.4482562031133508,0.0,2.6653773065821635,0,0,customer-1,6.314230918884277,-2.200000047683716,0.4362833793327692,0.0,12.115459452622952,0,0,customer-2,6.612525463104248,2.549999952316284,0.45858401444667685,0.0,10.621911049364774,0,0
2,162,6.480000000000005,to_table,-3.836573600769043,4.392853260040283,-0.33109461291403713,-0.07598012685775757,0.513988733291626,0.20000000298023224,-0.514071524143219,0.20000000298023224,-0.514071524143219,0,nominal-sac-a-star,1.5415908881580838,99.0,99.0,1.6057640933990478,99.0,waiter-2,0,,waiter-1,-8.71873664855957,-2.549999952316284,0.4576485645225681,0.0,8.487563063302753,0,0,waiter-2,-2.3207592964172363,2.200000047683716,0.44825929278781373,0.0,2.6657640961308013,0,0,customer-1,6.331682205200195,-2.200000047683716,0.4362837106758466,0.0,12.118545328247711,0,0,customer-2,6.630868911743164,2.549999952316284,0.45858308877862797,0.0,10.628427026918759,0,0
2,163,6.520000000000005,to_table,-3.8262758255004883,4.3874831199646,-0.34733962521921136,0.259274959564209,-0.20420414209365845,0.20000000298023224,-0.5930036306381226,0.20000000298023224,-0.5930036306381226,0,nominal-sac-a-star,1.5420230607024132,99.0,99.0,1.6057030582427978,99.0,waiter-2,0,,waiter-1,-8.700430870056152,-2.549999952316284,0.4576495869253172,0.0,8.478564664879972,0,0,waiter-2,-2.302828788757324,2.200000047683716,0.44825761409069464,0.0,2.665703108989623,0,0,customer-1,6.349133491516113,-2.200000047683716,0.436284042018924,0.0,12.121628985119044,0,0,customer-2,6.64921236038208,2.549999952316284,0.4585821631105791,0.0,10.635421812225228,0,0
2,164,6.560000000000005,to_table,-3.8164491653442383,4.381431579589844,-0.3502421673592162,-0.1003960371017456,0.6464579105377197,0.7799999713897705,-0.4780975878238678,0.30000001192092896,0.44999998807907104,1,dwa-left-arc,1.4806875287695584,0.8959982633805548,99.0,1.391869010925293,99.0,waiter-2,0,,waiter-1,-8.682125091552734,-2.549999952316284,0.45765060932806634,0.0,8.468739298171094,0,0,waiter-2,-2.2848987579345703,2.200000047683716,0.4482607037651576,0.0,2.6653874350328577,0,0,customer-1,6.3665852546691895,-2.200000047683716,0.4362796049904194,0.0,12.12474462673977,0,0,customer-2,6.667555809020996,2.549999952316284,0.4585812374425302,0.0,10.64276759625488,0,0
2,165,6.600000000000005,to_table,-3.8017325401306152,4.375300407409668,-0.3377987097203949,0.9275888204574585,0.7354846000671387,0.8199999928474426,-0.46962180733680725,0.30000001192092896,0.44999998807907104,1,dwa-left-arc,1.4800796540629855,0.9063343714799843,99.0,1.3948768997192382,99.0,waiter-2,0,,waiter-1,-8.663819313049316,-2.549999952316284,0.45765163173081547,0.0,8.46165898980876,0,0,waiter-2,-2.266968250274658,2.200000047683716,0.4482590250680385,0.0,2.6622233340651413,0,0,customer-1,6.384036540985107,-2.200000047683716,0.4362799363334968,0.0,12.123715100931904,0,0,customer-2,6.685898780822754,2.549999952316284,0.45858508014606336,0.0,10.645286866759685,0,0
2,166,6.640000000000005,to_table,-3.7866530418395996,4.369898319244385,-0.3283950915148554,-0.21616792678833008,-0.8514118194580078,0.20000000298023224,-0.6887106895446777,0.18000000715255737,0.0,1,dwa-slow-forward,1.501582271075399,1.0892519762431827,99.0,1.5994583988189697,99.0,waiter-2,0,,waiter-1,-8.645513534545898,-2.549999952316284,0.4576526541335646,0.0,8.455383928381398,0,0,waiter-2,-2.249037742614746,2.200000047683716,0.4482573463709194,0.0,2.659458463171086,0,0,customer-1,6.401487827301025,-2.200000047683716,0.43628026767657424,0.0,12.122779339789123,0,0,customer-2,6.70424222946167,2.549999952316284,0.4585841544780145,0.0,10.647577830631665,0,0
2,167,6.680000000000005,to_table,-3.7752935886383057,4.365975379943848,-0.3283103825295862,0.043547630310058594,0.416126012802124,0.20000000298023224,-0.5638458728790283,0.18000000715255737,0.0,1,dwa-slow-forward,1.4988933244278306,1.094630070293721,99.0,1.6000675582885742,99.0,waiter-2,0,,waiter-1,-8.62720775604248,-2.549999952316284,0.4576536765363137,0.0,8.448182401220276,0,0,waiter-2,-2.231107711791992,2.200000047683716,0.44826043604538235,0.0,2.6600675108370853,0,0,customer-1,6.418939113616943,-2.200000047683716,0.43628059901965166,0.0,12.125774767161863,0,0,customer-2,6.722585678100586,2.549999952316284,0.4585832288099656,0.0,10.653789741344317,0,0
2,168,6.720000000000005,to_table,-3.7645928859710693,4.362471580505371,-0.3365935204562657,0.12472140789031982,0.5655717849731445,0.20000000298023224,-0.558549165725708,0.20000000298023224,-0.558549165725708,0,nominal-sac-a-star,1.4889439052903195,1.098665372629045,99.0,1.6014232063293456,99.0,waiter-2,0,,waiter-1,-8.608901977539062,-2.549999952316284,0.45765469893906285,0.0,8.440947415232372,0,0,waiter-2,-2.21317720413208,2.200000047683716,0.44825875734826326,0.0,2.661423256101888,0,0,customer-1,6.436390399932861,-2.200000047683716,0.4362809303627291,0.0,12.129554561898722,0,0,customer-2,6.740929126739502,2.549999952316284,0.4585823031419167,0.0,10.66072446705836,0,0
2,169,6.760000000000005,to_table,-3.7538084983825684,4.359002590179443,-0.3504127536793777,0.8701256513595581,0.7428505420684814,0.8199999928474426,-0.32861849665641785,0.30000001192092896,0.44999998807907104,1,dwa-left-arc,1.478034839772898,0.9300251958690529,99.0,1.3923520469665527,99.0,waiter-2,0,,waiter-1,-8.590595245361328,-2.549999952316284,0.4576461845986479,0.0,8.433790498225683,0,0,waiter-2,-2.195246696472168,2.200000047683716,0.44825707865114417,0.0,2.6627817914499134,0,0,customer-1,6.453841686248779,-2.200000047683716,0.4362812617058065,0.0,12.133286360063389,0,0,customer-2,6.759272575378418,2.549999952316284,0.45858137747386785,0.0,10.667584741039901,0,0
2,170,6.800000000000005,to_table,-3.739927291870117,4.356192588806152,-0.34152260014214886,-0.2843756675720215,0.8477658033370972,0.7799999713897705,-0.30666986107826233,0.30000001192092896,0.44999998807907104,1,dwa-left-arc,1.4777166131239392,0.9455893727888998,99.0,1.3967880630493164,99.0,waiter-2,0,,waiter-1,-8.57228946685791,-2.549999952316284,0.45764720700139705,0.0,8.428951275532913,0,0,waiter-2,-2.177316665649414,2.200000047683716,0.4482601683256071,0.0,2.662877812362011,0,0,customer-1,6.471292972564697,-2.200000047683716,0.4362815930488839,0.0,12.134771574923368,0,0,customer-2,6.777616024017334,2.549999952316284,0.45858045180581897,0.0,10.671506418574607,0,0
2,171,6.840000000000005,to_table,-3.7253994941711426,4.353089809417725,-0.3306366478402014,0.4845467805862427,-0.4704325795173645,0.7799999713897705,-0.4885200262069702,0.30000001192092896,0.44999998807907104,1,dwa-left-arc,1.4789587610112007,0.946574872077351,99.0,1.4015440368652343,99.0,waiter-2,0,,waiter-1,-8.553983688354492,-2.549999952316284,0.4576482294041462,0.0,8.424243205111908,0,0,waiter-2,-2.159386157989502,2.200000047683716,0.448258489628488,0.0,2.6623661076535967,0,0,customer-1,6.488744258880615,-2.200000047683716,0.43628192439196134,0.0,12.1355559939894,0,0,customer-2,6.795958995819092,2.549999952316284,0.4585842945093521,0.0,10.674742034713143,0,0
2,172,6.880000000000005,to_table,-3.7105627059936523,4.3491997718811035,-0.31712072459336055,0.5835645198822021,0.4211207628250122,0.7799999713897705,-0.4085520803928375,0.30000001192092896,0.44999998807907104,1,dwa-left-arc,1.4798491936324627,0.9468106084608243,99.0,1.4068185710906982,99.0,waiter-2,0,,waiter-1,-8.535677909851074,-2.549999952316284,0.4576492518068953,0.0,8.419067262165171,0,0,waiter-2,-2.14145565032959,2.200000047683716,0.44825681093136893,0.0,2.6610442323691035,0,0,customer-1,6.506195545196533,-2.200000047683716,0.43628225573503876,0.0,12.13565686066686,0,0,customer-2,6.814302444458008,2.549999952316284,0.45858336884130324,0.0,10.677542152851185,0,0
2,173,6.920000000000005,to_table,-3.6954164505004883,4.345973014831543,-0.3026741460364782,-0.23853325843811035,-0.8353872895240784,0.7799999713897705,-0.5893828272819519,0.30000001192092896,0.44999998807907104,1,dwa-left-arc,1.4801613808111256,0.9462536605777583,99.0,1.412992181777954,99.0,waiter-2,0,,waiter-1,-8.517372131347656,-2.549999952316284,0.45765027420964444,0.0,8.414612275778836,0,0,waiter-2,-2.123525619506836,2.200000047683716,0.4482599006058319,0.0,2.660082848388592,0,0,customer-1,6.523646831512451,-2.200000047683716,0.4362825870781162,0.0,12.13585669398582,0,0,customer-2,6.832645893096924,2.549999952316284,0.45858244317325436,0.0,10.680150558487192,0,0
2,174,6.960000000000005,to_table,-3.6792874336242676,4.341795444488525,-0.2880114995950728,0.0419081449508667,0.8281283378601074,0.7799999713897705,-0.4230263829231262,0.30000001192092896,0.44999998807907104,1,dwa-left-arc,1.4806642784054942,0.944650095964271,99.0,1.4180888557434081,99.0,waiter-2,0,,waiter-1,-8.499066352844238,-2.549999952316284,0.45765129661239357,0.0,8.409941297154052,0,0,waiter-2,-2.105595111846924,2.200000047683716,0.4482582219087128,0.0,2.657780097260727,0,0,customer-1,6.541098117828369,-2.200000047683716,0.4362829184211936,0.0,12.134717511411086,0,0,customer-2,6.85098934173584,2.549999952316284,0.4585815175052055,0.0,10.68163190020407,0,0
2,175,7.000000000000005,to_table,-3.6627490520477295,4.33815860748291,-0.2735678980905914,0.4162724018096924,0.3691641092300415,0.7799999713897705,-0.5122644901275635,0.30000001192092896,0.44999998807907104,1,dwa-left-arc,1.4798640073001592,0.9442259510206317,99.0,1.4234048748016357,99.0,waiter-2,0,,waiter-1,-8.48076057434082,-2.549999952316284,0.4576523190151427,0.0,8.405948094883996,0,0,waiter-2,-2.0876646041870117,2.200000047683716,0.4482565432115937,0.0,2.6556756286744183,0,0,customer-1,6.558549404144287,-2.200000047683716,0.436283249764271,0.0,12.133526310627243,0,0,customer-2,6.869332790374756,2.549999952316284,0.4585805918371566,0.0,10.682802034650495,0,0
2,176,7.040000000000005,to_table,-3.6487889289855957,4.333232879638672,-0.2686776455676803,0.4163399934768677,0.37593042850494385,0.20000000298023224,-0.5476486682891846,0.18000000715255737,0.0,1,dwa-slow-forward,1.4956127473299787,1.1262292829283456,99.0,1.5940713310241699,99.0,waiter-2,0,,waiter-1,-8.462454795837402,-2.549999952316284,0.4576533414178918,0.0,8.399421009605174,0,0,waiter-2,-2.069734573364258,2.200000047683716,0.44825963288605664,0.0,2.654071395674442,0,0,customer-1,6.576000690460205,-2.200000047683716,0.43628358110734844,0.0,12.133814538082246,0,0,customer-2,6.887675762176514,2.549999952316284,0.45858443454068976,0.0,10.68630000800991,0,0
2,177,7.080000000000005,to_table,-3.63773250579834,4.330170631408691,-0.2686266513462971,0.09449172019958496,0.5120971202850342,0.20000000298023224,-0.5506440997123718,0.18000000715255737,0.0,1,dwa-slow-forward,1.4940590148484083,1.1312052977939289,99.0,1.595709981918335,99.0,waiter-2,0,,waiter-1,-8.444149017333984,-2.549999952316284,0.45765436382064095,0.0,8.392758005775988,0,0,waiter-2,-2.0518040657043457,2.200000047683716,0.44825795418893755,0.0,2.655710024243267,0,0,customer-1,6.593451976776123,-2.200000047683716,0.43628391245042586,0.0,12.137555973693825,0,0,customer-2,6.90601921081543,2.549999952316284,0.4585835088726409,0.0,10.692974698758814,0,0
2,178,7.120000000000005,to_table,-3.626976251602173,4.327381134033203,-0.277487733924385,0.14913558959960938,0.5423617362976074,0.20000000298023224,-0.5594473481178284,0.20000000298023224,-0.5594473481178284,0,nominal-sac-a-star,1.4909609899309353,1.1344875308117628,99.0,1.5977672958374023,99.0,waiter-2,0,,waiter-1,-8.42584228515625,-2.549999952316284,0.457645849480226,0.0,8.386148449370348,0,0,waiter-2,-2.0338735580444336,2.200000047683716,0.44825627549181846,0.0,2.657767198002573,0,0,customer-1,6.610903739929199,-2.200000047683716,0.43627947542192125,0.0,12.141700532150782,0,0,customer-2,6.924362659454346,2.549999952316284,0.458582583204592,0.0,10.699992368272829,0,0
2,179,7.1600000000000055,to_table,-3.6162147521972656,4.324718475341797,-0.2921291597322462,-0.19576877355575562,0.6035182476043701,0.20000000298023224,-0.5539846420288086,0.20000000298023224,-0.5539846420288086,0,nominal-sac-a-star,1.5345760248903098,99.0,99.0,1.599942865371704,99.0,waiter-2,0,,waiter-1,-8.407536506652832,-2.549999952316284,0.45764687188297515,0.0,8.379649014982714,0,0,waiter-2,-2.0159435272216797,2.200000047683716,0.4482593651662814,0.0,2.6599429298980626,0,0,customer-1,6.628355026245117,-2.200000047683716,0.43627980676499867,0.0,12.145911318220929,0,0,customer-2,6.942706108093262,2.549999952316284,0.4585816575365431,0.0,10.707027391851032,0,0
2,180,7.2000000000000055,to_table,-3.6055829524993896,4.322392463684082,-0.3082117066559304,-0.131422221660614,0.5842822790145874,0.20000000298023224,-0.54765784740448,0.20000000298023224,-0.54765784740448,0,nominal-sac-a-star,1.5367912830782178,99.0,99.0,1.6024858379364013,99.0,waiter-2,0,,waiter-1,-8.389230728149414,-2.549999952316284,0.4576478942857243,0.0,8.373354379278402,0,0,waiter-2,-1.9980130195617676,2.200000047683716,0.4482576864691623,0.0,2.662485804052473,0,0,customer-1,6.645806312561035,-2.200000047683716,0.4362801381080761,0.0,12.150415052011303,0,0,customer-2,6.961049556732178,2.549999952316284,0.45858073186849424,0.0,10.714247421051189,0,0
2,181,7.2400000000000055,to_table,-3.5943214893341064,4.320580005645752,-0.32010141038293743,-0.00534898042678833,0.4144178628921509,0.20000000298023224,-0.5583074688911438,0.20000000298023224,-0.5583074688911438,0,nominal-sac-a-star,1.539372711282553,99.0,99.0,1.6050750637054443,99.0,waiter-2,0,,waiter-1,-8.370924949645996,-2.549999952316284,0.4576489166884734,0.0,8.3678437829475,0,0,waiter-2,-1.9800829887390137,2.200000047683716,0.44826077614362525,0.0,2.6650751011770315,0,0,customer-1,6.663257598876953,-2.200000047683716,0.4362804694511535,0.0,12.15466548214236,0,0,customer-2,6.9793925285339355,2.549999952316284,0.4585845745720274,0.0,10.720931949084806,0,0
2,182,7.280000000000006,to_table,-3.5858516693115234,4.316789150238037,-0.33059196344283337,0.22367775440216064,0.981492280960083,0.20000000298023224,-0.48733484745025635,0.20000000298023224,-0.48733484745025635,0,nominal-sac-a-star,1.5419963672220423,99.0,99.0,1.607807102203369,99.0,waiter-2,0,,waiter-1,-8.352619171142578,-2.549999952316284,0.45764993909122254,0.0,8.359118673369307,0,0,waiter-2,-1.9621524810791016,2.200000047683716,0.44825909744650616,0.0,2.6678071816679996,0,0,customer-1,6.680708885192871,-2.200000047683716,0.4362808007942309,0.0,12.16021410458941,0,0,customer-2,6.997735977172852,2.549999952316284,0.4585836489039785,0.0,10.730045272071767,0,0
2,183,7.320000000000006,to_table,-3.573295831680298,4.314525127410889,-0.34103318512863184,-0.5157309174537659,0.5167590379714966,0.20000000298023224,-0.5363126397132874,0.20000000298023224,-0.5363126397132874,0,nominal-sac-a-star,1.5447805559830936,99.0,99.0,1.609287919998169,99.0,waiter-2,0,,waiter-1,-8.33431339263916,-2.549999952316284,0.45765096149397166,0.0,8.353980655110593,0,0,waiter-2,-1.9442219734191895,2.200000047683716,0.44825741874938707,0.0,2.669287910373278,0,0,customer-1,6.698160171508789,-2.200000047683716,0.43628113213730835,0.0,12.163134739136558,0,0,customer-2,7.016079425811768,2.549999952316284,0.45858272323592963,0.0,10.735381569256297,0,0
2,184,7.360000000000006,to_table,-3.5649895668029785,4.310843467712402,-0.35417478360721155,-0.6335278153419495,-0.9083743095397949,0.20000000298023224,-0.7078534364700317,0.20000000298023224,-0.7078534364700317,0,nominal-sac-a-star,1.546291087272162,99.0,99.0,1.6122631454467773,99.0,waiter-2,0,,waiter-1,-8.316007614135742,-2.549999952316284,0.4576519838967208,0.0,8.345258828834043,0,0,waiter-2,-1.9262919425964355,2.200000047683716,0.44826050842385,0.0,2.672263057309024,0,0,customer-1,6.715611457824707,-2.200000047683716,0.43628146348038577,0.0,12.168888228164128,0,0,customer-2,7.034422874450684,2.549999952316284,0.45858179756788076,0.0,10.744678403075426,0,0
2,185,7.400000000000006,to_table,-3.555997371673584,4.306796073913574,-0.36810845286158517,-0.8395545482635498,-0.24825245141983032,0.20000000298023224,-0.6189059615135193,0.20000000298023224,-0.6189059615135193,0,nominal-sac-a-star,1.5493185582736908,99.0,99.0,1.6145641231536865,99.0,waiter-2,0,,waiter-1,-8.297701835632324,-2.549999952316284,0.4576530062994699,0.0,8.336630792403357,0,0,waiter-2,-1.9083614349365234,2.200000047683716,0.4482588297267309,0.0,2.674564203036699,0,0,customer-1,6.733062744140625,-2.200000047683716,0.4362817948234632,0.0,12.173871768458556,0,0,customer-2,7.0527663230896,2.549999952316284,0.4585808718998319,0.0,10.753241359896311,0,0
2,186,7.440000000000006,to_table,-3.546257257461548,4.303130626678467,-0.3832418497043961,-0.8763518333435059,-0.04415762424468994,0.20000000298023224,-0.5843420624732971,0.20000000298023224,-0.5843420624732971,0,nominal-sac-a-star,1.5516698231271575,99.0,99.0,1.61673659324646,99.0,waiter-2,0,,waiter-1,-8.279396057128906,-2.549999952316284,0.45765402870221905,0.0,8.32874550155481,0,0,waiter-2,-1.8904309272766113,2.200000047683716,0.44825715102961183,0.0,2.676736645252295,0,0,customer-1,6.750514030456543,-2.200000047683716,0.4362821261665406,0.0,12.178432063427735,0,0,customer-2,7.071109294891357,2.549999952316284,0.45858471460336503,0.0,10.761130966046823,0,0
2,187,7.480000000000006,to_table,-3.5357460975646973,4.299140453338623,-0.40293294166163623,-0.5486372113227844,-0.6745617985725403,0.20000000298023224,-0.6501191854476929,0.20000000298023224,-0.6501191854476929,0,nominal-sac-a-star,1.5538878404745962,99.0,99.0,1.618203821182251,99.0,waiter-2,0,,waiter-1,-8.261090278625488,-2.549999952316284,0.4576550511049682,0.0,8.321033705367364,0,0,waiter-2,-1.8725008964538574,2.200000047683716,0.4482602407040748,0.0,2.6782036968220484,0,0,customer-1,6.767965316772461,-2.200000047683716,0.436282457509618,0.0,12.182171241694592,0,0,customer-2,7.089452743530273,2.549999952316284,0.45858378893531615,0.0,10.768209828245482,0,0
2,188,7.520000000000006,to_table,-3.527381420135498,4.295215606689453,-0.41032513609635485,-0.22705841064453125,0.11575651168823242,0.7799999713897705,-0.5407201051712036,0.30000001192092896,0.44999998807907104,1,dwa-left-arc,1.4877676494670884,1.111466075782728,99.0,1.4009038829803466,99.0,waiter-2,0,,waiter-1,-8.242783546447754,-2.549999952316284,0.45764653676455325,0.0,8.312159362168435,0,0,waiter-2,-1.8545703887939453,2.200000047683716,0.4482585620069557,0.0,2.6810865307329625,0,0,customer-1,6.785416603088379,-2.200000047683716,0.43628278885269545,0.0,12.18776556488615,0,0,customer-2,7.1077961921691895,2.549999952316284,0.45858286326726727,0.0,10.777419938256838,0,0
2,189,7.560000000000006,to_table,-3.5128378868103027,4.292225360870361,-0.39679165528964855,0.3725045919418335,-0.770266592502594,0.7799999713897705,-0.6449422836303711,0.30000001192092896,0.44999998807907104,1,dwa-left-arc,1.4897411361150028,1.1232034623649656,99.0,1.405717077255249,99.0,waiter-2,0,,waiter-1,-8.224477767944336,-2.549999952316284,0.4576475591673024,0.0,8.307562675412376,0,0,waiter-2,-1.8366398811340332,2.200000047683716,0.4482568833098366,0.0,2.680866747037618,0,0,customer-1,6.802867889404297,-2.200000047683716,0.43628312019577287,0.0,12.188633082380584,0,0,customer-2,7.1261396408081055,2.549999952316284,0.4585819375992184,0.0,10.780686073130083,0,0
2,190,7.600000000000006,to_table,-3.500023365020752,4.288191795349121,-0.39140109380112864,0.345298171043396,-0.7478455305099487,0.20000000298023224,-0.6762934327125549,0.18000000715255737,0.0,1,dwa-slow-forward,1.520414494945384,1.1782309742780421,99.0,1.6209251308441162,99.0,waiter-2,0,,waiter-1,-8.206171989440918,-2.549999952316284,0.4576485815700515,0.0,8.301126505057676,0,0,waiter-2,-1.8187098503112793,2.200000047683716,0.44825997298429954,0.0,2.680925196599603,0,0,customer-1,6.820319175720215,-2.200000047683716,0.4362834515388503,0.0,12.190410310987303,0,0,customer-2,7.1444830894470215,2.549999952316284,0.4585810119311695,0.0,10.785491576297854,0,0
2,191,7.640000000000006,to_table,-3.489694118499756,4.2839274406433105,-0.3913893201016904,-0.18033373355865479,-0.7787916660308838,0.20000000298023224,-0.7007541060447693,0.18000000715255737,0.0,1,dwa-slow-forward,1.520522256345748,1.1832501375005167,99.0,1.6223844909667968,99.0,waiter-2,0,,waiter-1,-8.1878662109375,-2.549999952316284,0.45764960397280063,0.0,8.293092584941059,0,0,waiter-2,-1.8007793426513672,2.200000047683716,0.44825829428718045,0.0,2.682384480123307,0,0,customer-1,6.837770462036133,-2.200000047683716,0.4362837828819277,0.0,12.194172392421969,0,0,customer-2,7.162826061248779,2.549999952316284,0.45858485463470267,0.0,10.79271470551899,0,0
2,192,7.680000000000006,to_table,-3.479443311691284,4.2798333168029785,-0.39895631822936245,-0.17398178577423096,-0.7812499403953552,0.20000000298023224,-0.7115468382835388,0.20000000298023224,-0.7115468382835388,0,nominal-sac-a-star,1.5197997838162403,1.1885287844955486,99.0,1.6240527057647705,99.0,waiter-2,0,,waiter-1,-8.169560432434082,-2.549999952316284,0.45765062637554976,0.0,8.285156672643737,0,0,waiter-2,-1.782848834991455,2.200000047683716,0.44825661559006136,0.0,2.6840527650744286,0,0,customer-1,6.855221748352051,-2.200000047683716,0.4362841142250051,0.0,12.198095848729647,0,0,customer-2,7.181169509887695,2.549999952316284,0.4585839289666538,0.0,10.800045796222602,0,0
2,193,7.720000000000006,to_table,-3.469203233718872,4.2758660316467285,-0.41521683724584735,-0.43067455291748047,-0.7625365853309631,0.20000000298023224,-0.7108866572380066,0.20000000298023224,-0.7108866572380066,0,nominal-sac-a-star,1.5614449247127995,99.0,99.0,1.6258527660369873,99.0,waiter-2,0,,waiter-1,-8.151254653930664,-2.549999952316284,0.4576516487782989,0.0,8.277321543381687,0,0,waiter-2,-1.7649188041687012,2.200000047683716,0.4482597052645243,0.0,2.685852751023756,0,0,customer-1,6.872673511505127,-2.200000047683716,0.4362796771965005,0.0,12.202100478640045,0,0,customer-2,7.199512958526611,2.549999952316284,0.4585830032986049,0.0,10.807410370410869,0,0
2,194,7.760000000000006,to_table,-3.4589061737060547,4.272090911865234,-0.4320128201158426,-0.47287797927856445,-0.3635324239730835,0.20000000298023224,-0.654369592666626,0.20000000298023224,-0.654369592666626,0,nominal-sac-a-star,1.5632886401894628,99.0,99.0,1.6277915859222412,99.0,waiter-2,0,,waiter-1,-8.132948875427246,-2.549999952316284,0.457652671181048,0.0,8.269679494192147,0,0,waiter-2,-1.746988296508789,2.200000047683716,0.4482580265674052,0.0,2.687791540966692,0,0,customer-1,6.890124797821045,-2.200000047683716,0.43628000853957793,0.0,12.206162518920612,0,0,customer-2,7.217856407165527,2.549999952316284,0.45858207763055603,0.0,10.81475179933686,0,0
2,195,7.800000000000006,to_table,-3.4484620094299316,4.268918037414551,-0.45041182090815074,0.11006808280944824,-0.834514856338501,0.20000000298023224,-0.7022889256477356,0.20000000298023224,-0.7022889256477356,0,nominal-sac-a-star,1.5652698322924228,99.0,99.0,1.6301249885559081,99.0,waiter-2,0,,waiter-1,-8.114643096923828,-2.549999952316284,0.45765369358379715,0.0,8.262619953256989,0,0,waiter-2,-1.729057788848877,2.200000047683716,0.4482563478702861,0.0,2.6901250011818827,0,0,customer-1,6.907576084136963,-2.200000047683716,0.43628033988265535,0.0,12.210422850463454,0,0,customer-2,7.236199855804443,2.549999952316284,0.45858115196250715,0.0,10.822045950635749,0,0
2,196,7.840000000000006,to_table,-3.4379334449768066,4.265104293823242,-0.46883356244245916,0.09049773216247559,-0.834869921207428,0.20000000298023224,-0.6931479573249817,0.20000000298023224,-0.6931479573249817,0,nominal-sac-a-star,1.5676429761877002,99.0,99.0,1.631934823989868,99.0,waiter-2,0,,waiter-1,-8.09633731842041,-2.549999952316284,0.4576547159865463,0.0,8.255081618849287,0,0,waiter-2,-1.711127758026123,2.200000047683716,0.44825943754474906,0.0,2.691934885525414,0,0,customer-1,6.925027370452881,-2.200000047683716,0.4362806712257328,0.0,12.214275705448246,0,0,customer-2,7.254542827606201,2.549999952316284,0.4585849946660403,0.0,10.829156557276592,0,0
2,197,7.880000000000006,to_table,-3.4273335933685303,4.261016845703125,-0.4866928894977793,0.0991506576538086,-0.850106418132782,0.20000000298023224,-0.6855156421661377,0.20000000298023224,-0.6855156421661377,0,nominal-sac-a-star,1.5694944529674189,99.0,99.0,1.633514347076416,99.0,waiter-2,0,,waiter-1,-8.078030586242676,-2.549999952316284,0.45764620164613135,0.0,8.247359113221103,0,0,waiter-2,-1.693197250366211,2.200000047683716,0.44825775884763,0.0,2.6935142653863253,0,0,customer-1,6.942478656768799,-2.200000047683716,0.4362810025688102,0.0,12.217927213718715,0,0,customer-2,7.272886276245117,2.549999952316284,0.4585840689979914,0.0,10.83615633273763,0,0
2,198,7.920000000000006,to_table,-3.4171369075775146,4.255653381347656,-0.5041968840639725,0.12889361381530762,-0.8420380353927612,0.20000000298023224,-0.6759951710700989,0.20000000298023224,-0.6759951710700989,0,nominal-sac-a-star,1.571115579067127,99.0,99.0,1.6344053173065185,99.0,waiter-2,0,,waiter-1,-8.059724807739258,-2.549999952316284,0.4576472240488805,0.0,8.238357828398772,0,0,waiter-2,-1.675267219543457,2.200000047683716,0.4482608485220929,0.0,2.694405433169911,0,0,customer-1,6.959929943084717,-2.200000047683716,0.4362813339118876,0.0,12.221251066027467,0,0,customer-2,7.291229724884033,2.549999952316284,0.45858314332994254,0.0,10.843356009796153,0,0
2,199,7.960000000000006,to_table,-3.4068491458892822,4.249742031097412,-0.5201671847224059,0.14484453201293945,-0.8033812046051025,0.20000000298023224,-0.6613514423370361,0.20000000298023224,-0.6613514423370361,0,nominal-sac-a-star,1.5720543764760642,99.0,99.0,1.6348535442352294,99.0,waiter-2,0,,waiter-1,-8.04141902923584,-2.549999952316284,0.4576482464516296,0.0,8.228956740961866,0,0,waiter-2,-1.657336711883545,2.200000047683716,0.4482591698249738,0.0,2.6948536055432384,0,0,customer-1,6.977381229400635,-2.200000047683716,0.43628166525496503,0.0,12.224214223004015,0,0,customer-2,7.309573173522949,2.549999952316284,0.45858221766189367,0.0,10.850383885484229,0,0
2,200,8.000000000000005,to_table,-3.396099328994751,4.242921352386475,-0.5213190618073181,0.16874969005584717,-0.7929169535636902,0.7799999713897705,-0.6518862247467041,0.30000001192092896,0.44999998807907104,1,dwa-left-arc,1.4897540047155062,1.2325296207802527,99.0,1.3997375392913818,99.0,waiter-2,0,,waiter-1,-8.023113250732422,-2.549999952316284,0.45764926885437873,0.0,8.219065499425032,0,0,waiter-2,-1.6394062042236328,2.200000047683716,0.44825749112785473,0.0,2.6943455962119147,0,0,customer-1,6.994832515716553,-2.200000047683716,0.43628199659804245,0.0,12.226311822005764,0,0,customer-2,7.327916622161865,2.549999952316284,0.4585812919938448,0.0,10.856818179719008,0,0
2,201,8.040000000000004,to_table,-3.3832197189331055,4.236155033111572,-0.5145754206672826,0.6623156070709229,-0.8910801410675049,0.7799999713897705,-0.4278711974620819,0.30000001192092896,0.44999998807907104,1,dwa-left-arc,1.489280610605681,1.2406785851756326,99.0,1.4003281021118164,99.0,waiter-2,0,,waiter-1,-8.004807472229004,-2.549999952316284,0.4576502912571101,0.0,8.210418554961858,0,0,waiter-2,-1.621476173400879,2.200000047683716,0.4482605808023177,0.0,2.692520648928653,0,0,customer-1,7.012283802032471,-2.200000047683716,0.436282327941111,0.0,12.226634274339553,0,0,customer-2,7.346260070800781,2.549999952316284,0.4585803663257959,0.0,10.861162714682056,0,0
2,202,8.080000000000004,to_table,-3.370453119277954,4.230097770690918,-0.5047416119783928,0.5867645740509033,-0.8891841173171997,0.7799999713897705,-0.44451549649238586,0.30000001192092896,0.44999998807907104,1,dwa-left-arc,1.4885269850289982,1.2490812020878532,99.0,1.4020532989501953,99.0,waiter-2,0,,waiter-1,-7.986501693725586,-2.549999952316284,0.45765131365984146,0.0,8.20229416536541,0,0,waiter-2,-1.6035456657409668,2.200000047683716,0.4482589021051986,0.0,2.691330287111485,0,0,customer-1,7.029735088348389,-2.200000047683716,0.43628265928417953,0.0,12.22743115735747,0,0,customer-2,7.364603042602539,2.549999952316284,0.45858420902932906,0.0,10.865733269229258,0,0
2,203,8.120000000000003,to_table,-3.35825252532959,4.222810745239258,-0.49170272179678554,0.5359987020492554,-0.8875094652175903,0.7799999713897705,-0.4662395715713501,0.30000001192092896,0.44999998807907104,1,dwa-left-arc,1.4888262040619837,1.2568224984466283,99.0,1.404104652404785,99.0,waiter-2,0,,waiter-1,-7.968195915222168,-2.549999952316284,0.45765233606257283,0.0,8.192834845335103,0,0,waiter-2,-1.5856151580810547,2.200000047683716,0.4482572234080795,0.0,2.689610818298989,0,0,customer-1,7.047186374664307,-2.200000047683716,0.43628299062724807,0.0,12.22806841586986,0,0,customer-2,7.382946491241455,2.549999952316284,0.4585832833612802,0.0,10.870678555752919,0,0
2,204,8.160000000000002,to_table,-3.345034122467041,4.216299057006836,-0.4784928335971348,0.46666765213012695,-0.8936378955841064,0.7799999713897705,-0.49064892530441284,0.30000001192092896,0.44999998807907104,1,dwa-left-arc,1.489074356192325,1.2657517346553402,99.0,1.4060711288452148,99.0,waiter-2,0,,waiter-1,-7.94989013671875,-2.549999952316284,0.4576533584653042,0.0,8.184589250265232,0,0,waiter-2,-1.5676851272583008,2.200000047683716,0.44826031308254244,0.0,2.6878301928817816,0,0,customer-1,7.064637660980225,-2.200000047683716,0.4362833219703166,0.0,12.22825256690223,0,0,customer-2,7.401289939880371,2.549999952316284,0.4585823576932313,0.0,10.87474291922708,0,0
2,205,8.200000000000001,to_table,-3.3312997817993164,4.2104411125183105,-0.46581485667248235,0.6317844390869141,-0.9007691144943237,0.7799999713897705,-0.5184829831123352,0.30000001192092896,0.44999998807907104,1,dwa-left-arc,1.489285139124381,1.27412747611641,99.0,1.4081148529052734,99.0,waiter-2,0,,waiter-1,-7.931583881378174,-2.549999952316284,0.45764961249645353,0.0,8.17717415663504,0,0,waiter-2,-1.5497546195983887,2.200000047683716,0.44825863438542335,0.0,2.686219730426904,0,0,customer-1,7.082088947296143,-2.200000047683716,0.43628365331338514,0.0,12.228344969441476,0,0,customer-2,7.419633388519287,2.549999952316284,0.4585814320251824,0.0,10.878401945099743,0,0
2,206,8.24,to_table,-3.315737247467041,4.203083515167236,-0.4549049402000517,0.6473138332366943,-0.8989817500114441,0.7799999713897705,-0.5469298958778381,0.30000001192092896,0.44999998807907104,1,dwa-left-arc,1.4895994551371636,1.2820111117264383,99.0,1.4075383567810058,99.0,waiter-2,0,,waiter-1,-7.913278102874756,-2.549999952316284,0.4576506348991849,0.0,8.169548227163014,0,0,waiter-2,-1.5318241119384766,2.200000047683716,0.44825695568830426,0.0,2.6822918284215755,0,0,customer-1,7.0995402336120605,-2.200000047683716,0.4362839846564537,0.0,12.226098483192644,0,0,customer-2,7.437976837158203,2.549999952316284,0.45858050635713354,0.0,10.880029957662586,0,0
2,207,8.28,to_table,-3.300624370574951,4.19694185256958,-0.44270522560391845,0.6422780752182007,-0.884954035282135,0.7799999713897705,-0.5731609463691711,0.30000001192092896,0.44999998807907104,1,dwa-left-arc,1.4870992065262625,1.2917582961694152,99.0,1.408508243560791,99.0,waiter-2,0,,waiter-1,-7.894972324371338,-2.549999952316284,0.45765165730191626,0.0,8.162674613082991,0,0,waiter-2,-1.5138940811157227,2.200000047683716,0.4482600453627672,0.0,2.6795861059820174,0,0,customer-1,7.116991996765137,-2.200000047683716,0.4362795476279402,0.0,12.224876132390396,0,0,customer-2,7.456319808959961,2.549999952316284,0.4585843490606667,0.0,10.882291381158655,0,0
2,208,8.319999999999999,to_table,-3.2849762439727783,4.190767765045166,-0.4303880313693922,0.6474337577819824,-0.8791336417198181,0.7799999713897705,-0.5821301937103271,0.30000001192092896,0.44999998807907104,1,dwa-left-arc,1.4859480981482323,1.3003200161859543,99.0,1.4092182540893554,99.0,waiter-2,0,,waiter-1,-7.876666069030762,-2.549999952316284,0.4576479113330656,0.0,8.15607533492447,0,0,waiter-2,-1.4959635734558105,2.200000047683716,0.4482583666656481,0.0,2.676513112196309,0,0,customer-1,7.134443283081055,-2.200000047683716,0.4362798789710087,0.0,12.223183567179305,0,0,customer-2,7.474663257598877,2.549999952316284,0.4585834233926178,0.0,10.884023209230502,0,0
2,209,8.359999999999998,to_table,-3.268890380859375,4.183096885681152,-0.41622582472289626,0.6544051170349121,-0.875088632106781,0.7799999713897705,-0.4103580117225647,0.30000001192092896,0.44999998807907104,1,dwa-left-arc,1.4844572101780624,1.2912261869591266,99.0,1.4092428112030029,99.0,waiter-2,0,,waiter-1,-7.858360290527344,-2.549999952316284,0.45764893373579696,0.0,8.148486183433018,0,0,waiter-2,-1.4780330657958984,2.200000047683716,0.448256687968529,0.0,2.6720484635933897,0,0,customer-1,7.151894569396973,-2.200000047683716,0.43628021031407727,0.0,12.220339006763322,0,0,customer-2,7.493006706237793,2.549999952316284,0.45858249772456894,0.0,10.885101492730154,0,0
2,210,8.399999999999997,to_table,-3.2527570724487305,4.175966262817383,-0.4023242188023337,0.6616476774215698,-0.8713147044181824,0.7799999713897705,-0.4357348382472992,0.30000001192092896,0.44999998807907104,1,dwa-left-arc,1.4818329900355156,1.2778711432042915,99.0,1.4096972370147705,99.0,waiter-2,0,,waiter-1,-7.840054512023926,-2.549999952316284,0.4576499561385283,0.0,8.141370850554141,0,0,waiter-2,-1.4601030349731445,2.200000047683716,0.44825977764299196,0.0,2.667967575032948,0,0,customer-1,7.169345855712891,-2.200000047683716,0.4362805416571458,0.0,12.217740209950449,0,0,customer-2,7.511350154876709,2.549999952316284,0.45858157205652006,0.0,10.886219309027553,0,0
2,211,8.439999999999996,to_table,-3.236743927001953,4.169411659240723,-0.38854203628617423,0.663770318031311,-0.926420271396637,0.7799999713897705,-0.4692835509777069,0.30000001192092896,0.44999998807907104,1,dwa-left-arc,1.4795804968273094,1.2645411619927336,99.0,1.4107634449005126,99.0,waiter-2,0,,waiter-1,-7.821748733520508,-2.549999952316284,0.4576509785412597,0.0,8.134664189831403,0,0,waiter-2,-1.4421725273132324,2.200000047683716,0.4482580989458729,0.0,2.6644077398769697,0,0,customer-1,7.186797142028809,-2.200000047683716,0.43628087300021434,0.0,12.215548039694209,0,0,customer-2,7.529693603515625,2.549999952316284,0.4585806463884712,0.0,10.887546618731943,0,0
2,212,8.479999999999995,to_table,-3.220439910888672,4.162455081939697,-0.3745522018105808,0.674130916595459,-0.9271267056465149,0.7799999713897705,-0.4975203275680542,0.30000001192092896,0.44999998807907104,1,dwa-left-arc,1.4777524593085287,1.2514267804098942,99.0,1.4115840816497802,99.0,waiter-2,0,,waiter-1,-7.80344295501709,-2.549999952316284,0.45765200094399106,0.0,8.1277899511121,0,0,waiter-2,-1.4242420196533203,2.200000047683716,0.4482564202487538,0.0,2.6603677614109986,0,0,customer-1,7.204248428344727,-2.200000047683716,0.4362812043432829,0.0,12.212901467162505,0,0,customer-2,7.548036575317383,2.549999952316284,0.45858448909200433,0.0,10.88853054268672,0,0
2,213,8.519999999999994,to_table,-3.204209089279175,4.156219005584717,-0.3606217979834043,0.028586149215698242,-0.6829681396484375,0.7799999713897705,-0.4970370829105377,0.30000001192092896,0.44999998807907104,1,dwa-left-arc,1.475226134696078,1.2381863417357313,99.0,1.413095178604126,99.0,waiter-2,0,,waiter-1,-7.785137176513672,-2.549999952316284,0.4576530233467224,0.0,8.1214699932786,0,0,waiter-2,-1.4063119888305664,2.200000047683716,0.4482595099232167,0.0,2.656920509735433,0,0,customer-1,7.2216997146606445,-2.200000047683716,0.4362815356863514,0.0,12.21069592780045,0,0,customer-2,7.566380023956299,2.549999952316284,0.45858356342395545,0.0,10.889698319661067,0,0
2,214,8.559999999999993,to_table,-3.18757700920105,4.1496686935424805,-0.34636309484811484,0.017966866493225098,-0.8057170510292053,0.7799999713897705,-0.5423628687858582,0.30000001192092896,0.44999998807907104,1,dwa-left-arc,1.4733036601810445,1.225126758998502,99.0,1.4143850231170654,99.0,waiter-2,0,,waiter-1,-7.766830921173096,-2.549999952316284,0.45764927737787175,0.0,8.115117149777587,0,0,waiter-2,-1.3883814811706543,2.200000047683716,0.44825783122609764,0.0,2.652981789747024,0,0,customer-1,7.2391510009765625,-2.200000047683716,0.43628186702941996,0.0,12.207987144551204,0,0,customer-2,7.584723472595215,2.549999952316284,0.4585826377559066,0.0,10.890426885653484,0,0
2,215,8.599999999999993,to_table,-3.170846462249756,4.143668174743652,-0.332693231263151,0.04441547393798828,-0.803865373134613,0.7799999713897705,-0.5923490524291992,0.30000001192092896,0.44999998807907104,1,dwa-left-arc,1.4617654021417477,1.2118647207479125,99.0,1.4159483337402343,99.0,waiter-2,0,,waiter-1,-7.748525142669678,-2.549999952316284,0.4576502997806031,0.0,8.109274634416394,0,0,waiter-2,-1.3704509735107422,2.200000047683716,0.44825615252897855,0.0,2.649390440086261,0,0,customer-1,7.2566022872924805,-2.200000047683716,0.4362821983724885,0.0,12.205482945814342,0,0,customer-2,7.603066921234131,2.549999952316284,0.4585817120878577,0.0,10.891142639686068,0,0
2,216,8.639999999999992,to_table,-3.154059648513794,4.137824535369873,-0.3189510179021611,0.06712496280670166,-0.7795628905296326,0.7799999713897705,-0.6182833313941956,0.30000001192092896,0.44999998807907104,1,dwa-left-arc,1.4466474604849728,1.1984822572679448,99.0,1.4177700901031494,99.0,waiter-2,0,,waiter-1,-7.73021936416626,-2.549999952316284,0.4576513221833345,0.0,8.103593901551031,0,0,waiter-2,-1.3525209426879883,2.200000047683716,0.4482592422034415,0.0,2.645884625917131,0,0,customer-1,7.274053573608398,-2.200000047683716,0.43628252971555703,0.0,12.203014620123918,0,0,customer-2,7.621410369873047,2.549999952316284,0.4585807864198088,0.0,10.8918290944957,0,0
2,217,8.67999999999999,to_table,-3.137174606323242,4.132198810577393,-0.3051062998322085,0.21677279472351074,-0.6718996167182922,0.7799999713897705,-0.6351273059844971,0.30000001192092896,0.44999998807907104,1,dwa-left-arc,1.431992859021125,1.1851762616622892,99.0,1.4198753261566162,99.0,waiter-2,0,,waiter-1,-7.711913585662842,-2.549999952316284,0.45765234458606585,0.0,8.098148988250767,0,0,waiter-2,-1.3345904350280762,2.200000047683716,0.4482575635063224,0.0,2.6424802277276807,0,0,customer-1,7.291504859924316,-2.200000047683716,0.43628286105862557,0.0,12.200577764610033,0,0,customer-2,7.639753341674805,2.549999952316284,0.45858462912334197,0.0,10.8924528561488,0,0
2,218,8.71999999999999,to_table,-3.121657609939575,4.12824010848999,-0.29952633252200933,0.23055732250213623,-0.6674326062202454,0.20000000298023224,-0.6654877066612244,0.20000000298023224,0.0,1,dwa-slow-forward,1.1695773877277373,1.3296120729379253,99.0,1.5812353515625,99.0,waiter-2,0,,waiter-1,-7.693607330322266,-2.549999952316284,0.4576485986172152,0.0,8.093306775074398,0,0,waiter-2,-1.3166604042053223,2.200000047683716,0.44826065318078534,0.0,2.6412354391092525,0,0,customer-1,7.308956146240234,-2.200000047683716,0.4362831924016941,0.0,12.200177326777546,0,0,customer-2,7.658096790313721,2.549999952316284,0.4585837034552931,0.0,10.894675163598937,0,0
2,219,8.75999999999999,to_table,-3.1102828979492188,4.1247406005859375,-0.299492595914584,-0.2799820899963379,-0.7455083131790161,0.20000000298023224,-0.6965923309326172,0.18000000715255737,0.0,1,dwa-slow-forward,1.1868204622486576,1.357708571906801,99.0,1.5831703567504882,99.0,waiter-2,0,,waiter-1,-7.675301551818848,-2.549999952316284,0.45764962101994655,0.0,8.08650460698163,0,0,waiter-2,-1.2987298965454102,2.200000047683716,0.44825897448366625,0.0,2.6431705342034775,0,0,customer-1,7.326407432556152,-2.200000047683716,0.43628352374476265,0.0,12.203558879390009,0,0,customer-2,7.676440238952637,2.549999952316284,0.4585827777872442,0.0,10.901064358193953,0,0
2,220,8.799999999999988,to_table,-3.099424123764038,4.121484279632568,-0.3080381320960827,-0.31125444173812866,-0.784611165523529,0.20000000298023224,-0.7118371725082397,0.20000000298023224,-0.7118371725082397,0,nominal-sac-a-star,1.2415211016346426,1.4098121524177507,99.0,1.5856563472747802,99.0,waiter-2,0,,waiter-1,-7.65699577331543,-2.549999952316284,0.4576506434226779,0.0,8.079613926292318,0,0,waiter-2,-1.280799388885498,2.200000047683716,0.44825729578654716,0.0,2.645656360894232,0,0,customer-1,7.34385871887207,-2.200000047683716,0.4362838550878312,0.0,12.207510828658032,0,0,customer-2,7.694783687591553,2.549999952316284,0.45858185211919533,0.0,10.908000974776762,0,0
2,221,8.839999999999987,to_table,-3.088522434234619,4.1182332038879395,-0.3264460420034558,-0.5516675710678101,-0.8172831535339355,0.20000000298023224,-0.715688169002533,0.20000000298023224,-0.715688169002533,0,nominal-sac-a-star,1.524036168344142,99.0,99.0,1.5881366157531738,99.0,waiter-2,0,,waiter-1,-7.638689994812012,-2.549999952316284,0.4576516658254093,0.0,8.072754068769354,0,0,waiter-2,-1.2628693580627441,2.200000047683716,0.4482603854610101,0.0,2.6481366271582454,0,0,customer-1,7.3613104820251465,-2.200000047683716,0.4362794180593177,0.0,12.211432323810824,0,0,customer-2,7.713127136230469,2.549999952316284,0.45858092645114645,0.0,10.914897570498022,0,0
2,222,8.879999999999987,to_table,-3.077651023864746,4.114927768707275,-0.3450142730126294,-0.6404237747192383,-0.8254688382148743,0.20000000298023224,-0.7048385739326477,0.20000000298023224,-0.7048385739326477,0,nominal-sac-a-star,1.5265524954600806,99.0,99.0,1.5906192684173583,99.0,waiter-2,0,,waiter-1,-7.620384216308594,-2.549999952316284,0.45765268822814065,0.0,8.06583451257211,0,0,waiter-2,-1.244938850402832,2.200000047683716,0.448258706763891,0.0,2.6506191894536597,0,0,customer-1,7.3787617683410645,-2.200000047683716,0.43627974940238623,0.0,12.215354346364006,0,0,customer-2,7.731470108032227,2.549999952316284,0.4585847691546796,0.0,10.921817555450007,0,0
2,223,8.919999999999986,to_table,-3.066875457763672,4.111485958099365,-0.3640624956175594,-0.6603634357452393,-0.8278270959854126,0.20000000298023224,-0.6933143138885498,0.20000000298023224,-0.6933143138885498,0,nominal-sac-a-star,1.5290709175781445,99.0,99.0,1.593090476989746,99.0,waiter-2,0,,waiter-1,-7.602077960968018,-2.549999952316284,0.45764894225929,0.0,8.058750292677965,0,0,waiter-2,-1.22700834274292,2.200000047683716,0.4482570280667719,0.0,2.653090534952083,0,0,customer-1,7.396213054656982,-2.200000047683716,0.43628008074545477,0.0,12.219291175020944,0,0,customer-2,7.749813556671143,2.549999952316284,0.4585838434866307,0.0,10.92881511332547,0,0
2,224,8.959999999999985,to_table,-3.0560965538024902,4.107890605926514,-0.38204689763785044,-0.6300306916236877,-0.3886716961860657,0.20000000298023224,-0.628243625164032,0.20000000298023224,-0.628243625164032,0,nominal-sac-a-star,1.5315787518931088,99.0,99.0,1.5954703712463378,99.0,waiter-2,0,,waiter-1,-7.5837721824646,-2.549999952316284,0.45764996466202135,0.0,8.05154353424978,0,0,waiter-2,-1.209078311920166,2.200000047683716,0.44826011774123486,0.0,2.65547034780622,0,0,customer-1,7.4136643409729,-2.200000047683716,0.4362804120885233,0.0,12.223149254249957,0,0,customer-2,7.768157005310059,2.549999952316284,0.45858291781858185,0.0,10.935789335963216,0,0
2,225,8.999999999999984,to_table,-3.0453128814697266,4.104139804840088,-0.3989678586489777,-0.43610090017318726,-0.4050230383872986,0.20000000298023224,-0.6192988157272339,0.20000000298023224,-0.6192988157272339,0,nominal-sac-a-star,1.533995721163171,99.0,99.0,1.5977577590942382,99.0,waiter-2,0,,waiter-1,-7.565466403961182,-2.549999952316284,0.4576509870647527,0.0,8.044213061242285,0,0,waiter-2,-1.191147804260254,2.200000047683716,0.4482584390441158,0.0,2.657757767052283,0,0,customer-1,7.431115627288818,-2.200000047683716,0.43628074343159184,0.0,12.226926579451913,0,0,customer-2,7.786500453948975,2.549999952316284,0.45858199215053297,0.0,10.94273872549999,0,0
2,226,9.039999999999983,to_table,-3.035233497619629,4.101889133453369,-0.4106744719155764,0.16898059844970703,-0.8185022473335266,0.20000000298023224,-0.6594858169555664,0.20000000298023224,-0.6594858169555664,0,nominal-sac-a-star,1.5363203025006271,99.0,99.0,1.6016322994232177,99.0,waiter-2,0,,waiter-1,-7.547160625457764,-2.549999952316284,0.4576520094674841,0.0,8.037730700658186,0,0,waiter-2,-1.1732172966003418,2.200000047683716,0.4482567603469967,0.0,2.6616322862912574,0,0,customer-1,7.448566913604736,-2.200000047683716,0.4362810747746604,0.0,12.232083972640181,0,0,customer-2,7.804843902587891,2.549999952316284,0.4585810664824841,0.0,10.950599895577417,0,0
2,227,9.079999999999982,to_table,-3.0265049934387207,4.099223613739014,-0.42297662115293966,0.11066603660583496,-0.8049156069755554,0.20000000298023224,-0.6561405658721924,0.20000000298023224,-0.6561405658721924,0,nominal-sac-a-star,1.540229176726461,99.0,99.0,1.6061782264709472,99.0,waiter-2,0,,waiter-1,-7.5288543701171875,-2.549999952316284,0.4576482634986334,0.0,8.03015092890925,0,0,waiter-2,-1.155287265777588,2.200000047683716,0.4482598500214596,0.0,2.666178151994554,0,0,customer-1,7.466018199920654,-2.200000047683716,0.4362814061177289,0.0,12.238188660901269,0,0,customer-2,7.823186874389648,2.549999952316284,0.45858490918601724,0.0,10.959740306226836,0,0
2,228,9.119999999999981,to_table,-3.0120949745178223,4.094635963439941,-0.42372595051884543,0.13853943347930908,-0.7609342932701111,0.7799999713897705,-0.6460335850715637,0.30000001192092896,0.44999998807907104,1,dwa-left-arc,1.1703998709515813,1.0341682603155207,99.0,1.4159221076965331,99.0,waiter-2,0,,waiter-1,-7.5105485916137695,-2.549999952316284,0.4576492859013648,0.0,8.024167956749235,0,0,waiter-2,-1.1373567581176758,2.200000047683716,0.44825817132434054,0.0,2.665387145107561,0,0,customer-1,7.483469486236572,-2.200000047683716,0.43628173746079746,0.0,12.23843600556809,0,0,customer-2,7.8415303230285645,2.549999952316284,0.45858398351796836,0.0,10.962986933605224,0,0
2,229,9.15999999999998,to_table,-2.9985337257385254,4.0899248123168945,-0.4186740276838261,0.6085536479949951,-0.8932731747627258,0.20000000298023224,-0.6783884167671204,0.18000000715255737,0.0,1,dwa-slow-forward,0.9548531261502764,1.2778023103828866,99.0,1.605119171142578,99.0,waiter-2,0,,waiter-1,-7.492242813110352,-2.549999952316284,0.45765030830409614,0.0,8.017607014684438,0,0,waiter-2,-1.1194262504577637,2.200000047683716,0.44825649262722145,0.0,2.6651192317849146,0,0,customer-1,7.50092077255249,-2.200000047683716,0.436282068803866,0.0,12.239350452786992,0,0,customer-2,7.8598737716674805,2.549999952316284,0.4585830578499195,0.0,10.96705894732817,0,0
2,230,9.19999999999998,to_table,-2.98822021484375,4.0853376388549805,-0.4186690650924395,0.2156616449356079,-0.8942856192588806,0.20000000298023224,-0.7012864947319031,0.18000000715255737,0.0,1,dwa-slow-forward,0.9338486151090009,1.2638857205058376,99.0,1.607250633239746,99.0,waiter-2,0,,waiter-1,-7.473937034606934,-2.549999952316284,0.4576513307068275,0.0,8.009329580927282,0,0,waiter-2,-1.1014962196350098,2.200000047683716,0.4482595823016844,0.0,2.667250506941539,0,0,customer-1,7.518372058868408,-2.200000047683716,0.43628240014693453,0.0,12.243118517757297,0,0,customer-2,7.8782172203063965,2.549999952316284,0.4585821321818706,0.0,10.97436669442654,0,0
2,231,9.239999999999979,to_table,-2.978053569793701,4.080941677093506,-0.42586503203835196,0.27753472328186035,-0.85564786195755,0.20000000298023224,-0.7083562016487122,0.20000000298023224,-0.7083562016487122,0,nominal-sac-a-star,1.0069132863278223,1.4811428616028086,99.0,1.6096488857269287,99.0,waiter-2,0,,waiter-1,-7.455631256103516,-2.549999952316284,0.4576523531095589,0.0,8.001130471975776,0,0,waiter-2,-1.0835657119750977,2.200000047683716,0.4482579036045653,0.0,2.6696489763017306,0,0,customer-1,7.535823345184326,-2.200000047683716,0.4362827314900031,0.0,12.247115445416334,0,0,customer-2,7.8965606689453125,2.549999952316284,0.4585812065138217,0.0,10.981849452894952,0,0
2,232,9.279999999999978,to_table,-2.967813730239868,4.076644420623779,-0.44139368373228705,0.0430523157119751,-0.797150731086731,0.20000000298023224,-0.7045989036560059,0.20000000298023224,-0.7045989036560059,0,nominal-sac-a-star,1.5484254271485431,99.0,99.0,1.6120921993255615,99.0,waiter-2,0,,waiter-1,-7.437325477600098,-2.549999952316284,0.45765337551229024,0.0,7.993056418242605,0,0,waiter-2,-1.0656352043151855,2.200000047683716,0.4482562249074462,0.0,2.6720922976155976,0,0,customer-1,7.553274631500244,-2.200000047683716,0.4362830628330716,0.0,12.251104688846565,0,0,customer-2,7.91490364074707,2.549999952316284,0.4585850492173549,0.0,10.989275713594356,0,0
2,233,9.319999999999977,to_table,-2.956768274307251,4.071987152099609,-0.45157171660370465,0.14725685119628906,-0.688672661781311,0.7799999713897705,-0.4497887194156647,0.30000001192092896,0.44999998807907104,1,dwa-left-arc,1.0729180656927442,0.9720290198437691,99.0,1.4242219352722167,99.0,waiter-2,0,,waiter-1,-7.4190192222595215,-2.549999952316284,0.4576496295434396,0.0,7.985135987167115,0,0,waiter-2,-1.0477051734924316,2.200000047683716,0.44825931458190915,0.0,2.6737347740552155,0,0,customer-1,7.570725917816162,-2.200000047683716,0.43628339417614015,0.0,12.254222023426786,0,0,customer-2,7.933247089385986,2.549999952316284,0.458584123549306,0.0,10.995857386205909,0,0
2,234,9.359999999999976,to_table,-2.9440433979034424,4.0671916007995605,-0.4430539321614992,0.6109355688095093,-0.7847439050674438,0.7799999713897705,-0.4567062258720398,0.30000001192092896,0.44999998807907104,1,dwa-left-arc,1.0501066199042652,0.959170265177874,99.0,1.4270002269744873,99.0,waiter-2,0,,waiter-1,-7.4007134437561035,-2.549999952316284,0.45765065194617094,0.0,7.978040608334107,0,0,waiter-2,-1.0297746658325195,2.200000047683716,0.44825763588479006,0.0,2.6741034150929126,0,0,customer-1,7.58817720413208,-2.200000047683716,0.4362837255192087,0.0,12.255829713599974,0,0,customer-2,7.951590538024902,2.549999952316284,0.4585831978812571,0.0,11.000759490325239,0,0
2,235,9.399999999999975,to_table,-2.929447889328003,4.062395095825195,-0.42841378116343243,0.5913418531417847,-0.9252258539199829,0.7799999713897705,-0.4943958818912506,0.30000001192092896,0.44999998807907104,1,dwa-left-arc,1.0375384359213045,0.9479584124079732,99.0,1.4294795417785644,99.0,waiter-2,0,,waiter-1,-7.3824076652526855,-2.549999952316284,0.4576516743489023,0.0,7.97198965369933,0,0,waiter-2,-1.0118446350097656,2.200000047683716,0.4482607255592441,0.0,2.6731474999172415,0,0,customer-1,7.605628490447998,-2.200000047683716,0.4362840568622772,0.0,12.255832377327874,0,0,customer-2,7.969933986663818,2.549999952316284,0.45858227221319936,0.0,11.003811355562595,0,0
2,236,9.439999999999975,to_table,-2.915036916732788,4.057486057281494,-0.41679467770120476,0.5761451721191406,-0.9431383013725281,0.7799999713897705,-0.5280286073684692,0.30000001192092896,0.44999998807907104,1,dwa-left-arc,1.0281473273034023,0.9360709242239558,99.0,1.4316341304779052,99.0,waiter-2,0,,waiter-1,-7.364101409912109,-2.549999952316284,0.45764792838005164,0.0,7.965742038975361,0,0,waiter-2,-0.9939136505126953,2.200000047683716,0.4482542784905519,0.0,2.672259134115484,0,0,customer-1,7.623080253601074,-2.200000047683716,0.43627961983376373,0.0,12.255939207156587,0,0,customer-2,7.988277435302734,2.549999952316284,0.45858134654515936,0.0,11.007033125050864,0,0
2,237,9.479999999999974,to_table,-2.8993239402770996,4.052975177764893,-0.4016872500801564,0.5956375598907471,-0.9342036247253418,0.7799999713897705,-0.5549141764640808,0.30000001192092896,0.44999998807907104,1,dwa-left-arc,1.0173554851206026,0.9239055535245833,99.0,1.4338633441925048,99.0,waiter-2,0,,waiter-1,-7.345795631408691,-2.549999952316284,0.457648950782783,0.0,7.960552183643116,0,0,waiter-2,-0.9759836196899414,2.200000047683716,0.44825736816500594,0.0,2.6707217791255733,0,0,customer-1,7.640531539916992,-2.200000047683716,0.43627995117683227,0.0,12.255131688947756,0,0,customer-2,8.006620407104492,2.549999952316284,0.4585851892487014,0.0,11.009021602145069,0,0
2,238,9.519999999999973,to_table,-2.883596181869507,4.046901702880859,-0.38766511050728863,0.5853136777877808,-0.9379854202270508,0.7799999713897705,-0.590896725654602,0.30000001192092896,0.44999998807907104,1,dwa-left-arc,1.0078858947222722,0.9112393827814771,99.0,1.4351107501983642,99.0,waiter-2,0,,waiter-1,-7.327489852905273,-2.549999952316284,0.45764997318551437,0.0,7.95407457896986,0,0,waiter-2,-0.9580535888671875,2.200000047683716,0.44826045783946,0.0,2.6681004481533384,0,0,customer-1,7.65798282623291,-2.200000047683716,0.4362802825199008,0.0,12.253516616272746,0,0,customer-2,8.02496337890625,2.549999952316284,0.45858903195222567,0.0,11.010785010244977,0,0
2,239,9.559999999999972,to_table,-2.8678810596466064,4.039460182189941,-0.3730751287240647,0.5998861789703369,-0.9303374290466309,0.7799999713897705,-0.6226479411125183,0.30000001192092896,0.44999998807907104,1,dwa-left-arc,0.9964289578073133,0.8984674904557826,99.0,1.4358658218383789,99.0,waiter-2,0,,waiter-1,-7.3091840744018555,-2.549999952316284,0.45765099558824573,0.0,7.946455645954419,0,0,waiter-2,-0.9401226043701172,2.200000047683716,0.35419855346875195,0.0,2.6645574207225593,0,0,customer-1,7.675434112548828,-2.200000047683716,0.43628061386296935,0.0,12.25121866511334,0,0,customer-2,8.043307304382324,2.549999952316284,0.4585833379125859,0.0,11.012380455273766,0,0
2,240,9.599999999999971,to_table,-2.8525922298431396,4.03496789932251,-0.35851603910804913,0.6076211929321289,-0.8834803700447083,0.7799999713897705,-0.6490936875343323,0.30000001192092896,0.44999998807907104,1,dwa-left-arc,0.9844747331847121,0.8859580476916886,99.0,1.4389383220672607,99.0,waiter-2,0,,waiter-1,-7.2908782958984375,-2.549999952316284,0.4576520179909771,0.0,7.941044314903238,0,0,waiter-2,-0.9221925735473633,2.200000047683716,-0.004405152660780232,0.0,2.6633718947181864,0,0,customer-1,7.692885398864746,-2.200000047683716,0.4362809452060379,0.0,12.250792779154072,0,0,customer-2,8.061650276184082,2.549999952316284,0.4585871806161279,0.0,11.014800011076336,0,0
2,241,9.63999999999997,to_table,-2.836528778076172,4.029423236846924,-0.3442790125349373,0.604170560836792,-0.8745862245559692,0.7799999713897705,-0.4685433804988861,0.30000001192092896,0.44999998807907104,1,dwa-left-arc,0.9750142556385346,0.8739997119965637,99.0,1.4408702278137206,99.0,waiter-2,0,,waiter-1,-7.2725725173950195,-2.549999952316284,0.45765304039370847,0.0,7.935193353614548,0,0,waiter-2,-0.9042625427246094,2.200000047683716,-0.3630088587903124,0.0,2.6609099964725944,0,0,customer-1,7.710336685180664,-2.200000047683716,0.4362812765491064,0.0,12.249166729124571,0,0,customer-2,8.079994201660156,2.549999952316284,0.4585814865765059,0.0,11.016313685708244,0,0
2,242,9.67999999999997,to_table,-2.8201751708984375,4.023370742797852,-0.3302163730588316,0.17275524139404297,-0.5987843871116638,0.7799999713897705,-0.46370235085487366,0.30000001192092896,0.44999998807907104,1,dwa-left-arc,0.9639514282547799,0.8613195349275193,99.0,0.4797393703460693,99.0,waiter-2,0,,waiter-1,-7.254266262054443,-2.549999952316284,0.4576492944248578,0.0,7.929083559911218,0,0,waiter-2,-0.9136675596237183,2.200000047683716,-0.44826208770121667,0.0,2.638077323288581,0,0,customer-1,7.727787971496582,-2.200000047683716,0.43628160789217496,0.0,12.247035169752024,0,0,customer-2,8.098337173461914,2.549999952316284,0.45858532928003015,0.0,11.017473998162812,0,0
2,243,9.719999999999969,to_table,-2.8034932613372803,4.0176682472229,-0.3161884604335311,0.0032924413681030273,-0.61797034740448,0.7799999713897705,-0.49417293071746826,0.30000001192092896,0.44999998807907104,1,dwa-left-arc,0.9526682281869068,0.8484298383832909,99.0,0.48249083995819086,99.0,waiter-2,0,,waiter-1,-7.235960483551025,-2.549999952316284,0.45765031682758917,0.0,7.923448192247963,0,0,waiter-2,-0.931597888469696,2.200000047683716,-0.44826219714343196,0.0,2.609197188902957,0,0,customer-1,7.7452392578125,-2.200000047683716,0.4362819392352435,0.0,12.244801214640237,0,0,customer-2,8.116680145263672,2.549999952316284,0.4585891719835544,0.0,11.018359108964853,0,0
2,244,9.759999999999968,to_table,-2.7866828441619873,4.012124538421631,-0.3023351654690413,-0.09758013486862183,-0.6267154812812805,0.7799999713897705,-0.5249732732772827,0.30000001192092896,0.44999998807907104,1,dwa-left-arc,0.9413964974714775,0.8353234767342828,99.0,0.48629635810852045,99.0,waiter-2,0,,waiter-1,-7.217654705047607,-2.549999952316284,0.45765133923032053,0.0,7.918016763300171,0,0,waiter-2,-0.9495282173156738,2.200000047683716,-0.44826230658564725,0.0,2.580490707767607,0,0,customer-1,7.762690544128418,-2.200000047683716,0.43628227057831204,0.0,12.242539391762818,0,0,customer-2,8.135024070739746,2.549999952316284,0.4585834779439324,0.0,11.019141992020344,0,0
2,245,9.799999999999967,to_table,-2.7697548866271973,4.006776809692383,-0.28843529411670193,-0.09190124273300171,-0.6927487254142761,0.7799999713897705,-0.5636041164398193,0.30000001192092896,0.44999998807907104,1,dwa-left-arc,0.9297978179383182,0.8221612218806611,99.0,0.49136442184448237,99.0,waiter-2,0,,waiter-1,-7.1993489265441895,-2.549999952316284,0.4576523616330519,0.0,7.9128139663008,0,0,waiter-2,-0.9674586057662964,2.200000047683716,-0.4482618199814148,0.0,2.552001988976411,0,0,customer-1,7.780141830444336,-2.200000047683716,0.4362826019213806,0.0,12.240277762295111,0,0,customer-2,8.153367042541504,2.549999952316284,0.45858732064747443,0.0,11.019836273360541,0,0
2,246,9.839999999999966,to_table,-2.752729892730713,4.001646041870117,-0.2744759589987046,0.05450701713562012,-0.7514949440956116,0.7799999713897705,-0.6027382016181946,0.30000001192092896,0.44999998807907104,1,dwa-left-arc,0.9188387534155344,0.809009961335909,99.0,0.49771410465240473,99.0,waiter-2,0,,waiter-1,-7.181042671203613,-2.549999952316284,0.45764861566420123,0.0,7.907845426987373,0,0,waiter-2,-0.9853889346122742,2.200000047683716,-0.4482619294236301,0.0,2.523771453719791,0,0,customer-1,7.797593116760254,-2.200000047683716,0.4362829332644491,0.0,12.238044362751463,0,0,customer-2,8.171710968017578,2.549999952316284,0.45858162660783464,0.0,11.020466618492332,0,0
2,247,9.879999999999965,to_table,-2.7356224060058594,3.996743679046631,-0.2604717709678971,0.0710686445236206,-0.741714596748352,0.7799999713897705,-0.635161817073822,0.30000001192092896,0.44999998807907104,1,dwa-left-arc,0.9080616463108715,0.7958942992093581,99.0,0.5053270483016967,99.0,waiter-2,0,,waiter-1,-7.162736892700195,-2.549999952316284,0.4576496380669326,0.0,7.9031129849629345,0,0,waiter-2,-1.003319263458252,2.200000047683716,-0.44826203886584537,0.0,2.4958288912751034,0,0,customer-1,7.815044403076172,-2.200000047683716,0.43628326460751765,0.0,12.23585726179564,0,0,customer-2,8.190053939819336,2.549999952316284,0.4585854693113589,0.0,11.02104672998703,0,0
2,248,9.919999999999964,to_table,-2.718441963195801,3.9920761585235596,-0.24643320816014921,0.08329355716705322,-0.7323479652404785,0.20000000298023224,-0.6882161498069763,0.30000001192092896,0.44999998807907104,1,dwa-left-arc,0.897002930299649,0.7828252299942384,99.0,0.5141779804229736,99.0,waiter-2,0,,waiter-1,-7.144431114196777,-2.549999952316284,0.45765066046966396,0.0,7.898616322166796,0,0,waiter-2,-1.0212496519088745,2.200000047683716,-0.4482615522616129,0.0,2.468197424950913,0,0,customer-1,7.83249568939209,-2.200000047683716,0.4362835959505862,0.0,12.233727685880341,0,0,customer-2,8.208396911621094,2.549999952316284,0.45858931201490094,0.0,11.021587525430213,0,0
2,249,9.959999999999964,to_table,-2.7011947631835938,3.987647771835327,-0.23236575666736262,0.09637582302093506,-0.7223449349403381,0.20000000298023224,-0.7185490131378174,0.30000001192092896,0.44999998807907104,1,dwa-left-arc,0.88665361854948,0.7698094642718643,99.0,0.5242407941818237,99.0,waiter-2,0,,waiter-1,-7.126125335693359,-2.549999952316284,0.4576516828723953,0.0,7.89435547316159,0,0,waiter-2,-1.0391799211502075,2.200000047683716,-0.44826225775027595,0.0,2.4408969090897092,0,0,customer-1,7.849946975708008,-2.200000047683716,0.4362839272936547,0.0,12.231662909538477,0,0,customer-2,8.226740837097168,2.549999952316284,0.4585836179752789,0.0,11.022096340390585,0,0
2,250,9.999999999999963,to_table,-2.6838855743408203,3.9834606647491455,-0.21827391467354246,0.6471366882324219,0.7093961238861084,0.20000000298023224,-0.5793312788009644,0.30000001192092896,0.44999998807907104,1,dwa-left-arc,0.8765887700028108,0.7568515375230047,99.0,0.5354855680465698,99.0,waiter-2,0,,waiter-1,-7.107819557189941,-2.549999952316284,0.4576527052751267,0.0,7.890329493712684,0,0,waiter-2,-1.05711030960083,2.200000047683716,-0.4482617711460435,0.0,2.4139448076940924,0,0,customer-1,7.867398738861084,-2.200000047683716,0.43627949026514123,0.0,12.229668312763895,0,0,customer-2,8.245083808898926,2.549999952316284,0.4585874606788032,0.0,11.022575987212802,0,0
2,251,10.039999999999962,to_table,-2.666517972946167,3.9795169830322266,-0.20416236959720604,-0.19541549682617188,-0.9448968768119812,0.20000000298023224,-0.8115435838699341,0.30000001192092896,0.44999998807907104,1,dwa-left-arc,0.8661652835252442,0.7439546554091614,99.0,0.5477247858047485,99.0,waiter-2,0,,waiter-1,-7.089513301849365,-2.549999952316284,0.457648959306276,0.0,7.8865378391600025,0,0,waiter-2,-1.075040578842163,2.200000047683716,-0.44826247663470653,0.0,2.3873585443196896,0,0,customer-1,7.884850025177002,-2.200000047683716,0.4362798216082098,0.0,12.227747027344249,0,0,customer-2,8.263427734375,2.549999952316284,0.4585817666391634,0.0,11.023031892637132,0,0
2,252,10.079999999999961,to_table,-2.649094820022583,3.9758172035217285,-0.19003643173315715,0.5432887077331543,-0.6893036365509033,0.20000000298023224,-0.8157262206077576,0.30000001192092896,0.44999998807907104,1,dwa-left-arc,0.8564795533831573,0.7311205915526251,99.0,0.5598515892028808,99.0,waiter-2,0,,waiter-1,-7.071207523345947,-2.549999952316284,0.4576499817090074,0.0,7.882979786370354,0,0,waiter-2,-1.0929709672927856,2.200000047683716,-0.44826199003047407,0.0,2.361153958555697,0,0,customer-1,7.90230131149292,-2.200000047683716,0.4362801529512783,0.0,12.225901972633638,0,0,customer-2,8.281770706176758,2.549999952316284,0.4585856093427054,0.0,11.023464790422667,0,0
2,253,10.11999999999996,to_table,-2.6316187381744385,3.972363233566284,-0.17590204422521086,0.5423444509506226,-0.6837509274482727,0.20000000298023224,-0.85112065076828,0.30000001192092896,0.44999998807907104,1,dwa-left-arc,0.847108636662941,0.7183500141624155,99.0,0.571650686264038,99.0,waiter-2,0,,waiter-1,-7.052901744842529,-2.549999952316284,0.45765100411173876,0.0,7.879655129103573,0,0,waiter-2,-1.1109013557434082,2.200000047683716,-0.4482615034262416,0.0,2.3353485007381,0,0,customer-1,7.919752597808838,-2.200000047683716,0.43628048429434685,0.0,12.224136188112958,0,0,customer-2,8.300113677978516,2.549999952316284,0.45858945204624746,0.0,11.023878216046183,0,0
2,254,10.15999999999996,to_table,-2.6140925884246826,3.9691569805145264,-0.16176506652167275,0.5403401851654053,-0.6781682968139648,0.20000000298023224,-0.88777095079422,0.30000001192092896,0.44999998807907104,1,dwa-left-arc,0.8373523476232001,0.7056429369273582,99.0,0.5831173086166381,99.0,waiter-2,0,,waiter-1,-7.034595966339111,-2.549999952316284,0.4576520265144701,0.0,7.876563795782327,0,0,waiter-2,-1.1288316249847412,2.200000047683716,-0.44826220891490465,0.0,2.3099602556108763,0,0,customer-1,7.937203884124756,-2.200000047683716,0.4362808156374154,0.0,12.222452932623712,0,0,customer-2,8.31845760345459,2.549999952316284,0.45858375800660767,0.0,11.024275956662368,0,0
2,255,10.199999999999958,to_table,-2.5965194702148438,3.9661996364593506,-0.1476315291842965,0.5126863718032837,-0.6975287795066833,0.20000000298023224,-0.9287267327308655,0.30000001192092896,0.44999998807907104,1,dwa-left-arc,0.8283551762436563,0.6929994241602968,99.0,0.5942460918426513,99.0,waiter-2,0,,waiter-1,-7.016289710998535,-2.549999952316284,0.45764828054561946,0.0,7.873704722814851,0,0,waiter-2,-1.1467620134353638,2.200000047683716,-0.4482617223106722,0.0,2.285007148977641,0,0,customer-1,7.954655170440674,-2.200000047683716,0.4362811469804839,0.0,12.220855323680832,0,0,customer-2,8.336800575256348,2.549999952316284,0.45858760071013194,0.0,11.024659122261744,0,0
2,256,10.239999999999958,to_table,-2.578902244567871,3.9634931087493896,-0.13350700410761912,0.42770636081695557,-0.8029904365539551,0.20000000298023224,-0.9763588309288025,0.30000001192092896,0.44999998807907104,1,dwa-left-arc,0.8196501795162041,0.6804195069892429,99.0,0.6050339365005493,99.0,waiter-2,0,,waiter-1,-6.997983932495117,-2.549999952316284,0.4576493029483508,0.0,7.871078377269826,0,0,waiter-2,-1.1646922826766968,2.200000047683716,-0.44826242779933523,0.0,2.260508259825435,0,0,customer-1,7.972106456756592,-2.200000047683716,0.4362814783235436,0.0,12.219346648034103,0,0,customer-2,8.355144500732422,2.549999952316284,0.4585819066705099,0.0,11.025032477580062,0,0
2,257,10.279999999999957,to_table,-2.561243772506714,3.961038589477539,-0.11939715312637558,-0.10210829973220825,-0.4950982332229614,0.20000000298023224,-0.9394117593765259,0.30000001192092896,0.44999998807907104,1,dwa-left-arc,0.8105875176085879,0.6679029339819416,99.0,0.6154770278930664,99.0,waiter-2,0,,waiter-1,-6.979678153991699,-2.549999952316284,0.4576503253510822,0.0,7.868683833794139,0,0,waiter-2,-1.1826226711273193,2.200000047683716,-0.44826194119510276,0.0,2.2364822572182077,0,0,customer-1,7.98955774307251,-2.200000047683716,0.436281809666621,0.0,12.21792984550749,0,0,customer-2,8.37348747253418,2.549999952316284,0.45858574937405194,0.0,11.02539692876567,0,0
2,258,10.319999999999956,to_table,-2.5435476303100586,3.9588372707366943,-0.10530745538609868,0.10287857055664062,-0.35205698013305664,0.20000000298023224,-0.9222468137741089,0.30000001192092896,0.44999998807907104,1,dwa-left-arc,0.8023060252190188,0.655449227541341,99.0,0.6255721473693847,99.0,waiter-2,0,,waiter-1,-6.961372375488281,-2.549999952316284,0.45765134775381355,0.0,7.866520035905904,0,0,waiter-2,-1.2005529403686523,2.200000047683716,-0.4482626466837658,0.0,2.2129489633535444,0,0,customer-1,8.00700855255127,-2.200000047683716,0.43628690938128045,0.0,12.216608075995616,0,0,customer-2,8.391830444335938,2.549999952316284,0.4585895920775762,0.0,11.025756945680527,0,0
2,259,10.359999999999955,to_table,-2.5258166790008545,3.9568896293640137,-0.09124317947246119,0.11421382427215576,-0.28929245471954346,0.20000000298023224,-0.9147151112556458,0.30000001192092896,0.44999998807907104,1,dwa-left-arc,0.7942496014461977,0.643058504176232,99.0,0.6353170299530029,99.0,waiter-2,0,,waiter-1,-6.943066596984863,-2.549999952316284,0.4576523701565449,0.0,7.86458574027325,0,0,waiter-2,-1.218483328819275,2.200000047683716,-0.44826216007953334,0.0,2.1899272797775193,0,0,customer-1,8.024459838867188,-2.200000047683716,0.4362872407243401,0.0,12.215384770804999,0,0,customer-2,8.410174369812012,2.549999952316284,0.4585838980379364,0.0,11.026116214837327,0,0
2,260,10.399999999999954,to_table,-2.508053779602051,3.9551968574523926,-0.07720945672645206,0.14344966411590576,-0.1602984070777893,0.0,-0.8992357850074768,0.30000001192092896,0.44999998807907104,1,dwa-left-arc,0.7859103743110898,0.6307300668352032,99.0,0.644709768295288,99.0,waiter-2,0,,waiter-1,-6.924760818481445,-2.549999952316284,0.4576533925592763,0.0,7.862880299299447,0,0,waiter-2,-1.2364137172698975,2.200000047683716,-0.4482616734753009,0.0,2.1674372630252217,0,0,customer-1,8.041911125183105,-2.200000047683716,0.43628757206739976,0.0,12.214262500584946,0,0,customer-2,8.42851734161377,2.549999952316284,0.45858774074147846,0.0,11.026475694056373,0,0
2,261,10.439999999999953,to_table,-2.490262269973755,3.953758716583252,-0.06321126847064006,0.1900268793106079,0.004055142402648926,0.0,-0.8795133829116821,0.30000001192092896,0.44999998807907104,1,dwa-left-arc,0.7783741096283416,0.6184631043034126,99.0,0.6537482166290283,99.0,waiter-2,0,,waiter-1,-6.906454563140869,-2.549999952316284,0.4576496465904256,0.0,7.861401350491811,0,0,waiter-2,-1.2543439865112305,2.200000047683716,-0.4482623789639639,0.0,2.14549842044622,0,0,customer-1,8.059362411499023,-2.200000047683716,0.4362879034104772,0.0,12.213243952723294,0,0,customer-2,8.446861267089844,2.549999952316284,0.4585820467018564,0.0,11.026840432927598,0,0
2,262,10.479999999999952,to_table,-2.4724457263946533,3.952575445175171,-0.04925333763858704,0.2310333251953125,0.06990361213684082,0.0,-0.8716115951538086,0.30000001192092896,0.44999998807907104,1,dwa-left-arc,0.7709554662964129,0.6062571835859509,99.0,0.6624313020706176,99.0,waiter-2,0,,waiter-1,-6.888148784637451,-2.549999952316284,0.457650668993157,0.0,7.86014760030853,0,0,waiter-2,-1.272274374961853,2.200000047683716,-0.44826189235973146,0.0,2.1241308332332935,0,0,customer-1,8.076813697814941,-2.200000047683716,0.4362882347535546,0.0,12.212332274983462,0,0,customer-2,8.465204238891602,2.549999952316284,0.4585858894053807,0.0,11.027212012847796,0,0
2,263,10.519999999999952,to_table,-2.4546077251434326,3.9516470432281494,-0.035340319224375166,0.21880388259887695,0.07616782188415527,0.0,-0.8708598613739014,0.30000001192092896,0.44999998807907104,1,dwa-left-arc,0.7633697837658076,0.594112066818169,99.0,0.6707584285736083,99.0,waiter-2,0,,waiter-1,-6.869843006134033,-2.549999952316284,0.45765169139588835,0.0,7.8591167596095755,0,0,waiter-2,-1.2902047634124756,2.200000047683716,-0.448261405755499,0.0,2.1033548094146326,0,0,customer-1,8.09426498413086,-2.200000047683716,0.43628856609661426,0.0,12.211530508809956,0,0,customer-2,8.48354721069336,2.549999952316284,0.45858973210890497,0.0,11.02759484057301,0,0
2,264,10.55999999999995,to_table,-2.4367516040802,3.950972557067871,-0.021477160852237963,0.20634245872497559,0.08204245567321777,0.0,-0.8701549172401428,0.30000001192092896,0.44999998807907104,1,dwa-left-arc,0.7566070963640041,0.5820274081742938,99.0,0.6787281656265258,99.0,waiter-2,0,,waiter-1,-6.851536750793457,-2.549999952316284,0.4576479454270377,0.0,7.858305889910911,0,0,waiter-2,-1.3081350326538086,2.200000047683716,-0.44826211124416204,0.0,2.0831898842681884,0,0,customer-1,8.111716270446777,-2.200000047683716,0.4362888974396739,0.0,12.2108410228097,0,0,customer-2,8.501891136169434,2.549999952316284,0.45858403806928294,0.0,11.027992983225936,0,0
2,265,10.59999999999995,to_table,-2.41888165473938,3.9505507946014404,-0.0076685497018739715,-0.33573687076568604,-0.2866191864013672,0.0,-0.9143943190574646,0.30000001192092896,0.44999998807907104,1,dwa-left-arc,0.7498220865002321,0.5700023703562123,99.0,0.6863395595550537,99.0,waiter-2,0,,waiter-1,-6.833230972290039,-2.549999952316284,0.45764896782976905,0.0,7.8577121295331605,0,0,waiter-2,-1.3260654211044312,2.200000047683716,-0.4482616246399296,0.0,2.063655794465317,0,0,customer-1,8.129168510437012,-2.200000047683716,0.4362796920395873,0.0,12.21026772641011,0,0,customer-2,8.520234107971191,2.549999952316284,0.458587880772825,0.0,11.028408603774551,0,0
2,266,10.639999999999949,to_table,-2.4010016918182373,3.950380325317383,0.006081173243180984,0.14059972763061523,0.07079935073852539,0.0,-0.8715040683746338,0.30000001192092896,0.44999998807907104,1,dwa-left-arc,0.743017587781519,0.5580370504824164,99.0,0.6935922527313232,99.0,waiter-2,0,,waiter-1,-6.814925193786621,-2.549999952316284,0.4576499902325004,0.0,7.857331890347868,0,0,waiter-2,-1.3439956903457642,2.200000047683716,-0.4482623301285926,0.0,2.0447720663872877,0,0,customer-1,8.14661979675293,-2.200000047683716,0.4362800233826647,0.0,12.209811538216524,0,0,customer-2,8.538578033447266,2.549999952316284,0.4585821867331852,0.0,11.028847163440373,0,0
2,267,10.679999999999948,to_table,-2.383143186569214,3.9504096508026123,0.019705344265350647,0.8437298536300659,0.9220166206359863,0.0,-0.7693579792976379,0.30000001192092896,0.44999998807907104,1,dwa-left-arc,0.7370526283179148,0.5461311020048971,99.0,0.700405421257019,99.0,waiter-2,0,,waiter-1,-6.796619415283203,-2.549999952316284,0.4576510126352318,0.0,7.857104901281631,0,0,waiter-2,-1.3619260787963867,2.200000047683716,-0.44826184352436016,0.0,2.0265285983421872,0,0,customer-1,8.164071083068848,-2.200000047683716,0.43628035472572435,0.0,12.20947453041659,0,0,customer-2,8.556921005249023,2.549999952316284,0.45858602943670945,0.0,11.029331432354283,0,0
2,268,10.719999999999947,to_table,-2.3653502464294434,3.9506142139434814,0.03313281453622414,0.4714599847793579,0.6041462421417236,0.0,-0.8075024485588074,0.30000001192092896,0.44999998807907104,1,dwa-left-arc,0.7308435493470935,0.5342840241983497,99.0,0.7067300701141357,99.0,waiter-2,0,,waiter-1,-6.778313636779785,-2.549999952316284,0.45765203503796315,0.0,7.856986090298845,0,0,waiter-2,-1.3798563480377197,2.200000047683716,-0.4482625490130232,0.0,2.008942055629453,0,0,customer-1,8.181522369384766,-2.200000047683716,0.436280686068784,0.0,12.209282442860577,0,0,customer-2,8.575264930725098,2.549999952316284,0.4585803353970874,0.0,11.029903932693964,0,0
2,269,10.759999999999946,to_table,-2.3476221561431885,3.950990676879883,0.04634500941941457,0.3295859098434448,0.7781771421432495,0.0,-0.7866187691688538,0.30000001192092896,0.44999998807907104,1,dwa-left-arc,0.7247003674011847,0.5225041993682262,99.0,0.7125695371627807,99.0,waiter-2,0,,waiter-1,-6.760007858276367,-2.549999952316284,0.4576530574406945,0.0,7.8569731287109335,0,0,waiter-2,-1.3977867364883423,2.200000047683716,-0.44826206240879074,0.0,1.9920229687339668,0,0,customer-1,8.198973655700684,-2.200000047683716,0.4362810174118614,0.0,12.209232986230958,0,0,customer-2,8.593607902526855,2.549999952316284,0.45858417810062946,0.0,11.030561645132043,0,0
2,270,10.799999999999946,to_table,-2.329958438873291,3.9515349864959717,0.059326544652830486,0.19449853897094727,0.7541701793670654,0.0,-0.7894995808601379,0.30000001192092896,0.44999998807907104,1,dwa-left-arc,0.719314496168832,0.5107774960127272,99.0,0.7179294252395629,99.0,waiter-2,0,,waiter-1,-6.741702079772949,-2.549999952316284,0.4576540798434259,0.0,7.857062969940807,0,0,waiter-2,-1.4157171249389648,2.200000047683716,-0.4482615758045583,0.0,1.9757813193732792,0,0,customer-1,8.216424942016602,-2.200000047683716,0.43628134875493885,0.0,12.209323719741835,0,0,customer-2,8.611950874328613,2.549999952316284,0.45858802080415373,0.0,11.031304540731691,0,0
2,271,10.839999999999945,to_table,-2.3123652935028076,3.9522411823272705,0.07207227788770039,0.17122960090637207,0.7663075923919678,0.0,-0.7880430817604065,0.30000001192092896,0.44999998807907104,1,dwa-left-arc,0.7135123495108622,0.4990911787904262,99.0,0.7228191518783569,99.0,waiter-2,0,,waiter-1,-6.723395824432373,-2.549999952316284,0.4576503338745752,0.0,7.857246980835175,0,0,waiter-2,-1.4336473941802979,2.200000047683716,-0.4482622812932213,0.0,1.9602280838021622,0,0,customer-1,8.23387622833252,-2.200000047683716,0.4362816800979985,0.0,12.209557010355889,0,0,customer-2,8.630294799804688,2.549999952316284,0.45858232676451394,0.0,11.032138975955982,0,0
2,272,10.879999999999944,to_table,-2.294851779937744,3.9530999660491943,0.08458493148859604,0.03119957447052002,0.9583572149276733,0.0,-0.764997124671936,0.30000001192092896,0.44999998807907104,1,dwa-left-arc,0.7079090700693695,0.4874437836284937,99.0,0.7272488498687744,99.0,waiter-2,0,,waiter-1,-6.705090045928955,-2.549999952316284,0.4576513562773066,0.0,7.857512972376072,0,0,waiter-2,-1.4515777826309204,2.200000047683716,-0.44826179468898886,0.0,1.9453715219224519,0,0,customer-1,8.251327514648438,-2.200000047683716,0.43628201144105816,0.0,12.209936015088623,0,0,customer-2,8.648637771606445,2.549999952316284,0.45858616946805597,0.0,11.033070887712729,0,0
2,273,10.919999999999943,to_table,-2.2774269580841064,3.9540998935699463,0.09686528755045637,0.03393888473510742,0.8574717044830322,0.0,-0.7771034240722656,0.30000001192092896,0.44999998807907104,1,dwa-left-arc,0.7030577641513076,0.47584049461221345,99.0,0.7312250757217407,99.0,waiter-2,0,,waiter-1,-6.686783790588379,-2.549999952316284,0.4576476103084559,0.0,7.857845918673221,0,0,waiter-2,-1.469508171081543,2.200000047683716,-0.4482613080847564,0.0,1.9312169830782326,0,0,customer-1,8.268778800964355,-2.200000047683716,0.4362823427841356,0.0,12.210462808555835,0,0,customer-2,8.66698169708252,2.549999952316284,0.45858047542843394,0.0,11.034109726494236,0,0
2,274,10.959999999999942,to_table,-2.2600996494293213,3.955228805541992,0.10891418109578602,0.012733221054077148,0.7913435697555542,0.0,-0.7850387692451477,0.30000001192092896,0.44999998807907104,1,dwa-left-arc,0.6977140244108695,0.46428579508828727,99.0,0.7347542667388915,99.0,waiter-2,0,,waiter-1,-6.668478012084961,-2.549999952316284,0.4576486327111873,0.0,7.858231415553805,0,0,waiter-2,-1.487438440322876,2.200000047683716,-0.44826201357341944,0.0,1.9177678004572247,0,0,customer-1,8.286230087280273,-2.200000047683716,0.436282674127213,0.0,12.211138896556182,0,0,customer-2,8.685324668884277,2.549999952316284,0.4585843181319582,0.0,11.035260832344143,0,0
2,275,10.999999999999941,to_table,-2.2428793907165527,3.9564759731292725,0.12073344367685415,-0.0178755521774292,0.7316457033157349,0.0,-0.7922025322914124,0.30000001192092896,0.44999998807907104,1,dwa-left-arc,0.6926314463804475,0.4527841384560116,99.0,0.7378444099426269,99.0,waiter-2,0,,waiter-1,-6.650172233581543,-2.549999952316284,0.45764965511391864,0.0,7.858655048490904,0,0,waiter-2,-1.505368709564209,2.200000047683716,-0.4482627190620825,0.0,1.9050274752568843,0,0,customer-1,8.303681373596191,-2.200000047683716,0.43628300547027266,0.0,12.211967120418656,0,0,customer-2,8.703667640686035,2.549999952316284,0.4585881608354825,0.0,11.036533273987386,0,0
2,276,11.03999999999994,to_table,-2.2257721424102783,3.9578299522399902,0.13232859799683847,-0.048700928688049316,0.681742787361145,0.0,-0.7981908917427063,0.30000001192092896,0.44999998807907104,1,dwa-left-arc,0.6882846680521701,0.4413413629042682,99.0,0.7405034923553466,99.0,waiter-2,0,,waiter-1,-6.631866455078125,-2.549999952316284,0.45765067751665,0.0,7.859104093900327,0,0,waiter-2,-1.5232990980148315,2.200000047683716,-0.44826223245785,0.0,1.8929961308609504,0,0,customer-1,8.32113265991211,-2.200000047683716,0.4362833368133323,0.0,12.212946868680444,0,0,customer-2,8.72201156616211,2.549999952316284,0.45858246679586046,0.0,11.037932480241405,0,0
2,277,11.07999999999994,to_table,-2.2079319953918457,3.9601736068725586,0.1459828514246405,-0.07981306314468384,0.6404387950897217,0.0,-0.8031473159790039,0.30000001192092896,0.44999998807907104,1,dwa-left-arc,0.6834410968049436,0.4299617588027751,99.0,0.7441831254959106,99.0,waiter-2,0,,waiter-1,-6.613560676574707,-2.549999952316284,0.45765169991938137,0.0,7.860783920654642,0,0,waiter-2,-1.541229486465454,2.200000047683716,-0.44826174585361755,0.0,1.8822070008041794,0,0,customer-1,8.338583946228027,-2.200000047683716,0.43628366815640973,0.0,12.213792939178694,0,0,customer-2,8.740354537963867,2.549999952316284,0.4585863094994025,0.0,11.038730350563993,0,0
2,278,11.119999999999939,to_table,-2.190380573272705,3.962632894515991,0.16276933962893742,-0.10667437314987183,0.6263210773468018,0.0,-0.8048414587974548,0.30000001192092896,0.44999998807907104,1,dwa-left-arc,0.6798584488045702,0.4189411573795605,99.0,0.7481904649734497,99.0,waiter-2,0,,waiter-1,-6.595254898071289,-2.549999952316284,0.45765272232211274,0.0,7.862398133833497,0,0,waiter-2,-1.559159755706787,2.200000047683716,-0.4482624513422806,0.0,1.8722484539346367,0,0,customer-1,8.356035232543945,-2.200000047683716,0.43628399949948715,0.0,12.214947037521869,0,0,customer-2,8.758698463439941,2.549999952316284,0.4585806154597627,0.0,11.039830776853789,0,0
2,279,11.159999999999938,to_table,-2.172377824783325,3.96488094329834,0.17634142586523344,-0.5795907974243164,-0.9651910662651062,0.0,-0.9958229064941406,0.30000001192092896,0.44999998807907104,1,dwa-left-arc,0.6775658067073314,0.4098826915625968,99.0,0.7505190992355346,99.0,waiter-2,0,,waiter-1,-6.576949119567871,-2.549999952316284,0.4576537447248441,0.0,7.864090626059978,0,0,waiter-2,-1.5770901441574097,2.200000047683716,-0.44826196473804814,0.0,1.8625713404888575,0,0,customer-1,8.373486518859863,-2.200000047683716,0.4362843308425468,0.0,12.21560528125793,0,0,customer-2,8.7770414352417,2.549999952316284,0.45858445816328697,0.0,11.040456075291877,0,0
2,280,11.199999999999937,to_table,-2.1550581455230713,3.968038320541382,0.18760854272780164,0.001615285873413086,-0.10551071166992188,0.0,-0.8926612734794617,0.30000001192092896,0.44999998807907104,1,dwa-left-arc,0.6735894944967569,0.39848937472753687,99.0,0.7527936124801635,99.0,waiter-2,0,,waiter-1,-6.558642864227295,-2.549999952316284,0.45764999875599344,0.0,7.866154162056748,0,0,waiter-2,-1.5950205326080322,2.200000047683716,-0.44826147813381567,0.0,1.8546162573883294,0,0,customer-1,8.390937805175781,-2.200000047683716,0.43628466218560646,0.0,12.217312630200372,0,0,customer-2,8.795384407043457,2.549999952316284,0.458588300866829,0.0,11.041875968820618,0,0
2,281,11.239999999999936,to_table,-2.1375443935394287,3.9711947441101074,0.1992687618013979,0.7009525299072266,0.8832817077636719,0.0,-0.774006187915802,0.30000001192092896,0.44999998807907104,1,dwa-left-arc,0.6707933593910591,0.3865940131135652,99.0,0.754658761024475,99.0,waiter-2,0,,waiter-1,-6.540337085723877,-2.549999952316284,0.4576510211587248,0.0,7.868326617461459,0,0,waiter-2,-1.6129508018493652,2.200000047683716,-0.4482621836224787,0.0,1.8472490598431113,0,0,customer-1,8.4083890914917,-2.200000047683716,0.4362849935286839,0.0,12.218852574156216,0,0,customer-2,8.813728332519531,2.549999952316284,0.458582606827207,0.0,11.043105041461153,0,0
2,282,11.279999999999935,to_table,-2.1201746463775635,3.9746294021606445,0.21042198518039282,0.39483416080474854,0.17515814304351807,0.0,-0.8589810132980347,0.30000001192092896,0.44999998807907104,1,dwa-left-arc,0.6681813420152591,0.37474819080244903,99.0,0.7562620067596435,99.0,waiter-2,0,,waiter-1,-6.522030830383301,-2.549999952316284,0.45764727518987414,0.0,7.870649660477309,0,0,waiter-2,-1.6308810710906982,2.200000047683716,-0.44826288911114176,0.0,1.840846965010455,0,0,customer-1,8.425840377807617,-2.200000047683716,0.4362853248717613,0.0,12.220657991009519,0,0,customer-2,8.832071304321289,2.549999952316284,0.45858644953073124,0.0,11.044512684313567,0,0
2,283,11.319999999999935,to_table,-2.1028144359588623,3.9781410694122314,0.2217132893225225,0.3948625326156616,0.16432511806488037,0.0,-0.8602809906005859,0.30000001192092896,0.44999998807907104,1,dwa-left-arc,0.6659192012159929,0.3628509638934456,99.0,0.757507266998291,99.0,waiter-2,0,,waiter-1,-6.503725051879883,-2.549999952316284,0.4576482975926055,0.0,7.873032417620352,0,0,waiter-2,-1.6488115787506104,2.200000047683716,-0.4482612104140138,0.0,1.8351850281393933,0,0,customer-1,8.443291664123535,-2.200000047683716,0.43628565621482096,0.0,12.222511261477598,0,0,customer-2,8.850415229797363,2.549999952316284,0.45858075549109145,0.0,11.045941660227175,0,0
2,284,11.359999999999934,to_table,-2.0855119228363037,3.9817960262298584,0.2327506447685888,0.3950369358062744,0.15092921257019043,0.0,-0.8618884682655334,0.30000001192092896,0.44999998807907104,1,dwa-left-arc,0.663820987047332,0.3510811517072707,99.0,0.7584159994125366,99.0,waiter-2,0,,waiter-1,-6.485419273376465,-2.549999952316284,0.45764931999533687,0.0,7.875502739424887,0,0,waiter-2,-1.6667418479919434,2.200000047683716,-0.44826191590267683,0.0,1.8303456735677983,0,0,customer-1,8.460742950439453,-2.200000047683716,0.4362859875578806,0.0,12.224487496477957,0,0,customer-2,8.868758201599121,2.549999952316284,0.4585845981946335,0.0,11.047446490314982,0,0
2,285,11.399999999999933,to_table,-2.068309783935547,3.985579013824463,0.24357305148678965,0.4147648811340332,0.1432046890258789,0.0,-0.8628154397010803,0.30000001192092896,0.44999998807907104,1,dwa-left-arc,0.661959884148795,0.33929137024472333,99.0,0.7589988136291503,99.0,waiter-2,0,,waiter-1,-6.467113494873047,-2.549999952316284,0.45765034239806823,0.0,7.878024277064578,0,0,waiter-2,-1.6846721172332764,2.200000047683716,-0.4482626213913399,0.0,1.8263269432489413,0,0,customer-1,8.478194236755371,-2.200000047683716,0.43628631890095804,0.0,12.226615859861555,0,0,customer-2,8.887101173400879,2.549999952316284,0.4585884408981755,0.0,11.04906858001921,0,0
2,286,11.439999999999932,to_table,-2.051168918609619,3.989428758621216,0.25433447331777637,0.39995765686035156,0.12426972389221191,0.0,-0.865087628364563,0.30000001192092896,0.44999998807907104,1,dwa-left-arc,0.6603348228675856,0.32736813080593596,99.0,0.7592155361175537,99.0,waiter-2,0,,waiter-1,-6.448807716369629,-2.549999952316284,0.4576513648007996,0.0,7.880568181355821,0,0,waiter-2,-1.702602505683899,2.200000047683716,-0.4482621347871074,0.0,1.8230616160040634,0,0,customer-1,8.495645523071289,-2.200000047683716,0.43628665024403546,0.0,12.228831661919559,0,0,customer-2,8.905445098876953,2.549999952316284,0.45858274685853573,0.0,11.050762236904914,0,0
2,287,11.479999999999931,to_table,-2.0341830253601074,3.993391275405884,0.26474809287901047,0.38278424739837646,0.10679435729980469,0.0,-0.8671846985816956,0.30000001192092896,0.44999998807907104,1,dwa-left-arc,0.6575262161547657,0.31530404313610405,99.0,0.7591186189651489,99.0,waiter-2,0,,waiter-1,-6.430501937866211,-2.549999952316284,0.45765238720353096,0.0,7.883120495050819,0,0,waiter-2,-1.7205328941345215,2.200000047683716,-0.44826164818287495,0.0,1.8206121224710803,0,0,customer-1,8.513096809387207,-2.200000047683716,0.4362869815870951,0.0,12.231239021186237,0,0,customer-2,8.923788070678711,2.549999952316284,0.45858658956206,0.0,11.052624532353956,0,0
2,288,11.51999999999993,to_table,-2.017265796661377,3.9973902702331543,0.2751455649308932,0.37416374683380127,0.1081702709197998,0.0,-0.8670195937156677,0.30000001192092896,0.44999998807907104,1,dwa-left-arc,0.6554167058397549,0.3032721071432676,99.0,0.7586507225036621,99.0,waiter-2,0,,waiter-1,-6.412196159362793,-2.549999952316284,0.45765340960626233,0.0,7.885666212776875,0,0,waiter-2,-1.7384631633758545,2.200000047683716,-0.448262353671538,0.0,1.818884966248075,0,0,customer-1,8.530548095703125,-2.200000047683716,0.43628731293015477,0.0,12.233724889033894,0,0,customer-2,8.942131042480469,2.549999952316284,0.45859043226558427,0.0,11.054560950584685,0,0
2,289,11.55999999999993,to_table,-2.000539779663086,4.0014519691467285,0.28519913534978525,0.36722826957702637,0.0843735933303833,0.0,-0.8698751926422119,0.30000001192092896,0.44999998807907104,1,dwa-left-arc,0.6540307473956712,0.29134109820718046,99.0,0.7579209232330322,99.0,waiter-2,0,,waiter-1,-6.393889904022217,-2.549999952316284,0.45764966363741166,0.0,7.888158694806272,0,0,waiter-2,-1.756393551826477,2.200000047683716,-0.44826186706730553,0.0,1.8179209019948106,0,0,customer-1,8.547999382019043,-2.200000047683716,0.4362876442732322,0.0,12.236408196958449,0,0,customer-2,8.960474967956543,2.549999952316284,0.33191590264319615,0.0,11.056697393647715,0,0
2,290,11.599999999999929,to_table,-1.9839168787002563,4.005503177642822,0.29520666781056704,0.3605637550354004,0.061171770095825195,0.0,-0.8726593852043152,0.30000001192092896,0.44999998807907104,1,dwa-left-arc,0.6534075717328844,0.27947382686451516,99.0,0.7576276683807373,99.0,waiter-2,0,,waiter-1,-6.375584125518799,-2.549999952316284,0.45765068604014303,0.0,7.890586954953503,0,0,waiter-2,-1.7743239402770996,2.200000047683716,-0.44826138046307307,0.0,1.8176277815133062,0,0,customer-1,8.565450668334961,-2.200000047683716,0.4362879756163096,0.0,12.239175867760782,0,0,customer-2,8.9788179397583,2.549999952316284,-0.03494737609548437,0.0,11.058935045418231,0,0
2,291,11.639999999999928,to_table,-1.967490792274475,4.009558200836182,0.30496112455363467,0.3540914058685303,0.037378787994384766,0.0,-0.875514566898346,0.30000001192092896,0.44999998807907104,1,dwa-left-arc,0.6534553494253821,0.26772349497404346,99.0,0.7580232048034667,99.0,waiter-2,0,,waiter-1,-6.357278347015381,-2.549999952316284,0.4576517084428744,0.0,7.892910612717411,0,0,waiter-2,-1.7922542095184326,2.200000047683716,-0.4482620859517361,0.0,1.8180232588106726,0,0,customer-1,8.582901954650879,-2.200000047683716,0.43628830695936927,0.0,12.24211586108123,0,0,customer-2,8.997161865234375,2.549999952316284,-0.40182019157732896,0.0,11.061370538077023,0,0
2,292,11.679999999999927,to_table,-1.9520882368087769,4.014607906341553,0.31662554790322434,0.13054287433624268,-0.15408319234848022,0.0,-0.8984900116920471,0.30000001192092896,0.44999998807907104,1,dwa-left-arc,0.6541904362001423,0.25608092759350654,99.0,0.7601478719711303,99.0,waiter-2,0,,waiter-1,-6.338972091674805,-2.549999952316284,0.45764796247402373,0.0,7.895494050028564,0,0,waiter-2,-1.8101844787597656,2.200000047683716,-0.44826279144039916,0.0,1.8201478943347469,0,0,customer-1,8.600353240966797,-2.200000047683716,0.4362886383024289,0.0,12.246443286281632,0,0,customer-2,8.984495162963867,2.549999952316284,-0.4585867295933532,0.0,11.03421646149724,0,0
2,293,11.719999999999926,to_table,-1.9344441890716553,4.019540786743164,0.33159018418159875,0.8573758602142334,0.9819259643554688,0.0,-0.7621688842773438,0.30000001192092896,0.44999998807907104,1,dwa-left-arc,0.6566456193230992,0.24623232083593583,99.0,0.762644829750061,99.0,waiter-2,0,,waiter-1,-6.320666313171387,-2.549999952316284,0.4576489848767551,0.0,7.89922844612711,0,0,waiter-2,-1.8281148672103882,2.200000047683716,-0.4482623048361667,0.0,1.8226448984331753,0,0,customer-1,8.617805480957031,-2.200000047683716,0.4362794329023423,0.0,12.248782032909391,0,0,customer-2,8.96615219116211,2.549999952316284,-0.4585905722968775,0.0,10.999206867261544,0,0
2,294,11.759999999999925,to_table,-1.9167178869247437,4.024555206298828,0.3471330707835977,0.11081862449645996,0.5220440626144409,0.0,-0.8173547387123108,0.30000001192092896,0.44999998807907104,1,dwa-left-arc,0.6594946128774843,0.23551256578613144,99.0,0.7659233236312866,99.0,waiter-2,0,,waiter-1,-6.302360534667969,-2.549999952316284,0.45765000727948646,0.0,7.903077689569854,0,0,waiter-2,-1.8460452556610107,2.200000047683716,-0.44826181823193423,0.0,1.8259233685011969,0,0,customer-1,8.63525676727295,-2.200000047683716,0.4362797642454197,0.0,12.251092082451759,0,0,customer-2,8.947808265686035,2.549999952316284,-0.4585848782572377,0.0,10.964134335085971,0,0
2,295,11.799999999999924,to_table,-1.898785948753357,4.0297441482543945,0.36237258232595015,0.3282783031463623,0.6998469829559326,0.0,-0.7960183620452881,0.30000001192092896,0.44999998807907104,1,dwa-left-arc,0.6631251070967579,0.22505804678075347,99.0,0.7700752639770507,99.0,waiter-2,0,,waiter-1,-6.284054756164551,-2.549999952316284,0.4576510296822178,0.0,7.907187549454499,0,0,waiter-2,-1.8639755249023438,2.200000047683716,-0.4482625237205973,0.0,1.8300752004171548,0,0,customer-1,8.652708053588867,-2.200000047683716,0.43628009558847936,0.0,12.253315405566303,0,0,customer-2,8.929465293884277,2.549999952316284,-0.458588720960762,0.0,10.928891428644352,0,0
2,296,11.839999999999923,to_table,-1.8810051679611206,4.035181999206543,0.3774936142234903,0.06886494159698486,0.4048401117324829,0.0,-0.8314191699028015,0.30000001192092896,0.44999998807907104,1,dwa-left-arc,0.6676297661459427,0.21433335748951854,99.0,0.7751821899414062,99.0,waiter-2,0,,waiter-1,-6.265748977661133,-2.549999952316284,0.4576520520849492,0.0,7.911422097914165,0,0,waiter-2,-1.8819059133529663,2.200000047683716,-0.4482620371163648,0.0,1.8351821725750808,0,0,customer-1,8.670159339904785,-2.200000047683716,0.436280426931539,0.0,12.255797306985448,0,0,customer-2,8.911121368408203,2.549999952316284,-0.4585830269211222,0.0,10.893840502293582,0,0
2,297,11.879999999999923,to_table,-1.8632014989852905,4.040862083435059,0.39243444249789655,0.06253314018249512,0.3861931562423706,0.0,-0.8336568474769592,0.30000001192092896,0.44999998807907104,1,dwa-left-arc,0.6730863753061251,0.20377787826999927,99.0,0.7812264585494995,99.0,waiter-2,0,,waiter-1,-6.247443199157715,-2.549999952316284,0.45765307448768056,0.0,7.91587251412244,0,0,waiter-2,-1.8998363018035889,2.200000047683716,-0.44826155051213235,0.0,1.841226532355026,0,0,customer-1,8.687610626220703,-2.200000047683716,0.43628075827461643,0.0,12.25838474844978,0,0,customer-2,8.892778396606445,2.549999952316284,-0.45858686962464645,0.0,10.858810865300935,0,0
2,298,11.919999999999922,to_table,-1.8454539775848389,4.046842575073242,0.40723201327338865,0.056423187255859375,0.3680684566497803,0.0,-0.8358317613601685,0.30000001192092896,0.44999998807907104,1,dwa-left-arc,0.6794783605468462,0.1928373003838646,99.0,0.7882576608657836,99.0,waiter-2,0,,waiter-1,-6.229137420654297,-2.549999952316284,0.4576540968904119,0.0,7.920543659384521,0,0,waiter-2,-1.9177665710449219,2.200000047683716,-0.4482622560007954,0.0,1.8482576747162331,0,0,customer-1,8.705061912536621,-2.200000047683716,0.43628108961769385,0.0,12.261175649227054,0,0,customer-2,8.874435424804688,2.549999952316284,-0.4585907123281707,0.0,10.823888702160847,0,0
2,299,11.959999999999921,to_table,-1.8277649879455566,4.053111553192139,0.42187428325422877,0.05048859119415283,0.3500635623931885,0.0,-0.8379923701286316,0.30000001192092896,0.44999998807907104,1,dwa-left-arc,0.6868538261344324,0.18176591288885224,99.0,0.7962520742416381,99.0,waiter-2,0,,waiter-1,-6.210831165313721,-2.549999952316284,0.45765035092156126,0.0,7.925424321092624,0,0,waiter-2,-1.9356969594955444,2.200000047683716,-0.4482617693965629,0.0,1.8562520201552268,0,0,customer-1,8.722513198852539,-2.200000047683716,0.4362814209607535,0.0,12.264166278709528,0,0,customer-2,8.856091499328613,2.549999952316284,-0.45858501828853093,0.0,10.789074748344175,0,0
2,300,11.99999999999992,to_table,-1.8101533651351929,4.059659004211426,0.4363766376112488,0.0447239875793457,0.3320963382720947,0.0,-0.8401484489440918,0.30000001192092896,0.44999998807907104,1,dwa-left-arc,0.6951886674409933,0.1707480809608415,99.0,0.805185260772705,99.0,waiter-2,0,,waiter-1,-6.192525386810303,-2.549999952316284,0.4576513733242926,0.0,7.930496583314803,0,0,waiter-2,-1.9536272287368774,2.200000047683716,-0.44826247488522597,0.0,1.8651852948515668,0,0,customer-1,8.739964485168457,-2.200000047683716,0.43628175230381316,0.0,12.267368018498038,0,0,customer-2,8.837748527526855,2.549999952316284,-0.4585888609920552,0.0,10.754389111833595,0,0
2,301,12.03999999999992,to_table,-1.7926169633865356,4.066470146179199,0.4507290094241956,0.020333051681518555,-0.9893438220024109,0.0,-0.9987212419509888,0.30000001192092896,0.44999998807907104,1,dwa-left-arc,0.7044579844600374,0.15980628025257748,99.0,0.8150281333923339,99.0,waiter-2,0,,waiter-1,-6.174219131469727,-2.549999952316284,0.45764762735544195,0.0,7.935749121767658,0,0,waiter-2,-1.9715576171875,2.200000047683716,-0.4482619882809935,0.0,1.8750281027655176,0,0,customer-1,8.757415771484375,-2.200000047683716,0.4362820836468906,0.0,12.27077175231534,0,0,customer-2,8.819404602050781,2.549999952316284,-0.4585831669524154,0.0,10.71982665690921,0,0
2,302,12.079999999999918,to_table,-1.7751636505126953,4.073537826538086,0.46493661582905565,-0.24218451976776123,-0.9878258109092712,0.0,-0.9985390901565552,0.30000001192092896,0.44999998807907104,1,dwa-left-arc,0.7146319754667738,0.14893049243460177,99.0,0.8257567310333251,99.0,waiter-2,0,,waiter-1,-6.155913352966309,-2.549999952316284,0.4576486497581733,0.0,7.94117249928866,0,0,waiter-2,-1.9894880056381226,2.200000047683716,-0.44826150167676104,0.0,1.8857568077550448,0,0,customer-1,8.774867057800293,-2.200000047683716,0.436282414989968,0.0,12.274380856305644,0,0,customer-2,8.801061630249023,2.549999952316284,-0.4585870096559397,0.0,10.685396990454382,0,0
2,303,12.119999999999918,to_table,-1.7577942609786987,4.080854892730713,0.478995084321126,-0.9475805759429932,-0.9876312613487244,0.0,-0.9985157251358032,0.30000001192092896,0.44999998807907104,1,dwa-left-arc,0.72568656287923,0.137762780084292,99.0,0.8373474502563476,99.0,waiter-2,0,,waiter-1,-6.137607574462891,-2.549999952316284,0.4576496721609047,0.0,7.946760386286767,0,0,waiter-2,-2.007418155670166,2.200000047683716,-0.4482633992583196,0.0,1.8973473685484428,0,0,customer-1,8.792318344116211,-2.200000047683716,0.43628274633302766,0.0,12.278192650496685,0,0,customer-2,8.782718658447266,2.549999952316284,-0.45859085235946395,0.0,10.651099917528562,0,0
2,304,12.159999999999917,to_table,-1.7405167818069458,4.088414669036865,0.4929117022859423,-0.2501412034034729,-0.4391751289367676,0.0,-0.9327009916305542,0.30000001192092896,0.44999998807907104,1,dwa-left-arc,0.7375973964343854,0.12652290367812857,99.0,0.8497746610641479,99.0,waiter-2,0,,waiter-1,-6.119301795959473,-2.549999952316284,0.45765069456363605,0.0,7.952503183599616,0,0,waiter-2,-2.025348663330078,2.200000047683716,-0.4482617205611916,0.0,1.9097745895451552,0,0,customer-1,8.809769630432129,-2.200000047683716,0.4362830776760873,0.0,12.282210836398487,0,0,customer-2,8.764374732971191,2.549999952316284,-0.45858515831982416,0.0,10.616942383656426,0,0
2,305,12.199999999999916,to_table,-1.7233332395553589,4.096207141876221,0.5066896507599024,-0.24894416332244873,-0.7633329033851624,0.0,-0.9715999364852905,0.30000001192092896,0.44999998807907104,1,dwa-left-arc,0.7503388382026639,0.11536556623489136,99.0,0.8630097532272338,99.0,waiter-2,0,,waiter-1,-6.100996017456055,-2.549999952316284,0.4576517169663674,0.0,7.958391805880885,0,0,waiter-2,-2.043278932571411,2.200000047683716,-0.44826242604985467,0.0,1.92300977390795,0,0,customer-1,8.827220916748047,-2.200000047683716,0.43628340901916474,0.0,12.286432272183706,0,0,customer-2,8.746031761169434,2.549999952316284,-0.45858900102334843,0.0,10.582927770302888,0,0
2,306,12.239999999999915,to_table,-1.7062480449676514,4.104226112365723,0.5203353395334888,-0.41051244735717773,-0.5382579565048218,0.0,-0.9445909261703491,0.30000001192092896,0.44999998807907104,1,dwa-left-arc,0.7638820081909758,0.10429144686112779,99.0,0.8770272159576415,99.0,waiter-2,0,,waiter-1,-6.082690238952637,-2.549999952316284,0.4576527393690988,0.0,7.964419049572009,0,0,waiter-2,-2.061209201812744,2.200000047683716,-0.4482631315385177,0.0,1.9370271883179981,0,0,customer-1,8.844672203063965,-2.200000047683716,0.43628374036224216,0.0,12.290857803968576,0,0,customer-2,8.72768783569336,2.549999952316284,-0.45858330698370864,0.0,10.549058579718253,0,0
2,307,12.279999999999914,to_table,-1.6892625093460083,4.112462997436523,0.5338520937302089,-0.44622981548309326,-0.4645240902900696,0.0,-0.9357429146766663,0.30000001192092896,0.44999998807907104,1,dwa-left-arc,0.7782008921103543,0.09330517990725107,99.0,0.8917989158630371,99.0,waiter-2,0,,waiter-1,-6.064384460449219,-2.549999952316284,0.45765376177183015,0.0,7.970577434781877,0,0,waiter-2,-2.0791397094726562,2.200000047683716,-0.44826145284138974,0.0,1.9517988537131086,0,0,customer-1,8.862123489379883,-2.200000047683716,0.4362840717053018,0.0,12.295484382085865,0,0,customer-2,8.709344863891602,2.549999952316284,-0.4585871496872329,0.0,10.515337658397756,0,0
2,308,12.319999999999913,to_table,-1.6723785400390625,4.120913028717041,0.5472441827757032,-0.45632147789001465,-0.4770146608352661,0.0,-0.9372417330741882,0.30000001192092896,0.44999998807907104,1,dwa-left-arc,0.793267285066571,0.08215306272853184,99.0,0.9073000574111938,99.0,waiter-2,0,,waiter-1,-6.046078205108643,-2.549999952316284,0.4576500158029795,0.0,7.976862087359207,0,0,waiter-2,-2.0970699787139893,2.200000047683716,-0.4482621583300528,0.0,1.9673000530641265,0,0,customer-1,8.8795747756958,-2.200000047683716,0.43628440304836147,0.0,12.30031141462939,0,0,customer-2,8.691001892089844,2.549999952316284,-0.4585909923907572,0.0,10.48176616199003,0,0
2,309,12.359999999999912,to_table,-1.6555976867675781,4.129570484161377,0.5605130784103312,-0.4661625623703003,-0.48938417434692383,0.0,-0.9387261271476746,0.30000001192092896,0.44999998807907104,1,dwa-left-arc,0.8090564085560341,0.07086247955288827,99.0,0.9235051298141479,99.0,waiter-2,0,,waiter-1,-6.027772426605225,-2.549999952316284,0.45765103820571085,0.0,7.983268326414988,0,0,waiter-2,-2.1150002479553223,2.200000047683716,-0.44826286381871583,0.0,1.9835051758325337,0,0,customer-1,8.897026062011719,-2.200000047683716,0.4362847343914389,0.0,12.305337504550723,0,0,customer-2,8.67265796661377,2.549999952316284,-0.4585852983511174,0.0,10.448344744823324,0,0
2,310,12.399999999999912,to_table,-1.6382123231887817,4.138128280639648,0.5727974853271661,-0.47576141357421875,-0.5016491413116455,0.0,-0.9401978850364685,0.18000000715255737,0.44999998807907104,1,dwa-left-arc,0.8255424950748418,0.15335433766568252,99.0,0.9402717971801757,99.0,waiter-2,0,,waiter-1,-6.009466171264648,-2.549999952316284,0.4576472922368602,0.0,7.989926123862492,0,0,waiter-2,-2.1329307556152344,2.200000047683716,-0.44826118512158786,0.0,2.0002718252186056,0,0,customer-1,8.914477348327637,-2.200000047683716,0.43628506573449854,0.0,12.309798130336029,0,0,customer-2,8.654314994812012,2.549999952316284,-0.45858914105464166,0.0,10.414330039854496,0,0
2,311,12.43999999999991,to_table,-1.622880220413208,4.14673376083374,0.5811488457161261,-0.5419214963912964,-0.5729421377182007,0.0,-0.9487530589103699,0.18000000715255737,0.44999998807907104,1,dwa-left-arc,0.8425896136604352,0.1390930558431258,99.0,0.9570612335205078,99.0,waiter-2,0,,waiter-1,-5.9911603927612305,-2.549999952316284,0.45764831463959155,0.0,7.995505868234291,0,0,waiter-2,-2.1508610248565674,2.200000047683716,-0.4482618906102509,0.0,2.0170611988176113,0,0,customer-1,8.931928634643555,-2.200000047683716,0.43628539707757596,0.0,12.316047255632107,0,0,customer-2,8.635971069335938,2.549999952316284,-0.45858344701500187,0.0,10.382369124648303,0,0
2,312,12.47999999999991,to_table,-1.608620285987854,4.154087543487549,0.5768200291945212,-0.5567398071289062,-0.5674281120300293,0.0,-0.9480913877487183,0.0,-0.9480913877487183,0,nominal-sac-a-star,0.859636559284557,0.26330246401631596,99.0,0.9727935218811035,99.0,waiter-2,0,,waiter-1,-5.9728546142578125,-2.549999952316284,0.4576493370423229,0.0,7.99945813311397,0,0,waiter-2,-2.1687912940979004,2.200000047683716,-0.44826259609891395,0.0,2.0327935211388097,0,0,customer-1,8.949379920959473,-2.200000047683716,0.4362857284206534,0.0,12.322572681310362,0,0,customer-2,8.61762809753418,2.549999952316284,-0.45858728971852614,0.0,10.351292334855422,0,0
2,313,12.519999999999909,to_table,-1.6027706861495972,4.1647138595581055,0.5551290556148649,-0.9237667918205261,0.032666563987731934,0.0,-0.8760800361633301,0.0,-0.8760800361633301,0,nominal-sac-a-star,0.9038302137394316,99.0,99.0,0.9896582984924316,99.0,waiter-2,0,,waiter-1,-5.9545488357543945,-2.549999952316284,0.4576503594450543,0.0,8.001584508005552,0,0,waiter-2,-2.1867218017578125,2.200000047683716,-0.448260917401786,0.0,2.0496583295735107,0,0,customer-1,8.96683120727539,-2.200000047683716,0.2270897947284567,0.0,12.337992839458552,0,0,customer-2,8.599285125732422,2.549999952316284,-0.4585911324220504,0.0,10.329048542387428,0,0
2,314,12.559999999999908,to_table,-1.597030758857727,4.1786322593688965,0.5328244213083385,-0.9230170845985413,-0.009822428226470947,0.0,-0.8811786770820618,0.0,-0.8811786770820618,0,nominal-sac-a-star,0.920861335682877,99.0,99.0,1.0098282718658447,99.0,waiter-2,0,,waiter-1,-5.936243057250977,-2.549999952316284,0.45765138184778564,0.0,8.006450824844592,0,0,waiter-2,-2.2046520709991455,2.200000047683716,-0.448261622890449,0.0,2.0698282750234736,0,0,customer-1,8.984282493591309,-2.200000047683716,-0.1219362629329801,0.0,12.355207009800722,0,0,customer-2,8.580941200256348,2.549999952316284,-0.4585854383824106,0.0,10.307451498410648,0,0
2,315,12.599999999999907,to_table,-1.5939463376998901,4.188215732574463,0.5063021444806696,-0.9251683354377747,0.021213293075561523,0.0,-0.877454400062561,0.0,-0.877454400062561,0,nominal-sac-a-star,0.9411854807602755,99.0,99.0,1.0252301120758056,99.0,waiter-2,0,,waiter-1,-5.917937278747559,-2.549999952316284,0.457652404250517,0.0,8.006275555735638,0,0,waiter-2,-2.2225823402404785,2.200000047683716,-0.44826232837911206,0.0,2.0852301631560466,0,0,customer-1,8.998266220092773,-2.200000047683716,-0.43628672244988564,0.0,12.36948938819223,0,0,customer-2,8.56259822845459,2.549999952316284,-0.4585892810859349,0.0,10.287815534260371,0,0
2,316,12.639999999999906,to_table,-1.5930460691452026,4.196793079376221,0.4823691940084541,-0.9480875134468079,0.37015461921691895,0.0,-0.8355814218521118,0.0,-0.8355814218521118,0,nominal-sac-a-star,0.956728326441818,99.0,99.0,1.0391415977478027,99.0,waiter-2,0,,waiter-1,-5.899631500244141,-2.549999952316284,0.4576534266532484,0.0,8.004117333463332,0,0,waiter-2,-2.2405128479003906,2.200000047683716,-0.4482606496819841,0.0,2.099141643864788,0,0,customer-1,8.980814933776855,-2.200000047683716,-0.43628705379296306,0.0,12.358215842892415,0,0,customer-2,8.544254302978516,2.549999952316284,-0.4585835870462951,0.0,10.270189211401682,0,0
2,317,12.679999999999906,to_table,-1.592129111289978,4.201662063598633,0.45533720856977417,-0.9587342143058777,0.271456241607666,0.0,-0.8474252223968506,0.0,-0.8474252223968506,0,nominal-sac-a-star,0.9707639902170797,99.0,99.0,1.0496503734588623,99.0,waiter-2,0,,waiter-1,-5.8813252449035645,-2.549999952316284,0.4576496806843977,0.0,7.998883887752967,0,0,waiter-2,-2.2584428787231445,2.200000047683716,-0.44826373935643815,0.0,2.1096504124208706,0,0,customer-1,8.963363647460938,-2.200000047683716,-0.4362873851360405,0.0,12.345027548250792,0,0,customer-2,8.525911331176758,2.549999952316284,-0.45858742974981936,0.0,10.251962257306555,0,0
2,318,12.719999999999905,to_table,-1.5921422243118286,4.20650577545166,0.4281952180293836,-0.9599742293357849,0.2763538360595703,0.0,-0.8468375205993652,0.0,-0.8468375205993652,0,nominal-sac-a-star,0.9814047970446844,99.0,99.0,1.0599617385864257,99.0,waiter-2,0,,waiter-1,-5.8630194664001465,-2.549999952316284,0.4576507030871291,0.0,7.993169713345823,0,0,waiter-2,-2.2763733863830566,2.200000047683716,-0.4482620606593102,0.0,2.1199616785958444,0,0,customer-1,8.94591236114502,-2.200000047683716,-0.4362877164791179,0.0,12.332636024302978,0,0,customer-2,8.507568359375,2.549999952316284,-0.45859127245334363,0.0,10.234655119559093,0,0
2,319,12.759999999999904,to_table,-1.5921295881271362,4.211973190307617,0.39862449531929967,-0.9553494453430176,0.41974711418151855,0.0,-0.8296303749084473,0.0,-0.8296303749084473,0,nominal-sac-a-star,0.9918393395444927,99.0,99.0,1.0709821605682373,99.0,waiter-2,0,,waiter-1,-5.8447136878967285,-2.549999952316284,0.45765172548986044,0.0,7.9880380762224785,0,0,waiter-2,-2.2943038940429688,2.200000047683716,-0.4482603819621822,0.0,2.1309820934321055,0,0,customer-1,8.928461074829102,-2.200000047683716,-0.4362880478221953,0.0,12.320561217014387,0,0,customer-2,8.489224433898926,2.549999952316284,-0.45858557841370384,0.0,10.217428931057972,0,0
2,320,12.799999999999903,to_table,-1.593417763710022,4.213981628417969,0.36603576646779296,-0.8953676223754883,0.9453827142715454,0.0,-0.766554057598114,0.0,-0.766554057598114,0,nominal-sac-a-star,1.0029800632803503,99.0,99.0,1.0784150981903076,99.0,waiter-2,0,,waiter-1,-5.826407432556152,-2.549999952316284,0.4576479795210098,0.0,7.9793263099756935,0,0,waiter-2,-2.3122339248657227,2.200000047683716,-0.44826347163663627,0.0,2.138414945953067,0,0,customer-1,8.911009788513184,-2.200000047683716,-0.43628837916527274,0.0,12.30780886840847,0,0,customer-2,8.470881462097168,2.549999952316284,-0.4585894211172281,0.0,10.200929071657413,0,0
2,321,12.839999999999902,to_table,-1.5946990251541138,4.216170310974121,0.33398800679731144,-0.374938428401947,0.9985532760620117,0.0,-0.7601736187934875,0.0,-0.7601736187934875,0,nominal-sac-a-star,1.0105314596833823,99.0,99.0,1.0861248397827148,99.0,waiter-2,0,,waiter-1,-5.808101654052734,-2.549999952316284,0.45764900192374114,0.0,7.9708106077766745,0,0,waiter-2,-2.3301644325256348,2.200000047683716,-0.4482617929395083,0.0,2.146124855644857,0,0,customer-1,8.893558502197266,-2.200000047683716,-0.43628871050835016,0.0,12.295153030009928,0,0,customer-2,8.452537536621094,2.549999952316284,-0.4585837270775883,0.0,10.184453161183592,0,0
2,322,12.879999999999901,to_table,-1.593481183052063,4.216324329376221,0.30471901035982546,-0.691203236579895,0.749032735824585,0.0,-0.7901160717010498,0.0,-0.7901160717010498,0,nominal-sac-a-star,1.0183581877311965,99.0,99.0,1.0929061794281005,99.0,waiter-2,0,,waiter-1,-5.789795875549316,-2.549999952316284,0.4576500243264725,0.0,7.961921959143402,0,0,waiter-2,-2.3480947017669678,2.200000047683716,-0.44826249842817134,0.0,2.152906215228635,0,0,customer-1,8.876107215881348,-2.200000047683716,-0.4362890418514276,0.0,12.279311859983629,0,0,customer-2,8.434194564819336,2.549999952316284,-0.4585875697811126,0.0,10.165181642943347,0,0
2,323,12.9199999999999,to_table,-1.5914785861968994,4.220101356506348,0.2779657445023067,-0.6783497929573059,0.7482061386108398,0.0,-0.790215253829956,0.0,-0.790215253829956,0,nominal-sac-a-star,1.025279079592424,99.0,99.0,1.1034998321533203,99.0,waiter-2,0,,waiter-1,-5.771490097045898,-2.549999952316284,0.45765104672920387,0.0,7.956555031076706,0,0,waiter-2,-2.366024971008301,2.200000047683716,-0.4482632039168344,0.0,2.163499803589388,0,0,customer-1,8.85865592956543,-2.200000047683716,-0.436289373194505,0.0,12.264706006978333,0,0,customer-2,8.415851593017578,2.549999952316284,-0.45859141248463686,0.0,10.145732896942167,0,0
2,324,12.9599999999999,to_table,-1.590812087059021,4.222015380859375,0.2471891569635509,-0.659456193447113,0.7602876424789429,0.0,-0.7887654900550842,0.0,-0.7887654900550842,0,nominal-sac-a-star,1.036006403772343,99.0,99.0,1.112008752822876,99.0,waiter-2,0,,waiter-1,-5.7531843185424805,-2.549999952316284,0.45765206913193524,0.0,7.948932901100048,0,0,waiter-2,-2.383955478668213,2.200000047683716,-0.4482615252197064,0.0,2.1720088506382296,0,0,customer-1,8.841204643249512,-2.200000047683716,-0.4362897045375824,0.0,12.250275720402485,0,0,customer-2,8.397507667541504,2.549999952316284,-0.45858571844499707,0.0,10.12729811516523,0,0
2,325,12.999999999999899,to_table,-1.5904275178909302,4.222443580627441,0.21896085384393107,-0.778754711151123,0.8594577312469482,0.0,-0.7768650650978088,0.0,-0.7768650650978088,0,nominal-sac-a-star,1.0446431276450898,99.0,99.0,1.1191608333587646,99.0,waiter-2,0,,waiter-1,-5.7348785400390625,-2.549999952316284,0.4576530915346666,0.0,7.939928569067608,0,0,waiter-2,-2.401885747909546,2.200000047683716,-0.44826223070836946,0.0,2.1791609171905693,0,0,customer-1,8.823753356933594,-2.200000047683716,-0.43629003588065984,0.0,12.235315502772924,0,0,customer-2,8.379164695739746,2.549999952316284,-0.45858956114852134,0.0,10.108898881478833,0,0
2,326,13.039999999999898,to_table,-1.5892143249511719,4.222062110900879,0.18721456150280322,-0.3517950773239136,-0.006460964679718018,0.0,-0.8807753324508667,0.0,-0.8807753324508667,0,nominal-sac-a-star,1.051923826253863,99.0,99.0,1.1260086917877197,99.0,waiter-2,0,,waiter-1,-5.7165727615356445,-2.549999952316284,0.45765411393739797,0.0,7.930694310847577,0,0,waiter-2,-2.419816017150879,2.200000047683716,-0.4482629361970325,0.0,2.1860087279302127,0,0,customer-1,8.806302070617676,-2.200000047683716,-0.43629036722373726,0.0,12.219232524969192,0,0,customer-2,8.360820770263672,2.549999952316284,-0.45858386710888155,0.0,10.089548565628576,0,0
2,327,13.079999999999897,to_table,-1.587497353553772,4.222268104553223,0.15298870196058995,-0.9478598833084106,0.7137793302536011,0.0,-0.7943464517593384,0.0,-0.7943464517593384,0,nominal-sac-a-star,1.0589071521572855,99.0,99.0,1.1337391757965087,99.0,waiter-2,0,,waiter-1,-5.698266506195068,-2.549999952316284,0.4576503679685473,0.0,7.92224953282856,0,0,waiter-2,-2.437746524810791,2.200000047683716,-0.44826125749990453,0.0,2.193739215827173,0,0,customer-1,8.788850784301758,-2.200000047683716,-0.4362906985668147,0.0,12.203037691378928,0,0,customer-2,8.342477798461914,2.549999952316284,-0.4585877098124058,0.0,10.069800757345444,0,0
2,328,13.119999999999896,to_table,-1.5885063409805298,4.220157623291016,0.11907588721128855,-0.84310382604599,0.937828779220581,0.0,-0.7674605250358582,0.0,-0.7674605250358582,0,nominal-sac-a-star,1.0667735051660623,99.0,99.0,1.1384133720397949,99.0,waiter-2,0,,waiter-1,-5.67996072769165,-2.549999952316284,0.45765139037127867,0.0,7.910438205124327,0,0,waiter-2,-2.455676794052124,2.200000047683716,-0.4482619629885676,0.0,2.1984133426096095,0,0,customer-1,8.77139949798584,-2.200000047683716,-0.4362910299098921,0.0,12.187947879459657,0,0,customer-2,8.324134826660156,2.549999952316284,-0.4585915525159301,0.0,10.052357015363146,0,0
2,329,13.159999999999895,to_table,-1.5880403518676758,4.222633361816406,0.08625126157455236,-0.726482629776001,0.492203950881958,0.0,-0.8209355473518372,0.0,-0.8209355473518372,0,nominal-sac-a-star,1.0715703705257091,99.0,99.0,1.1480020904541015,99.0,waiter-2,0,,waiter-1,-5.661654472351074,-2.549999952316284,0.457647644402428,0.0,7.903347013152192,0,0,waiter-2,-2.473607063293457,2.200000047683716,-0.4482626684772306,0.0,2.2080022472418057,0,0,customer-1,8.753948211669922,-2.200000047683716,-0.4362913612529695,0.0,12.174027573534143,0,0,customer-2,8.305790901184082,2.549999952316284,-0.4585858584762903,0.0,10.034221414062962,0,0
2,330,13.199999999999894,to_table,-1.5922573804855347,4.219912528991699,0.052226398497825975,-0.9468401670455933,0.20723319053649902,0.0,-0.8551320433616638,0.0,-0.8551320433616638,0,nominal-sac-a-star,1.0812773282120491,99.0,99.0,1.1510521793365478,99.0,waiter-2,0,,waiter-1,-5.643348693847656,-2.549999952316284,0.45764866680515937,0.0,7.889426838102224,0,0,waiter-2,-2.491537570953369,2.200000047683716,-0.44826098978010265,0.0,2.2110520783354786,0,0,customer-1,8.736495971679688,-2.200000047683716,-0.4362821558528829,0.0,12.161349567462464,0,0,customer-2,8.287447929382324,2.549999952316284,-0.45858970117981457,0.0,10.019839570750117,0,0
2,331,13.239999999999894,to_table,-1.5897506475448608,4.2241950035095215,0.01799225507592861,-0.9498344659805298,0.2926802635192871,0.0,-0.8448783755302429,0.0,-0.8448783755302429,0,nominal-sac-a-star,1.0844279639443726,99.0,99.0,1.1633409881591796,99.0,waiter-2,0,,waiter-1,-5.625042915344238,-2.549999952316284,0.45764968920789073,0.0,7.88500481839404,0,0,waiter-2,-2.509467840194702,2.200000047683716,-0.4482616952687657,0.0,2.2233409395876156,0,0,customer-1,8.71904468536377,-2.200000047683716,-0.4362824871959603,0.0,12.146667990505644,0,0,customer-2,8.26910400390625,2.549999952316284,-0.4585840071401748,0.0,9.999997205393566,0,0
2,332,13.279999999999893,to_table,-1.5918934345245361,4.221651077270508,-0.014164887020868032,-0.6883033514022827,0.9960854053497314,0.0,-0.7604697346687317,0.0,-0.7604697346687317,0,nominal-sac-a-star,1.0968406177556567,99.0,99.0,1.1676089191436767,99.0,waiter-2,0,,waiter-1,-5.60673713684082,-2.549999952316284,0.4576507116106221,0.0,7.872371156172236,0,0,waiter-2,-2.527398109436035,2.200000047683716,-0.44826240075742874,0.0,2.2276090056853795,0,0,customer-1,8.701593399047852,-2.200000047683716,-0.4362828185390377,0.0,12.132331777673818,0,0,customer-2,8.250761032104492,2.549999952316284,-0.45858784984369905,0.0,9.98359977327883,0,0
2,333,13.319999999999892,to_table,-1.590959072113037,4.222925662994385,-0.04610701274122893,-0.6458912491798401,-0.5846547484397888,0.0,-0.9501585960388184,0.0,-0.9501585960388184,0,nominal-sac-a-star,1.1012210860409626,99.0,99.0,1.1767496490478515,99.0,waiter-2,0,,waiter-1,-5.588431358337402,-2.549999952316284,0.45765173401335346,0.0,7.864623708078045,0,0,waiter-2,-2.5453286170959473,2.200000047683716,-0.44826072206030076,0.0,2.236749711852208,0,0,customer-1,8.684142112731934,-2.200000047683716,-0.43628314988211514,0.0,12.117412225541075,0,0,customer-2,8.232418060302734,2.549999952316284,-0.4585916925472233,0.0,9.964809015687,0,0
2,334,13.359999999999891,to_table,-1.589825987815857,4.224073886871338,-0.08015848271088498,-0.8342393636703491,0.6492452621459961,0.0,-0.802090585231781,0.0,-0.802090585231781,0,nominal-sac-a-star,1.1104815236432368,99.0,99.0,1.1859843158721923,99.0,waiter-2,0,,waiter-1,-5.570125579833984,-2.549999952316284,0.4576527564160848,0.0,7.856898957030427,0,0,waiter-2,-2.563258647918701,2.200000047683716,-0.4482638117347548,0.0,2.2459844278709102,0,0,customer-1,8.666690826416016,-2.200000047683716,-0.43628348122519256,0.0,12.102266856967365,0,0,customer-2,8.21407413482666,2.549999952316284,-0.4585859985075835,0.0,9.945802187511402,0,0
2,335,13.39999999999989,to_table,-1.589905858039856,4.225168228149414,-0.11055189109164627,-0.7769737839698792,0.5397443771362305,0.0,-0.815230667591095,0.0,-0.815230667591095,0,nominal-sac-a-star,1.1198364510885659,99.0,99.0,1.1947612190246581,99.0,waiter-2,0,,waiter-1,-5.551819801330566,-2.549999952316284,0.4576537788188162,0.0,7.848545468278579,0,0,waiter-2,-2.5811891555786133,2.200000047683716,-0.44826213303762685,0.0,2.25476134771511,0,0,customer-1,8.649239540100098,-2.200000047683716,-0.43628381256827,0.0,12.088129956987684,0,0,customer-2,8.195731163024902,2.549999952316284,-0.4585898412111078,0.0,9.927984723013573,0,0
2,336,13.43999999999989,to_table,-1.5864094495773315,4.226052284240723,-0.134555972279753,-0.7988237142562866,0.5547788143157959,0.0,-0.8134265542030334,0.0,-0.8134265542030334,0,nominal-sac-a-star,1.1287243871693473,99.0,99.0,1.2050539875030517,99.0,waiter-2,0,,waiter-1,-5.53351354598999,-2.549999952316284,0.4576500328499655,0.0,7.841843830405373,0,0,waiter-2,-2.5991196632385254,2.200000047683716,-0.4482604543404989,0.0,2.265054004237283,0,0,customer-1,8.63178825378418,-2.200000047683716,-0.4362841439113474,0.0,12.070862143095413,0,0,customer-2,8.177387237548828,2.549999952316284,-0.458584147171468,0.0,9.906607752751954,0,0
2,337,13.479999999999889,to_table,-1.5871505737304688,4.22606897354126,-0.1551567067711651,-0.812717854976654,0.5662038326263428,0.0,-0.8120555281639099,0.0,-0.8120555281639099,0,nominal-sac-a-star,1.139150035808571,99.0,99.0,1.212806167602539,99.0,waiter-2,0,,waiter-1,-5.515207767486572,-2.549999952316284,0.4576510552526969,0.0,7.832288516480435,0,0,waiter-2,-2.6170496940612793,2.200000047683716,-0.44826354401495294,0.0,2.2728060828816257,0,0,customer-1,8.614336967468262,-2.200000047683716,-0.4362844752544248,0.0,12.056728873072506,0,0,customer-2,8.15904426574707,2.549999952316284,-0.4585879898749923,0.0,9.88926292566684,0,0
2,338,13.519999999999888,to_table,-1.584377408027649,4.228331089019775,-0.17728860915696826,-0.8775677680969238,0.85074782371521,0.0,-0.7779102325439453,0.0,-0.7779102325439453,0,nominal-sac-a-star,1.1470099408034362,99.0,99.0,1.2242707633972167,99.0,waiter-2,0,,waiter-1,-5.496901512145996,-2.549999952316284,0.4576473092838462,0.0,7.826468972100193,0,0,waiter-2,-2.6349802017211914,2.200000047683716,-0.44826186531782497,0.0,2.2842707902882484,0,0,customer-1,8.596885681152344,-2.200000047683716,-0.43628480659750224,0.0,12.040828845814996,0,0,customer-2,8.140701293945312,2.549999952316284,-0.45859183257851655,0.0,9.868837376509784,0,0
2,339,13.559999999999887,to_table,-1.5834850072860718,4.228889465332031,-0.19808300858938904,-0.9628083109855652,0.6458191871643066,0.0,-0.8025016784667969,0.0,-0.8025016784667969,0,nominal-sac-a-star,1.1585955897805627,99.0,99.0,1.233482780456543,99.0,waiter-2,0,,waiter-1,-5.478595733642578,-2.549999952316284,0.4576483316865776,0.0,7.818262550418848,0,0,waiter-2,-2.6529104709625244,2.200000047683716,-0.448262570806488,0.0,2.293482742774603,0,0,customer-1,8.579434394836426,-2.200000047683716,-0.43628513794057966,0.0,12.025620613698145,0,0,customer-2,8.122357368469238,2.549999952316284,-0.45858613853887675,0.0,9.849976965451328,0,0
2,340,13.599999999999886,to_table,-1.582931399345398,4.2293267250061035,-0.21753761508623232,-0.9224338531494141,0.7582738399505615,0.0,-0.7890071272850037,0.0,-0.7890071272850037,0,nominal-sac-a-star,1.1679209736632377,99.0,99.0,1.2425450706481933,99.0,waiter-2,0,,waiter-1,-5.46028995513916,-2.549999952316284,0.45764935408930896,0.0,7.809813030287095,0,0,waiter-2,-2.6708407402038574,2.200000047683716,-0.44826327629515106,0.0,2.302545004385237,0,0,customer-1,8.561983108520508,-2.200000047683716,-0.4362854692836571,0.0,12.010642494135533,0,0,customer-2,8.10401439666748,2.549999952316284,-0.458589981242401,0.0,9.831432106481964,0,0
2,341,13.639999999999885,to_table,-1.5803337097167969,4.230495452880859,-0.2370227043402621,-0.9168309569358826,0.740415096282959,0.0,-0.7911502122879028,0.0,-0.7911502122879028,0,nominal-sac-a-star,1.1770936818309634,99.0,99.0,1.253340663909912,99.0,waiter-2,0,,waiter-1,-5.441984176635742,-2.549999952316284,0.4576503764920403,0.0,7.8030418599771005,0,0,waiter-2,-2.6887712478637695,2.200000047683716,-0.4482615975980231,0.0,2.31334073722399,0,0,customer-1,8.54453182220459,-2.200000047683716,-0.4362858006267345,0.0,11.994339265764955,0,0,customer-2,8.085670471191406,2.549999952316284,-0.45858428720276123,0.0,9.810999029291189,0,0
2,342,13.679999999999884,to_table,-1.5789014101028442,4.229355335235596,-0.25463561764299303,-0.9153555631637573,0.7377123832702637,0.0,-0.7914745211601257,0.0,-0.7914745211601257,0,nominal-sac-a-star,1.188008218530395,99.0,99.0,1.2616838836669921,99.0,waiter-2,0,,waiter-1,-5.423678398132324,-2.549999952316284,0.4576513988947717,0.0,7.79371337698139,0,0,waiter-2,-2.7067015171051025,2.200000047683716,-0.44826230308668613,0.0,2.321683864023928,0,0,customer-1,8.527080535888672,-2.200000047683716,-0.4362861319698119,0.0,11.977791187551233,0,0,customer-2,8.067327499389648,2.549999952316284,-0.4585881299062855,0.0,9.791320987306502,0,0
2,343,13.719999999999883,to_table,-1.5770682096481323,4.227712631225586,-0.2717408479493568,-0.9849184155464172,0.9917855262756348,0.0,-0.7609857320785522,0.0,-0.7609857320785522,0,nominal-sac-a-star,1.196469411316424,99.0,99.0,1.269918622970581,99.0,waiter-2,0,,waiter-1,-5.405372619628906,-2.549999952316284,0.45765242129750305,0.0,7.78416999561161,0,0,waiter-2,-2.7246317863464355,2.200000047683716,-0.4482630085753492,0.0,2.3299185573789156,0,0,customer-1,8.509629249572754,-2.200000047683716,-0.43628646331288934,0.0,11.96064195252347,0,0,customer-2,8.04898452758789,2.549999952316284,-0.4585919726098098,0.0,9.7711622201774,0,0
2,344,13.759999999999883,to_table,-1.5739665031433105,4.227570056915283,-0.2888483542073368,-0.8785322308540344,0.7231776714324951,0.0,-0.7932186722755432,0.0,-0.7932186722755432,0,nominal-sac-a-star,1.2048248088359648,99.0,99.0,1.2802256965637206,99.0,waiter-2,0,,waiter-1,-5.387066841125488,-2.549999952316284,0.4576534437002344,0.0,7.7765795448612876,0,0,waiter-2,-2.7425622940063477,2.200000047683716,-0.4482613298782212,0.0,2.340225686714447,0,0,customer-1,8.492177963256836,-2.200000047683716,-0.43628679465596676,0.0,11.943237495251156,0,0,customer-2,8.030640602111816,2.549999952316284,-0.45858627857017,0.0,9.75001123600181,0,0
2,345,13.799999999999882,to_table,-1.5718967914581299,4.228235721588135,-0.3059440824927734,-0.8806241750717163,0.7341678142547607,0.0,-0.7918998599052429,0.0,-0.7918998599052429,0,nominal-sac-a-star,1.2152534112186753,99.0,99.0,1.2908508205413818,99.0,waiter-2,0,,waiter-1,-5.368760585784912,-2.549999952316284,0.45764969773138375,0.0,7.769211898491382,0,0,waiter-2,-2.7604925632476807,2.200000047683716,-0.44826203536688425,0.0,2.350850879493319,0,0,customer-1,8.474726676940918,-2.200000047683716,-0.4362871259990442,0.0,11.927147949997627,0,0,customer-2,8.012297630310059,2.549999952316284,-0.45859012127369425,0.0,9.730018397285585,0,0
2,346,13.83999999999988,to_table,-1.5713579654693604,4.227606296539307,-0.32216102133578706,-0.8750686645507812,0.7221753597259521,0.0,-0.7933389544487,0.0,-0.7933389544487,0,nominal-sac-a-star,1.2259900559689223,99.0,99.0,1.2997018718719482,99.0,waiter-2,0,,waiter-1,-5.350454807281494,-2.549999952316284,0.4576507201341151,0.0,7.759994806977695,0,0,waiter-2,-2.7784228324890137,2.200000047683716,-0.4482627408555473,0.0,2.3597018230258273,0,0,customer-1,8.457275390625,-2.200000047683716,-0.4362874573421216,0.0,11.911658587588231,0,0,customer-2,7.993954181671143,2.549999952316284,-0.4585891956056365,0.0,9.711310906278873,0,0
2,347,13.87999999999988,to_table,-1.5694899559020996,4.226036548614502,-0.3375030098887996,-0.8687890768051147,0.6978116035461426,0.0,-0.7962626218795776,0.0,-0.7962626218795776,0,nominal-sac-a-star,1.2349467715804634,99.0,99.0,1.3085476779937744,99.0,waiter-2,0,,waiter-1,-5.332149028778076,-2.549999952316284,0.4576517425368465,0.0,7.75063055245457,0,0,waiter-2,-2.796353340148926,2.200000047683716,-0.4482610621584193,0.0,2.3685475859077516,0,0,customer-1,8.439824104309082,-2.200000047683716,-0.436287788685199,0.0,11.894549772601955,0,0,customer-2,7.975610733032227,2.549999952316284,-0.45858826993757873,0.0,9.691132329817062,0,0
2,348,13.91999999999988,to_table,-1.563463807106018,4.2257914543151855,-0.3544483295816244,-0.8636728525161743,0.6788969039916992,0.0,-0.7985323667526245,0.0,-0.7985323667526245,0,nominal-sac-a-star,1.2439074357828983,99.0,99.0,1.320836248397827,99.0,waiter-2,0,,waiter-1,-5.3138427734375,-2.549999952316284,0.4576479965679958,0.0,7.744461994049843,0,0,waiter-2,-2.814283609390259,2.200000047683716,-0.44826176764708237,0.0,2.3808361978448445,0,0,customer-1,8.422372817993164,-2.200000047683716,-0.43628812002827644,0.0,11.874667554518464,0,0,customer-2,7.9572672843933105,2.549999952316284,-0.45858734426952097,0.0,9.667088376280303,0,0
2,349,13.959999999999878,to_table,-1.5613927841186523,4.223317623138428,-0.3689889807084342,-0.8622984886169434,0.6840996742248535,0.0,-0.7979080677032471,0.0,-0.7979080677032471,0,nominal-sac-a-star,1.2563277924393952,99.0,99.0,1.3293096446990966,99.0,waiter-2,0,,waiter-1,-5.295536994934082,-2.549999952316284,0.4576490189707272,0.0,7.7344465842832015,0,0,waiter-2,-2.832213878631592,2.200000047683716,-0.4482624731357454,0.0,2.3893095792305776,0,0,customer-1,8.404921531677246,-2.200000047683716,-0.43628845137135386,0.0,11.856914899818346,0,0,customer-2,7.9389238357543945,2.549999952316284,-0.4585864186014632,0.0,9.64655419853751,0,0
2,350,13.999999999999877,to_table,-1.5596400499343872,4.221127510070801,-0.3846202059832256,-0.8266098499298096,0.9053869247436523,0.0,-0.771353542804718,0.0,-0.771353542804718,0,nominal-sac-a-star,1.2649172691153687,99.0,99.0,1.3379902267456054,99.0,waiter-2,0,,waiter-1,-5.277231216430664,-2.549999952316284,0.45765004137345855,0.0,7.724548607724837,0,0,waiter-2,-2.850144386291504,2.200000047683716,-0.44826079443861744,0.0,2.3979903380480456,0,0,customer-1,8.387470245361328,-2.200000047683716,-0.4362887827144313,0.0,11.83958961872127,0,0,customer-2,7.920580863952637,2.549999952316284,-0.4585902613049875,0.0,9.626383323470321,0,0
2,351,14.039999999999877,to_table,-1.558601975440979,4.219670295715332,-0.400029106110126,-0.7377567887306213,-0.2899589538574219,0.0,-0.9147951006889343,0.0,-0.9147951006889343,0,nominal-sac-a-star,1.273709967893344,99.0,99.0,1.3470286750793456,99.0,waiter-2,0,,waiter-1,-5.258925437927246,-2.549999952316284,0.4576510637761899,0.0,7.714974335285296,0,0,waiter-2,-2.868074655532837,2.200000047683716,-0.4482614999272805,0.0,2.4070285853497966,0,0,customer-1,8.37001895904541,-2.200000047683716,-0.4362891140575087,0.0,11.823268624988549,0,0,customer-2,7.9022369384765625,2.549999952316284,-0.4585845672653477,0.0,9.607042833813262,0,0
2,352,14.079999999999876,to_table,-1.5532244443893433,4.221158504486084,-0.41541073362926806,-0.2993025779724121,0.061002254486083984,0.0,-0.8726797103881836,0.0,-0.8726797103881836,0,nominal-sac-a-star,1.2828527193574777,99.0,99.0,1.361029806137085,99.0,waiter-2,0,,waiter-1,-5.240619659423828,-2.549999952316284,0.4576520861789213,0.0,7.7100888658293325,0,0,waiter-2,-2.88600492477417,2.200000047683716,-0.4482622054159435,0.0,2.4210298049380845,0,0,customer-1,8.352567672729492,-2.200000047683716,-0.4362894454005861,0.0,11.80491400306148,0,0,customer-2,7.883893966674805,2.549999952316284,-0.45858840996887196,0.0,9.583943593893704,0,0
2,353,14.119999999999875,to_table,-1.5525195598602295,4.2199506759643555,-0.4345476367034929,-0.07269042730331421,-0.4047342538833618,0.0,-0.9285681247711182,0.0,-0.9285681247711182,0,nominal-sac-a-star,1.2969694467402304,99.0,99.0,1.3703345680236816,99.0,waiter-2,0,,waiter-1,-5.22231388092041,-2.549999952316284,0.45765310858165265,0.0,7.700624771292455,0,0,waiter-2,-2.903935432434082,2.200000047683716,-0.44826052671881556,0.0,2.4303344217074114,0,0,customer-1,8.335116386413574,-2.200000047683716,-0.43628977674366354,0.0,11.789025061476256,0,0,customer-2,7.865550518035889,2.549999952316284,-0.4585874843008142,0.0,9.56497670732004,0,0
2,354,14.159999999999874,to_table,-1.5556303262710571,4.21680212020874,-0.45337904513415156,-0.15191656351089478,-0.434053897857666,0.0,-0.9320864677429199,0.0,-0.9320864677429199,0,nominal-sac-a-star,1.3063730850433188,99.0,99.0,1.3759986782073974,99.0,waiter-2,0,,waiter-1,-5.204008102416992,-2.549999952316284,0.457654130984384,0.0,7.687670042750568,0,0,waiter-2,-2.921865463256836,2.200000047683716,-0.4482636163932696,0.0,2.43599857333205,0,0,customer-1,8.317665100097656,-2.200000047683716,-0.43629010808674096,0.0,11.77528397272111,0,0,customer-2,7.847207069396973,2.549999952316284,-0.45858655863275644,0.0,9.549428284262055,0,0
2,355,14.199999999999873,to_table,-1.5485756397247314,4.214824676513672,-0.4769428314295501,-0.14134877920150757,-0.4449387788772583,0.0,-0.9333926439285278,0.0,-0.9333926439285278,0,nominal-sac-a-star,1.3121228491393366,99.0,99.0,1.3884713077545165,99.0,waiter-2,0,,waiter-1,-5.185701847076416,-2.549999952316284,0.45765038501553335,0.0,7.680594983920764,0,0,waiter-2,-2.939795970916748,2.200000047683716,-0.44826193769614164,0.0,2.4484714200622792,0,0,customer-1,8.300213813781738,-2.200000047683716,-0.4362904394298184,0.0,11.753664532462816,0,0,customer-2,7.828864097595215,2.549999952316284,-0.4585904013362807,0.0,9.524075671127676,0,0
2,356,14.239999999999872,to_table,-1.5534722805023193,4.208464622497559,-0.4974504143354536,-0.08201044797897339,-0.48004353046417236,0.0,-0.9376052021980286,0.0,-0.9376052021980286,0,nominal-sac-a-star,1.324726570535692,99.0,99.0,1.3906855010986328,99.0,waiter-2,0,,waiter-1,-5.167396068572998,-2.549999952316284,0.4576514074182647,0.0,7.664025610277981,0,0,waiter-2,-2.95772647857666,2.200000047683716,-0.44826025899901367,0.0,2.450685577770343,0,0,customer-1,8.28276252746582,-2.200000047683716,-0.4362907707728958,0.0,11.73967353151039,0,0,customer-2,7.810520172119141,2.549999952316284,-0.4585847072966409,0.0,9.509724481549986,0,0
2,357,14.279999999999871,to_table,-1.5514605045318604,4.204185962677002,-0.5228952348246967,-0.09469294548034668,-0.46615833044052124,0.0,-0.9359390139579773,0.0,-0.9359390139579773,0,nominal-sac-a-star,1.3270263903458708,99.0,99.0,1.3986775302886962,99.0,waiter-2,0,,waiter-1,-5.149089813232422,-2.549999952316284,0.45764766144941404,0.0,7.652578912831607,0,0,waiter-2,-2.975656509399414,2.200000047683716,-0.44826334867346773,0.0,2.458677579947842,0,0,customer-1,8.265310287475586,-2.200000047683716,-0.43628156537280915,0.0,11.721031833337474,0,0,customer-2,7.792177200317383,2.549999952316284,-0.4585885500001652,0.0,9.488935499641334,0,0
2,358,14.31999999999987,to_table,-1.5547183752059937,4.199476718902588,-0.5493644869461431,-0.032780468463897705,-0.4780067801475525,0.0,-0.9373608231544495,0.0,-0.9373608231544495,0,nominal-sac-a-star,1.3351299940199555,99.0,99.0,1.4033817672729492,99.0,waiter-2,0,,waiter-1,-5.130784034729004,-2.549999952316284,0.4576486838521454,0.0,7.63830353786412,0,0,waiter-2,-2.993587017059326,2.200000047683716,-0.44826166997633976,0.0,2.463381807040345,0,0,customer-1,8.247859954833984,-2.200000047683716,-0.43629143345905064,0.0,11.70657271803525,0,0,customer-2,7.773833751678467,2.549999952316284,-0.4585876243321074,0.0,9.473260177336448,0,0
2,359,14.35999999999987,to_table,-1.5498151779174805,4.1969709396362305,-0.5801079073013861,0.8822171688079834,-0.8579978346824646,0.0,-0.9829597473144531,0.0,-0.9829597473144531,0,nominal-sac-a-star,1.3399206384950673,99.0,99.0,1.4147660160064697,99.0,waiter-2,0,,waiter-1,-5.112478256225586,-2.549999952316284,0.4576497062548768,0.0,7.629822044215336,0,0,waiter-2,-3.0115175247192383,2.200000047683716,-0.4482599912792118,0.0,2.474765947307217,0,0,customer-1,8.23040771484375,-2.200000047683716,-0.436282228058964,0.0,11.686487823324166,0,0,customer-2,7.755490303039551,2.549999952316284,-0.45858669866404966,0.0,9.449932461504822,0,0
2,360,14.399999999999869,to_table,-1.5489583015441895,4.1926984786987305,-0.6120792437076783,0.06351947784423828,-0.4001871347427368,0.0,-0.9280224442481995,0.0,-0.9280224442481995,0,nominal-sac-a-star,1.3514212447022897,99.0,99.0,1.4224776649475097,99.0,waiter-2,0,,waiter-1,-5.094172477722168,-2.549999952316284,0.45765072865760814,0.0,7.617908222510011,0,0,waiter-2,-3.029447555541992,2.200000047683716,-0.44826308095366585,0.0,2.482477687346388,0,0,customer-1,8.212956428527832,-2.200000047683716,-0.4362825594020414,0.0,11.668829146337236,0,0,customer-2,7.737146854400635,2.549999952316284,-0.4585857729959919,0.0,9.430281407033625,0,0
2,361,14.439999999999868,to_table,-1.5485432147979736,4.188579082489014,-0.6436510872741041,0.1352330446243286,-0.3728301525115967,0.0,-0.9247395992279053,0.0,-0.9247395992279053,0,nominal-sac-a-star,1.3592353950130747,99.0,99.0,1.430171194076538,99.0,waiter-2,0,,waiter-1,-5.07586669921875,-2.549999952316284,0.4576517510603395,0.0,7.6059488804529725,0,0,waiter-2,-3.0473780632019043,2.200000047683716,-0.4482614022565379,0.0,2.4901711749309934,0,0,customer-1,8.195505142211914,-2.200000047683716,-0.43628289074511883,0.0,11.651627426511098,0,0,customer-2,7.718803405761719,2.549999952316284,-0.45858484732793414,0.0,9.411092123204234,0,0
2,362,14.479999999999867,to_table,-1.5481140613555908,4.18468713760376,-0.6765351111050513,0.2792586088180542,-0.33110475540161133,0.0,-0.9197325706481934,0.0,-0.9197325706481934,0,nominal-sac-a-star,1.3670272876544955,99.0,99.0,1.4381718063354492,99.0,waiter-2,0,,waiter-1,-5.057560920715332,-2.549999952316284,0.45765277346307087,0.0,7.594223295229451,0,0,waiter-2,-3.0653085708618164,2.200000047683716,-0.4482597235594099,0.0,2.498171736404671,0,0,customer-1,8.178053855895996,-2.200000047683716,-0.43628322208819625,0.0,11.63454222599876,0,0,customer-2,7.700460433959961,2.549999952316284,-0.4585886900314584,0.0,9.391929109035289,0,0
2,363,14.519999999999866,to_table,-1.5454435348510742,4.1841535568237305,-0.7078191992257349,0.9154521226882935,-0.870006263256073,0.0,-0.984400749206543,0.0,-0.984400749206543,0,nominal-sac-a-star,1.3751244070459134,99.0,99.0,1.4503144645690917,99.0,waiter-2,0,,waiter-1,-5.039255142211914,-2.549999952316284,0.45765379586580224,0.0,7.586536959139664,0,0,waiter-2,-3.0832386016845703,2.200000047683716,-0.44826281323386397,0.0,2.5103144853603645,0,0,customer-1,8.160602569580078,-2.200000047683716,-0.4362835534312737,0.0,11.617432944815674,0,0,customer-2,7.682116985321045,2.549999952316284,-0.45858776436340065,0.0,9.371143535159614,0,0
2,364,14.559999999999865,to_table,-1.5488801002502441,4.180819988250732,-0.7388045419432628,0.4672178030014038,-0.20961809158325195,0.0,-0.9051541686058044,0.0,-0.9051541686058044,0,nominal-sac-a-star,1.3873612101567523,99.0,99.0,1.456594648361206,99.0,waiter-2,0,,waiter-1,-5.020948886871338,-2.549999952316284,0.45765004989695157,0.0,7.57358559279309,0,0,waiter-2,-3.1011691093444824,2.200000047683716,-0.448261134536736,0.0,2.516594684231589,0,0,customer-1,8.14315128326416,-2.200000047683716,-0.4362838847743511,0.0,11.603893168674496,0,0,customer-2,7.663773536682129,2.549999952316284,-0.4585868386953429,0.0,9.35588376497317,0,0
2,365,14.599999999999865,to_table,-1.5438264608383179,4.180315017700195,-0.7732191800601714,0.525182843208313,-0.33379197120666504,0.0,-0.9200550317764282,0.0,-0.9200550317764282,0,nominal-sac-a-star,1.3937167320513795,99.0,99.0,1.4704410457611083,99.0,waiter-2,0,,waiter-1,-5.00264310836792,-2.549999952316284,0.45765107229968294,0.0,7.567070251877925,0,0,waiter-2,-3.1190991401672363,2.200000047683716,-0.44826422421119005,0.0,2.530440948671097,0,0,customer-1,8.125699996948242,-2.200000047683716,-0.4362842161174285,0.0,11.584824653459334,0,0,customer-2,7.645430088043213,2.549999952316284,-0.45858591302728513,0.0,9.332757531061215,0,0
2,366,14.639999999999864,to_table,-1.5491607189178467,4.17616081237793,-0.8085137884441835,0.9890706539154053,-0.8023266196250916,0.0,-0.9762791991233826,0.0,-0.9762791991233826,0,nominal-sac-a-star,1.4076648690540994,99.0,99.0,1.4750620746612548,99.0,waiter-2,0,,waiter-1,-4.984337329864502,-2.549999952316284,0.4576520947024143,0.0,7.5525940564091485,0,0,waiter-2,-3.1370296478271484,2.200000047683716,-0.4482625455140621,0.0,2.5350619525590283,0,0,customer-1,8.108248710632324,-2.200000047683716,-0.43628454746050593,0.0,11.572423436918761,0,0,customer-2,7.627086639404297,2.549999952316284,-0.45858498735922737,0.0,9.31922286051313,0,0
2,367,14.679999999999863,to_table,-1.543740153312683,4.174254417419434,-0.8473881911939101,0.9258861541748047,-0.3531595468521118,0.0,-0.9223791360855103,0.0,-0.9223791360855103,0,nominal-sac-a-star,1.4123541413505984,99.0,99.0,1.4882759475708007,99.0,waiter-2,0,,waiter-1,-4.966031074523926,-2.549999952316284,0.45764834873356364,0.0,7.545042874517996,0,0,waiter-2,-3.1549601554870605,2.200000047683716,-0.4482608668169341,0.0,2.5482759292956048,0,0,customer-1,8.090797424316406,-2.200000047683716,-0.43628487880358335,0.0,11.552291301756307,0,0,customer-2,7.608743667602539,2.549999952316284,-0.45858883006275164,0.0,9.295491523288181,0,0
2,368,14.719999999999862,to_table,-1.5420238971710205,4.170670509338379,-0.8880746036854714,0.8718825578689575,0.005414724349975586,0.20000000298023224,-0.8793502449989319,0.20000000298023224,-0.8793502449989319,0,nominal-sac-a-star,1.4256734133278477,99.0,99.0,1.497981014251709,99.0,waiter-2,0,,waiter-1,-4.947725296020508,-2.549999952316284,0.457649371136295,0.0,7.534335635759987,0,0,waiter-2,-3.1728901863098145,2.200000047683716,-0.44826395649138817,0.0,2.5579810244580674,0,0,customer-1,8.073346138000488,-2.200000047683716,-0.4362852101466608,0.0,11.534330681031403,0,0,customer-2,7.590400218963623,2.549999952316284,-0.4585879043946939,0.0,9.275114192901128,0,0
2,369,14.759999999999861,to_table,-1.5423310995101929,4.163841724395752,-0.922116765972976,0.7683310508728027,0.9785469770431519,0.20000000298023224,-0.7625743746757507,0.20000000298023224,-0.7625743746757507,0,nominal-sac-a-star,1.4354728436475122,99.0,99.0,1.504018726348877,99.0,waiter-2,0,,waiter-1,-4.92941951751709,-2.549999952316284,0.45765039353902637,0.0,7.519842951242529,0,0,waiter-2,-3.1908206939697266,2.200000047683716,-0.4482622777942602,0.0,2.5640187351562975,0,0,customer-1,8.05589485168457,-2.200000047683716,-0.4362855414897382,0.0,11.516267776942847,0,0,customer-2,7.572056770324707,2.549999952316284,-0.4585869787266361,0.0,9.256162893289106,0,0
2,370,14.79999999999986,to_table,-1.5398619174957275,4.1563591957092285,-0.9553086285464132,0.6288793087005615,-0.6741291880607605,0.20000000298023224,-0.9608954787254333,0.20000000298023224,-0.9608954787254333,0,nominal-sac-a-star,1.4416062526234534,99.0,99.0,1.5114845657348632,99.0,waiter-2,0,,waiter-1,-4.911113739013672,-2.549999952316284,0.45765141594175773,0.0,7.506037028045728,0,0,waiter-2,-3.2087512016296387,2.200000047683716,-0.44826059909713223,0.0,2.5714845048648667,0,0,customer-1,8.038443565368652,-2.200000047683716,-0.4362858728328156,0.0,11.495531251496677,0,0,customer-2,7.553713321685791,2.549999952316284,-0.45858605305857836,0.0,9.234365200136345,0,0
2,371,14.83999999999986,to_table,-1.5357444286346436,4.145482540130615,-0.9935683553350404,-0.4532027244567871,0.9333661794662476,0.20000000298023224,-0.767996072769165,0.20000000298023224,-0.767996072769165,0,nominal-sac-a-star,1.449180092893526,99.0,99.0,1.5176286125183105,99.0,waiter-2,0,,waiter-1,-4.892807960510254,-2.549999952316284,0.4576524383444891,0.0,7.489950691674284,0,0,waiter-2,-3.2266812324523926,2.200000047683716,-0.4482636887715863,0.0,2.5776286394519254,0,0,customer-1,8.020992279052734,-2.200000047683716,-0.43628620417589303,0.0,11.471545919025658,0,0,customer-2,7.535369873046875,2.549999952316284,-0.4585851273905206,0.0,9.210357178860638,0,0
2,372,14.879999999999859,to_table,-1.5334651470184326,4.1323699951171875,-1.0308914605528927,0.6844736337661743,0.08760571479797363,0.20000000298023224,-0.8595147728919983,0.20000000298023224,-0.8595147728919983,0,nominal-sac-a-star,1.4554494057667915,99.0,99.0,1.5210997486114501,99.0,waiter-2,0,,waiter-1,-4.874501705169678,-2.549999952316284,0.45764869237563843,0.0,7.471050354352133,0,0,waiter-2,-3.2446117401123047,2.200000047683716,-0.4482620100744583,0.0,2.581099819224511,0,0,customer-1,8.003540992736816,-2.200000047683716,-0.43628653551897045,0.0,11.44785554017396,0,0,customer-2,7.517026901245117,2.549999952316284,-0.45858897009404487,0.0,9.187779996714957,0,0
2,373,14.919999999999858,to_table,-1.5275905132293701,4.118644714355469,-1.06821569786601,0.6379003524780273,0.17934727668762207,0.20000000298023224,-0.8125094175338745,0.20000000298023224,-0.8125094175338745,0,nominal-sac-a-star,1.4590444344741358,99.0,99.0,1.5267459774017333,99.0,waiter-2,0,,waiter-1,-4.85619592666626,-2.549999952316284,0.4576497147783698,0.0,7.453216465975679,0,0,waiter-2,-3.262542247772217,2.200000047683716,-0.44826033137733035,0.0,2.586746001860483,0,0,customer-1,7.986089706420898,-2.200000047683716,-0.4362868668620479,0.0,11.420831097192972,0,0,customer-2,7.498683452606201,2.549999952316284,-0.4585880444259871,0.0,9.161564718747229,0,0
2,374,14.959999999999857,to_table,-1.5250566005706787,4.105809211730957,-1.104385362829336,0.9293510913848877,0.10153186321258545,0.20000000298023224,-0.7958563566207886,0.20000000298023224,-0.7958563566207886,0,nominal-sac-a-star,1.4648288515294494,99.0,99.0,1.5310601615905761,99.0,waiter-2,0,,waiter-1,-4.837890148162842,-2.549999952316284,0.45765073718110116,0.0,7.43469311688568,0,0,waiter-2,-3.2804722785949707,2.200000047683716,-0.4482634210517844,0.0,2.5910601637978092,0,0,customer-1,7.9686384201049805,-2.200000047683716,-0.4362871982051253,0.0,11.397081887997542,0,0,customer-2,7.480340003967285,2.549999952316284,-0.45858711875792935,0.0,9.138802462943618,0,0
2,375,14.999999999999856,to_table,-1.5221590995788574,4.093233108520508,-1.1387476409712864,0.8087127208709717,0.19919276237487793,0.20000000298023224,-0.7514824271202087,0.20000000298023224,-0.7514824271202087,0,nominal-sac-a-star,1.4692641911975897,99.0,99.0,1.5360302352905273,99.0,waiter-2,0,,waiter-1,-4.819584369659424,-2.549999952316284,0.45765175958383253,0.0,7.416573259421151,0,0,waiter-2,-3.298402786254883,2.200000047683716,-0.44826174235465643,0.0,2.596030249650779,0,0,customer-1,7.9511871337890625,-2.200000047683716,-0.4362875295482027,0.0,11.3731733661109,0,0,customer-2,7.461996555328369,2.549999952316284,-0.4585861930898716,0.0,9.115734825345104,0,0
2,376,15.039999999999855,to_table,-1.5185045003890991,4.080516338348389,-1.1685199081699962,0.8735196590423584,0.7149480581283569,0.20000000298023224,-0.6606708765029907,0.20000000298023224,-0.6606708765029907,0,nominal-sac-a-star,1.4743541341860809,99.0,99.0,1.5416397476196289,99.0,waiter-2,0,,waiter-1,-4.801278591156006,-2.549999952316284,0.4576527819865639,0.0,7.39867231412367,0,0,waiter-2,-3.316333293914795,2.200000047683716,-0.44826006365752846,0.0,2.601639846382523,0,0,customer-1,7.9337358474731445,-2.200000047683716,-0.43628786089128013,0.0,11.348556457495937,0,0,customer-2,7.443653106689453,2.549999952316284,-0.4585852674218138,0.0,9.091905706837744,0,0
2,377,15.079999999999854,to_table,-1.5143855810165405,4.068619728088379,-1.1912103569042396,0.9029302597045898,0.9846746921539307,0.20000000298023224,-0.6079305410385132,0.20000000298023224,-0.6079305410385132,0,nominal-sac-a-star,1.480085278517418,99.0,99.0,1.548389377593994,99.0,waiter-2,0,,waiter-1,-4.78297233581543,-2.549999952316284,0.45764903601771323,0.0,7.381719708000749,0,0,waiter-2,-3.334263324737549,2.200000047683716,-0.4482631533319825,0.0,2.6083892562435333,0,0,customer-1,7.916284561157227,-2.200000047683716,-0.43628819223435755,0.0,11.32400694205407,0,0,customer-2,7.425310134887695,2.549999952316284,-0.4585891101253381,0.0,9.06776518864062,0,0
2,378,15.119999999999854,to_table,-1.510737419128418,4.056692600250244,-1.2152640760967632,0.715705394744873,0.3018147945404053,0.20000000298023224,-0.6799685955047607,0.20000000298023224,-0.6799685955047607,0,nominal-sac-a-star,1.4869537595095261,99.0,99.0,1.5550083541870117,99.0,waiter-2,0,,waiter-1,-4.764666557312012,-2.549999952316284,0.4576500584204446,0.0,7.364539450668878,0,0,waiter-2,-3.352193832397461,2.200000047683716,-0.44826147463485455,0.0,2.6150084047141604,0,0,customer-1,7.898833274841309,-2.200000047683716,-0.436288523577435,0.0,11.299832898566455,0,0,customer-2,7.406966686248779,2.549999952316284,-0.45858818445728033,0.0,9.044090294020707,0,0
2,379,15.159999999999853,to_table,-1.5051522254943848,4.044198513031006,-1.2376817500132133,0.6728508472442627,0.3093104362487793,0.20000000298023224,-0.6670823097229004,0.20000000298023224,-0.6670823097229004,0,nominal-sac-a-star,1.4936884482509818,99.0,99.0,1.5628208541870117,99.0,waiter-2,0,,waiter-1,-4.746360778808594,-2.549999952316284,0.45765108082317596,0.0,7.347712997012454,0,0,waiter-2,-3.370124340057373,2.200000047683716,-0.4482597959377266,0.0,2.62282080357901,0,0,customer-1,7.881381988525391,-2.200000047683716,-0.4362888549205124,0.0,11.273732310845226,0,0,customer-2,7.388623237609863,2.549999952316284,-0.4585872587892226,0.0,9.018418449315662,0,0
2,380,15.199999999999852,to_table,-1.501381278038025,4.031618118286133,-1.2591495707447478,0.6518433094024658,0.2811317443847656,0.20000000298023224,-0.6675624251365662,0.20000000298023224,-0.6675624251365662,0,nominal-sac-a-star,1.5016231943658158,99.0,99.0,1.5695170783996581,99.0,waiter-2,0,,waiter-1,-4.728055000305176,-2.549999952316284,0.4576521032259073,0.0,7.330014988883013,0,0,waiter-2,-3.388054370880127,2.200000047683716,-0.44826288561218064,0.0,2.6295170879482233,0,0,customer-1,7.863930702209473,-2.200000047683716,-0.4362891862635898,0.0,11.249094783750945,0,0,customer-2,7.370279788970947,2.549999952316284,-0.4585863331211648,0.0,8.994529586232659,0,0
2,381,15.239999999999851,to_table,-1.497003197669983,4.020366668701172,-1.2815522388198792,0.6319020986557007,0.26262545585632324,0.20000000298023224,-0.6639942526817322,0.20000000298023224,-0.6639942526817322,0,nominal-sac-a-star,1.5084345732739957,99.0,99.0,1.577791872024536,99.0,waiter-2,0,,waiter-1,-4.7097487449646,-2.549999952316284,0.45764835725705666,0.0,7.313785031448609,0,0,waiter-2,-3.405984878540039,2.200000047683716,-0.44826120691505267,0.0,2.637791821355881,0,0,customer-1,7.846479415893555,-2.200000047683716,-0.43628951760666723,0.0,11.224688389272686,0,0,customer-2,7.351936340332031,2.549999952316284,-0.45858540745310705,0.0,8.970268068896702,0,0
2,382,15.27999999999985,to_table,-1.4934769868850708,4.009192943572998,-1.3023221276433927,0.8668948411941528,-0.12551826238632202,0.20000000298023224,-0.6121506094932556,0.20000000298023224,-0.6121506094932556,0,nominal-sac-a-star,1.5168198363912149,99.0,99.0,1.585707607269287,99.0,waiter-2,0,,waiter-1,-4.691442966461182,-2.549999952316284,0.457649379659788,0.0,7.297259612485403,0,0,waiter-2,-3.423914909362793,2.200000047683716,-0.4482642965895067,0.0,2.6457077516378016,0,0,customer-1,7.8290276527404785,-2.200000047683716,-0.4362850805781626,0.0,11.2010343432431,0,0,customer-2,7.333593368530273,2.549999952316284,-0.4585892501566313,0.0,8.94686622484013,0,0
2,383,15.31999999999985,to_table,-1.4905582666397095,3.9980576038360596,-1.3220213998133181,0.7689828872680664,0.05582249164581299,0.20000000298023224,-0.5781314969062805,0.20000000298023224,-0.5781314969062805,0,nominal-sac-a-star,1.524841972364586,99.0,99.0,1.593400182723999,99.0,waiter-2,0,,waiter-1,-4.673137187957764,-2.549999952316284,0.4576504020625194,0.0,7.280512780642707,0,0,waiter-2,-3.441845417022705,2.200000047683716,-0.44826261789237876,0.0,2.653400180614739,0,0,customer-1,7.8115763664245605,-2.200000047683716,-0.43628541192124004,0.0,11.177908005669781,0,0,customer-2,7.315249919891357,2.549999952316284,-0.45858832448857356,0.0,8.924075794170651,0,0
2,384,15.359999999999848,to_table,-1.4881759881973267,3.9861419200897217,-1.3427365545997314,0.764030933380127,0.12928521633148193,0.20000000298023224,-0.5574575662612915,0.20000000298023224,-0.5574575662612915,0,nominal-sac-a-star,1.5326366511701224,99.0,99.0,1.6003589057922363,99.0,waiter-2,0,,waiter-1,-4.654831409454346,-2.549999952316284,0.45765142446525076,0.0,7.2628408445453045,0,0,waiter-2,-3.459775924682617,2.200000047683716,-0.4482609391952508,0.0,2.660358828788108,0,0,customer-1,7.794125080108643,-2.200000047683716,-0.43628574326431746,0.0,11.154795630943758,0,0,customer-2,7.296906471252441,2.549999952316284,-0.4585873988205158,0.0,8.901695207708032,0,0
2,385,15.399999999999848,to_table,-1.4851322174072266,3.9747495651245117,-1.364730618168037,-0.05372399091720581,-0.13759374618530273,0.20000000298023224,-0.57602459192276,0.20000000298023224,-0.57602459192276,0,nominal-sac-a-star,1.539697011258078,99.0,99.0,1.6083487892150878,99.0,waiter-2,0,,waiter-1,-4.636525630950928,-2.549999952316284,0.4576524468679821,0.0,7.24593932573759,0,0,waiter-2,-3.477705955505371,2.200000047683716,-0.44826402886970484,0.0,2.668348918603928,0,0,customer-1,7.776673793792725,-2.200000047683716,-0.4362860746073949,0.0,11.131423240986523,0,0,customer-2,7.278563022613525,2.549999952316284,-0.45858647315245804,0.0,8.878753612932368,0,0
2,386,15.439999999999847,to_table,-1.4814599752426147,3.9558091163635254,-1.386438871073763,0.6719073057174683,-0.3042868375778198,0.7799999713897705,-0.5828546285629272,0.7799999713897705,-0.5828546285629272,0,nominal-sac-a-star,1.5032750096716212,99.0,99.0,1.5617906475067138,99.0,waiter-2,0,,waiter-1,-4.618219375610352,-2.549999952316284,0.45764870089913146,0.0,7.222521109274227,0,0,waiter-2,-3.495636463165283,2.200000047683716,-0.4482623501725769,0.0,2.672035256159386,0,0,customer-1,7.759222507476807,-2.200000047683716,-0.4362864059504723,0.0,11.103341803736637,0,0,customer-2,7.260219573974609,2.549999952316284,-0.4585855474844003,0.0,8.85399687976689,0,0
2,387,15.479999999999846,to_table,-1.4787695407867432,3.9292521476745605,-1.4056794861867292,0.8018960952758789,-0.5286524295806885,0.8018960952758789,-0.604023277759552,0.8018960952758789,-0.604023277759552,0,nominal-sac-a-star,1.4991971673197368,99.0,99.0,1.5539688491821289,99.0,waiter-2,0,,waiter-1,-4.599913597106934,-2.549999952316284,0.4576497233018628,0.0,7.191818128647208,0,0,waiter-2,-3.5135669708251953,2.200000047683716,-0.4482606714754489,0.0,2.6703395676606068,0,0,customer-1,7.741771221160889,-2.200000047683716,-0.4362867372935497,0.0,11.071860928364394,0,0,customer-2,7.241876602172852,2.549999952316284,-0.45858939018792455,0.0,8.829043309958145,0,0
2,388,15.519999999999845,to_table,-1.4746462106704712,3.8931143283843994,-1.419607716169183,0.7665035724639893,-0.5486530065536499,0.7799999713897705,-0.6083748936653137,0.7799999713897705,-0.6083748936653137,0,nominal-sac-a-star,1.5000272062117181,99.0,99.0,1.5542756938934326,99.0,waiter-2,0,,waiter-1,-4.581607818603516,-2.549999952316284,0.4576507457045942,0.0,7.153106462743231,0,0,waiter-2,-3.531497001647949,2.200000047683716,-0.44826376114990296,0.0,2.6640704089526746,0,0,customer-1,7.724319934844971,-2.200000047683716,-0.43628706863662714,0.0,11.03390325071718,0,0,customer-2,7.2235331535339355,2.549999952316284,-0.4585884645198668,0.0,8.8012658452675,0,0
2,389,15.559999999999844,to_table,-1.470977544784546,3.8557093143463135,-1.432556919546209,0.7243056297302246,-0.5443902015686035,0.20000000298023224,-0.6318860650062561,0.20000000298023224,-0.6318860650062561,0,nominal-sac-a-star,1.5439612233081452,99.0,99.0,1.597315731048584,99.0,waiter-2,0,,waiter-1,-4.563302040100098,-2.549999952316284,0.45765176810732555,0.0,7.113057148184292,0,0,waiter-2,-3.5494275093078613,2.200000047683716,-0.448262082452775,0.0,2.657315831951364,0,0,customer-1,7.706868648529053,-2.200000047683716,-0.43628739997970456,0.0,10.995657171151667,0,0,customer-2,7.2051897048950195,2.549999952316284,-0.45858753885180903,0.0,8.77386773791953,0,0
2,390,15.599999999999843,to_table,-1.467106819152832,3.8248109817504883,-1.4511768929778788,0.27158236503601074,-0.5423764586448669,0.7799999713897705,-0.543152928352356,0.7799999713897705,-0.543152928352356,0,nominal-sac-a-star,1.4921463263799026,99.0,99.0,1.547621669769287,99.0,waiter-2,0,,waiter-1,-4.54499626159668,-2.549999952316284,0.4576527905100569,0.0,7.078955986937945,0,0,waiter-2,-3.5673580169677734,2.200000047683716,-0.448260403755647,0.0,2.6553842782893087,0,0,customer-1,7.689417362213135,-2.200000047683716,-0.436287731322782,0.0,10.960852294613394,0,0,customer-2,7.1868462562561035,2.549999952316284,-0.45858661318375127,0.0,8.747345139649337,0,0
2,391,15.639999999999842,to_table,-1.4634764194488525,3.7886271476745605,-1.4694381537203947,0.5193837881088257,-0.5551738142967224,0.7799999713897705,-0.5502090454101562,0.7799999713897705,-0.5502090454101562,0,nominal-sac-a-star,1.4896429348263651,99.0,99.0,1.5431081676483154,99.0,waiter-2,0,,waiter-1,-4.5266900062561035,-2.549999952316284,0.45764904454120625,0.0,7.039990837432879,0,0,waiter-2,-3.5852880477905273,2.200000047683716,-0.4482634934301011,0.0,2.650626463497124,0,0,customer-1,7.671966075897217,-2.200000047683716,-0.4362880626658594,0.0,10.923367853860803,0,0,customer-2,7.1685028076171875,2.549999952316284,-0.4585856875156935,0.0,8.720393494882025,0,0
2,392,15.679999999999842,to_table,-1.4615834951400757,3.7485134601593018,-1.4888469567706246,-0.0023220181465148926,-0.5645877122879028,0.7799999713897705,-0.564376711845398,0.7799999713897705,-0.564376711845398,0,nominal-sac-a-star,1.485252851498959,99.0,99.0,1.5355097675323486,99.0,waiter-2,0,,waiter-1,-4.5083842277526855,-2.549999952316284,0.4576500669439376,0.0,6.996732516781214,0,0,waiter-2,-3.6032185554504395,2.200000047683716,-0.4482618147329731,0.0,2.642819426326241,0,0,customer-1,7.654514312744141,-2.200000047683716,-0.4362836256373548,0.0,10.88522173388775,0,0,customer-2,7.15015983581543,2.549999952316284,-0.4585895302192178,0.0,8.694743114476632,0,0
2,393,15.71999999999984,to_table,-1.4587284326553345,3.7050223350524902,-1.5062498709958443,0.07073855400085449,-0.2504676580429077,0.7799999713897705,-0.5428704619407654,0.7799999713897705,-0.5428704619407654,0,nominal-sac-a-star,1.4777817213280033,99.0,99.0,1.5289840126037597,99.0,waiter-2,0,,waiter-1,-4.490078449249268,-2.549999952316284,0.457651089346669,0.0,6.950855108444149,0,0,waiter-2,-3.6211490631103516,2.200000047683716,-0.44826013603584514,0.0,2.634607194344958,0,0,customer-1,7.637063026428223,-2.200000047683716,-0.4362839569804322,0.0,10.844478392608515,0,0,customer-2,7.131816387176514,2.549999952316284,-0.45858860455116,0.0,8.667845003584306,0,0
2,394,15.75999999999984,to_table,-1.4567968845367432,3.6588172912597656,-1.5206795238854554,-0.11646538972854614,-0.24386632442474365,0.7799999713897705,-0.44482728838920593,0.7799999713897705,-0.44482728838920593,0,nominal-sac-a-star,1.4713665563292633,99.0,99.0,1.522573652267456,99.0,waiter-2,0,,waiter-1,-4.47177267074585,-2.549999952316284,0.45765211174940035,0.0,6.902136665957471,0,0,waiter-2,-3.6390790939331055,2.200000047683716,-0.4482632257102992,0.0,2.6249768363935506,0,0,customer-1,7.619611740112305,-2.200000047683716,-0.43628428832350963,0.0,10.803098358003986,0,0,customer-2,7.113472938537598,2.549999952316284,-0.45858767888310226,0.0,8.641701263723503,0,0
2,395,15.799999999999839,to_table,-1.454882025718689,3.6128106117248535,-1.534899593209747,-0.14813339710235596,-0.34560316801071167,0.7799999713897705,-0.47593680024147034,0.7799999713897705,-0.47593680024147034,0,nominal-sac-a-star,1.4650463534259304,99.0,99.0,1.5171348476409912,99.0,waiter-2,0,,waiter-1,-4.453466415405273,-2.549999952316284,0.4576483657805497,0.0,6.853593392544462,0,0,waiter-2,-3.6570096015930176,2.200000047683716,-0.4482615470131712,0.0,2.616371447308731,0,0,customer-1,7.602160453796387,-2.200000047683716,-0.43628461966658705,0.0,10.761913688460545,0,0,customer-2,7.095129489898682,2.549999952316284,-0.4585867532150445,0.0,8.61581472728738,0,0
2,396,15.839999999999838,to_table,-1.4532021284103394,3.566904306411743,-1.5509226513064307,-0.8385412693023682,-0.7123998999595642,0.7799999713897705,-0.5461817383766174,0.7799999713897705,-0.5461817383766174,0,nominal-sac-a-star,1.459693431125543,99.0,99.0,1.5116552734375,99.0,waiter-2,0,,waiter-1,-4.4351606369018555,-2.549999952316284,0.45764938818328105,0.0,6.805041826235165,0,0,waiter-2,-3.6749401092529297,2.200000047683716,-0.44825986831604325,0.0,2.6085526462096427,0,0,customer-1,7.584709167480469,-2.200000047683716,-0.43628495100966447,0.0,10.721055284890374,0,0,customer-2,7.076786041259766,2.549999952316284,-0.45858582754698674,0.0,8.590389551125737,0,0
2,397,15.879999999999837,to_table,-1.45291006565094,3.5205698013305664,-1.5597985114353474,-0.22191393375396729,-0.23709404468536377,0.7799999713897705,-0.04530384764075279,0.7799999713897705,-0.04530384764075279,0,nominal-sac-a-star,1.4543086127329383,99.0,99.0,1.5081726932525634,99.0,waiter-2,0,,waiter-1,-4.4168548583984375,-2.549999952316284,0.4576504105860124,0.0,6.75550041583501,0,0,waiter-2,-3.6928701400756836,2.200000047683716,-0.4482629579904973,0.0,2.6002549123622103,0,0,customer-1,7.567257881164551,-2.200000047683716,-0.4362852823527419,0.0,10.681214780454932,0,0,customer-2,7.058443069458008,2.549999952316284,-0.458589670250511,0.0,8.566512593952368,0,0
2,398,15.919999999999837,to_table,-1.452260136604309,3.4744648933410645,-1.558578442430655,-0.9473468065261841,0.9453833103179932,0.7799999713897705,0.10751531273126602,0.7799999713897705,0.10751531273126602,0,nominal-sac-a-star,1.4508769792544167,99.0,99.0,1.50892991065979,99.0,waiter-2,0,,waiter-1,-4.3985490798950195,-2.549999952316284,0.4576514329887438,0.0,6.706325015529616,0,0,waiter-2,-3.7108006477355957,2.200000047683716,-0.44826127929336934,0.0,2.5933117597461326,0,0,customer-1,7.549806594848633,-2.200000047683716,-0.4362856136958193,0.0,10.641276136086837,0,0,customer-2,7.040099620819092,2.549999952316284,-0.45858874458245324,0.0,8.54252946595377,0,0
2,399,15.959999999999836,to_table,-1.4517180919647217,3.428278684616089,-1.5595303931730076,0.4621117115020752,-0.6573887467384338,0.7799999713897705,-0.08737928420305252,0.7799999713897705,-0.08737928420305252,0,nominal-sac-a-star,1.4516273152975558,99.0,99.0,1.508873405456543,99.0,waiter-2,0,,waiter-1,-4.380243301391602,-2.549999952316284,0.45765245539147514,0.0,6.657032023586092,0,0,waiter-2,-3.7287306785583496,2.200000047683716,-0.4482643689678234,0.0,2.5871711828656125,0,0,customer-1,7.532355308532715,-2.200000047683716,-0.4362859450388967,0.0,10.601466707677003,0,0,customer-2,7.021756172180176,2.549999952316284,-0.4585878189143955,0.0,8.518869622005965,0,0
2,400,15.999999999999835,to_table,-1.4512805938720703,3.3820791244506836,-1.5598200319960132,0.3976529836654663,-0.05598783493041992,0.7799999713897705,-0.015002783387899399,0.7799999713897705,-0.015002783387899399,0,nominal-sac-a-star,1.4515762568619155,99.0,99.0,1.508944215774536,99.0,waiter-2,0,,waiter-1,-4.361937046051025,-2.549999952316284,0.4576487094226245,0.0,6.6076836452441805,0,0,waiter-2,-3.7466611862182617,2.200000047683716,-0.44826269027069543,0.0,2.5818758698763578,0,0,customer-1,7.514904022216797,-2.200000047683716,-0.43628627638197415,0.0,10.561821549986789,0,0,customer-2,7.00341272354126,2.549999952316284,-0.4585868932463377,0.0,8.495539702703619,0,0
2,401,16.039999999999836,to_table,-1.4505702257156372,3.3360631465911865,-1.5546703683927177,0.13669931888580322,-0.6759374737739563,0.7799999713897705,0.27998730540275574,0.7799999713897705,0.27998730540275574,0,nominal-sac-a-star,1.4516487544174614,99.0,99.0,1.5103206062316894,99.0,waiter-2,0,,waiter-1,-4.343631267547607,-2.549999952316284,0.4576497318253736,0.0,6.558623407094365,0,0,waiter-2,-3.764591693878174,2.200000047683716,-0.44826101157356746,0.0,2.577854673913242,0,0,customer-1,7.497452735900879,-2.200000047683716,-0.43628660772506933,0.0,10.5221248145335,0,0,customer-2,6.985069274902344,2.549999952316284,-0.45858596757827996,0.0,8.472184436718788,0,0
2,402,16.079999999999835,to_table,-1.4497946500778198,3.2896792888641357,-1.5463873531761825,0.3854796886444092,-0.773618221282959,0.7799999713897705,0.29691019654273987,0.7799999713897705,0.29691019654273987,0,nominal-sac-a-star,1.4529953239169533,99.0,99.0,1.5114805126190185,99.0,waiter-2,0,,waiter-1,-4.3253254890441895,-2.549999952316284,0.45765075422812274,0.0,6.509265031147538,0,0,waiter-2,-3.7825217247009277,2.200000047683716,-0.4482641012480393,0.0,2.5746876418974045,0,0,customer-1,7.480001449584961,-2.200000047683716,-0.43628693906814675,0.0,10.482262999928645,0,0,customer-2,6.966726303100586,2.549999952316284,-0.458589810281822,0.0,8.448961502824297,0,0
2,403,16.119999999999834,to_table,-1.448650598526001,3.2430145740509033,-1.5373878520781523,0.41097867488861084,-0.7921881079673767,0.7799999713897705,0.32699811458587646,0.7799999713897705,0.32699811458587646,0,nominal-sac-a-star,1.4541075369894676,99.0,99.0,1.5120579624176025,99.0,waiter-2,0,,waiter-1,-4.3070197105407715,-2.549999952316284,0.4576517766308541,0.0,6.45982130427935,0,0,waiter-2,-3.80045223236084,2.200000047683716,-0.4482624225509113,0.0,2.5727126203914006,0,0,customer-1,7.462550163269043,-2.200000047683716,-0.43628727041122417,0.0,10.442026009804488,0,0,customer-2,6.948382377624512,2.549999952316284,-0.4585841162421822,0.0,8.425582001766829,0,0
2,404,16.159999999999833,to_table,-1.4480656385421753,3.2043168544769287,-1.5194138825216934,0.44125568866729736,-0.815026044845581,0.20000000298023224,0.532042920589447,0.20000000298023224,0.532042920589447,0,nominal-sac-a-star,1.4551365710103394,99.0,99.0,1.5143067264556884,99.0,waiter-2,0,,waiter-1,-4.2887139320373535,-2.549999952316284,0.45765279903358547,0.0,6.417277042506417,0,0,waiter-2,-3.818382740020752,2.200000047683716,-0.44826074385378334,0.0,2.5743067824113575,0,0,customer-1,7.445098876953125,-2.200000047683716,-0.4362876017543016,0.0,10.4064891427726,0,0,customer-2,6.930039405822754,2.549999952316284,-0.4585879589457065,0.0,8.403616765587671,0,0
2,405,16.199999999999832,to_table,-1.4492323398590088,3.172003746032715,-1.4985255095919887,0.46001553535461426,-0.8856029510498047,0.20000000298023224,0.5457651019096375,0.20000000298023224,0.5457651019096375,0,nominal-sac-a-star,1.456848631970936,99.0,99.0,1.5173909091949462,99.0,waiter-2,0,,waiter-1,-4.270407676696777,-2.549999952316284,0.4576490530647348,0.0,6.37968311165228,0,0,waiter-2,-3.836312770843506,2.200000047683716,-0.4482638335282374,0.0,2.577390962503218,0,0,customer-1,7.427647590637207,-2.200000047683716,-0.436287933097379,0.0,10.375809465297165,0,0,customer-2,6.911695957183838,2.549999952316284,-0.4585870332776487,0.0,8.384033081261633,0,0
2,406,16.23999999999983,to_table,-1.4476120471954346,3.1512629985809326,-1.4770389472034657,0.6868727207183838,-0.9572305083274841,0.20000000298023224,0.7651323676109314,0.20000000298023224,0.7651323676109314,0,nominal-sac-a-star,1.460029332851482,99.0,99.0,1.5278126621246337,99.0,waiter-2,0,,waiter-1,-4.252101898193359,-2.549999952316284,0.45765007546746617,0.0,6.353704632702374,0,0,waiter-2,-3.854243278503418,2.200000047683716,-0.4482621548311094,0.0,2.5878127995001226,0,0,customer-1,7.410196304321289,-2.200000047683716,-0.43628826444045643,0.0,10.348757654062492,0,0,customer-2,6.893352508544922,2.549999952316284,-0.45858610760959095,0.0,8.362607665729653,0,0
2,407,16.27999999999983,to_table,-1.4488470554351807,3.129678726196289,-1.4577924455858564,0.47882914543151855,-0.8754127025604248,0.20000000298023224,0.7749505043029785,0.20000000298023224,0.7749505043029785,0,nominal-sac-a-star,1.4705191262135493,99.0,99.0,1.5355374240875244,99.0,waiter-2,0,,waiter-1,-4.233796119689941,-2.549999952316284,0.45765109787019753,0.0,6.325716653600902,0,0,waiter-2,-3.87217378616333,2.200000047683716,-0.44826047613398146,0.0,2.595537495229546,0,0,customer-1,7.392745018005371,-2.200000047683716,-0.43628859578353385,0.0,10.323721529849294,0,0,customer-2,6.875009536743164,2.549999952316284,-0.4585899503131152,0.0,8.344016781385205,0,0
2,408,16.31999999999983,to_table,-1.4483715295791626,3.110161781311035,-1.4400724549813841,0.47414207458496094,-0.8724755644798279,0.20000000298023224,0.7753029465675354,0.20000000298023224,0.7753029465675354,0,nominal-sac-a-star,1.4783089289827966,99.0,99.0,1.5458495044708251,99.0,waiter-2,0,,waiter-1,-4.215490341186523,-2.549999952316284,0.4576521202729289,0.0,6.300347400609775,0,0,waiter-2,-3.890103816986084,2.200000047683716,-0.4482635658084355,0.0,2.6058493710736474,0,0,customer-1,7.375293731689453,-2.200000047683716,-0.43628892712661127,0.0,10.298295358603356,0,0,customer-2,6.85666561126709,2.549999952316284,-0.45858425627347543,0.0,8.323906726141184,0,0
2,409,16.35999999999983,to_table,-1.4471912384033203,3.094534158706665,-1.4193882035690577,0.6917314529418945,-0.8967937231063843,0.20000000298023224,0.772384762763977,0.20000000298023224,0.772384762763977,0,nominal-sac-a-star,1.4886810765477985,99.0,99.0,1.558385076522827,99.0,waiter-2,0,,waiter-1,-4.197184085845947,-2.549999952316284,0.45764837430407823,0.0,6.278791762073914,0,0,waiter-2,-3.908034324645996,2.200000047683716,-0.44826188711130754,0.0,2.6183849928709866,0,0,customer-1,7.357842445373535,-2.200000047683716,-0.4362892584696887,0.0,10.274274214516705,0,0,customer-2,6.838322639465332,2.549999952316284,-0.4585880989769997,0.0,8.303388327802285,0,0
2,410,16.399999999999828,to_table,-1.447495698928833,3.077587842941284,-1.393184632231396,0.1754627227783203,0.6481407880783081,0.20000000298023224,0.9577769041061401,0.20000000298023224,0.9577769041061401,0,nominal-sac-a-star,1.501266616393869,99.0,99.0,1.5692526721954345,99.0,waiter-2,0,,waiter-1,-4.178878307342529,-2.549999952316284,0.4576493967068096,0.0,6.255413283459115,0,0,waiter-2,-3.925964832305908,2.200000047683716,-0.4482602084141796,0.0,2.629252666346076,0,0,customer-1,7.340390682220459,-2.200000047683716,-0.4362848214411841,0.0,10.250847818169033,0,0,customer-2,6.819979190826416,2.549999952316284,-0.45858717330894194,0.0,8.284291764240786,0,0
2,411,16.439999999999827,to_table,-1.4461301565170288,3.0655226707458496,-1.3685459629527439,0.586668848991394,-0.8814781308174133,0.20000000298023224,0.7742226123809814,0.20000000298023224,0.7742226123809814,0,nominal-sac-a-star,1.5121843289801564,99.0,99.0,1.5834743404388427,99.0,waiter-2,0,,waiter-1,-4.160572528839111,-2.549999952316284,0.45765041910954096,0.0,6.237170169458275,0,0,waiter-2,-3.943894863128662,2.200000047683716,-0.44826329808863363,0.0,2.643474596175847,0,0,customer-1,7.322939395904541,-2.200000047683716,-0.4362851527842615,0.0,10.228504793639436,0,0,customer-2,6.8016357421875,2.549999952316284,-0.4585862476408842,0.0,8.263861445659066,0,0
2,412,16.479999999999826,to_table,-1.44637131690979,3.0493595600128174,-1.3452495306418168,0.2333613634109497,-0.9907270669937134,0.20000000298023224,0.7611127495765686,0.20000000298023224,0.7611127495765686,0,nominal-sac-a-star,1.5264462069812654,99.0,99.0,1.5949804210662841,99.0,waiter-2,0,,waiter-1,-4.142266750335693,-2.549999952316284,0.45765144151227233,0.0,6.214553816347319,0,0,waiter-2,-3.961825370788574,2.200000047683716,-0.44826161939150566,0.0,2.654980353667262,0,0,customer-1,7.305488109588623,-2.200000047683716,-0.4362854841273389,0.0,10.205430893015004,0,0,customer-2,6.783292770385742,2.549999952316284,-0.45859009034440845,0.0,8.244800240607448,0,0
2,413,16.519999999999825,to_table,-1.4446254968643188,3.035208225250244,-1.32546609940653,0.2493743896484375,-0.932789146900177,0.20000000298023224,0.7680652737617493,0.20000000298023224,0.7680652737617493,0,nominal-sac-a-star,1.5379975299705793,99.0,99.0,1.60916823387146,99.0,waiter-2,0,,waiter-1,-4.123960971832275,-2.549999952316284,0.4576524639150037,0.0,6.194625813895282,0,0,waiter-2,-3.9797558784484863,2.200000047683716,-0.4482599406943777,0.0,2.669168175950157,0,0,customer-1,7.288036823272705,-2.200000047683716,-0.43628581547041634,0.0,10.181689292967897,0,0,customer-2,6.764948844909668,2.549999952316284,-0.45858439630476866,0.0,8.22390040924848,0,0
2,414,16.559999999999825,to_table,-1.4430094957351685,3.0200400352478027,-1.3082726189743634,0.4592646360397339,-0.8981665968894958,0.20000000298023224,0.7722200155258179,0.20000000298023224,0.7722200155258179,0,nominal-sac-a-star,1.5522267737655517,99.0,99.0,1.6230649375915527,99.0,waiter-2,0,,waiter-1,-4.105654716491699,-2.549999952316284,0.457648717946153,0.0,6.1737367156917635,0,0,waiter-2,-3.9976859092712402,2.200000047683716,-0.44826303036883175,0.0,2.6830648816384657,0,0,customer-1,7.270585536956787,-2.200000047683716,-0.43628614681349376,0.0,10.157536948550353,0,0,customer-2,6.74660587310791,2.549999952316284,-0.45858823900829293,0.0,8.203093170819958,0,0
2,415,16.599999999999824,to_table,-1.4382656812667847,3.0071921348571777,-1.2904685996844416,0.5008552074432373,-0.8863309025764465,0.20000000298023224,0.7736402750015259,0.20000000298023224,0.7736402750015259,0,nominal-sac-a-star,1.5661658928713704,99.0,99.0,1.6407954120635986,99.0,waiter-2,0,,waiter-1,-4.087348937988281,-2.549999952316284,0.4576497403488844,0.0,6.156299699883487,0,0,waiter-2,-4.015616416931152,2.200000047683716,-0.4482613516717038,0.0,2.70079541621077,0,0,customer-1,7.253134250640869,-2.200000047683716,-0.4362864781565712,0.0,10.131894354082032,0,0,customer-2,6.728262424468994,2.549999952316284,-0.45858731334023517,0.0,8.179315741157625,0,0
2,416,16.639999999999823,to_table,-1.4325716495513916,2.9931819438934326,-1.273631501493742,0.513624906539917,-0.8828264474868774,0.20000000298023224,0.774060845375061,0.20000000298023224,0.774060845375061,0,nominal-sac-a-star,1.5839344439552727,99.0,99.0,1.659229221343994,99.0,waiter-2,0,,waiter-1,-4.069043159484863,-2.549999952316284,0.45765076275161576,0.0,6.138228372841632,0,0,waiter-2,-4.033546447753906,2.200000047683716,-0.44826444134615784,0.0,2.719229196180317,0,0,customer-1,7.235682964324951,-2.200000047683716,-0.4362868094996486,0.0,10.104839298505924,0,0,customer-2,6.709918975830078,2.549999952316284,-0.4585863876721774,0.0,8.154542529295155,0,0
2,417,16.679999999999822,to_table,-1.4280247688293457,2.978006362915039,-1.2573349158236253,0.5173572301864624,-0.8777317404747009,0.20000000298023224,0.7746722102165222,0.20000000298023224,0.7746722102165222,0,nominal-sac-a-star,1.6024080154695537,99.0,99.0,1.6763836765289306,99.0,waiter-2,0,,waiter-1,-4.050737380981445,-2.549999952316284,0.4576517851543471,0.0,6.118617104148541,0,0,waiter-2,-4.051476955413818,2.200000047683716,-0.44826276264902987,0.0,2.736383599175136,0,0,customer-1,7.218231678009033,-2.200000047683716,-0.436287140842726,0.0,10.078169522919131,0,0,customer-2,6.69157600402832,2.549999952316284,-0.4585902303757017,0.0,8.130873642979852,0,0
2,418,16.71999999999982,to_table,-1.4253422021865845,2.9628677368164062,-1.2404284806136172,0.5153930187225342,-0.8736846446990967,0.20000000298023224,0.7751578688621521,0.20000000298023224,0.7751578688621521,0,nominal-sac-a-star,1.6196017470788946,99.0,99.0,1.6919173622131347,99.0,waiter-2,0,,waiter-1,-4.032431602478027,-2.549999952316284,0.4576528075570785,0.0,6.0982477236494095,0,0,waiter-2,-4.0694074630737305,2.200000047683716,-0.4482610839519019,0.0,2.751917188970784,0,0,customer-1,7.200780391693115,-2.200000047683716,-0.43628747218580344,0.0,10.05311865864872,0,0,customer-2,6.673232078552246,2.549999952316284,-0.4585845363360619,0.0,8.109091514351192,0,0
2,419,16.75999999999982,to_table,-1.422762155532837,2.9488556385040283,-1.2238746008140096,0.012638330459594727,-0.8589021563529968,0.20000000298023224,0.7769317626953125,0.20000000298023224,0.7769317626953125,0,nominal-sac-a-star,1.6351721909840764,99.0,99.0,1.7078053379058837,99.0,waiter-2,0,,waiter-1,-4.014125347137451,-2.549999952316284,0.4576490615882278,0.0,6.078863051549941,0,0,waiter-2,-4.087337493896484,2.200000047683716,-0.44826417362635596,0.0,2.7678053453446805,0,0,customer-1,7.183329105377197,-2.200000047683716,-0.43628780352888086,0.0,10.028734798981372,0,0,customer-2,6.654889106750488,2.549999952316284,-0.45858837903958616,0.0,8.087492551679519,0,0
2,420,16.79999999999982,to_table,-1.4179461002349854,2.9393558502197266,-1.2075954964395168,0.49468135833740234,-0.8637514710426331,0.20000000298023224,0.7763498425483704,0.20000000298023224,0.7763498425483704,0,nominal-sac-a-star,1.651094385036214,99.0,99.0,1.727175416946411,99.0,waiter-2,0,,waiter-1,-3.995819568634033,-2.549999952316284,0.4576500839909592,0.0,6.064524610050775,0,0,waiter-2,-4.1052680015563965,2.200000047683716,-0.448262494929228,0.0,2.787175273294701,0,0,customer-1,7.165877819061279,-2.200000047683716,-0.4362881348719583,0.0,10.00474947826269,0,0,customer-2,6.636545658111572,2.549999952316284,-0.4585874533715284,0.0,8.063897041784749,0,0
2,421,16.83999999999982,to_table,-1.4129157066345215,2.9222145080566406,-1.1857678084268453,0.7372043132781982,-0.11130744218826294,0.20000000298023224,0.8666431307792664,0.20000000298023224,0.8666431307792664,0,nominal-sac-a-star,1.6704903301871963,99.0,99.0,1.7448577308654785,99.0,waiter-2,0,,waiter-1,-3.9775137901306152,-2.549999952316284,0.45765110639369055,0.0,6.043367805304124,0,0,waiter-2,-4.123198509216309,2.200000047683716,-0.4482608162321,0.0,2.8048576785181707,0,0,customer-1,7.148426055908203,-2.200000047683716,-0.43628369784345367,0.0,9.976655488193252,0,0,customer-2,6.618202209472656,2.549999952316284,-0.45858652770347064,0.0,8.039738718262099,0,0
2,422,16.879999999999818,to_table,-1.4048024415969849,2.913877248764038,-1.1630376028674727,0.5484710931777954,-0.9870467782020569,0.20000000298023224,0.7019277215003967,0.20000000298023224,0.7019277215003967,0,nominal-sac-a-star,1.6882101098503077,99.0,99.0,1.7679147148132324,99.0,waiter-2,0,,waiter-1,-3.9592080116271973,-2.549999952316284,0.4576521287964219,0.0,6.03149582480886,0,0,waiter-2,-4.1411285400390625,2.200000047683716,-0.44826390590655407,0.0,2.8279146336545447,0,0,customer-1,7.130974769592285,-2.200000047683716,-0.4362840291865311,0.0,9.950438864802992,0,0,customer-2,6.599859237670898,2.549999952316284,-0.4585903704069949,0.0,8.012928009561165,0,0
2,423,16.919999999999817,to_table,-1.396856427192688,2.9029300212860107,-1.144627062660583,0.0808255672454834,-0.7733315825462341,0.20000000298023224,0.705764889717102,0.20000000298023224,0.705764889717102,0,nominal-sac-a-star,1.7112910525065348,99.0,99.0,1.790241184234619,99.0,waiter-2,0,,waiter-1,-3.940901756286621,-2.549999952316284,0.45764838282757125,0.0,6.017193027774245,0,0,waiter-2,-4.159059047698975,2.200000047683716,-0.4482622272094261,0.0,2.8502410186719858,0,0,customer-1,7.113523483276367,-2.200000047683716,-0.4362843605296085,0.0,9.923026832036214,0,0,customer-2,6.581515312194824,2.549999952316284,-0.4585846763673551,0.0,7.9861740054572,0,0
2,424,16.959999999999816,to_table,-1.3882509469985962,2.889190435409546,-1.124011445425036,0.43246185779571533,0.6178226470947266,0.20000000298023224,0.8610881567001343,0.20000000298023224,0.8610881567001343,0,nominal-sac-a-star,1.7336439668347317,99.0,99.0,1.8126377487182617,99.0,waiter-2,0,,waiter-1,-3.922595977783203,-2.549999952316284,0.4576494052303026,0.0,6.000641366470062,0,0,waiter-2,-4.176989555358887,2.200000047683716,-0.44826054851229813,0.0,2.872637536532058,0,0,customer-1,7.096072196960449,-2.200000047683716,-0.4362846918726859,0.0,9.893614050705947,0,0,customer-2,6.563172340393066,2.549999952316284,-0.4585885190708794,0.0,7.9586545646293425,0,0
2,425,16.999999999999815,to_table,-1.3761311769485474,2.8851699829101562,-1.1023908250396628,0.14397668838500977,-0.7414078116416931,0.20000000298023224,0.7910310626029968,0.20000000298023224,0.7910310626029968,0,nominal-sac-a-star,1.7560702699376791,99.0,99.0,1.8408665084838867,99.0,waiter-2,0,,waiter-1,-3.904290199279785,-2.549999952316284,0.457650427633034,0.0,5.9943857289120315,0,0,waiter-2,-4.194919586181641,2.200000047683716,-0.4482636381867522,0.0,2.9008664112925016,0,0,customer-1,7.078620910644531,-2.200000047683716,-0.43628502321576335,0.0,9.86619415492669,0,0,customer-2,6.54482889175415,2.549999952316284,-0.4585875934028216,0.0,7.928048143105019,0,0
2,426,17.039999999999814,to_table,-1.3665424585342407,2.8711655139923096,-1.0833300176269631,-0.022017061710357666,-0.4597829580307007,0.20000000298023224,0.8248260617256165,0.20000000298023224,0.8248260617256165,0,nominal-sac-a-star,1.7843156678548384,99.0,99.0,1.8643686199188232,99.0,waiter-2,0,,waiter-1,-3.885984420776367,-2.549999952316284,0.45765145003576535,0.0,5.978011610410549,0,0,waiter-2,-4.212850093841553,2.200000047683716,-0.4482619594896242,0.0,2.924368348545363,0,0,customer-1,7.061169624328613,-2.200000047683716,-0.43628535455884077,0.0,9.835804547954451,0,0,customer-2,6.526485443115234,2.549999952316284,-0.45858666773476386,0.0,7.899559277214381,0,0
2,427,17.079999999999814,to_table,-1.3548989295959473,2.863297939300537,-1.0641708792446969,-0.004779934883117676,-0.4997466802597046,0.20000000298023224,0.6791220903396606,0.20000000298023224,0.6791220903396606,0,nominal-sac-a-star,1.8078459563265832,99.0,99.0,1.8913826370239257,99.0,waiter-2,0,,waiter-1,-3.867678642272949,-2.549999952316284,0.4576524724384967,0.0,5.9680697003155245,0,0,waiter-2,-4.230780601501465,2.200000047683716,-0.44826028079249625,0.0,2.9513826393447182,0,0,customer-1,7.043718338012695,-2.200000047683716,-0.4362856859019182,0.0,9.80682203941587,0,0,customer-2,6.508142471313477,2.549999952316284,-0.45859051043828813,0.0,7.869280507204202,0,0
2,428,17.119999999999813,to_table,-1.345734715461731,2.8529458045959473,-1.0457906313806458,-0.423026442527771,-0.7881535291671753,0.20000000298023224,0.6242715120315552,0.20000000298023224,0.6242715120315552,0,nominal-sac-a-star,1.8348798723289317,99.0,99.0,1.915501298904419,99.0,waiter-2,0,,waiter-1,-3.849372386932373,-2.549999952316284,0.45764872646964605,0.0,5.954832024679019,0,0,waiter-2,-4.248710632324219,2.200000047683716,-0.4482633704669503,0.0,2.9755011906153372,0,0,customer-1,7.026267051696777,-2.200000047683716,-0.4362860172449956,0.0,9.778684746701646,0,0,customer-2,6.489798545837402,2.549999952316284,-0.45858481639864834,0.0,7.8413874842618565,0,0
2,429,17.159999999999812,to_table,-1.3364523649215698,2.843719482421875,-1.0281292814066778,0.002834916114807129,-0.8738074898719788,0.20000000298023224,0.602287769317627,0.20000000298023224,0.602287769317627,0,nominal-sac-a-star,1.8590202262987594,99.0,99.0,1.9400631809234619,99.0,waiter-2,0,,waiter-1,-3.831066608428955,-2.549999952316284,0.4576497488723774,0.0,5.942668555841059,0,0,waiter-2,-4.266641139984131,2.200000047683716,-0.44826169176982233,0.0,3.0000634940217927,0,0,customer-1,7.008815765380859,-2.200000047683716,-0.436286348588073,0.0,9.751031066764682,0,0,customer-2,6.4714555740356445,2.549999952316284,-0.4585886591021726,0.0,7.813430587494621,0,0
2,430,17.19999999999981,to_table,-1.3273552656173706,2.8347418308258057,-1.010355859386901,0.10263538360595703,-0.0925135612487793,0.20000000298023224,0.6833404898643494,0.20000000298023224,0.6833404898643494,0,nominal-sac-a-star,1.8836016520916523,99.0,99.0,1.9645702266693115,99.0,waiter-2,0,,waiter-1,-3.812760829925537,-2.549999952316284,0.4576507712751088,0.0,5.930656362512521,0,0,waiter-2,-4.284571647644043,2.200000047683716,-0.44826001307269436,0.0,3.024570359802086,0,0,customer-1,6.991364479064941,-2.200000047683716,-0.43628667993115045,0.0,9.723668236513674,0,0,customer-2,6.4531121253967285,2.549999952316284,-0.45858773343411485,0.0,7.785675998910491,0,0
2,431,17.23999999999981,to_table,-1.3182460069656372,2.8257689476013184,-0.9929304990003718,0.17059755325317383,-0.1982690691947937,0.20000000298023224,0.657905101776123,0.20000000298023224,0.657905101776123,0,nominal-sac-a-star,1.9081265559923968,99.0,99.0,1.9891588115692138,99.0,waiter-2,0,,waiter-1,-3.794455051422119,-2.549999952316284,0.45765179367784015,0.0,5.918657153203705,0,0,waiter-2,-4.302501678466797,2.200000047683716,-0.4482631027471484,0.0,3.049158675600685,0,0,customer-1,6.973913192749023,-2.200000047683716,-0.43628701127422786,0.0,9.696301263233359,0,0,customer-2,6.4347686767578125,2.549999952316284,-0.4585868077660571,0.0,7.757917583011046,0,0
2,432,17.27999999999981,to_table,-1.3106170892715454,2.8160927295684814,-0.9743978089320048,0.16163933277130127,-0.1382712721824646,0.20000000298023224,0.6531931757926941,0.20000000298023224,0.6531931757926941,0,nominal-sac-a-star,1.932732687502023,99.0,99.0,2.012223663330078,99.0,waiter-2,0,,waiter-1,-3.776149272918701,-2.549999952316284,0.4576528160805715,0.0,5.905404272289675,0,0,waiter-2,-4.320432186126709,2.200000047683716,-0.44826142405002045,0.0,3.0722234798154284,0,0,customer-1,6.9564619064331055,-2.200000047683716,-0.4362873426173053,0.0,9.669838771728445,0,0,customer-2,6.416425704956055,2.549999952316284,-0.45859065046958136,0.0,7.731623096732695,0,0
2,433,17.31999999999981,to_table,-1.3027005195617676,2.8061769008636475,-0.9577039151773431,0.17270398139953613,-0.11066573858261108,0.20000000298023224,0.6467560529708862,0.20000000298023224,0.6467560529708862,0,nominal-sac-a-star,1.9558146367489626,99.0,99.0,2.035592975616455,99.0,waiter-2,0,,waiter-1,-3.757843017578125,-2.549999952316284,0.45764907011172085,0.0,5.8920586528060355,0,0,waiter-2,-4.338362693786621,2.200000047683716,-0.4482597453528925,0.0,3.0955928694437014,0,0,customer-1,6.9390106201171875,-2.200000047683716,-0.4362876739603827,0.0,9.643008355802413,0,0,customer-2,6.3980817794799805,2.549999952316284,-0.45858495642994157,0.0,7.705042157328002,0,0
2,434,17.359999999999808,to_table,-1.295505166053772,2.79445219039917,-0.9437020318890584,-0.054340243339538574,0.10750889778137207,0.20000000298023224,0.666276216506958,0.20000000298023224,0.666276216506958,0,nominal-sac-a-star,1.9792008507206487,99.0,99.0,2.0579792881011962,99.0,waiter-2,0,,waiter-1,-3.739537239074707,-2.549999952316284,0.4576500925144522,0.0,5.876773049874465,0,0,waiter-2,-4.356292724609375,2.200000047683716,-0.44826283502734654,0.0,3.117979125745996,0,0,customer-1,6.9215593338012695,-2.200000047683716,-0.4362880053034601,0.0,9.615856808068074,0,0,customer-2,6.379738807678223,2.549999952316284,-0.45858879913346584,0.0,7.679135820716614,0,0
2,435,17.399999999999807,to_table,-1.2871792316436768,2.7853469848632812,-0.9301053547323415,-0.0279654860496521,0.08350753784179688,0.20000000298023224,0.6656314730644226,0.20000000298023224,0.6656314730644226,0,nominal-sac-a-star,2.0016055380257174,99.0,99.0,2.0820490741729736,99.0,waiter-2,0,,waiter-1,-3.721231460571289,-2.549999952316284,0.4576511149171836,0.0,5.864344566378995,0,0,waiter-2,-4.374223232269287,2.200000047683716,-0.44826115633021857,0.0,3.1420489650328607,0,0,customer-1,6.904108047485352,-2.200000047683716,-0.43628833664653754,0.0,9.589101747512442,0,0,customer-2,6.361395359039307,2.549999952316284,-0.4585878734654081,0.0,7.652194554176602,0,0
2,436,17.439999999999806,to_table,-1.2775452136993408,2.775456190109253,-0.9166969029496277,-0.009507954120635986,0.10848093032836914,0.20000000298023224,0.6648871302604675,0.20000000298023224,0.6648871302604675,0,nominal-sac-a-star,2.0256901123956537,99.0,99.0,2.107322874069214,99.0,waiter-2,0,,waiter-1,-3.702925682067871,-2.549999952316284,0.45765213731991494,0.0,5.85174790479233,0,0,waiter-2,-4.392153263092041,2.200000047683716,-0.44826424600467263,0.0,3.1673226979891203,0,0,customer-1,6.886656761169434,-2.200000047683716,-0.43628866798961496,0.0,9.560824162207156,0,0,customer-2,6.343051910400391,2.549999952316284,-0.4585869477973503,0.0,7.6239314689336535,0,0
2,437,17.479999999999805,to_table,-1.267229676246643,2.7654788494110107,-0.9046598700653333,0.0032500028610229492,0.1308046579360962,0.20000000298023224,0.6652979254722595,0.20000000298023224,0.6652979254722595,0,nominal-sac-a-star,2.0509795200977066,99.0,99.0,2.1333209896087646,99.0,waiter-2,0,,waiter-1,-3.684619426727295,-2.549999952316284,0.4576483913510643,0.0,5.839356822231465,0,0,waiter-2,-4.410083770751953,2.200000047683716,-0.44826256730754466,0.0,3.193320863075261,0,0,customer-1,6.869205474853516,-2.200000047683716,-0.4362889993326924,0.0,9.531923082230119,0,0,customer-2,6.324708938598633,2.549999952316284,-0.4585907905008746,0.0,7.59499592407211,0,0
2,438,17.519999999999804,to_table,-1.2590473890304565,2.752941370010376,-0.8898622785795558,0.018486380577087402,0.1416609287261963,0.20000000298023224,0.6663572192192078,0.20000000298023224,0.6663572192192078,0,nominal-sac-a-star,2.076992475529195,99.0,99.0,2.1568455123901367,99.0,waiter-2,0,,waiter-1,-3.666313648223877,-2.549999952316284,0.45764941375379564,0.0,5.823754588810445,0,0,waiter-2,-4.428014278411865,2.200000047683716,-0.4482608886104167,0.0,3.2168455436859316,0,0,customer-1,6.851754188537598,-2.200000047683716,-0.4362893306757698,0.0,9.503511504585555,0,0,customer-2,6.306365013122559,2.549999952316284,-0.4585850964612348,0.0,7.568133854106066,0,0
2,439,17.559999999999803,to_table,-1.2505873441696167,2.743912696838379,-0.8741671682088628,0.021730542182922363,0.17698180675506592,0.20000000298023224,0.6767348051071167,0.20000000298023224,0.6767348051071167,0,nominal-sac-a-star,2.10053338775762,99.0,99.0,2.181318702697754,99.0,waiter-2,0,,waiter-1,-3.648007869720459,-2.549999952316284,0.457650436156527,0.0,5.811465934961007,0,0,waiter-2,-4.445944309234619,2.200000047683716,-0.44826397828487075,0.0,3.241318729174881,0,0,customer-1,6.83430290222168,-2.200000047683716,-0.4362896620188472,0.0,9.476693702006049,0,0,customer-2,6.288022041320801,2.549999952316284,-0.45858893916475907,0.0,7.5411029444964015,0,0
2,440,17.599999999999802,to_table,-1.2432981729507446,2.730642318725586,-0.8571080166481783,-0.2919635772705078,-0.7418980598449707,0.20000000298023224,0.5630350112915039,0.20000000298023224,0.5630350112915039,0,nominal-sac-a-star,2.125019417430014,99.0,99.0,2.2039999389648437,99.0,waiter-2,0,,waiter-1,-3.629702091217041,-2.549999952316284,0.4576514585592584,0.0,5.79483446319487,0,0,waiter-2,-4.463874816894531,2.200000047683716,-0.4482622995877428,0.0,3.2639998681575797,0,0,customer-1,6.816851615905762,-2.200000047683716,-0.43628999336192464,0.0,9.448663861321023,0,0,customer-2,6.269678592681885,2.549999952316284,-0.4585880134967013,0.0,7.515148138624925,0,0
2,441,17.6399999999998,to_table,-1.2346493005752563,2.7191660404205322,-0.8405156484755667,-0.13052904605865479,0.06651759147644043,0.20000000298023224,0.6688312292098999,0.20000000298023224,0.6688312292098999,0,nominal-sac-a-star,2.1477160088413076,99.0,99.0,2.2283970737457275,99.0,waiter-2,0,,waiter-1,-3.611396312713623,-2.549999952316284,0.45765248096198974,0.0,5.7804010776695085,0,0,waiter-2,-4.481805324554443,2.200000047683716,-0.4482606208906148,0.0,3.2883971128923477,0,0,customer-1,6.7993998527526855,-2.200000047683716,-0.43628555633342003,0.0,9.420410861551861,0,0,customer-2,6.251335144042969,2.549999952316284,-0.45858708782864355,0.0,7.487895583568893,0,0
2,442,17.6799999999998,to_table,-1.226314902305603,2.708055257797241,-0.8239039399492469,-0.21727770566940308,-0.08247566223144531,0.20000000298023224,0.6554915904998779,0.20000000298023224,0.6554915904998779,0,nominal-sac-a-star,2.1721266734453035,99.0,99.0,2.252612533569336,99.0,waiter-2,0,,waiter-1,-3.593090057373047,-2.549999952316284,0.4576487349931391,0.0,5.7661745748153095,0,0,waiter-2,-4.499735355377197,2.200000047683716,-0.44826371056506886,0.0,3.3126124975781486,0,0,customer-1,6.781948566436768,-2.200000047683716,-0.43628588767649745,0.0,9.392618946090241,0,0,customer-2,6.232992172241211,2.549999952316284,-0.4585909305321678,0.0,7.460981404076466,0,0
2,443,17.7199999999998,to_table,-1.2179986238479614,2.6979799270629883,-0.8081183736167067,-0.03657889366149902,0.004209637641906738,0.20000000298023224,0.6710654497146606,0.20000000298023224,0.6710654497146606,0,nominal-sac-a-star,2.1963550218729018,99.0,99.0,2.2770330333709716,99.0,waiter-2,0,,waiter-1,-3.574784278869629,-2.549999952316284,0.45764975739587044,0.0,5.752888964519096,0,0,waiter-2,-4.517665863037109,2.200000047683716,-0.4482620318679409,0.0,3.337032791215083,0,0,customer-1,6.76449728012085,-2.200000047683716,-0.4362862190195749,0.0,9.365385666906546,0,0,customer-2,6.214648246765137,2.549999952316284,-0.458585236492528,0.0,7.4341198252490335,0,0
2,444,17.7599999999998,to_table,-1.2097218036651611,2.6876182556152344,-0.7917519701300315,-0.0017126798629760742,0.01582658290863037,0.20000000298023224,0.7671878337860107,0.20000000298023224,0.7671878337860107,0,nominal-sac-a-star,2.2207864479134765,99.0,99.0,2.3014301681518554,99.0,waiter-2,0,,waiter-1,-3.556478500366211,-2.549999952316284,0.4576507797986018,0.0,5.739330229701633,0,0,waiter-2,-4.5355963706970215,2.200000047683716,-0.4482603531708129,0.0,3.3614302242253533,0,0,customer-1,6.747045993804932,-2.200000047683716,-0.4362865503626523,0.0,9.338038683877894,0,0,customer-2,6.196305274963379,2.549999952316284,-0.4585890791960523,0.0,7.4073055753615344,0,0
2,445,17.799999999999798,to_table,-1.2021301984786987,2.6752684116363525,-0.7709347452852857,0.1203070878982544,-0.12029969692230225,0.20000000298023224,0.7512781023979187,0.20000000298023224,0.7512781023979187,0,nominal-sac-a-star,2.245194760436822,99.0,99.0,2.32492751121521,99.0,waiter-2,0,,waiter-1,-3.538172721862793,-2.549999952316284,0.45765180220133317,0.0,5.723680996210654,0,0,waiter-2,-4.553526401519775,2.200000047683716,-0.448263442845267,0.0,3.384927846724707,0,0,customer-1,6.729594707489014,-2.200000047683716,-0.4362868817057297,0.0,9.310236438157174,0,0,customer-2,6.177961826324463,2.549999952316284,-0.45858815352799454,0.0,7.3811550912755965,0,0
2,446,17.839999999999797,to_table,-1.1931242942810059,2.662607431411743,-0.7470112341676188,0.1320021152496338,-0.07236313819885254,0.20000000298023224,0.7577980756759644,0.20000000298023224,0.7577980756759644,0,nominal-sac-a-star,2.268704657303855,99.0,99.0,2.349858703613281,99.0,waiter-2,0,,waiter-1,-3.519866943359375,-2.549999952316284,0.45765282460406453,0.0,5.70832787179715,0,0,waiter-2,-4.5714569091796875,2.200000047683716,-0.448261764148139,0.0,3.4098587724959892,0,0,customer-1,6.712143421173096,-2.200000047683716,-0.43628721304880713,0.0,9.281067241904672,0,0,customer-2,6.159618377685547,2.549999952316284,-0.4585872278599368,0.0,7.353604914904395,0,0
2,447,17.879999999999797,to_table,-1.182847499847412,2.6521756649017334,-0.7209960251117056,-0.9127691984176636,-0.9284304976463318,0.20000000298023224,0.653322696685791,0.20000000298023224,0.653322696685791,0,nominal-sac-a-star,2.2936471931948796,99.0,99.0,2.3764192485809326,99.0,waiter-2,0,,waiter-1,-3.501560688018799,-2.549999952316284,0.45764907863521387,0.0,5.695530001797689,0,0,waiter-2,-4.5893874168396,2.200000047683716,-0.44826008545101104,0.0,3.4364192111655463,0,0,customer-1,6.694692134857178,-2.200000047683716,-0.43628754439188455,0.0,9.2519857242727,0,0,customer-2,6.141274929046631,2.549999952316284,-0.458586302191879,0.0,7.324835099145313,0,0
2,448,17.919999999999796,to_table,-1.1731780767440796,2.6405303478240967,-0.6948400587657666,-0.4810616970062256,-0.9175379276275635,0.20000000298023224,0.6455490589141846,0.20000000298023224,0.6455490589141846,0,nominal-sac-a-star,2.3202172823896725,99.0,99.0,2.4022795581817626,99.0,waiter-2,0,,waiter-1,-3.483254909515381,-2.549999952316284,0.45765010103794523,0.0,5.681378333642469,0,0,waiter-2,-4.6073174476623535,2.200000047683716,-0.4482631751254651,0.0,3.462279619590644,0,0,customer-1,6.677240371704102,-2.200000047683716,-0.43628310736337994,0.0,9.222787231936481,0,0,customer-2,6.122931480407715,2.549999952316284,-0.45858537652382125,0.0,7.29667118777272,0,0
2,449,17.959999999999795,to_table,-1.164025068283081,2.629700183868408,-0.6689038775151293,0.4716535806655884,0.5264294147491455,0.20000000298023224,0.8139435052871704,0.20000000298023224,0.8139435052871704,0,nominal-sac-a-star,2.3460881100102604,99.0,99.0,2.4277936840057373,99.0,waiter-2,0,,waiter-1,-3.464949131011963,-2.549999952316284,0.4576511234406766,0.0,5.667763672140583,0,0,waiter-2,-4.625247955322266,2.200000047683716,-0.4482614964283371,0.0,3.4877938701708007,0,0,customer-1,6.659789085388184,-2.200000047683716,-0.43628343870645736,0.0,9.19445877895167,0,0,customer-2,6.104588508605957,2.549999952316284,-0.4585892192273455,0.0,7.2690505196377,0,0
2,450,17.999999999999794,to_table,-1.1561297178268433,2.6202824115753174,-0.6412641195132672,0.6115591526031494,0.35291171073913574,0.20000000298023224,0.7876912951469421,0.20000000298023224,0.7876912951469421,0,nominal-sac-a-star,2.371611275911503,99.0,99.0,2.452284994125366,99.0,waiter-2,0,,waiter-1,-3.446643352508545,-2.549999952316284,0.45765214584340796,0.0,5.6549334596466565,0,0,waiter-2,-4.643178462982178,2.200000047683716,-0.44825981773120915,0.0,3.512285042032851,0,0,customer-1,6.642337799072266,-2.200000047683716,-0.4362837700495348,0.0,9.167945167766376,0,0,customer-2,6.086245059967041,2.549999952316284,-0.45858829355928776,0.0,7.2427157921669485,0,0
2,451,18.039999999999793,to_table,-1.1485127210617065,2.6043756008148193,-0.6152110745590129,0.5599333047866821,0.4804208278656006,0.20000000298023224,0.7929412126541138,0.20000000298023224,0.7929412126541138,0,nominal-sac-a-star,2.3961100033626686,99.0,99.0,2.475795211791992,99.0,waiter-2,0,,waiter-1,-3.4283370971679688,-2.549999952316284,0.4576483998745573,0.0,5.6360612601890585,0,0,waiter-2,-4.661108493804932,2.200000047683716,-0.4482629074056632,0.0,3.5357953349513402,0,0,customer-1,6.624886512756348,-2.200000047683716,-0.4362841013926122,0.0,9.138258095512997,0,0,customer-2,6.067901611328125,2.549999952316284,-0.45858736789123,0.0,7.216619189611643,0,0
2,452,18.079999999999792,to_table,-1.140175700187683,2.5970253944396973,-0.5855669540642918,0.4975537061691284,0.5465624332427979,0.20000000298023224,0.8115085363388062,0.20000000298023224,0.8115085363388062,0,nominal-sac-a-star,2.4196317280599255,99.0,99.0,2.5010647201538085,99.0,waiter-2,0,,waiter-1,-3.410031318664551,-2.549999952316284,0.45764942227728866,0.0,5.6253101646824355,0,0,waiter-2,-4.679039001464844,2.200000047683716,-0.44826122870853524,0.0,3.5610648114142758,0,0,customer-1,6.60743522644043,-2.200000047683716,-0.4362844327356896,0.0,9.112460049996743,0,0,customer-2,6.049558162689209,2.549999952316284,-0.45858644222317224,0.0,7.1898876494146675,0,0
2,453,18.11999999999979,to_table,-1.13204824924469,2.5859241485595703,-0.5551170577607576,0.5579149723052979,0.5205695629119873,0.20000000298023224,0.7922120094299316,0.20000000298023224,0.7922120094299316,0,nominal-sac-a-star,2.4449068646090613,99.0,99.0,2.525749387741089,99.0,waiter-2,0,,waiter-1,-3.391725540161133,-2.549999952316284,0.45765044468002003,0.0,5.6110478369945245,0,0,waiter-2,-4.696969032287598,2.200000047683716,-0.4482643183829893,0.0,3.585749238444888,0,0,customer-1,6.589983940124512,-2.200000047683716,-0.43628476407876704,0.0,9.084869374176002,0,0,customer-2,6.031214714050293,2.549999952316284,-0.4585855165551145,0.0,7.16335304373513,0,0
2,454,18.15999999999979,to_table,-1.1265634298324585,2.576704263687134,-0.525736685771886,0.344368577003479,0.43990767002105713,0.20000000298023224,0.7768164277076721,0.20000000298023224,0.7768164277076721,0,nominal-sac-a-star,2.4695991927862337,99.0,99.0,2.5480548763275146,99.0,waiter-2,0,,waiter-1,-3.373419761657715,-2.549999952316284,0.4576514670827514,0.0,5.597451160506044,0,0,waiter-2,-4.71489953994751,2.200000047683716,-0.44826263968586133,0.0,3.6080551694105742,0,0,customer-1,6.572532653808594,-2.200000047683716,-0.43628509542184446,0.0,9.060517898189145,0,0,customer-2,6.012871742248535,2.549999952316284,-0.45858935925863875,0.0,7.139485114249694,0,0
2,455,18.19999999999979,to_table,-1.119575023651123,2.564769983291626,-0.4972935181247347,0.8578612804412842,-0.3769480586051941,0.20000000298023224,0.6696894764900208,0.20000000298023224,0.6696894764900208,0,nominal-sac-a-star,2.4919110806025384,99.0,99.0,2.5716206455230712,99.0,waiter-2,0,,waiter-1,-3.355113983154297,-2.549999952316284,0.45765248948548276,0.0,5.5819804669718325,0,0,waiter-2,-4.732830047607422,2.200000047683716,-0.44826096098873336,0.0,3.6316207090042916,0,0,customer-1,6.555081367492676,-2.200000047683716,-0.4362854267649219,0.0,9.033459147536181,0,0,customer-2,5.994528293609619,2.549999952316284,-0.458588433590581,0.0,7.114118649732749,0,0
2,456,18.23999999999979,to_table,-1.1109187602996826,2.5587193965911865,-0.47082813646799293,0.8445007801055908,-0.28430747985839844,0.20000000298023224,0.6817523837089539,0.20000000298023224,0.6817523837089539,0,nominal-sac-a-star,2.5154837323250527,99.0,99.0,2.5974749946594238,99.0,waiter-2,0,,waiter-1,-3.3368077278137207,-2.549999952316284,0.4576487435166321,0.0,5.572575264776805,0,0,waiter-2,-4.750760078430176,2.200000047683716,-0.4482640506631874,0.0,3.6574751390064875,0,0,customer-1,6.537630081176758,-2.200000047683716,-0.4362857581079993,0.0,9.008091369972368,0,0,customer-2,5.976184844970703,2.549999952316284,-0.45858750792252323,0.0,7.0871089691456675,0,0
2,457,18.279999999999788,to_table,-1.1019707918167114,2.550140142440796,-0.4443615051683368,0.8572244644165039,-0.2665559649467468,0.20000000298023224,0.6714252233505249,0.20000000298023224,0.6714252233505249,0,nominal-sac-a-star,2.541342675085493,99.0,99.0,2.6233996772766113,99.0,waiter-2,0,,waiter-1,-3.3185019493103027,-2.549999952316284,0.45764976591936346,0.0,5.5609746770048,0,0,waiter-2,-4.768690586090088,2.200000047683716,-0.44826237196605945,0.0,3.6833995351675726,0,0,customer-1,6.52017879486084,-2.200000047683716,-0.4362860894510767,0.0,8.981146705600844,0,0,customer-2,5.957841396331787,2.549999952316284,-0.45858658225446547,0.0,7.05981218954041,0,0
2,458,18.319999999999787,to_table,-1.0924091339111328,2.5444130897521973,-0.4207799989495875,0.8606612682342529,-0.2241060733795166,0.20000000298023224,0.6725992560386658,0.20000000298023224,0.6725992560386658,0,nominal-sac-a-star,2.567272128794536,99.0,99.0,2.6502320194244384,99.0,waiter-2,0,,waiter-1,-3.3001961708068848,-2.549999952316284,0.4576507883220948,0.0,5.55223989426631,0,0,waiter-2,-4.78662109375,2.200000047683716,-0.4482606932689315,0.0,3.710232115078973,0,0,customer-1,6.502727508544922,-2.200000047683716,-0.43628642079415414,0.0,8.955197185782852,0,0,customer-2,5.939497947692871,2.549999952316284,-0.4585856565864077,0.0,7.031909300989728,0,0
2,459,18.359999999999786,to_table,-1.0815098285675049,2.535691738128662,-0.3959408876115259,0.8697632551193237,-0.06517219543457031,0.20000000298023224,0.6839461326599121,0.20000000298023224,0.6839461326599121,0,nominal-sac-a-star,2.5941082955030597,99.0,99.0,2.6781446361541748,99.0,waiter-2,0,,waiter-1,-3.281890392303467,-2.549999952316284,0.4576518107248262,0.0,5.54129358503299,0,0,waiter-2,-4.804551124572754,2.200000047683716,-0.44826378294338554,0.0,3.7381446471203104,0,0,customer-1,6.485276222229004,-2.200000047683716,-0.43628675213723156,0.0,8.92653504047004,0,0,customer-2,5.921154975891113,2.549999952316284,-0.458589499289932,0.0,7.002679422092425,0,0
2,460,18.399999999999785,to_table,-1.0708775520324707,2.530900001525879,-0.372559967650975,0.8774430751800537,-0.06465297937393188,0.20000000298023224,0.6857755780220032,0.20000000298023224,0.6857755780220032,0,nominal-sac-a-star,2.6220260845449213,99.0,99.0,2.7061690711975097,99.0,waiter-2,0,,waiter-1,-3.263584613800049,-2.549999952316284,0.45765283312755756,0.0,5.533851154456424,0,0,waiter-2,-4.822481632232666,2.200000047683716,-0.44826210424625756,0.0,3.766168869557962,0,0,customer-1,6.467824935913086,-2.200000047683716,-0.436287083480309,0.0,8.900193844932135,0,0,customer-2,5.902811527252197,2.549999952316284,-0.4585885736218742,0.0,6.973715235271256,0,0
2,461,18.439999999999785,to_table,-1.0583958625793457,2.5247225761413574,-0.34491301040704403,0.9712417125701904,-0.32881128787994385,0.8199999928474426,0.22970549762248993,0.8199999928474426,0.22970549762248993,0,nominal-sac-a-star,2.6500532257441627,99.0,99.0,2.7359308624267578,99.0,waiter-2,0,,waiter-1,-3.2452783584594727,-2.549999952316284,0.4576490871587069,0.0,5.5258722199868515,0,0,waiter-2,-4.840412139892578,2.200000047683716,-0.4482604255491296,0.0,3.795930958585807,0,0,customer-1,6.450373649597168,-2.200000047683716,-0.4362874148233864,0.0,8.871562627805543,0,0,customer-2,5.884468078613281,2.549999952316284,-0.45858764795381646,0.0,6.942909955606447,0,0
2,462,18.479999999999784,to_table,-1.0318043231964111,2.519406795501709,-0.3348524026425197,0.9273560047149658,0.03329193592071533,0.8199999928474426,0.24913935363292694,0.8199999928474426,0.24913935363292694,0,nominal-sac-a-star,2.67981874259846,99.0,99.0,2.7623963451385496,99.0,customer-2,0,,waiter-1,-3.2269725799560547,-2.549999952316284,0.45765010956143826,0.0,5.524278093136494,0,0,waiter-2,-4.858342170715332,2.200000047683716,-0.44826351522358365,0.0,3.8398453834817885,0,0,customer-1,6.43292236328125,-2.200000047683716,-0.4362877461664638,0.0,8.831474704448695,0,0,customer-2,5.866124629974365,2.549999952316284,-0.4585867222857587,0.0,6.8979967950293775,0,0
2,463,18.519999999999783,to_table,-0.9969242811203003,2.5107102394104004,-0.32627287779243164,0.973405122756958,0.6724401712417603,0.8199999928474426,0.3169667422771454,0.8199999928474426,0.3169667422771454,0,nominal-sac-a-star,2.723737042096711,99.0,99.0,2.7013251876831053,99.0,customer-2,0,,waiter-1,-3.2086668014526367,-2.549999952316284,0.4576511319641696,0.0,5.522915228472403,0,0,waiter-2,-4.876272678375244,2.200000047683716,-0.4482618365264557,0.0,3.8917714232117144,0,0,customer-1,6.415471076965332,-2.200000047683716,-0.43628807750954124,0.0,8.782618991707642,0,0,customer-2,5.847781181335449,2.549999952316284,-0.45858579661770094,0.0,6.844818226170203,0,0
2,464,18.559999999999782,to_table,-0.9540095329284668,2.4981396198272705,-0.31858733786635546,0.9266026020050049,0.11071181297302246,0.8199999928474426,0.2489168494939804,0.8199999928474426,0.2489168494939804,0,nominal-sac-a-star,2.7756677926367987,99.0,99.0,2.6346001720428465,99.0,customer-2,0,,waiter-1,-3.1903610229492188,-2.549999952316284,0.457652154366901,0.0,5.52132059626678,0,0,waiter-2,-4.894203186035156,2.200000047683716,-0.4482601578293277,0.0,3.9514571019384963,0,0,customer-1,6.398019790649414,-2.200000047683716,-0.43628840885261866,0.0,8.724955673823752,0,0,customer-2,5.829438209533691,2.549999952316284,-0.4585896393212252,0.0,6.783645979029332,0,0
2,465,18.59999999999978,to_table,-0.9089558720588684,2.484758138656616,-0.31024169293107445,0.9168634414672852,0.16042494773864746,0.8199999928474426,0.26564106345176697,0.8199999928474426,0.26564106345176697,0,nominal-sac-a-star,2.835359398840741,99.0,99.0,2.5652926063537596,99.0,customer-2,0,,waiter-1,-3.1720547676086426,-2.549999952316284,0.4576484083980503,0.0,5.5200005113818325,0,0,waiter-2,-4.91213321685791,2.200000047683716,-0.44826324750378177,0.0,4.013292416992168,0,0,customer-1,6.380568504333496,-2.200000047683716,-0.4362887401956961,0.0,8.665109629918208,0,0,customer-2,5.811094284057617,2.549999952316284,-0.4585839452815854,0.0,6.720366849731553,0,0
2,466,18.63999999999978,to_table,-0.8631760478019714,2.4703726768493652,-0.3093378852862908,0.9143707752227783,0.1636108160018921,0.8199999928474426,-0.027157669886946678,0.8199999928474426,-0.027157669886946678,0,nominal-sac-a-star,2.897200910479169,99.0,99.0,2.5051422214508055,99.0,customer-2,0,,waiter-1,-3.1537489891052246,-2.549999952316284,0.4576494308007817,0.0,5.518230308269695,0,0,waiter-2,-4.930063724517822,2.200000047683716,-0.4482615688066538,0.0,4.075865151550674,0,0,customer-1,6.363117218017578,-2.200000047683716,-0.4362890715387735,0.0,8.604167347843225,0,0,customer-2,5.792751312255859,2.549999952316284,-0.4585877879851097,0.0,6.656403648019303,0,0
2,467,18.67999999999978,to_table,-0.8179678916931152,2.455681800842285,-0.3113481398484679,0.5682860612869263,-0.9855549931526184,0.7799999713897705,-0.17141148447990417,0.7799999713897705,-0.17141148447990417,0,nominal-sac-a-star,2.95977914795748,99.0,99.0,2.551849374771118,99.0,customer-2,0,,waiter-1,-3.1354432106018066,-2.549999952316284,0.45765045320351305,0.0,5.516116538621677,0,0,waiter-2,-4.947994232177734,2.200000047683716,-0.4482598901095258,0.0,4.137933147356904,0,0,customer-1,6.34566593170166,-2.200000047683716,-0.4362894028818509,0.0,8.543595439297212,0,0,customer-2,5.774407863616943,2.549999952316284,-0.4585868623170519,0.0,6.5930504330618716,0,0
2,468,18.71999999999978,to_table,-0.7725011110305786,2.440965175628662,-0.3131117272934953,0.9523830413818359,-0.17402517795562744,0.8199999928474426,-0.0765761286020279,0.8199999928474426,-0.0765761286020279,0,nominal-sac-a-star,2.963740847638711,99.0,99.0,2.393895397186279,99.0,customer-2,0,,waiter-1,-3.1171374320983887,-2.549999952316284,0.4576514756062444,0.0,5.514259006107068,0,0,waiter-2,-4.965924263000488,2.200000047683716,-0.4482629797839799,0.0,4.200340691463346,0,0,customer-1,6.328214645385742,-2.200000047683716,-0.43628973422492834,0.0,8.482848723006553,0,0,customer-2,5.756064414978027,2.549999952316284,-0.45858593664899416,0.0,6.529475967481261,0,0
2,469,18.759999999999778,to_table,-0.726620614528656,2.4261984825134277,-0.3178955166058908,0.9522484540939331,-0.14983290433883667,0.8199999928474426,-0.2582082152366638,0.8199999928474426,-0.2582082152366638,0,nominal-sac-a-star,2.9051663254666344,99.0,99.0,2.3422391510009763,99.0,customer-2,0,,waiter-1,-3.0988316535949707,-2.549999952316284,0.4576524980089758,0.0,5.512706783121134,0,0,waiter-2,-4.9838547706604,2.200000047683716,-0.4482613010868519,0.0,4.263239190105826,0,0,customer-1,6.310763359069824,-2.200000047683716,-0.43629006556800576,0.0,8.421786392010839,0,0,customer-2,5.7377214431762695,2.549999952316284,-0.45858977935251843,0.0,6.465527437335495,0,0
2,470,18.799999999999777,to_table,-0.6807914972305298,2.4113242626190186,-0.3225129821057056,0.9448034763336182,-0.21712428331375122,0.8199999928474426,-0.2814595103263855,0.8199999928474426,-0.2814595103263855,0,nominal-sac-a-star,2.849291777046381,99.0,99.0,2.2909858322143553,99.0,customer-2,0,,waiter-1,-3.0805253982543945,-2.549999952316284,0.4576487520401251,0.0,5.51121227693387,0,0,waiter-2,-5.0017852783203125,2.200000047683716,-0.44825962238972394,0.0,4.326158247225198,0,0,customer-1,6.293311595916748,-2.200000047683716,-0.43628562853950115,0.0,8.360767061019905,0,0,customer-2,5.719377517700195,2.549999952316284,-0.45858408531287864,0.0,6.401671216689619,0,0
2,471,18.839999999999776,to_table,-0.6348035335540771,2.3957197666168213,-0.3281262265903688,0.9415793418884277,-0.20909154415130615,0.8199999928474426,-0.2995258867740631,0.8199999928474426,-0.2995258867740631,0,nominal-sac-a-star,2.7936756063941113,99.0,99.0,2.241797456741333,99.0,customer-2,0,,waiter-1,-3.0622196197509766,-2.549999952316284,0.4576497744428565,0.0,5.50930961135524,0,0,waiter-2,-5.019715309143066,2.200000047683716,-0.448262712064178,0.0,4.389277558787805,0,0,customer-1,6.27586030960083,-2.200000047683716,-0.43628595988257857,0.0,8.299271977989582,0,0,customer-2,5.7010345458984375,2.549999952316284,-0.4585879280164029,0.0,6.337716193136136,0,0
2,472,18.879999999999775,to_table,-0.5888528823852539,2.3798911571502686,-0.33610407284181915,0.9381093978881836,-0.19904357194900513,0.8199999928474426,-0.3197670876979828,0.8199999928474426,-0.3197670876979828,0,nominal-sac-a-star,2.7394128490382625,99.0,99.0,2.196908483505249,99.0,customer-2,0,,waiter-1,-3.0439138412475586,-2.549999952316284,0.45765079684558785,0.0,5.5073723918877375,0,0,waiter-2,-5.0376458168029785,2.200000047683716,-0.44826103336705003,0.0,4.452428481692904,0,0,customer-1,6.258409023284912,-2.200000047683716,-0.436286291225656,0.0,8.237742351697916,0,0,customer-2,5.6826910972595215,2.549999952316284,-0.45858700234834515,0.0,6.27385056331528,0,0
2,473,18.919999999999774,to_table,-0.5428698062896729,2.363818407058716,-0.3368985728795001,0.9345141649246216,-0.18838709592819214,0.8199999928474426,0.19189739227294922,0.8199999928474426,0.19189739227294922,0,nominal-sac-a-star,2.688120244485087,99.0,99.0,2.142055044174194,99.0,customer-2,0,,waiter-1,-3.0256080627441406,-2.549999952316284,0.4576518192483192,0.0,5.505415526460594,0,0,waiter-2,-5.055576324462891,2.200000047683716,-0.44825935466992206,0.0,4.515678971542526,0,0,customer-1,6.240957736968994,-2.200000047683716,-0.4362866225687334,0.0,8.176108794807131,0,0,customer-2,5.6643476486206055,2.549999952316284,-0.4585860766802874,0.0,6.210009025785497,0,0
2,474,18.959999999999773,to_table,-0.4969426393508911,2.3476343154907227,-0.33205880593234177,0.9449368715286255,-0.16950178146362305,0.8199999928474426,0.21839885413646698,0.8199999928474426,0.21839885413646698,0,nominal-sac-a-star,2.629811312516881,99.0,99.0,2.079129705429077,99.0,customer-2,0,,waiter-1,-3.0073022842407227,-2.549999952316284,0.4576528416510506,0.0,5.503519507359711,0,0,waiter-2,-5.0735063552856445,2.200000047683716,-0.4482624443443761,0.0,4.57894434592095,0,0,customer-1,6.223506450653076,-2.200000047683716,-0.4362869539118108,0.0,8.114518733262011,0,0,customer-2,5.646004676818848,2.549999952316284,-0.45858991938381166,0.0,6.146279653595727,0,0
2,475,18.999999999999773,to_table,-0.4508747458457947,2.3316941261291504,-0.3265196091296625,0.9439542293548584,-0.17944258451461792,0.8199999928474426,0.2404230833053589,0.8199999928474426,0.2404230833053589,0,nominal-sac-a-star,2.565862381148512,99.0,99.0,2.0152042007446287,99.0,customer-2,0,,waiter-1,-2.9889960289001465,-2.549999952316284,0.4576490956821999,0.0,5.502090214002556,0,0,waiter-2,-5.091436862945557,2.200000047683716,-0.44826076564724815,0.0,4.642430407982333,0,0,customer-1,6.206055164337158,-2.200000047683716,-0.43628728525488825,0.0,8.05300986675528,0,0,customer-2,5.627660751342773,2.549999952316284,-0.45858422534417187,0.0,6.082454375030586,0,0
2,476,19.03999999999977,to_table,-0.4046253263950348,2.3158183097839355,-0.31950366222272164,0.942680835723877,-0.17804205417633057,0.8199999928474426,0.3030528426170349,0.8199999928474426,0.3030528426170349,0,nominal-sac-a-star,2.501158765642396,99.0,99.0,1.949112901687622,99.0,customer-2,0,,waiter-1,-2.9706902503967285,-2.549999952316284,0.4576501180849313,0.0,5.500988688770394,0,0,waiter-2,-5.109367370605469,2.200000047683716,-0.4482590869501202,0.0,4.7061673974049505,0,0,customer-1,6.18860387802124,-2.200000047683716,-0.43628761659796567,0.0,7.991450855733864,0,0,customer-2,5.609317779541016,2.549999952316284,-0.45858806804769614,0.0,6.018500870078436,0,0
2,477,19.07999999999977,to_table,-0.35815468430519104,2.3000354766845703,-0.3110150184494363,0.9431518316268921,-0.20860105752944946,0.8199999928474426,0.32574713230133057,0.8199999928474426,0.32574713230133057,0,nominal-sac-a-star,2.4348855187854577,99.0,99.0,1.8808176612854004,99.0,customer-2,0,,waiter-1,-2.9523844718933105,-2.549999952316284,0.45765114048766264,0.0,5.500261071383157,0,0,waiter-2,-5.127297401428223,2.200000047683716,-0.44826217662457424,0.0,4.770191751213261,0,0,customer-1,6.171152114868164,-2.200000047683716,-0.43628317956946105,0.0,7.929827677718348,0,0,customer-2,5.5909743309021,2.549999952316284,-0.4585871423796384,0.0,5.954378076563421,0,0
2,478,19.11999999999977,to_table,-0.311291366815567,2.2846157550811768,-0.3012317369227747,0.9854360818862915,-0.052967607975006104,0.8199999928474426,0.37670716643333435,0.8199999928474426,0.37670716643333435,0,nominal-sac-a-star,2.3670178939226645,99.0,99.0,1.810351619720459,99.0,customer-2,0,,waiter-1,-2.9340786933898926,-2.549999952316284,0.457652162890394,0.0,5.500229304188431,0,0,waiter-2,-5.145227909088135,2.200000047683716,-0.44826049792744627,0.0,4.8346770639471295,0,0,customer-1,6.153700828552246,-2.200000047683716,-0.4362835109125385,0.0,7.868157534300857,0,0,customer-2,5.572630882263184,2.549999952316284,-0.4585862167115806,0.0,5.889904057397375,0,0
2,479,19.15999999999977,to_table,-0.2658799886703491,2.269638776779175,-0.29480972552820517,0.8905370235443115,-0.008201837539672852,0.8199999928474426,0.05296332389116287,0.8199999928474426,0.05296332389116287,0,nominal-sac-a-star,2.2975369490466537,99.0,99.0,1.7464866733551025,99.0,customer-2,0,,waiter-1,-2.9157724380493164,-2.549999952316284,0.45764841692154334,0.0,5.500077042394275,0,0,waiter-2,-5.163158416748047,2.200000047683716,-0.4482588192303183,0.0,4.897773530361035,0,0,customer-1,6.136249542236328,-2.200000047683716,-0.4362838422556159,0.0,7.808004466677344,0,0,customer-2,5.554287910461426,2.549999952316284,-0.4585900594151049,0.0,5.826916574212516,0,0
2,480,19.19999999999977,to_table,-0.2204466462135315,2.2557029724121094,-0.29595479565768623,0.7677292823791504,0.2736656665802002,0.7799999713897705,-0.11236531287431717,0.7799999713897705,-0.11236531287431717,0,nominal-sac-a-star,2.3149587990698572,99.0,99.0,1.7883169746398926,99.0,customer-2,0,,waiter-1,-2.8974666595458984,-2.549999952316284,0.4576494393242747,0.0,5.501019610265452,0,0,waiter-2,-5.181088447570801,2.200000047683716,-0.44826190890477235,0.0,4.960954534885035,0,0,customer-1,6.11879825592041,-2.200000047683716,-0.4362841735986933,0.0,7.748504070626938,0,0,customer-2,5.535943984985352,2.549999952316284,-0.4585843653754651,0.0,5.763908726839365,0,0
2,481,19.239999999999768,to_table,-0.17476603388786316,2.2420003414154053,-0.29509587996147146,0.8574762344360352,0.15440356731414795,0.8199999928474426,0.07970107346773148,0.8199999928474426,0.07970107346773148,0,nominal-sac-a-star,2.1763912208424436,99.0,99.0,1.6389293766021729,99.0,customer-2,0,,waiter-1,-2.8791608810424805,-2.549999952316284,0.4576504617270061,0.0,5.502455661288062,0,0,waiter-2,-5.199018955230713,2.200000047683716,-0.4482602302076444,0.0,5.0244284692187335,0,0,customer-1,6.101346969604492,-2.200000047683716,-0.43628450494177073,0.0,7.689015664528365,0,0,customer-2,5.517601013183594,2.549999952316284,-0.45858820807898937,0.0,5.700693498066714,0,0
2,482,19.279999999999767,to_table,-0.12831568717956543,2.227917194366455,-0.2912199871259344,0.8687559366226196,0.17442584037780762,0.8199999928474426,0.17067201435565948,0.8199999928474426,0.17067201435565948,0,nominal-sac-a-star,2.1176041266071035,99.0,99.0,1.5788235759735108,99.0,customer-2,0,,waiter-1,-2.8608551025390625,-2.549999952316284,0.45765148412973744,0.0,5.504113363390887,0,0,waiter-2,-5.216949462890625,2.200000047683716,-0.4482585515105164,0.0,5.088710354341884,0,0,customer-1,6.083895683288574,-2.200000047683716,-0.43628483628484815,0.0,7.628762757735938,0,0,customer-2,5.499257564544678,2.549999952316284,-0.4585872824109316,0.0,5.636782593509416,0,0
2,483,19.319999999999766,to_table,-0.08165516704320908,2.2138359546661377,-0.28857189575337183,0.9387552738189697,-0.7116143703460693,0.8199999928474426,0.07444529980421066,0.8199999928474426,0.07444529980421066,0,nominal-sac-a-star,2.055199008362722,99.0,99.0,1.5209176635742188,99.0,customer-2,0,,waiter-1,-2.8425493240356445,-2.549999952316284,0.4576525065324688,0.0,5.506057491052014,0,0,waiter-2,-5.234879493713379,2.200000047683716,-0.44826164118497047,0.0,5.153242900670145,0,0,customer-1,6.066444396972656,-2.200000047683716,-0.4362851676279256,0.0,7.568426289836733,0,0,customer-2,5.480914115905762,2.549999952316284,-0.45858635674287385,0.0,5.572717762539527,0,0
2,484,19.359999999999765,to_table,-0.03501715511083603,2.200021982192993,-0.28475031580057875,0.8719072341918945,-0.10806649923324585,0.8199999928474426,0.1616678088903427,0.8199999928474426,0.1616678088903427,0,nominal-sac-a-star,1.994160809890163,99.0,99.0,1.4614989852905274,99.0,customer-2,0,,waiter-1,-2.8242430686950684,-2.549999952316284,0.45764876056361814,0.0,5.508401726029889,0,0,waiter-2,-5.252810001373291,2.200000047683716,-0.4482599624878425,0.0,5.217792846308559,0,0,customer-1,6.048993110656738,-2.200000047683716,-0.436285498971003,0.0,7.508353666241727,0,0,customer-2,5.462571144104004,2.549999952316284,-0.4585901994463981,0.0,5.508716882109257,0,0
2,485,19.399999999999764,to_table,0.011728310026228428,2.186194658279419,-0.27948732133268567,0.8797051906585693,-0.16331088542938232,0.8199999928474426,0.17204375565052032,0.8199999928474426,0.17204375565052032,0,nominal-sac-a-star,1.9320462181104172,99.0,99.0,1.4000916576385498,99.0,customer-2,0,,waiter-1,-2.8059372901916504,-2.549999952316284,0.4576497829663495,0.0,5.510968955100996,0,0,waiter-2,-5.270740032196045,2.200000047683716,-0.44826305216229656,0.0,5.282486381937689,0,0,customer-1,6.03154182434082,-2.200000047683716,-0.4362858303140804,0.0,7.448278911650908,0,0,customer-2,5.44422721862793,2.549999952316284,-0.4585845054067583,0.0,5.444666994769094,0,0
2,486,19.439999999999763,to_table,0.05833061784505844,2.1730504035949707,-0.2801453456489602,0.8800448179244995,-0.166576087474823,0.8199999928474426,-0.12449348717927933,0.8199999928474426,-0.12449348717927933,0,nominal-sac-a-star,1.8685022042915518,99.0,99.0,1.3488285636901856,99.0,customer-2,0,,waiter-1,-2.7876315116882324,-2.549999952316284,0.45765080536908087,0.0,5.514227516816032,0,0,waiter-2,-5.288670539855957,2.200000047683716,-0.4482613734651686,0.0,5.3470690722836665,0,0,customer-1,6.014090538024902,-2.200000047683716,-0.43628616165715783,0.0,7.388819017694868,0,0,customer-2,5.425884246826172,2.549999952316284,-0.4585883481102826,0.0,5.380773450189993,0,0
2,487,19.479999999999762,to_table,0.1050712838768959,2.1596219539642334,-0.2825412478432252,0.8442504405975342,0.0010627508163452148,0.8199999928474426,-0.11479424685239792,0.8199999928474426,-0.11479424685239792,0,nominal-sac-a-star,1.8117249353202645,99.0,99.0,1.3013167476654053,99.0,customer-2,0,,waiter-1,-2.7693257331848145,-2.549999952316284,0.45765182777181224,0.0,5.5174900735579575,0,0,waiter-2,-5.306601047515869,2.200000047683716,-0.4482596947680406,0.0,5.411822965768043,0,0,customer-1,5.996639251708984,-2.200000047683716,-0.43628649300023525,0.0,7.329179839302485,0,0,customer-2,5.407540798187256,2.549999952316284,-0.45858742244222483,0.0,5.316820283946797,0,0
2,488,19.51999999999976,to_table,0.15129095315933228,2.145824432373047,-0.2894179198370417,0.8397657871246338,-0.010585904121398926,0.8199999928474426,-0.28975364565849304,0.8199999928474426,-0.28975364565849304,0,nominal-sac-a-star,1.7573104639790669,99.0,99.0,1.2632963752746582,99.0,customer-2,0,,waiter-1,-2.7510199546813965,-2.549999952316284,0.4576528501745436,0.0,5.520341951148879,0,0,waiter-2,-5.324531078338623,2.200000047683716,-0.4482627844424947,0.0,5.476090020985108,0,0,customer-1,5.979187965393066,-2.200000047683716,-0.4362868243433127,0.0,7.2698400255207485,0,0,customer-2,5.38919734954834,2.549999952316284,-0.4585864967741671,0.0,5.253477064597719,0,0
2,489,19.55999999999976,to_table,0.1978466659784317,2.132432460784912,-0.29126817187275883,0.8093862533569336,0.05505192279815674,0.8093862533569336,0.012697938829660416,0.8093862533569336,0.012697938829660416,0,nominal-sac-a-star,1.7297109075802293,99.0,99.0,1.2388165092468262,99.0,customer-2,0,,waiter-1,-2.7327136993408203,-2.549999952316284,0.45764910420569294,0.0,5.52388969459391,0,0,waiter-2,-5.342461585998535,2.200000047683716,-0.4482611057453667,0.0,5.5407202515307885,0,0,customer-1,5.961736679077148,-2.200000047683716,-0.4362871556863901,0.0,7.210575533446335,0,0,customer-2,5.370854377746582,2.549999952316284,-0.45859033947769134,0.0,5.189833465150549,0,0
2,490,19.59999999999976,to_table,0.244246244430542,2.1185226440429688,-0.2912704897534338,0.8417237997055054,-0.07088714838027954,0.8199999928474426,-0.000690137327183038,0.8199999928474426,-0.000690137327183038,0,nominal-sac-a-star,1.6556018142476085,99.0,99.0,1.1689388847351074,99.0,customer-2,0,,waiter-1,-2.7144079208374023,-2.549999952316284,0.4576501266084243,0.0,5.527091251496966,0,0,waiter-2,-5.360392093658447,2.200000047683716,-0.44825942704823873,0.0,5.6052305454888245,0,0,customer-1,5.9442853927612305,-2.200000047683716,-0.4362874870294675,0.0,7.151229581789465,0,0,customer-2,5.352510452270508,2.549999952316284,-0.45858464543805155,0.0,5.12645451405293,0,0
2,491,19.63999999999976,to_table,0.2908400595188141,2.1045539379119873,-0.2912758277604575,0.8361415863037109,-0.07861751317977905,0.8199999928474426,-0.0007206914597190917,0.8199999928474426,-0.0007206914597190917,0,nominal-sac-a-star,1.6005107613348108,99.0,99.0,1.1216297245025635,99.0,customer-2,0,,waiter-1,-2.6961021423339844,-2.549999952316284,0.45765114901115567,0.0,5.530523992737793,0,0,waiter-2,-5.378322124481201,2.200000047683716,-0.4482625167226928,0.0,5.6699655932259745,0,0,customer-1,5.9268341064453125,-2.200000047683716,-0.43628781837254493,0.0,7.091799060315991,0,0,customer-2,5.33416748046875,2.549999952316284,-0.4585884881415758,0.0,5.062960954486436,0,0
2,492,19.679999999999758,to_table,0.3374551236629486,2.09055757522583,-0.2938926712429811,0.9897055625915527,0.4908721446990967,0.8199999928474426,-0.15340696275234222,0.8199999928474426,-0.15340696275234222,0,nominal-sac-a-star,1.5457845376336221,99.0,99.0,1.0803768730163574,99.0,customer-2,0,,waiter-1,-2.6777963638305664,-2.549999952316284,0.45765217141388703,0.0,5.534122848226233,0,0,waiter-2,-5.396252632141113,2.200000047683716,-0.4482608380255648,0.0,5.734752155389573,0,0,customer-1,5.9093828201293945,-2.200000047683716,-0.43628814971562235,0.0,7.0324435987896186,0,0,customer-2,5.315824031829834,2.549999952316284,-0.45858756247351806,0.0,4.9995244057479375,0,0
2,493,19.719999999999757,to_table,0.3831998407840729,2.0760295391082764,-0.2986611198289599,0.7842447757720947,0.17479944229125977,0.7842447757720947,-0.20778778195381165,0.7842447757720947,-0.20778778195381165,0,nominal-sac-a-star,1.5607228695983746,99.0,99.0,1.1117801761627197,99.0,customer-2,0,,waiter-1,-2.6594901084899902,-2.549999952316284,0.45764842544503637,0.0,5.5369767005960195,0,0,waiter-2,-5.414183139801025,2.200000047683716,-0.44825915932843685,0.0,5.798708313975985,0,0,customer-1,5.891931533813477,-2.200000047683716,-0.4362884810586998,0.0,6.973561062535202,0,0,customer-2,5.297480583190918,2.549999952316284,-0.4585866368054603,0.0,4.9370844805195855,0,0
2,494,19.759999999999756,to_table,0.4281630516052246,2.062112808227539,-0.3050938688341372,0.7281374931335449,0.23306608200073242,0.7799999713897705,-0.21627472341060638,0.7799999713897705,-0.21627472341060638,0,nominal-sac-a-star,1.520915902681539,99.0,99.0,1.0870959854125977,99.0,customer-2,0,,waiter-1,-2.6411843299865723,-2.549999952316284,0.45764944784776773,0.0,5.540079193013001,0,0,waiter-2,-5.432113170623779,2.200000047683716,-0.4482622490028909,0.0,5.861898181615532,0,0,customer-1,5.874480247497559,-2.200000047683716,-0.4362888124017772,0.0,6.915777396272709,0,0,customer-2,5.27913761138916,2.549999952316284,-0.45859047950898457,0.0,4.875447471262307,0,0
2,495,19.799999999999756,to_table,0.4724467098712921,2.04815673828125,-0.3079968212933708,0.7074718475341797,0.23486173152923584,0.7799999713897705,-0.07158451527357101,0.7799999713897705,-0.07158451527357101,0,nominal-sac-a-star,1.4765944286481913,99.0,99.0,1.0498247241973877,99.0,customer-2,0,,waiter-1,-2.6228785514831543,-2.549999952316284,0.4576504702504991,0.0,5.542930941737037,0,0,waiter-2,-5.450043678283691,2.200000047683716,-0.44826057030576294,0.0,5.924436579827525,0,0,customer-1,5.857028961181641,-2.200000047683716,-0.4362891437448546,0.0,6.858612257539174,0,0,customer-2,5.260793685913086,2.549999952316284,-0.4585847854693448,0.0,4.814573020989671,0,0
2,496,19.839999999999755,to_table,0.5166498422622681,2.034095525741577,-0.30966235137019854,0.7822021245956421,0.09191310405731201,0.7822021245956421,-0.09408898651599884,0.7822021245956421,-0.09408898651599884,0,nominal-sac-a-star,1.425477228048816,99.0,99.0,1.0079262351989746,99.0,customer-2,0,,waiter-1,-2.6045727729797363,-2.549999952316284,0.45765149265323046,0.0,5.545805799507288,0,0,waiter-2,-5.4679741859436035,2.200000047683716,-0.44825889160863497,0.0,5.986923172162803,0,0,customer-1,5.839577674865723,-2.200000047683716,-0.43628947508793203,0.0,6.801553207613991,0,0,customer-2,5.242450714111328,2.549999952316284,-0.45858862817286905,0.0,4.753877497131023,0,0
2,497,19.879999999999754,to_table,0.5607897639274597,2.019960880279541,-0.31159351477447644,0.7597613334655762,0.10331892967224121,0.7799999713897705,-0.10101376473903656,0.7799999713897705,-0.10101376473903656,0,nominal-sac-a-star,1.3813531959607295,99.0,99.0,0.975430498123169,99.0,customer-2,0,,waiter-1,-2.5862669944763184,-2.549999952316284,0.45765251505596183,0.0,5.54873933899177,0,0,waiter-2,-5.485904216766357,2.200000047683716,-0.44826198128308903,0.0,6.049373702951275,0,0,customer-1,5.822126388549805,-2.200000047683716,-0.43628980643100945,0.0,6.744607721070882,0,0,customer-2,5.224107265472412,2.549999952316284,-0.4585877025048113,0.0,4.693343321993505,0,0
2,498,19.919999999999753,to_table,0.6048505902290344,2.0057594776153564,-0.3137555435207353,0.7458882331848145,0.10763168334960938,0.7799999713897705,-0.11044388264417648,0.7799999713897705,-0.11044388264417648,0,nominal-sac-a-star,1.3345591073724143,99.0,99.0,0.9412132596969605,99.0,customer-2,0,,waiter-1,-2.567960739135742,-2.549999952316284,0.45764876908711116,0.0,5.551727273124694,0,0,waiter-2,-5.5038347244262695,2.200000047683716,-0.44826030258596106,0.0,6.111772711132659,0,0,customer-1,5.804675102233887,-2.200000047683716,-0.4362901377740869,0.0,6.687793966644784,0,0,customer-2,5.205763816833496,2.549999952316284,-0.45858677683675353,0.0,4.632990417974828,0,0
2,499,19.959999999999752,to_table,0.6493203043937683,1.9917963743209839,-0.318618809483916,0.9775093793869019,-0.4079212546348572,0.8199999928474426,-0.34393957257270813,0.8199999928474426,-0.34393957257270813,0,nominal-sac-a-star,1.2239099809506657,99.0,99.0,0.85832763671875,99.0,customer-2,0,,waiter-1,-2.549654960632324,-2.549999952316284,0.45764979148984253,0.0,5.555299867595316,0,0,waiter-2,-5.521765232086182,2.200000047683716,-0.4482586238888331,0.0,6.174596785876286,0,0,customer-1,5.7872233390808105,-2.200000047683716,-0.43628570074558226,0.0,6.630927901687494,0,0,customer-2,5.187420845031738,2.549999952316284,-0.4585906195402778,0.0,4.572302237541323,0,0
2,500,19.99999999999975,to_table,0.6934038996696472,1.9773979187011719,-0.3242422347002016,0.81961989402771,-0.1329047679901123,0.81961989402771,-0.3313005864620209,0.81961989402771,-0.3313005864620209,0,nominal-sac-a-star,1.1849599275977212,99.0,99.0,0.8392293548583984,99.0,customer-2,0,,waiter-1,-2.5313491821289062,-2.549999952316284,0.4576508138925739,0.0,5.558449776786929,0,0,waiter-2,-5.5396952629089355,2.200000047683716,-0.44826171356328715,0.0,6.237072781230422,0,0,customer-1,5.769772052764893,-2.200000047683716,-0.4362860320886597,0.0,6.574204696791561,0,0,customer-2,5.169076919555664,2.549999952316284,-0.458584925500638,0.0,4.5121527090553775,0,0
2,501,20.03999999999975,to_table,0.7373441457748413,1.9625825881958008,-0.330203934991784,0.8213481903076172,-0.2642900347709656,0.8199999928474426,-0.3698587119579315,0.8199999928474426,-0.3698587119579315,0,nominal-sac-a-star,1.1477432184344891,99.0,99.0,0.8225042915344238,99.0,customer-2,0,,waiter-1,-2.5130434036254883,-2.549999952316284,0.45765183629530526,0.0,5.561332610645688,0,0,waiter-2,-5.557625770568848,2.200000047683716,-0.4482600348661592,0.0,6.299445475416211,0,0,customer-1,5.752320766448975,-2.200000047683716,-0.4362863634317371,0.0,6.517444645444549,0,0,customer-2,5.150733947753906,2.549999952316284,-0.4585887682041623,0.0,4.452310490507492,0,0
2,502,20.07999999999975,to_table,0.7825016975402832,1.9481450319290161,-0.33713219128311056,0.8609070777893066,-0.42498189210891724,0.8199999928474426,-0.41626623272895813,0.8199999928474426,-0.41626623272895813,0,nominal-sac-a-star,1.113303949868545,99.0,99.0,0.8096199131011963,99.0,customer-2,0,,waiter-1,-2.4947376251220703,-2.549999952316284,0.4576528586980366,0.0,5.565393595900972,0,0,waiter-2,-5.575555801391602,2.200000047683716,-0.44826312454061323,0.0,6.3630437770523605,0,0,customer-1,5.734869480133057,-2.200000047683716,-0.4362866947748145,0.0,6.460112557500696,0,0,customer-2,5.13239049911499,2.549999952316284,-0.4585878425361045,0.0,4.391328037309375,0,0
2,503,20.11999999999975,to_table,0.8264780640602112,1.9327014684677124,-0.3433632274966362,0.845778226852417,-0.18982267379760742,0.8199999928474426,-0.20862042903900146,0.8199999928474426,-0.20862042903900146,0,nominal-sac-a-star,1.0806122726535607,99.0,99.0,0.7989379262924194,99.0,customer-2,0,,waiter-1,-2.476431369781494,-2.549999952316284,0.45764911272918596,0.0,5.568107645875697,0,0,waiter-2,-5.593486309051514,2.200000047683716,-0.44826144584348526,0.0,6.425526521809299,0,0,customer-1,5.717418193817139,-2.200000047683716,-0.43628702611789194,0.0,6.40316462184653,0,0,customer-2,5.114047050476074,2.549999952316284,-0.45858691686804676,0.0,4.3317785298231595,0,0
2,504,20.159999999999748,to_table,0.871812105178833,1.91690993309021,-0.3489951339966085,0.8657982349395752,-0.38771265745162964,0.8199999928474426,-0.24247846007347107,0.8199999928474426,-0.24247846007347107,0,nominal-sac-a-star,1.049868589955958,99.0,99.0,0.7886555290222168,99.0,customer-2,0,,waiter-1,-2.458125591278076,-2.549999952316284,0.4576501351319173,0.0,5.571514065909464,0,0,waiter-2,-5.611416816711426,2.200000047683716,-0.4482597671463573,0.0,6.489406541943176,0,0,customer-1,5.699966907501221,-2.200000047683716,-0.43628735746096936,0.0,6.345078926615862,0,0,customer-2,5.095704078674316,2.549999952316284,-0.458590759571571,0.0,4.271073211290488,0,0
2,505,20.199999999999747,to_table,0.9163514971733093,1.9009697437286377,-0.3538403488052242,0.8569092750549316,-0.37098968029022217,0.8199999928474426,-0.25611376762390137,0.8199999928474426,-0.25611376762390137,0,nominal-sac-a-star,1.0188396799478896,99.0,99.0,0.7794151401519775,99.0,customer-2,0,,waiter-1,-2.439819812774658,-2.549999952316284,0.4576511575346487,0.0,5.574497026353865,0,0,waiter-2,-5.62934684753418,2.200000047683716,-0.44826285682081135,0.0,6.552525157722771,0,0,customer-1,5.682515621185303,-2.200000047683716,-0.4362876888040468,0.0,6.287628621912692,0,0,customer-2,5.077360153198242,2.549999952316284,-0.45858506553193124,0.0,4.211322030808585,0,0
2,506,20.239999999999746,to_table,0.9619075059890747,1.8846060037612915,-0.35823503771305437,0.8515205383300781,-0.3700442314147949,0.8199999928474426,-0.09366131573915482,0.8199999928474426,-0.09366131573915482,0,nominal-sac-a-star,0.9888070909001752,99.0,99.0,0.7712835168838501,99.0,customer-2,0,,waiter-1,-2.4215140342712402,-2.549999952316284,0.45765217993738005,0.0,5.577927151261138,0,0,waiter-2,-5.647277355194092,2.200000047683716,-0.4482611781236834,0.0,6.616705972932037,0,0,customer-1,5.665063858032227,-2.200000047683716,-0.43628325177554217,0.0,6.229260491203191,0,0,customer-2,5.059017181396484,2.549999952316284,-0.4585889082354555,0.0,4.150789900620196,0,0
2,507,20.279999999999745,to_table,1.007409930229187,1.867611050605774,-0.360775721647039,0.8812737464904785,-0.4649050235748291,0.8199999928474426,-0.10577132552862167,0.8199999928474426,-0.10577132552862167,0,nominal-sac-a-star,0.9591536381282888,99.0,99.0,0.7616378164291382,99.0,customer-2,0,,waiter-1,-2.403207778930664,-2.549999952316284,0.4576484339685294,0.0,5.5810035057481215,0,0,waiter-2,-5.665207862854004,2.200000047683716,-0.4482594994265554,0.0,6.680891456830358,0,0,customer-1,5.647612571716309,-2.200000047683716,-0.4362835831186196,0.0,6.170651554008854,0,0,customer-2,5.040673732757568,2.549999952316284,-0.45858798256739775,0.0,4.090583273075293,0,0
2,508,20.319999999999744,to_table,1.0526968240737915,1.8504854440689087,-0.3630329295965645,0.875778317451477,-0.46703076362609863,0.8199999928474426,-0.10869195312261581,0.8199999928474426,-0.10869195312261581,0,nominal-sac-a-star,0.9284176198434888,99.0,99.0,0.7539355850219727,99.0,customer-2,0,,waiter-1,-2.384902000427246,-2.549999952316284,0.45764945637126075,0.0,5.5840269879371345,0,0,waiter-2,-5.683137893676758,2.200000047683716,-0.44826258910100947,0.0,6.744896574669892,0,0,customer-1,5.630161285400391,-2.200000047683716,-0.436283914461697,0.0,6.1122511085202085,0,0,customer-2,5.022330284118652,2.549999952316284,-0.45858705689934,0.0,4.030795250860096,0,0
2,509,20.359999999999744,to_table,1.098189115524292,1.8332524299621582,-0.3652612221930644,0.8728350400924683,-0.4681347608566284,0.8199999928474426,-0.11265631020069122,0.8199999928474426,-0.11265631020069122,0,nominal-sac-a-star,0.8991427113768968,99.0,99.0,0.7486208772659302,99.0,customer-2,0,,waiter-1,-2.366596221923828,-2.549999952316284,0.4576504787739921,0.0,5.587274727570242,0,0,waiter-2,-5.70106840133667,2.200000047683716,-0.4482609104038815,0.0,6.809141399302465,0,0,customer-1,5.612709999084473,-2.200000047683716,-0.43628424580477443,0.0,6.053761174388826,0,0,customer-2,5.0039873123168945,2.549999952316284,-0.45859089960286425,0.0,3.9710183284478964,0,0
2,510,20.399999999999743,to_table,1.143635630607605,1.81588876247406,-0.36294583097670696,0.988764762878418,0.7659130096435547,0.8199999928474426,0.18857555091381073,0.8199999928474426,0.18857555091381073,0,nominal-sac-a-star,0.8715395397185011,99.0,99.0,0.7347467041015625,99.0,customer-2,0,,waiter-1,-2.34829044342041,-2.549999952316284,0.4576515011767235,0.0,5.590575281347206,0,0,waiter-2,-5.718998908996582,2.200000047683716,-0.4482592317067535,0.0,6.873375757485821,0,0,customer-1,5.595258712768555,-2.200000047683716,-0.43628457714785185,0.0,5.995357453995432,0,0,customer-2,4.98564338684082,2.549999952316284,-0.45858520556322446,0.0,3.9115141362403065,0,0
2,511,20.439999999999742,to_table,1.1812652349472046,1.801655650138855,-0.36206484994664717,0.9018322229385376,-0.6815261244773865,0.8199999928474426,0.023104725405573845,0.30000001192092896,-0.44999998807907104,1,dwa-right-arc,2.0011777879973036,-0.10750162272176456,99.0,1.3009326553344727,99.0,customer-2,0,,waiter-1,-2.329984664916992,-2.549999952316284,0.45765252357945485,0.0,5.591581381118899,0,0,waiter-2,-5.736928939819336,2.200000047683716,-0.4482623213812076,0.0,6.9296528700093685,0,0,customer-1,5.577807426452637,-2.200000047683716,-0.43628490849092927,0.0,5.94498373131527,0,0,customer-2,4.9673004150390625,2.549999952316284,-0.45858904826674873,0.0,3.8592851124909924,0,0
2,512,20.47999999999974,to_table,1.2108315229415894,1.7884780168533325,-0.36380882407699044,0.5388586521148682,-0.6314839124679565,0.7799999713897705,0.13187414407730103,0.30000001192092896,-0.44999998807907104,1,dwa-right-arc,1.9562271149366413,-0.09913388818201307,99.0,1.26612473487854,99.0,customer-2,0,,waiter-1,-2.311678409576416,-2.549999952316284,0.4576487776106042,0.0,5.588422614088713,0,0,waiter-2,-5.754859447479248,2.200000047683716,-0.4482606426840796,0.0,6.977836418064066,0,0,customer-1,5.560356140136719,-2.200000047683716,-0.4362852398340067,0.0,5.9013830300091215,0,0,customer-2,4.9489569664001465,2.549999952316284,-0.458588122598691,0.0,3.8149046500828137,0,0
2,513,20.51999999999974,to_table,1.2396740913391113,1.776220679283142,-0.3680070542399075,0.5768228769302368,0.738516092300415,0.7799999713897705,0.3163808286190033,0.30000001192092896,-0.44999998807907104,1,dwa-right-arc,1.9202029168819341,-0.0940987515886128,99.0,1.2337606048583984,99.0,customer-2,0,,waiter-1,-2.293372631072998,-2.549999952316284,0.45764980001333555,0.0,5.585571062659886,0,0,waiter-2,-5.77278995513916,2.200000047683716,-0.44825896398695164,0.0,7.0252573587187825,0,0,customer-1,5.542904853820801,-2.200000047683716,-0.4362855711770841,0.0,5.8590209305590975,0,0,customer-2,4.9306135177612305,2.549999952316284,-0.4585871969306332,0.0,3.7711759721462137,0,0
2,514,20.55999999999974,to_table,1.2630656957626343,1.7641675472259521,-0.37809115391632364,0.5788549184799194,0.7518470287322998,0.7799999713897705,0.3414463400840759,0.30000001192092896,-0.44999998807907104,1,dwa-right-arc,1.886387620271623,-0.08893867084231755,99.0,1.2107675170898438,99.0,customer-2,0,,waiter-1,-2.27506685256958,-2.549999952316284,0.4576508224160669,0.0,5.579464413693694,0,0,waiter-2,-5.790719985961914,2.200000047683716,-0.4482620536614057,0.0,7.067237254554111,0,0,customer-1,5.525453567504883,-2.200000047683716,-0.43628590252016153,0.0,5.82087408296274,0,0,customer-2,4.9122700691223145,2.549999952316284,-0.45858627126257545,0.0,3.7328575016249244,0,0
2,515,20.59999999999974,to_table,1.284207820892334,1.7544771432876587,-0.3897003708666984,0.5811159610748291,0.7742466926574707,0.7799999713897705,0.3790724575519562,0.30000001192092896,-0.44999998807907104,1,dwa-right-arc,1.861537624490595,-0.08958317207032451,99.0,1.1902499294281006,99.0,customer-2,0,,waiter-1,-2.256761074066162,-2.549999952316284,0.4576518448187983,0.0,5.5737764380752255,0,0,waiter-2,-5.808650493621826,2.200000047683716,-0.44826037496427773,0.0,7.106836829990833,0,0,customer-1,5.508002281188965,-2.200000047683716,-0.43628623386323895,0.0,5.786046102196677,0,0,customer-2,4.893926620483398,2.549999952316284,-0.4585853455945177,0.0,3.696339588269177,0,0
2,516,20.639999999999738,to_table,1.3063271045684814,1.74684739112854,-0.40172308750396496,0.5775606632232666,0.7832069396972656,0.7799999713897705,0.4135932922363281,0.30000001192092896,-0.44999998807907104,1,dwa-right-arc,1.8388598870916,-0.09014715480720958,99.0,1.1687450504302979,99.0,customer-2,0,,waiter-1,-2.238455295562744,-2.549999952316284,0.45765286722152965,0.0,5.570312321328934,0,0,waiter-2,-5.826581001281738,2.200000047683716,-0.44825869626714976,0.0,7.147287973535611,0,0,customer-1,5.490550994873047,-2.200000047683716,-0.43628656520631637,0.0,5.751985245935036,0,0,customer-2,4.875583648681641,2.549999952316284,-0.45858918829804196,0.0,3.658503288810473,0,0
2,517,20.679999999999737,to_table,1.3256335258483887,1.7386518716812134,-0.40919768724148775,0.30879735946655273,0.9855937957763672,0.7799999713897705,0.5072963833808899,0.30000001192092896,-0.44999998807907104,1,dwa-right-arc,1.8148522086282983,-0.0882476757080699,99.0,1.1470952129364014,99.0,customer-2,0,,waiter-1,-2.220149040222168,-2.549999952316284,0.457649121252679,0.0,5.564630129067607,0,0,waiter-2,-5.844511032104492,2.200000047683716,-0.4482617859416038,0.0,7.1849714767312856,0,0,customer-1,5.473099708557129,-2.200000047683716,-0.4362868965493938,0.0,5.719655118853728,0,0,customer-2,4.857240200042725,2.549999952316284,-0.4585882626299842,0.0,3.623607513123378,0,0
2,518,20.719999999999736,to_table,1.3454138040542603,1.7304255962371826,-0.41448113239541945,0.2464580535888672,0.7327792644500732,0.7799999713897705,0.5014164447784424,0.5199999809265137,-0.36000001430511475,1,dwa-right-arc,1.6919484259699324,0.07539287698148966,99.0,0.8579701280593872,99.0,customer-2,0,,waiter-1,-2.20184326171875,-2.549999952316284,0.45765014365541035,0.0,5.559233361479422,0,0,waiter-2,-5.862441539764404,2.200000047683716,-0.44826010724447585,0.0,7.223134971940272,0,0,customer-1,5.455648422241211,-2.200000047683716,-0.4362872278924712,0.0,5.687026847038217,0,0,customer-2,4.838896751403809,2.549999952316284,-0.45858733696192644,0.0,3.5883318169540233,0,0
2,519,20.759999999999735,to_table,1.3659005165100098,1.7216501235961914,-0.4194165187539425,0.31189656257629395,0.5873392820358276,0.7799999713897705,0.5069241523742676,0.41999998688697815,-0.41999998688697815,1,dwa-right-arc,1.7510997969470607,-0.07564046994204865,99.0,0.9393586015701294,99.0,customer-2,0,,waiter-1,-2.183537483215332,-2.549999952316284,0.4576511660581417,0.0,5.553872926610519,0,0,waiter-2,-5.880371570587158,2.200000047683716,-0.4482631969189299,0.0,7.262043638681751,0,0,customer-1,5.438197135925293,-2.200000047683716,-0.4362875592355486,0.0,5.6535776126626995,0,0,customer-2,4.820553302764893,2.549999952316284,-0.4585864112938687,0.0,3.552575025572188,0,0
2,520,20.799999999999734,to_table,1.3867534399032593,1.711491584777832,-0.4272718331262349,0.2506672143936157,0.6660661697387695,0.7799999713897705,0.5415878295898438,0.41999998688697815,-0.41999998688697815,1,dwa-right-arc,1.727635929278459,-0.06451552748800315,99.0,0.9278272485733032,99.0,customer-2,0,,waiter-1,-2.165231704711914,-2.549999952316284,0.4576521884608731,0.0,5.547693988342512,0,0,waiter-2,-5.89830207824707,2.200000047683716,-0.44826151822180194,0.0,7.301415918906636,0,0,customer-1,5.420745849609375,-2.200000047683716,-0.43628789057862605,0.0,5.6189733539485,0,0,customer-2,4.802209854125977,2.549999952316284,-0.4585854856258109,0.0,3.5168791278471745,0,0
2,521,20.839999999999733,to_table,1.4069668054580688,1.7000606060028076,-0.43788337741368294,0.24257588386535645,0.6615781784057617,0.7799999713897705,0.5752329230308533,0.41999998688697815,-0.41999998688697815,1,dwa-right-arc,1.7074208002993714,-0.055887970489921,99.0,0.9217456674575806,99.0,customer-2,0,,waiter-1,-2.146925449371338,-2.549999952316284,0.4576484424920224,0.0,5.540141235412328,0,0,waiter-2,-5.916232585906982,2.200000047683716,-0.44825983952467396,0.0,7.34024446262096,0,0,customer-1,5.403294563293457,-2.200000047683716,-0.43628822192170347,0.0,5.584004714403398,0,0,customer-2,4.783866882324219,2.549999952316284,-0.4585893283293352,0.0,3.4822192667249414,0,0
2,522,20.879999999999733,to_table,1.4267874956130981,1.6885875463485718,-0.4480388937961214,0.23557782173156738,0.653963565826416,0.7799999713897705,0.617779552936554,0.41999998688697815,-0.41999998688697815,1,dwa-right-arc,1.691119530385807,-0.05042810736224901,99.0,0.916293511390686,99.0,customer-2,0,,waiter-1,-2.12861967086792,-2.549999952316284,0.4576494648947538,0.0,5.532318149139887,0,0,waiter-2,-5.934162616729736,2.200000047683716,-0.448262929199128,0.0,7.37869428170878,0,0,customer-1,5.385843276977539,-2.200000047683716,-0.4362885532647809,0.0,5.549345561092498,0,0,customer-2,4.765523433685303,2.549999952316284,-0.45858840266127743,0.0,3.448070329522002,0,0
2,523,20.91999999999973,to_table,1.4424145221710205,1.680814266204834,-0.4523901093652574,-0.06841713190078735,0.9214327335357666,0.20000000298023224,0.6957703232765198,0.18000000715255737,0.0,1,dwa-slow-forward,1.3590377436435739,0.2892025697422169,99.0,1.2097332572937012,99.0,customer-2,0,,waiter-1,-2.110313892364502,-2.549999952316284,0.45765048729748514,0.0,5.524641901434748,0,0,waiter-2,-5.952093124389648,2.200000047683716,-0.44826125050200005,0.0,7.412711866161671,0,0,customer-1,5.368391990661621,-2.200000047683716,-0.4362888846078583,0.0,5.520327782113859,0,0,customer-2,4.747179985046387,2.549999952316284,-0.45858747699321967,0.0,3.41715649649747,0,0
2,524,20.95999999999973,to_table,1.4532567262649536,1.6755574941635132,-0.45248058897550175,0.06585073471069336,0.33615589141845703,0.20000000298023224,0.6556329727172852,0.18000000715255737,0.0,1,dwa-slow-forward,1.3332273311718519,0.2882809288781012,99.0,1.1872656440734863,99.0,customer-2,0,,waiter-1,-2.092008113861084,-2.549999952316284,0.4576515097002165,0.0,5.515817121708692,0,0,waiter-2,-5.9700236320495605,2.200000047683716,-0.4482595718048721,0.0,7.44178280186145,0,0,customer-1,5.350940704345703,-2.200000047683716,-0.4362892159509357,0.0,5.4965340582185345,0,0,customer-2,4.728836536407471,2.549999952316284,-0.4585865513251619,0.0,3.390290946988702,0,0
2,525,20.99999999999973,to_table,1.4634945392608643,1.6706100702285767,-0.4460153462704243,0.06066024303436279,0.3282766342163086,0.20000000298023224,0.6726545095443726,0.20000000298023224,0.6726545095443726,0,nominal-sac-a-star,1.2225873735210693,0.295310537739212,99.0,1.129990587234497,99.0,customer-2,0,,waiter-1,-2.073702335357666,-2.549999952316284,0.4576525321029479,0.0,5.506842170628937,0,0,waiter-2,-5.9879536628723145,2.200000047683716,-0.44826266147932614,0.0,7.4702298530435955,0,0,customer-1,5.333489418029785,-2.200000047683716,-0.43628954729401315,0.0,5.473434300928686,0,0,customer-2,4.710493087768555,2.549999952316284,-0.45858562565710415,0.0,3.3639747529863064,0,0
2,526,21.03999999999973,to_table,1.4739089012145996,1.6657743453979492,-0.43290297740999967,0.6984436511993408,-0.5822995901107788,0.20000000298023224,0.5731166005134583,0.20000000298023224,0.5731166005134583,0,nominal-sac-a-star,1.266626013311259,99.0,99.0,1.1017353630065918,99.0,customer-2,0,,waiter-1,-2.05539608001709,-2.549999952316284,0.4576487861340972,0.0,5.498067531398169,0,0,waiter-2,-6.005884170532227,2.200000047683716,-0.44826098278219817,0.0,7.49884667779883,0,0,customer-1,5.316038131713867,-2.200000047683716,-0.43628987863709057,0.0,5.450336565943686,0,0,customer-2,4.692150115966797,2.549999952316284,-0.4585894683606284,0.0,3.3375037738195585,0,0
2,527,21.07999999999973,to_table,1.483906626701355,1.6612871885299683,-0.4188776178278372,0.758488655090332,-0.9734348654747009,0.20000000298023224,0.5283329486846924,0.20000000298023224,0.5283329486846924,0,nominal-sac-a-star,1.2384561138949708,99.0,99.0,1.073344955444336,99.0,customer-2,0,,waiter-1,-2.037090301513672,-2.549999952316284,0.4576498085368286,0.0,5.489294922952916,0,0,waiter-2,-6.023814678192139,2.200000047683716,-0.4482593040850702,0.0,7.527024029227571,0,0,customer-1,5.298586368560791,-2.200000047683716,-0.43628544160858596,0.0,5.427828355198742,0,0,customer-2,4.673806667327881,2.549999952316284,-0.45858854269257066,0.0,3.311385306137874,0,0
2,528,21.119999999999727,to_table,1.4944078922271729,1.6577770709991455,-0.4025872041739968,0.7599666118621826,-0.5773776769638062,0.20000000298023224,0.539013147354126,0.20000000298023224,0.539013147354126,0,nominal-sac-a-star,1.2102738307602257,99.0,99.0,1.0430255031585693,99.0,customer-2,0,,waiter-1,-2.018784523010254,-2.549999952316284,0.45765083093955994,0.0,5.48159725120544,0,0,waiter-2,-6.041744709014893,2.200000047683716,-0.44826239375952426,0.0,7.555633777893965,0,0,customer-1,5.281135082244873,-2.200000047683716,-0.4362857729516634,0.0,5.405714301463997,0,0,customer-2,4.655463218688965,2.549999952316284,-0.4585876170245129,0.0,3.284559703658669,0,0
2,529,21.159999999999727,to_table,1.5054662227630615,1.6530226469039917,-0.3863564579040052,0.9511096477508545,-0.7912899851799011,0.20000000298023224,0.5036811828613281,0.20000000298023224,0.5036811828613281,0,nominal-sac-a-star,1.1804598365077072,99.0,99.0,1.0131495094299316,99.0,customer-2,0,,waiter-1,-2.000478744506836,-2.549999952316284,0.4576518533422913,0.0,5.47330330632987,0,0,waiter-2,-6.059675216674805,2.200000047683716,-0.4482607150623963,0.0,7.584889536154352,0,0,customer-1,5.263683795928955,-2.200000047683716,-0.4362861042947408,0.0,5.38237709680963,0,0,customer-2,4.637119770050049,2.549999952316284,-0.45858669135645513,0.0,3.2575791972966472,0,0
2,530,21.199999999999726,to_table,1.5163414478302002,1.6472235918045044,-0.3701835710141151,0.9047610759735107,-0.5523967146873474,0.20000000298023224,0.5263851881027222,0.20000000298023224,0.5263851881027222,0,nominal-sac-a-star,1.150930872204426,99.0,99.0,0.9842454290390015,99.0,customer-2,0,,waiter-1,-1.982172966003418,-2.549999952316284,0.45765287574502267,0.0,5.464090828593853,0,0,waiter-2,-6.077605724334717,2.200000047683716,-0.4482590363652683,0.0,7.614039365790403,0,0,customer-1,5.246232509613037,-2.200000047683716,-0.4362864356378182,0.0,5.35847152320552,0,0,customer-2,4.618776321411133,2.549999952316284,-0.4585857656883974,0.0,3.231115488791763,0,0
2,531,21.239999999999725,to_table,1.5272983312606812,1.6427794694900513,-0.353668697766306,0.9160029888153076,-0.4754953384399414,0.20000000298023224,0.5329118371009827,0.20000000298023224,0.5329118371009827,0,nominal-sac-a-star,1.1222594301465627,99.0,99.0,0.9545451498031616,99.0,customer-2,0,,waiter-1,-1.9638667106628418,-2.549999952316284,0.457649129776172,0.0,5.455972198414463,0,0,waiter-2,-6.095535755157471,2.200000047683716,-0.4482621260397224,0.0,7.643173050626352,0,0,customer-1,5.228781223297119,-2.200000047683716,-0.43628676698089564,0.0,5.335534651527313,0,0,customer-2,4.600433349609375,2.549999952316284,-0.45858960839192164,0.0,3.204248405704603,0,0
2,532,21.279999999999724,to_table,1.5388492345809937,1.6381418704986572,-0.33679935010459106,0.9194202423095703,-0.398750364780426,0.20000000298023224,0.536281406879425,0.20000000298023224,0.536281406879425,0,nominal-sac-a-star,1.0928924088113032,99.0,99.0,0.9245051240921021,99.0,customer-2,0,,waiter-1,-1.9455609321594238,-2.549999952316284,0.45765015217890337,0.0,5.448086465732317,0,0,waiter-2,-6.113466262817383,2.200000047683716,-0.4482604473425944,0.0,7.672914510340453,0,0,customer-1,5.211329936981201,-2.200000047683716,-0.43628709832397305,0.0,5.312103904632381,0,0,customer-2,4.582089900970459,2.549999952316284,-0.4585886827238639,0.0,3.176916573494293,0,0
2,533,21.319999999999723,to_table,1.5502482652664185,1.6342512369155884,-0.31995590795053,0.9205968379974365,-0.3418569564819336,0.20000000298023224,0.5381922721862793,0.20000000298023224,0.5381922721862793,0,nominal-sac-a-star,1.0631466212824396,99.0,99.0,0.8943832015991211,99.0,customer-2,0,,waiter-1,-1.9272551536560059,-2.549999952316284,0.45765117458163473,0.0,5.440679005712935,0,0,waiter-2,-6.131396770477295,2.200000047683716,-0.44825876864546643,0.0,7.7024504004927925,0,0,customer-1,5.193878650665283,-2.200000047683716,-0.4362874296670505,0.0,5.289378536165973,0,0,customer-2,4.563746452331543,2.549999952316284,-0.4585877570558061,0.0,3.14956616587155,0,0
2,534,21.359999999999722,to_table,1.5615535974502563,1.6304006576538086,-0.30238444410519333,0.9211211204528809,-0.2699064612388611,0.20000000298023224,0.5406351089477539,0.20000000298023224,0.5406351089477539,0,nominal-sac-a-star,1.0333390843520183,99.0,99.0,0.8641746139526367,99.0,customer-2,0,,waiter-1,-1.908949375152588,-2.549999952316284,0.4576521969843661,0.0,5.433243979675816,0,0,waiter-2,-6.149326801300049,2.200000047683716,-0.4482618583199205,0.0,7.731889807088181,0,0,customer-1,5.176426887512207,-2.200000047683716,-0.43628299263854586,0.0,5.266809135202596,0,0,customer-2,4.545403003692627,2.549999952316284,-0.45858683138774836,0.0,3.1223420923846046,0,0
2,535,21.39999999999972,to_table,1.572859764099121,1.6268130540847778,-0.28482314310340306,0.9218487739562988,-0.19824469089508057,0.20000000298023224,0.5426988005638123,0.20000000298023224,0.5426988005638123,0,nominal-sac-a-star,1.0035026449004423,99.0,99.0,0.8340348100662232,99.0,customer-2,0,,waiter-1,-1.8906431198120117,-2.549999952316284,0.45764845101551543,0.0,5.426013188087715,0,0,waiter-2,-6.167257308959961,2.200000047683716,-0.4482601796227925,0.0,7.761311463553803,0,0,customer-1,5.158975601196289,-2.200000047683716,-0.4362833239816233,0.0,5.244494762410019,0,0,customer-2,4.527059555053711,2.549999952316284,-0.4585859057196906,0.0,3.0950881173146674,0,0
2,536,21.43999999999972,to_table,1.5842210054397583,1.6234482526779175,-0.26711657574218456,0.9223041534423828,-0.11174124479293823,0.20000000298023224,0.5465561747550964,0.20000000298023224,0.5465561747550964,0,nominal-sac-a-star,0.9737120178104683,99.0,99.0,0.8038709259033203,99.0,customer-2,0,,waiter-1,-1.8723373413085938,-2.549999952316284,0.4576494734182468,0.0,5.418991190641024,0,0,waiter-2,-6.185187816619873,2.200000047683716,-0.44825850092566455,0.0,7.790771811356205,0,0,customer-1,5.141524314880371,-2.200000047683716,-0.4362836553247007,0.0,5.222371467149325,0,0,customer-2,4.508716583251953,2.549999952316284,-0.45858974842321487,0.0,3.067763425811356,0,0
2,537,21.47999999999972,to_table,1.5970990657806396,1.620591163635254,-0.2650889516967079,0.9228895902633667,-0.018670976161956787,0.8199999928474426,0.5511664748191833,0.30000001192092896,-0.44999998807907104,1,dwa-right-arc,1.2573318571415164,0.1483244551634949,99.0,0.6175929403305054,99.0,customer-2,0,,waiter-1,-1.8540315628051758,-2.549999952316284,0.45765049582097816,0.0,5.4133291856321675,0,0,waiter-2,-6.203117847442627,2.200000047683716,-0.4482615906001186,0.0,7.821706882020611,0,0,customer-1,5.124073028564453,-2.200000047683716,-0.4362839866677781,0.0,5.199659848313417,0,0,customer-2,4.490373134613037,2.549999952316284,-0.4585888227551571,0.0,3.0388872196670143,0,0
2,538,21.51999999999972,to_table,1.609525203704834,1.617720603942871,-0.26631364421039305,0.5411969423294067,0.8783233165740967,0.20000000298023224,0.6717339158058167,0.18000000715255737,0.0,1,dwa-slow-forward,0.9385103066714551,0.30239324818810354,99.0,0.7941418981552124,99.0,customer-2,0,,waiter-1,-1.8357257843017578,-2.549999952316284,0.45765151822370953,0.0,5.407369878732684,0,0,waiter-2,-6.221048355102539,2.200000047683716,-0.44825991190299064,0.0,7.8521927899470425,0,0,customer-1,5.106621742248535,-2.200000047683716,-0.43628431801085554,0.0,5.177323166825736,0,0,customer-2,4.472029685974121,2.549999952316284,-0.45858789708709935,0.0,3.0104944269032146,0,0
2,539,21.559999999999718,to_table,1.620177149772644,1.614814281463623,-0.2663169846945765,0.7708661556243896,0.7050843238830566,0.20000000298023224,0.6685681343078613,0.18000000715255737,0.0,1,dwa-slow-forward,0.9140473170633088,0.3055180729429552,99.0,0.7728558874130249,99.0,customer-2,0,,waiter-1,-1.8174200057983398,-2.549999952316284,0.4576525406264409,0.0,5.400254790830284,0,0,waiter-2,-6.238978385925293,2.200000047683716,-0.4482630015774447,0.0,7.880911629708718,0,0,customer-1,5.089170455932617,-2.200000047683716,-0.43628464935393296,0.0,5.156231465329166,0,0,customer-2,4.453686237335205,2.549999952316284,-0.4585869714190416,0.0,2.9838475142452836,0,0
2,540,21.599999999999717,to_table,1.630549669265747,1.6119844913482666,-0.2663168827527448,0.7688165903091431,0.7042074203491211,0.20000000298023224,0.684419572353363,0.18000000715255737,0.0,1,dwa-slow-forward,0.8908989191570467,0.3079139153895081,99.0,0.7519676780700684,99.0,customer-2,0,,waiter-1,-1.7991137504577637,-2.549999952316284,0.45764879465759023,0.0,5.393023797638509,0,0,waiter-2,-6.256908893585205,2.200000047683716,-0.4482613228803167,0.0,7.909346678151318,0,0,customer-1,5.071719169616699,-2.200000047683716,-0.4362849806970104,0.0,5.135452624254701,0,0,customer-2,4.435342788696289,2.549999952316284,-0.45858604575098383,0.0,2.957488368163086,0,0
2,541,21.639999999999716,to_table,1.642944097518921,1.6093257665634155,-0.2722070212042335,0.7668969631195068,0.7068681716918945,0.7799999713897705,0.6197123527526855,0.30000001192092896,-0.44999998807907104,1,dwa-right-arc,1.1724819360080685,0.18485508351085644,99.0,0.5523368215560913,99.0,customer-2,0,,waiter-1,-1.7808079719543457,-2.549999952316284,0.4576498170603216,0.0,5.3872134419342075,0,0,waiter-2,-6.274839401245117,2.200000047683716,-0.44825964418318875,0.0,7.939785364836828,0,0,customer-1,5.054267883300781,-2.200000047683716,-0.4362853120400878,0.0,5.1135206199379555,0,0,customer-2,4.416999340057373,2.549999952316284,-0.45858512008292607,0.0,2.929206447554848,0,0
2,542,21.679999999999715,to_table,1.6538711786270142,1.6061691045761108,-0.28004009740064006,0.5218955278396606,0.8716840744018555,0.7799999713897705,0.6579691767692566,0.30000001192092896,-0.44999998807907104,1,dwa-right-arc,1.1550114711267254,0.1909779706008996,99.0,0.5426474905014038,99.0,customer-2,0,,waiter-1,-1.7625021934509277,-2.549999952316284,0.45765083946305296,0.0,5.380088126314757,0,0,waiter-2,-6.292769432067871,2.200000047683716,-0.4482627338576428,0.0,7.968797411437766,0,0,customer-1,5.036816596984863,-2.200000047683716,-0.4362856433831652,0.0,5.092272903056419,0,0,customer-2,4.398656368255615,2.549999952316284,-0.45858896278645034,0.0,2.9025269001941134,0,0
2,543,21.719999999999715,to_table,1.6670745611190796,1.604000449180603,-0.2883722982689785,0.5182285308837891,0.8630175590515137,0.20000000298023224,0.6788549423217773,0.30000001192092896,-0.44999998807907104,1,dwa-right-arc,1.140435580774269,0.1943556378833926,99.0,0.5317142105102539,99.0,customer-2,0,,waiter-1,-1.7441964149475098,-2.549999952316284,0.4576518618657843,0.0,5.3751733932767785,0,0,waiter-2,-6.310699939727783,2.200000047683716,-0.44826105516051484,0.0,8.000006344233627,0,0,customer-1,5.019365310668945,-2.200000047683716,-0.43628597472624264,0.0,5.070332636983651,0,0,customer-2,4.380312919616699,2.549999952316284,-0.4585880371183926,0.0,2.873426082215412,0,0
2,544,21.759999999999714,to_table,1.6811504364013672,1.600545883178711,-0.2998305114120591,0.5176093578338623,0.8648011684417725,0.20000000298023224,0.7008055448532104,0.30000001192092896,-0.44999998807907104,1,dwa-right-arc,1.1240343106525634,0.1999483861212208,99.0,0.5245156383514404,99.0,customer-2,0,,waiter-1,-1.7258906364440918,-2.549999952316284,0.4576528842685157,0.0,5.369819326997956,0,0,waiter-2,-6.328630447387695,2.200000047683716,-0.44825937646338687,0.0,8.032181216933237,0,0,customer-1,5.001914024353027,-2.200000047683716,-0.43628630606932006,0.0,5.04694166596569,0,0,customer-2,4.361969470977783,2.549999952316284,-0.4585871114503348,0.0,2.84398553539731,0,0
2,545,21.799999999999713,to_table,1.6946557760238647,1.5970253944396973,-0.3091043981601848,0.5140948295593262,0.8567847013473511,0.20000000298023224,0.729724645614624,0.30000001192092896,-0.44999998807907104,1,dwa-right-arc,1.1093530599111647,0.2038220816124927,99.0,0.5165237283706665,99.0,customer-2,0,,waiter-1,-1.7075843811035156,-2.549999952316284,0.457649138299665,0.0,5.364052322023594,0,0,waiter-2,-6.346560478210449,2.200000047683716,-0.44826246613784093,0.0,8.063791743331228,0,0,customer-1,4.984462738037109,-2.200000047683716,-0.4362866374123975,0.0,5.0239657697324445,0,0,customer-2,4.343626022338867,2.549999952316284,-0.45858618578227706,0.0,2.8151738620948867,0,0
2,546,21.839999999999712,to_table,1.7087326049804688,1.5933905839920044,-0.31769310832643527,0.508326530456543,0.8542829751968384,0.20000000298023224,0.7573344111442566,0.30000001192092896,-0.44999998807907104,1,dwa-right-arc,1.0939933119274723,0.20866047421396927,99.0,0.5083536005020142,99.0,customer-2,0,,waiter-1,-1.6892786026000977,-2.549999952316284,0.4576501607023964,0.0,5.358560002763077,0,0,waiter-2,-6.364490985870361,2.200000047683716,-0.44826078744071296,0.0,8.095981360484393,0,0,customer-1,4.967011451721191,-2.200000047683716,-0.4362869687554749,0.0,5.000619314405284,0,0,customer-2,4.325282573699951,2.549999952316284,-0.4585852601142193,0.0,2.785935250929515,0,0
2,547,21.87999999999971,to_table,1.722676157951355,1.5893019437789917,-0.32525473193314447,-0.20368731021881104,0.9651563167572021,0.20000000298023224,0.7992692589759827,0.30000001192092896,-0.44999998807907104,1,dwa-right-arc,1.0781079778179559,0.2145064203091831,99.0,0.5004001951217651,99.0,customer-2,0,,waiter-1,-1.6709728240966797,-2.549999952316284,0.45765118310512776,0.0,5.352632399144706,0,0,waiter-2,-6.382421493530273,2.200000047683716,-0.448259108743585,0.0,8.128072349220684,0,0,customer-1,4.949560165405273,-2.200000047683716,-0.4362873000985523,0.0,4.977106587171416,0,0,customer-2,4.306939601898193,2.549999952316284,-0.45858910281774357,0.0,2.757056076928341,0,0
2,548,21.91999999999971,to_table,1.7371277809143066,1.584735631942749,-0.3333506871187618,0.011157989501953125,0.8440749645233154,0.20000000298023224,0.8142873048782349,0.30000001192092896,-0.44999998807907104,1,dwa-right-arc,1.0620819563103534,0.22080907010556383,99.0,0.4937092161178589,99.0,customer-2,0,,waiter-1,-1.6526670455932617,-2.549999952316284,0.4576522055078591,0.0,5.346657583720447,0,0,waiter-2,-6.400351524353027,2.200000047683716,-0.44826219841803905,0.0,8.160705836196476,0,0,customer-1,4.9321088790893555,-2.200000047683716,-0.43628763144162974,0.0,4.952991861726955,0,0,customer-2,4.288596153259277,2.549999952316284,-0.4585881771496858,0.0,2.7279527237954246,0,0
2,549,21.95999999999971,to_table,1.7514857053756714,1.5797010660171509,-0.3406451160241931,-0.006003618240356445,0.8401086330413818,0.20000000298023224,0.8469072580337524,0.30000001192092896,-0.44999998807907104,1,dwa-right-arc,1.046034915978731,0.22714033076387352,99.0,0.4874584770202637,99.0,customer-2,0,,waiter-1,-1.6343607902526855,-2.549999952316284,0.45764845953900846,0.0,5.340260948004604,0,0,waiter-2,-6.4182820320129395,2.200000047683716,-0.4482605197209111,0.0,8.193282352606458,0,0,customer-1,4.9146575927734375,-2.200000047683716,-0.43628796278470716,0.0,4.928670905846232,0,0,customer-2,4.270252704620361,2.549999952316284,-0.45858725148162804,0.0,2.6991974965232606,0,0
2,550,21.99999999999971,to_table,1.766444206237793,1.5741101503372192,-0.3516583205551876,-0.023847103118896484,0.8357501029968262,0.20000000298023224,0.881150484085083,0.30000001192092896,-0.44999998807907104,1,dwa-right-arc,1.0301910835385668,0.23383327823058697,99.0,0.48540104389190675,99.0,customer-2,0,,waiter-1,-1.6160550117492676,-2.549999952316284,0.4576494819417398,0.0,5.3338152478776175,0,0,waiter-2,-6.436212539672852,2.200000047683716,-0.4482588410237831,0.0,8.226500826890726,0,0,customer-1,4.8972063064575195,-2.200000047683716,-0.4362882941277846,0.0,4.903629177963792,0,0,customer-2,4.251909255981445,2.549999952316284,-0.4585863258135703,0.0,2.670186776070909,0,0
2,551,22.039999999999708,to_table,1.7831109762191772,1.5695263147354126,-0.3636877416673608,-0.039141058921813965,0.8293291330337524,0.20000000298023224,0.9234785437583923,0.30000001192092896,-0.44999998807907104,1,dwa-right-arc,1.0168098495610398,0.23856029406356827,99.0,0.4833302593231201,99.0,customer-2,0,,waiter-1,-1.5977492332458496,-2.549999952316284,0.4576505043444712,0.0,5.329231879067826,0,0,waiter-2,-6.4541425704956055,2.200000047683716,-0.44826193069823717,0.0,8.261346326162766,0,0,customer-1,4.879755020141602,-2.200000047683716,-0.436288625470862,0.0,4.878374045902283,0,0,customer-2,4.233565807342529,2.549999952316284,-0.4585854001455125,0.0,2.6393289740702732,0,0
2,552,22.079999999999707,to_table,1.8011133670806885,1.5654211044311523,-0.37729915801457714,-0.05444306135177612,0.8287687301635742,0.7799999713897705,0.5009967684745789,0.30000001192092896,-0.44999998807907104,1,dwa-right-arc,1.00180990350012,0.24468911151112005,99.0,0.4824709987640381,99.0,customer-2,0,,waiter-1,-1.5794434547424316,-2.549999952316284,0.45765152674720255,0.0,5.325866586753279,0,0,waiter-2,-6.472073078155518,2.200000047683716,-0.4482602520011092,0.0,8.297487836258613,0,0,customer-1,4.862303256988525,-2.200000047683716,-0.4362841884423574,0.0,4.852760038871489,0,0,customer-2,4.2152228355407715,2.549999952316284,-0.4585892428490368,0.0,2.6071670513051974,0,0
2,553,22.119999999999706,to_table,1.8183786869049072,1.5605179071426392,-0.39227571323117033,-0.07045316696166992,0.8264293670654297,0.7799999713897705,0.5259336829185486,0.30000001192092896,-0.44999998807907104,1,dwa-right-arc,0.9864151429813892,0.25130572613522295,99.0,0.4847403860092163,99.0,customer-2,0,,waiter-1,-1.5611376762390137,-2.549999952316284,0.4576525491499339,0.0,5.321417848815133,0,0,waiter-2,-6.49000358581543,2.200000047683716,-0.4482585733039812,0.0,8.332955861981063,0,0,customer-1,4.844851970672607,-2.200000047683716,-0.4362845197854348,0.0,4.82711464810305,0,0,customer-2,4.1968793869018555,2.549999952316284,-0.45858831718097903,0.0,2.5761095274865533,0,0
2,554,22.159999999999705,to_table,1.8356744050979614,1.5552774667739868,-0.407215378708428,-0.09473299980163574,0.8167333602905273,0.7799999713897705,0.5543907284736633,0.30000001192092896,-0.44999998807907104,1,dwa-right-arc,0.9731990150394487,0.25617052436817067,99.0,0.48811055183410645,99.0,customer-2,0,,waiter-1,-1.5428314208984375,-2.549999952316284,0.45764880318108325,0.0,5.316728722060595,0,0,waiter-2,-6.507933616638184,2.200000047683716,-0.4482616629784353,0.0,8.368480269840793,0,0,customer-1,4.8274006843566895,-2.200000047683716,-0.43628485112851223,0.0,4.80130558708763,0,0,customer-2,4.1785359382629395,2.549999952316284,-0.45858739151292127,0.0,2.545284460885973,0,0
2,555,22.199999999999704,to_table,1.8528491258621216,1.5497304201126099,-0.4219130015771132,-0.1188429594039917,0.8103290796279907,0.7799999713897705,0.5849265456199646,0.30000001192092896,-0.44999998807907104,1,dwa-right-arc,0.9598508622460009,0.2610859390279965,99.0,0.4924157953262329,99.0,customer-2,0,,waiter-1,-1.5245256423950195,-2.549999952316284,0.4576498255838146,0.0,5.311727539311098,0,0,waiter-2,-6.525864124298096,2.200000047683716,-0.4482599842813073,0.0,8.403908990282549,0,0,customer-1,4.8099493980407715,-2.200000047683716,-0.43628518247158965,0.0,4.775449779951528,0,0,customer-2,4.160192489624023,2.549999952316284,-0.4585864658448635,0.0,2.5148305182160975,0,0
2,556,22.239999999999704,to_table,1.8698947429656982,1.543997049331665,-0.4365095524954969,-0.14237987995147705,0.8047270774841309,0.7799999713897705,0.6171066761016846,0.30000001192092896,-0.44999998807907104,1,dwa-right-arc,0.9466264660089199,0.2660580172801852,99.0,0.4976508712768555,99.0,customer-2,0,,waiter-1,-1.5062198638916016,-2.549999952316284,0.457650847986546,0.0,5.30650179385041,0,0,waiter-2,-6.54379415512085,2.200000047683716,-0.44826307395576137,0.0,8.439223945815854,0,0,customer-1,4.7924981117248535,-2.200000047683716,-0.43628551381466707,0.0,4.7496446933999135,0,0,customer-2,4.141849040985107,2.549999952316284,-0.45858554017680575,0.0,2.484716920114311,0,0
2,557,22.279999999999703,to_table,1.8868515491485596,1.538069486618042,-0.45099262285540687,-0.13856464624404907,0.6984608173370361,0.7799999713897705,0.6387887597084045,0.30000001192092896,-0.44999998807907104,1,dwa-right-arc,0.9339175063513097,0.2710264206030535,99.0,0.5037707185745239,99.0,customer-2,0,,waiter-1,-1.4879140853881836,-2.549999952316284,0.45765187038927735,0.0,5.301071101730197,0,0,waiter-2,-6.561724662780762,2.200000047683716,-0.4482613952586334,0.0,8.47446706740021,0,0,customer-1,4.7750468254089355,-2.200000047683716,-0.4362858451577445,0.0,4.723858147434966,0,0,customer-2,4.12350606918335,2.549999952316284,-0.45858938288033,0.0,2.454918880411391,0,0
2,558,22.319999999999702,to_table,1.9037108421325684,1.5319468975067139,-0.4653714008098823,-0.4920388460159302,0.6729178428649902,0.20000000298023224,0.6719395518302917,0.30000001192092896,-0.44999998807907104,1,dwa-right-arc,0.9209452842589025,0.2760360343487325,99.0,0.5107619857788086,99.0,customer-2,0,,waiter-1,-1.4696083068847656,-2.549999952316284,0.4576528927920087,0.0,5.295429365585658,0,0,waiter-2,-6.579655170440674,2.200000047683716,-0.44825971656150543,0.0,8.509629481636921,0,0,customer-1,4.757595539093018,-2.200000047683716,-0.4362861765008219,0.0,4.698093854454295,0,0,customer-2,4.105162620544434,2.549999952316284,-0.45858845721227226,0.0,2.4254529381292604,0,0
2,559,22.3599999999997,to_table,1.920467734336853,1.5256277322769165,-0.4796434975931922,0.2313082218170166,0.24186253547668457,0.20000000298023224,0.6584463715553284,0.30000001192092896,-0.44999998807907104,1,dwa-right-arc,0.9081686500472885,0.28107333934730083,99.0,0.5185989236831665,99.0,customer-2,0,,waiter-1,-1.4513020515441895,-2.549999952316284,0.45764914682315805,0.0,5.289572053805754,0,0,waiter-2,-6.597585201263428,2.200000047683716,-0.4482628062359595,0.0,8.544706187662376,0,0,customer-1,4.7401442527771,-2.200000047683716,-0.43628650784389933,0.0,4.672352514896292,0,0,customer-2,4.086819171905518,2.549999952316284,-0.4585875315442145,0.0,2.396334074423723,0,0
2,560,22.3999999999997,to_table,1.9371187686920166,1.519117832183838,-0.49381634095788696,0.23369300365447998,0.2265491485595703,0.20000000298023224,0.6971129179000854,0.30000001192092896,-0.44999998807907104,1,dwa-right-arc,0.8959179718368122,0.2861358953926074,99.0,0.5272568559646607,99.0,customer-2,0,,waiter-1,-1.4329962730407715,-2.549999952316284,0.4576501692258894,0.0,5.283502147122567,0,0,waiter-2,-6.61551570892334,2.200000047683716,-0.4482611275388315,0.0,8.579694464203193,0,0,customer-1,4.722692966461182,-2.200000047683716,-0.43628683918697675,0.0,4.646639798351908,0,0,customer-2,4.068475723266602,2.549999952316284,-0.45858660587615674,0.0,2.36757268387313,0,0
2,561,22.4399999999997,to_table,1.9536640644073486,1.512418270111084,-0.5078896665471773,0.7511162757873535,-0.1374555230140686,0.7799999713897705,0.31073668599128723,0.30000001192092896,-0.44999998807907104,1,dwa-right-arc,0.883336194860499,0.2912181755828047,99.0,0.5367065763473511,99.0,customer-2,0,,waiter-1,-1.4146904945373535,-2.549999952316284,0.4576511916286208,0.0,5.277220314585463,0,0,waiter-2,-6.633446216583252,2.200000047683716,-0.44825944884170354,0.0,8.614594109924415,0,0,customer-1,4.705241680145264,-2.200000047683716,-0.43628717053005417,0.0,4.620955436024927,0,0,customer-2,4.0501322746276855,2.549999952316284,-0.458585680208099,0.0,2.3391782111913226,0,0
2,562,22.4799999999997,to_table,1.9706445932388306,1.504898190498352,-0.5221985548394557,0.6518187522888184,-0.05920487642288208,0.7799999713897705,0.3442019820213318,0.30000001192092896,-0.44999998807907104,1,dwa-right-arc,0.8710559673273541,0.2963217971972849,99.0,0.5473988151550293,99.0,customer-2,0,,waiter-1,-1.3963847160339355,-2.549999952316284,0.45765221403135214,0.0,5.2705868096544455,0,0,waiter-2,-6.651376247406006,2.200000047683716,-0.4482625385161576,0.0,8.649994795858344,0,0,customer-1,4.687790393829346,-2.200000047683716,-0.4362875018731316,0.0,4.594469747092831,0,0,customer-2,4.031789302825928,2.549999952316284,-0.45858952291162325,0.0,2.3109641291923646,0,0
2,563,22.519999999999698,to_table,1.9860142469406128,1.4962331056594849,-0.5359911333766015,0.5074548721313477,0.33804237842559814,0.7799999713897705,0.41849684715270996,0.30000001192092896,-0.44999998807907104,1,dwa-right-arc,0.859594266292673,0.3016053423014229,99.0,0.5586598014831543,99.0,customer-2,0,,waiter-1,-1.3780784606933594,-2.549999952316284,0.4576484680625015,0.0,5.26204539176659,0,0,waiter-2,-6.669306755065918,2.200000047683716,-0.44826085981902963,0.0,8.683885625482493,0,0,customer-1,4.670339107513428,-2.200000047683716,-0.436287833216209,0.0,4.568122095671556,0,0,customer-2,4.013445854187012,2.549999952316284,-0.4585885972435655,0.0,2.2849296464387545,0,0
2,564,22.559999999999697,to_table,2.0017588138580322,1.4871444702148438,-0.549439738912206,0.1749051809310913,0.9277474880218506,0.7799999713897705,0.5197196006774902,0.30000001192092896,-0.44999998807907104,1,dwa-right-arc,0.8492040305183959,0.3055208681776804,99.0,0.5694021081924439,99.0,customer-2,0,,waiter-1,-1.3597726821899414,-2.549999952316284,0.45764949046523284,0.0,5.25342070343664,0,0,waiter-2,-6.68723726272583,2.200000047683716,-0.44825918112190166,0.0,8.718188796603238,0,0,customer-1,4.65288782119751,-2.200000047683716,-0.43628816455928643,0.0,4.5413125535935315,0,0,customer-2,3.9951024055480957,2.549999952316284,-0.4585876715755077,0.0,2.2589998783454877,0,0
2,565,22.599999999999696,to_table,2.0175094604492188,1.4774419069290161,-0.5624737990937418,0.34668469429016113,0.18851017951965332,0.7799999713897705,0.46296364068984985,0.30000001192092896,-0.44999998807907104,1,dwa-right-arc,0.8390220927747798,0.3100704101270104,99.0,0.5798678493499756,99.0,customer-2,0,,waiter-1,-1.3414669036865234,-2.549999952316284,0.4576505128679642,0.0,5.2443312390069154,0,0,waiter-2,-6.705167293548584,2.200000047683716,-0.4482622707963557,0.0,8.752552771706352,0,0,customer-1,4.635436534881592,-2.200000047683716,-0.43628849590236385,0.0,4.514102512858115,0,0,customer-2,3.9767589569091797,2.549999952316284,-0.45858674590744997,0.0,2.233615757041387,0,0
2,566,22.639999999999695,to_table,2.033085584640503,1.4671658277511597,-0.5757004862761145,0.34466874599456787,0.1756819486618042,0.7799999713897705,0.4957605004310608,0.30000001192092896,-0.44999998807907104,1,dwa-right-arc,0.8295424673618577,0.3149137403734166,99.0,0.590557107925415,99.0,customer-2,0,,waiter-1,-1.3231611251831055,-2.549999952316284,0.4576515352706956,0.0,5.23469319843548,0,0,waiter-2,-6.723097801208496,2.200000047683716,-0.44826059209922775,0.0,8.78679654257012,0,0,customer-1,4.617985248565674,-2.200000047683716,-0.43628882724544127,0.0,4.486625884839798,0,0,customer-2,3.9584155082702637,2.549999952316284,-0.4585858202393922,0.0,2.2089420671776114,0,0
2,567,22.679999999999694,to_table,2.048497438430786,1.4565792083740234,-0.5889725313395889,0.34143805503845215,0.16154348850250244,0.7799999713897705,0.5318611264228821,0.30000001192092896,-0.44999998807907104,1,dwa-right-arc,0.8199623304955244,0.3194991306072701,99.0,0.6010928249359131,99.0,customer-2,0,,waiter-1,-1.3048553466796875,-2.549999952316284,0.45765255767342694,0.0,5.224715444144879,0,0,waiter-2,-6.741028308868408,2.200000047683716,-0.4482589134020998,0.0,8.82090910319086,0,0,customer-1,4.600533485412598,-2.200000047683716,-0.43628439021693666,0.0,4.459087332731477,0,0,customer-2,3.940072536468506,2.549999952316284,-0.4585896629429165,0.0,2.1848627588019474,0,0
2,568,22.719999999999693,to_table,2.063810110092163,1.4457669258117676,-0.6021428539398699,0.3355060815811157,0.16525888442993164,0.7799999713897705,0.5729690790176392,0.30000001192092896,-0.44999998807907104,1,dwa-right-arc,0.8112153887681794,0.32399446012622657,99.0,0.6112663841247559,99.0,customer-2,0,,waiter-1,-1.2865490913391113,-2.549999952316284,0.4576488117045763,0.0,5.214504743785397,0,0,waiter-2,-6.758958339691162,2.200000047683716,-0.44826200307655384,0.0,8.854948374813981,0,0,customer-1,4.58308219909668,-2.200000047683716,-0.4362847215600141,0.0,4.43151765013608,0,0,customer-2,3.92172908782959,2.549999952316284,-0.4585887372748587,0.0,2.1612944049018887,0,0
2,569,22.759999999999692,to_table,2.079040288925171,1.4346882104873657,-0.6152245093348189,0.3299870491027832,0.17159056663513184,0.7799999713897705,0.18738515675067902,0.30000001192092896,-0.44999998807907104,1,dwa-right-arc,0.8029041961920422,0.32857993877210756,99.0,0.6211280918121338,99.0,customer-2,0,,waiter-1,-1.2682433128356934,-2.549999952316284,0.45764983410730764,0.0,5.204041435788604,0,0,waiter-2,-6.776888847351074,2.200000047683716,-0.44826032437942587,0.0,8.88893599228273,0,0,customer-1,4.565630912780762,-2.200000047683716,-0.4362850529030915,0.0,4.4038723488236196,0,0,customer-2,3.903385639190674,2.549999952316284,-0.45858781160680095,0.0,2.1382600960820497,0,0
2,570,22.79999999999969,to_table,2.0941779613494873,1.4233299493789673,-0.628243456100367,0.33405911922454834,0.16109561920166016,0.7799999713897705,0.20723767578601837,0.30000001192092896,-0.44999998807907104,1,dwa-right-arc,0.7942895640165308,0.33326006750120785,99.0,0.6307165718078613,99.0,customer-2,0,,waiter-1,-1.2499375343322754,-2.549999952316284,0.457650856510039,0.0,5.193309056484553,0,0,waiter-2,-6.794819355010986,2.200000047683716,-0.4482586456822979,0.0,8.922863314646504,0,0,customer-1,4.548179626464844,-2.200000047683716,-0.4362853842461689,0.0,4.37614492904465,0,0,customer-2,3.885042190551758,2.549999952316284,-0.4585868859387432,0.0,2.115792991517605,0,0
2,571,22.83999999999969,to_table,2.109292984008789,1.4120680093765259,-0.6419022714475595,0.3379553556442261,0.15083694458007812,0.7799999713897705,0.22778642177581787,0.30000001192092896,-0.44999998807907104,1,dwa-right-arc,0.7864252422185658,0.3380104504978594,99.0,0.6401136016845703,99.0,customer-2,0,,waiter-1,-1.2316317558288574,-2.549999952316284,0.45765187891277037,0.0,5.182640316511639,0,0,waiter-2,-6.81274938583374,2.200000047683716,-0.44826173535675196,0.0,8.956767103495336,0,0,customer-1,4.530728340148926,-2.200000047683716,-0.43628571558924634,0.0,4.348607229079267,0,0,customer-2,3.866698741912842,2.549999952316284,-0.45858596027068543,0.0,2.0936485150752913,0,0
2,572,22.87999999999969,to_table,2.1239359378814697,1.4001966714859009,-0.6564514624303359,0.33893847465515137,0.1450486183166504,0.7799999713897705,0.24982701241970062,0.30000001192092896,-0.44999998807907104,1,dwa-right-arc,0.778730640830757,0.3424917386357438,99.0,0.6502450799942017,99.0,customer-2,0,,waiter-1,-1.2133259773254395,-2.549999952316284,0.45765290131550174,0.0,5.171205899728676,0,0,waiter-2,-6.830679893493652,2.200000047683716,-0.448260056659624,0.0,8.990263073352825,0,0,customer-1,4.513277053833008,-2.200000047683716,-0.43628604693232376,0.0,4.320922052652213,0,0,customer-2,3.848355770111084,2.549999952316284,-0.4585898029742097,0.0,2.0726001404986745,0,0
2,573,22.91999999999969,to_table,2.1388301849365234,1.3887526988983154,-0.6690469462559621,0.31131112575531006,0.16584515571594238,0.7799999713897705,0.27780747413635254,0.30000001192092896,-0.44999998807907104,1,dwa-right-arc,0.7718056417615451,0.3460020290680179,99.0,0.6581204032897949,99.0,customer-2,0,,waiter-1,-1.1950197219848633,-2.549999952316284,0.45764915534665107,0.0,5.160264300336736,0,0,waiter-2,-6.848609924316406,2.200000047683716,-0.44826314633407804,0.0,9.023979276257213,0,0,customer-1,4.49582576751709,-2.200000047683716,-0.4362863782754012,0.0,4.29355033188204,0,0,customer-2,3.830012321472168,2.549999952316284,-0.45858887730615194,0.0,2.0514853649266045,0,0
2,574,22.959999999999688,to_table,2.152482271194458,1.3778207302093506,-0.681837700152951,0.30808401107788086,0.16092705726623535,0.7799999713897705,0.2998054623603821,0.30000001192092896,-0.44999998807907104,1,dwa-right-arc,0.7642516551669138,0.35125458635715834,99.0,0.6655354595184326,99.0,customer-2,0,,waiter-1,-1.1767139434814453,-2.549999952316284,0.45765017774938244,0.0,5.148914715732676,0,0,waiter-2,-6.866540431976318,2.200000047683716,-0.4482614676369501,0.0,9.05642033865437,0,0,customer-1,4.478374481201172,-2.200000047683716,-0.4362867096184786,0.0,4.267385158535993,0,0,customer-2,3.811668872833252,2.549999952316284,-0.4585879516380942,0.0,2.031478355237118,0,0
2,575,22.999999999999687,to_table,2.1654603481292725,1.366921067237854,-0.6953832789205441,0.3029062747955322,0.15844511985778809,0.7799999713897705,0.32284244894981384,0.30000001192092896,-0.44999998807907104,1,dwa-right-arc,0.7568672452139229,0.3553392447635271,99.0,0.6730758047103882,99.0,customer-2,0,,waiter-1,-1.1584081649780273,-2.549999952316284,0.4576512001521138,0.0,5.137156038690198,0,0,waiter-2,-6.8844709396362305,2.200000047683716,-0.4482597889398221,0.0,9.088194369671992,0,0,customer-1,4.460923194885254,-2.200000047683716,-0.436287040961556,0.0,4.24170672264248,0,0,customer-2,3.793325424194336,2.549999952316284,-0.4585870259700364,0.0,2.0123668537795827,0,0
2,576,23.039999999999687,to_table,2.1798458099365234,1.356894612312317,-0.7092053063139413,0.42380666732788086,0.308164119720459,0.7799999713897705,0.3659553825855255,0.30000001192092896,-0.44999998807907104,1,dwa-right-arc,0.7500514047206777,0.358389460399934,99.0,0.6789416170120239,99.0,customer-2,0,,waiter-1,-1.1401023864746094,-2.549999952316284,0.4576522225548274,0.0,5.1269758304460575,0,0,waiter-2,-6.902400970458984,2.200000047683716,-0.44826287861427616,0.0,9.121295596304144,0,0,customer-1,4.443471908569336,-2.200000047683716,-0.43628737230463344,0.0,4.2161004182443165,0,0,customer-2,3.77498197555542,2.549999952316284,-0.45858610030197866,0.0,1.9919738299514222,0,0
2,577,23.079999999999686,to_table,2.1923553943634033,1.3469184637069702,-0.7223097502597468,0.3855867385864258,0.1615685224533081,0.7799999713897705,0.21703077852725983,0.30000001192092896,-0.44999998807907104,1,dwa-right-arc,0.7422382923891346,0.3628507703225614,99.0,0.6845011806488037,99.0,customer-2,0,,waiter-1,-1.1217961311340332,-2.549999952316284,0.4576484765859945,0.0,5.115620536660061,0,0,waiter-2,-6.9203314781188965,2.200000047683716,-0.4482611999171482,0.0,9.152530263529945,0,0,customer-1,4.426020622253418,-2.200000047683716,-0.43628770364771086,0.0,4.19164541400282,0,0,customer-2,3.756638526916504,2.549999952316284,-0.4585851746339209,0.0,1.9734200736347405,0,0
2,578,23.119999999999685,to_table,2.2057597637176514,1.3370959758758545,-0.733671835814719,0.7486839294433594,0.7183680534362793,0.7799999713897705,0.3051243722438812,0.30000001192092896,-0.44999998807907104,1,dwa-right-arc,0.7348701092632475,0.3660220012241018,99.0,0.6882456636428833,99.0,customer-2,0,,waiter-1,-1.1034903526306152,-2.549999952316284,0.4576494989887081,0.0,5.104963377686359,0,0,waiter-2,-6.938261985778809,2.200000047683716,-0.4482595212200202,0.0,9.184646819143722,0,0,customer-1,4.4085693359375,-2.200000047683716,-0.4362880349907883,0.0,4.1669435190969795,0,0,customer-2,3.738295555114746,2.549999952316284,-0.45858901733744517,0.0,1.9544313771473598,0,0
2,579,23.159999999999684,to_table,2.2199296951293945,1.3274221420288086,-0.7469038617613762,0.7582995891571045,-0.027755320072174072,0.7799999713897705,0.23348894715309143,0.30000001192092896,-0.44999998807907104,1,dwa-right-arc,0.7264459233302085,0.37134238813819276,99.0,0.692034969329834,99.0,customer-2,0,,waiter-1,-1.0851845741271973,-2.549999952316284,0.45765052139145723,0.0,5.094917313417267,0,0,waiter-2,-6.9561920166015625,2.200000047683716,-0.4482626108944743,0.0,9.217516035784119,0,0,customer-1,4.391118049621582,-2.200000047683716,-0.4362883663338657,0.0,4.142072690714009,0,0,customer-2,3.71995210647583,2.549999952316284,-0.4585880916693874,0.0,1.9351392034551143,0,0
2,580,23.199999999999683,to_table,2.23223614692688,1.3173350095748901,-0.7600049312284862,0.6992583274841309,0.020615339279174805,0.7799999713897705,0.25834140181541443,0.30000001192092896,-0.44999998807907104,1,dwa-right-arc,0.7184248372238871,0.37629944859198483,99.0,0.69631911277771,99.0,customer-2,0,,waiter-1,-1.0668787956237793,-2.549999952316284,0.45765154379420636,0.0,5.0833492022117515,0,0,waiter-2,-6.974122524261475,2.200000047683716,-0.4482609321973463,0.0,9.248574893034313,0,0,customer-1,4.373666763305664,-2.200000047683716,-0.4362886976769431,0.0,4.1179328539674875,0,0,customer-2,3.701608657836914,2.549999952316284,-0.45858716600132965,0.0,1.917946411368603,0,0
2,581,23.239999999999682,to_table,2.2450029850006104,1.3071986436843872,-0.7730317941568179,0.5453224182128906,0.10264015197753906,0.7799999713897705,0.18843765556812286,0.30000001192092896,-0.44999998807907104,1,dwa-right-arc,0.7113122426397158,0.37955635751242855,99.0,0.6999566650390625,99.0,customer-2,0,,waiter-1,-1.0485730171203613,-2.549999952316284,0.4576525661969555,0.0,5.072043364437721,0,0,waiter-2,-6.992053031921387,2.200000047683716,-0.44825925350021834,0.0,9.280102273506367,0,0,customer-1,4.356215000152588,-2.200000047683716,-0.4362842606484385,0.0,4.093611954454917,0,0,customer-2,3.683265209197998,2.549999952316284,-0.4585862403332719,0.0,1.900829639470716,0,0
2,582,23.27999999999968,to_table,2.2583861351013184,1.2968778610229492,-0.7865583404181717,0.5522029399871826,0.08856451511383057,0.7799999713897705,0.20455002784729004,0.30000001192092896,-0.44999998807907104,1,dwa-right-arc,0.704060936115358,0.3834155063779865,99.0,0.7032440996170044,99.0,customer-2,0,,waiter-1,-1.0302667617797852,-2.549999952316284,0.4576488202281226,0.0,5.060998595823369,0,0,waiter-2,-7.009983062744141,2.200000047683716,-0.4482623431746724,0.0,9.312265957950803,0,0,customer-1,4.33876371383667,-2.200000047683716,-0.4362845919915159,0.0,4.068921967610765,0,0,customer-2,3.664921760559082,2.549999952316284,-0.4585853146652141,0.0,1.88378805638247,0,0
2,583,23.31999999999968,to_table,2.2698116302490234,1.2861577272415161,-0.8013545764891641,0.5583610534667969,0.07710957527160645,0.7799999713897705,0.22126862406730652,0.30000001192092896,-0.44999998807907104,1,dwa-right-arc,0.6972026004036493,0.3876514796764783,99.0,0.7076251602172852,99.0,customer-2,0,,waiter-1,-1.0119609832763672,-2.549999952316284,0.4576498426308717,0.0,5.048379663745147,0,0,waiter-2,-7.027913570404053,2.200000047683716,-0.4482606644775444,0.0,9.342526515535852,0,0,customer-1,4.321312427520752,-2.200000047683716,-0.43628492333459334,0.0,4.04499092123557,0,0,customer-2,3.646578788757324,2.549999952316284,-0.4585891573687384,0.0,1.8688994030254709,0,0
2,584,23.35999999999968,to_table,2.2819952964782715,1.275112271308899,-0.817002133395048,0.5653197765350342,0.06329548358917236,0.7799999713897705,0.24240534007549286,0.30000001192092896,-0.44999998807907104,1,dwa-right-arc,0.6914493473324503,0.3891836127921129,99.0,0.7117635107040405,99.0,customer-2,0,,waiter-1,-0.9936552047729492,-2.549999952316284,0.45765086503362085,0.0,5.036007320256213,0,0,waiter-2,-7.045844078063965,2.200000047683716,-0.44825898578041645,0.0,9.373580148275687,0,0,customer-1,4.303861141204834,-2.200000047683716,-0.43628525467767076,0.0,4.020490905808156,0,0,customer-2,3.628235340118408,2.549999952316284,-0.45858823170068064,0.0,1.854103787355116,0,0
2,585,23.39999999999968,to_table,2.295736074447632,1.2639843225479126,-0.8331020831977242,0.9766132831573486,-0.8693143129348755,0.8199999928474426,0.15422651171684265,0.30000001192092896,-0.44999998807907104,1,dwa-right-arc,0.6858782527943941,0.3910106386645975,99.0,0.7149038410186768,99.0,customer-2,0,,waiter-1,-0.9753494262695312,-2.549999952316284,0.45765188743637,0.0,5.024587187213834,0,0,waiter-2,-7.063774108886719,2.200000047683716,-0.4482620754548705,0.0,9.406197760500303,0,0,customer-1,4.286409854888916,-2.200000047683716,-0.4362855860207482,0.0,3.9952433990115552,0,0,customer-2,3.609891891479492,2.549999952316284,-0.4585873060326229,0.0,1.8387065321707043,0,0
2,586,23.439999999999678,to_table,2.3072848320007324,1.2529157400131226,-0.8485383264671349,0.664342999458313,0.4917353391647339,0.7799999713897705,0.34028729796409607,0.30000001192092896,-0.44999998807907104,1,dwa-right-arc,0.6800598618259852,0.39413699232292276,99.0,0.7180262899398804,99.0,customer-2,0,,waiter-1,-0.9570436477661133,-2.549999952316284,0.4576529098391191,0.0,5.011786925516904,0,0,waiter-2,-7.081704616546631,2.200000047683716,-0.44826039675774254,0.0,9.436635605488304,0,0,customer-1,4.268958568572998,-2.200000047683716,-0.4362859173638256,0.0,3.9712455584719857,0,0,customer-2,3.591548442840576,2.549999952316284,-0.4585863803645651,0.0,1.8253110627872464,0,0
2,587,23.479999999999677,to_table,2.3206303119659424,1.2412370443344116,-0.8642769338148399,0.6371982097625732,0.19613909721374512,0.7799999713897705,0.32966387271881104,0.30000001192092896,-0.44999998807907104,1,dwa-right-arc,0.6743653499887572,0.3955060235876633,99.0,0.7204625701904297,99.0,customer-2,0,,waiter-1,-0.9387378692626953,-2.549999952316284,0.3171039298491962,0.0,4.999695881309049,0,0,waiter-2,-7.099635124206543,2.200000047683716,-0.44825871806061457,0.0,9.468929579658798,0,0,customer-1,4.25150728225708,-2.200000047683716,-0.436286248706903,0.0,3.945934439126183,0,0,customer-2,3.57320499420166,2.549999952316284,-0.45858545469650736,0.0,1.8115749180994631,0,0
2,588,23.519999999999676,to_table,2.333752393722534,1.2304307222366333,-0.8818903915497411,0.5835773944854736,-0.007888436317443848,0.7799999713897705,0.32956287264823914,0.30000001192092896,-0.44999998807907104,1,dwa-right-arc,0.668709498014662,0.3984720316935506,99.0,0.7220839357376099,99.0,customer-2,0,,waiter-1,-0.9204320907592773,-2.549999952316284,-0.049012662621912284,0.0,4.988123168501634,0,0,waiter-2,-7.117565155029297,2.200000047683716,-0.44826180773506863,0.0,9.500919328369873,0,0,customer-1,4.234055995941162,-2.200000047683716,-0.43628658004998044,0.0,3.9216079671254,0,0,customer-2,3.5548620223999023,2.549999952316284,-0.4585892974000316,0.0,1.7978797730164224,0,0
2,589,23.559999999999675,to_table,2.345181703567505,1.219183325767517,-0.8991032728511995,0.5852043628692627,-0.37706297636032104,0.7799999713897705,0.3108331561088562,0.30000001192092896,-0.44999998807907104,1,dwa-right-arc,0.6628495891517168,0.39998093053278594,99.0,0.7240263319015503,99.0,customer-2,0,,waiter-1,-0.902125358581543,-2.549999952316284,-0.41513879183618485,0.0,4.975112635877667,0,0,waiter-2,-7.135495662689209,2.200000047683716,-0.44826012903794066,0.0,9.53127718435692,0,0,customer-1,4.216604709625244,-2.200000047683716,-0.43628691139305786,0.0,3.897824907417923,0,0,customer-2,3.5365185737609863,2.549999952316284,-0.45858837173197387,0.0,1.7861568889045107,0,0
2,590,23.599999999999675,to_table,2.357778787612915,1.2067289352416992,-0.9116961807581885,0.6775757074356079,0.025983572006225586,0.7799999713897705,0.38786062598228455,0.30000001192092896,0.44999998807907104,1,dwa-left-arc,0.3686882665928026,0.5700777351204143,99.0,0.7248358821868897,99.0,customer-2,0,,waiter-1,-0.9161797165870667,-2.549999952316284,-0.4576468666605138,0.0,4.9831532408542305,0,0,waiter-2,-7.153425693511963,2.200000047683716,-0.4482632187123947,0.0,9.562928326855836,0,0,customer-1,4.199153423309326,-2.200000047683716,-0.4362872427361353,0.0,3.872526683199242,0,0,customer-2,3.5181751251220703,2.549999952316284,-0.4585874460639161,0.0,1.7750765294536603,0,0
2,591,23.639999999999674,to_table,2.368345260620117,1.193550944328308,-0.9091347845305834,0.9560612440109253,-0.9360480904579163,0.8199999928474426,0.29685595631599426,0.30000001192092896,0.44999998807907104,1,dwa-left-arc,0.39321573854700587,0.5761382539178757,99.0,0.7235468721389771,99.0,customer-2,0,,waiter-1,-0.9344855546951294,-2.549999952316284,-0.4576472930168052,0.0,4.992280511986932,0,0,waiter-2,-7.171356201171875,2.200000047683716,-0.44826154001526675,0.0,9.59264529615065,0,0,customer-1,4.181702136993408,-2.200000047683716,-0.4362875740792127,0.0,3.8476553245419596,0,0,customer-2,3.4998316764831543,2.549999952316284,-0.45858652039585834,0.0,1.766413151149568,0,0
2,592,23.679999999999673,to_table,2.3791322708129883,1.182292103767395,-0.9002246805421834,0.9527608156204224,0.7009485960006714,0.8199999928474426,0.504396915435791,0.30000001192092896,0.44999998807907104,1,dwa-left-arc,0.40919756600815105,0.5803129464113956,99.0,0.7192475891113281,99.0,customer-2,0,,waiter-1,-0.9527914524078369,-2.549999952316284,-0.4576471233266499,0.0,5.003170963425801,0,0,waiter-2,-7.189286708831787,2.200000047683716,-0.4482598613181388,0.0,9.622389060370441,0,0,customer-1,4.16425085067749,-2.200000047683716,-0.4362879054222901,0.0,3.824467092543122,0,0,customer-2,3.4814882278442383,2.549999952316284,-0.4585855947278006,0.0,1.7566483469905165,0,0
2,593,23.719999999999672,to_table,2.3893823623657227,1.1695337295532227,-0.8878747912455256,0.5748729705810547,-0.6673731803894043,0.20000000298023224,0.5121697187423706,0.30000001192092896,0.44999998807907104,1,dwa-left-arc,0.419909408939388,0.5856727988751369,99.0,0.7161237096786499,99.0,customer-2,0,,waiter-1,-0.9710973501205444,-2.549999952316284,-0.45764695363649466,0.0,5.012759191163437,0,0,waiter-2,-7.207216739654541,2.200000047683716,-0.44826295099259283,0.0,9.651765390730214,0,0,customer-1,4.146799564361572,-2.200000047683716,-0.43628823676536754,0.0,3.8002990800477203,0,0,customer-2,3.4631452560424805,2.549999952316284,-0.45858943743132485,0.0,1.7489007244628836,0,0
2,594,23.75999999999967,to_table,2.3998303413391113,1.1575442552566528,-0.8886695189233386,0.43334436416625977,-0.5056452751159668,0.20000000298023224,0.5329364538192749,0.30000001192092896,-0.44999998807907104,1,dwa-right-arc,0.6348905592071725,0.45166643854594946,99.0,0.7148637866973877,99.0,customer-2,0,,waiter-1,-0.989403247833252,-2.549999952316284,-0.4576467839463372,0.0,5.023224897720768,0,0,waiter-2,-7.225147247314453,2.200000047683716,-0.44826127229546486,0.0,9.68126580883141,0,0,customer-1,4.129348278045654,-2.200000047683716,-0.43628856810844496,0.0,3.7768155951273266,0,0,customer-2,3.4448018074035645,2.549999952316284,-0.4585885117632671,0.0,1.7409475101687346,0,0
2,595,23.79999999999967,to_table,2.4107308387756348,1.1447330713272095,-0.8964367612891745,-0.11927849054336548,0.593315601348877,0.20000000298023224,0.6814616918563843,0.30000001192092896,-0.44999998807907104,1,dwa-right-arc,0.6303013624416762,0.46159065636582963,99.0,0.7152222490310669,99.0,customer-2,0,,waiter-1,-1.0077091455459595,-2.549999952316284,-0.4576466142561819,0.0,5.0335657383618635,0,0,waiter-2,-7.243077754974365,2.200000047683716,-0.4482595935983369,0.0,9.711313441350246,0,0,customer-1,4.111896991729736,-2.200000047683716,-0.4362888994515224,0.0,3.752493293447066,0,0,customer-2,3.4264583587646484,2.549999952316284,-0.45858758609520933,0.0,1.7339196641332015,0,0
2,596,23.83999999999967,to_table,2.421077013015747,1.1313116550445557,-0.8982226150444331,-0.09113800525665283,0.5949089527130127,0.20000000298023224,0.7091323733329773,0.30000001192092896,0.44999998807907104,1,dwa-left-arc,0.4725357495101201,0.6004504629453102,99.0,0.7152773237228394,99.0,customer-2,0,,waiter-1,-1.026015043258667,-2.549999952316284,-0.45764644456602666,0.0,5.043262713256153,0,0,waiter-2,-7.261007785797119,2.200000047683716,-0.44826268327279095,0.0,9.74088604450154,0,0,customer-1,4.09444522857666,-2.200000047683716,-0.43628446242301777,0.0,3.727975166975211,0,0,customer-2,3.4081149101257324,2.549999952316284,-0.45858666042715157,0.0,1.7282708975004637,0,0
2,597,23.87999999999967,to_table,2.431983232498169,1.1187212467193604,-0.8908745194566723,0.4886341094970703,-0.51516193151474,0.20000000298023224,0.5989209413528442,0.30000001192092896,0.44999998807907104,1,dwa-left-arc,0.49358012643677385,0.605207001265051,99.0,0.7131489610671997,99.0,customer-2,0,,waiter-1,-1.044320821762085,-2.549999952316284,-0.4576474669687647,0.0,5.054127532415443,0,0,waiter-2,-7.278938293457031,2.200000047683716,-0.448261004575663,0.0,9.77093448594734,0,0,customer-1,4.076993942260742,-2.200000047683716,-0.4362847937660952,0.0,3.704047956649319,0,0,customer-2,3.3897714614868164,2.549999952316284,-0.4585857347590938,0.0,1.72218379526821,0,0
2,598,23.919999999999668,to_table,2.4405782222747803,1.109246015548706,-0.8911939996798371,0.44718194007873535,-0.5104197263717651,0.20000000298023224,0.6100345849990845,0.30000001192092896,-0.44999998807907104,1,dwa-right-arc,0.6198577661413691,0.4922904370161023,99.0,0.7102571821212769,99.0,customer-2,0,,waiter-1,-1.0626267194747925,-2.549999952316284,-0.4576472972786094,0.0,5.065819372740684,0,0,waiter-2,-7.296868801116943,2.200000047683716,-0.448259325878535,0.0,9.798347763372105,0,0,customer-1,4.059542655944824,-2.200000047683716,-0.4362851251091726,0.0,3.6840406274236237,0,0,customer-2,3.3714284896850586,2.549999952316284,-0.4585895774626181,0.0,1.7153000106829888,0,0
2,599,23.959999999999667,to_table,2.449039936065674,1.098527193069458,-0.8988081048886947,-0.1453258991241455,0.6201531887054443,0.20000000298023224,0.7612966895103455,0.30000001192092896,-0.44999998807907104,1,dwa-right-arc,0.6132226358207167,0.5006748976238968,99.0,0.7092388963699341,99.0,customer-2,0,,waiter-1,-1.0809326171875,-2.549999952316284,-0.45764712758845416,0.0,5.076658010673691,0,0,waiter-2,-7.314798831939697,2.200000047683716,-0.44826241555298907,0.0,9.825771722213819,0,0,customer-1,4.042091369628906,-2.200000047683716,-0.43628545645225003,0.0,3.663071774886293,0,0,customer-2,3.3530850410461426,2.549999952316284,-0.4585886517945603,0.0,1.7099914393571511,0,0
2,600,23.999999999999666,to_table,2.459066152572632,1.086230993270874,-0.8987939274880633,-0.14639168977737427,0.6377832889556885,0.20000000298023224,0.8853588700294495,0.30000001192092896,0.44999998807907104,1,dwa-left-arc,0.5443043109237913,0.6201525897087115,99.0,0.7081292963027954,99.0,customer-2,0,,waiter-1,-1.0992385149002075,-2.549999952316284,-0.4576469578982989,0.0,5.087603325359071,0,0,waiter-2,-7.332729339599609,2.200000047683716,-0.4482607368558611,0.0,9.854934828150428,0,0,customer-1,4.024640083312988,-2.200000047683716,-0.43628578779532745,0.0,3.6401011232034883,0,0,customer-2,3.3347415924072266,2.549999952316284,-0.45858772612650256,0.0,1.7057042655145103,0,0
2,601,24.039999999999665,to_table,2.468986988067627,1.0732325315475464,-0.8936405892225878,0.44842541217803955,-0.5064406394958496,0.20000000298023224,0.6773642301559448,0.30000001192092896,0.44999998807907104,1,dwa-left-arc,0.5594722889679604,0.625612885722564,99.0,0.7073649263381958,99.0,customer-2,0,,waiter-1,-1.117544412612915,-2.549999952316284,-0.45764678820814364,0.0,5.0981389859627795,0,0,waiter-2,-7.3506598472595215,2.200000047683716,-0.4482590581587331,0.0,9.884081596484833,0,0,customer-1,4.00718879699707,-2.200000047683716,-0.43628611913840487,0.0,3.616644345624097,0,0,customer-2,3.3163981437683105,2.549999952316284,-0.4585868004584448,0.0,1.7026296373110386,0,0
2,602,24.079999999999664,to_table,2.4781494140625,1.0601222515106201,-0.8967065175965345,0.43295609951019287,-0.510237455368042,0.20000000298023224,0.6966444253921509,0.30000001192092896,-0.44999998807907104,1,dwa-right-arc,0.6013824157439751,0.5274715162083059,99.0,0.707595477104187,99.0,customer-2,0,,waiter-1,-1.1358503103256226,-2.549999952316284,-0.45764661851798616,0.0,5.108226339390361,0,0,waiter-2,-7.368589878082275,2.200000047683716,-0.4482621478331872,0.0,9.912496964825575,0,0,customer-1,3.9897375106811523,-2.200000047683716,-0.4362864504814823,0.0,3.5935074759270176,0,0,customer-2,3.2980546951293945,2.549999952316284,-0.45858587479038704,0.0,1.70058232181784,0,0
2,603,24.119999999999663,to_table,2.4877097606658936,1.04813551902771,-0.8940092597435498,-0.19872480630874634,0.6463193893432617,0.20000000298023224,0.8677130341529846,0.30000001192092896,0.44999998807907104,1,dwa-left-arc,0.5845737899485983,0.6356165524546296,99.0,0.706344256401062,99.0,customer-2,0,,waiter-1,-1.15415620803833,-2.549999952316284,-0.4576464488278309,0.0,5.119547499940773,0,0,waiter-2,-7.3865203857421875,2.200000047683716,-0.4482604691360592,0.0,9.941187699495975,0,0,customer-1,3.9722862243652344,-2.200000047683716,-0.4362867818245597,0.0,3.5713235552531213,0,0,customer-2,3.2797117233276367,2.549999952316284,-0.4585897174939113,0.0,1.6978998453493255,0,0
2,604,24.159999999999663,to_table,2.4959969520568848,1.0357675552368164,-0.8956519462898259,0.4500383138656616,-0.521720290184021,0.20000000298023224,0.7509229183197021,0.30000001192092896,-0.44999998807907104,1,dwa-right-arc,0.5972288676708795,0.5459513727641314,99.0,0.7061531639099121,99.0,customer-2,0,,waiter-1,-1.172461986541748,-2.549999952316284,-0.4576474712305689,0.0,5.129845962834341,0,0,waiter-2,-7.4044508934021,2.200000047683716,-0.44825879043893124,0.0,9.968666151352576,0,0,customer-1,3.9548349380493164,-2.200000047683716,-0.43628711316763713,0.0,3.5494225233810277,0,0,customer-2,3.2613682746887207,2.549999952316284,-0.45858879182585355,0.0,1.6966711566689159,0,0
2,605,24.199999999999662,to_table,2.504028558731079,1.0231050252914429,-0.9045869700804938,-0.20421046018600464,0.638979434967041,0.20000000298023224,0.9224004149436951,0.30000001192092896,-0.44999998807907104,1,dwa-right-arc,0.5962833943777754,0.5531562498348428,99.0,0.7063186264038086,99.0,customer-2,0,,waiter-1,-1.1907678842544556,-2.549999952316284,-0.45764730154041366,0.0,5.139902716599185,0,0,waiter-2,-7.4223809242248535,2.200000047683716,-0.4482618801133853,0.0,9.995933529043157,0,0,customer-1,3.9373836517333984,-2.200000047683716,-0.43628744451071455,0.0,3.527451365231545,0,0,customer-2,3.2430248260498047,2.549999952316284,-0.4585878661577958,0.0,1.6963265019698315,0,0
2,606,24.23999999999966,to_table,2.516758918762207,1.0052225589752197,-0.9075206656934727,-0.18339478969573975,0.6324729919433594,0.14000000059604645,0.75,0.6200000047683716,0.30000001192092896,1,dwa-left-arc,0.5962236828604202,0.6515579669607241,99.0,0.7092620229721069,99.0,customer-2,0,,waiter-1,-1.209073781967163,-2.549999952316284,-0.4576471318502584,0.0,5.149896738636434,0,0,waiter-2,-7.440311431884766,2.200000047683716,-0.44826020141625733,0.0,10.028496558071783,0,0,customer-1,3.9199323654174805,-2.200000047683716,-0.43628777585379197,0.0,3.498906640600166,0,0,customer-2,3.2246813774108887,2.549999952316284,-0.458586940489738,0.0,1.699262017005267,0,0
2,607,24.27999999999966,to_table,2.5331859588623047,0.9844350218772888,-0.9070056098380864,0.40418505668640137,-0.2180495262145996,0.14000000059604645,0.75,0.6200000047683716,0.30000001192092896,1,dwa-left-arc,0.5995099436640334,0.6590917727974017,99.0,0.7141498422622681,99.0,customer-2,0,,waiter-1,-1.2273796796798706,-2.549999952316284,-0.45764696216010314,0.0,5.160822076819433,0,0,waiter-2,-7.458241939544678,2.200000047683716,-0.44825852271912936,0.0,10.065099591212654,0,0,customer-1,3.9024810791015625,-2.200000047683716,-0.4362881071968694,0.0,3.4663519496094226,0,0,customer-2,3.2063379287719727,2.549999952316284,-0.45858601482168027,0.0,1.7041499716907909,0,0
2,608,24.31999999999966,to_table,2.551401138305664,0.961388349533081,-0.9037377056251223,0.3617295026779175,-0.1434304118156433,0.14000000059604645,0.75,0.6200000047683716,0.30000001192092896,1,dwa-left-arc,0.604795608975828,0.6698216846123535,99.0,0.7214142179489136,99.0,customer-2,0,,waiter-1,-1.2456855773925781,-2.549999952316284,-0.4576467924699479,0.0,5.171819344572723,0,0,waiter-2,-7.476171970367432,2.200000047683716,-0.4482616123935834,0.0,10.103780549308235,0,0,customer-1,3.8850297927856445,-2.200000047683716,-0.4362884385399468,0.0,3.431172100916401,0,0,customer-2,3.187994956970215,2.549999952316284,-0.45858985752520454,0.0,1.7114141855376017,0,0
2,609,24.35999999999966,to_table,2.5701496601104736,0.9361695647239685,-0.898342194808867,0.3280019760131836,-0.11707520484924316,0.14000000059604645,0.75,0.6200000047683716,0.30000001192092896,1,dwa-left-arc,0.6124836492620254,0.6821992298943587,99.0,0.7315838432312012,99.0,customer-2,0,,waiter-1,-1.2639914751052856,-2.549999952316284,-0.4576466227797904,0.0,5.182086080556195,0,0,waiter-2,-7.494102478027344,2.200000047683716,-0.44825993369645545,0.0,10.14329525300678,0,0,customer-1,3.8675785064697266,-2.200000047683716,-0.43628876988302423,0.0,3.3939477675937306,0,0,customer-2,3.169651508331299,2.549999952316284,-0.4585889318571468,0.0,1.7215838596875115,0,0
2,610,24.399999999999658,to_table,2.5898818969726562,0.9110612273216248,-0.8941245021079155,0.29718732833862305,-0.10040158033370972,0.14000000059604645,0.75,0.6200000047683716,0.30000001192092896,1,dwa-left-arc,0.6230900382710021,0.6951359082349451,99.0,0.7424316501617432,99.0,customer-2,0,,waiter-1,-1.2822973728179932,-2.549999952316284,-0.45764645308963514,0.0,5.193526430720556,0,0,waiter-2,-7.512032508850098,2.200000047683716,-0.4482630233709095,0.0,10.183812544681176,0,0,customer-1,3.8501267433166504,-2.200000047683716,-0.4362843328545196,0.0,3.3566232033957064,0,0,customer-2,3.151308059692383,2.549999952316284,-0.458588006189089,0.0,1.7324316668986737,0,0
2,611,24.439999999999657,to_table,2.6112358570098877,0.8837093710899353,-0.895689720948816,0.28509628772735596,-0.10980576276779175,0.14000000059604645,0.75,0.6200000047683716,-0.30000001192092896,1,dwa-right-arc,0.634382056212135,0.7095362970322834,99.0,0.756059775352478,99.0,customer-2,0,,waiter-1,-1.3006031513214111,-2.549999952316284,-0.4576474754923754,0.0,5.205078687661619,0,0,waiter-2,-7.52996301651001,2.200000047683716,-0.44826134467378154,0.0,10.226266950239904,0,0,customer-1,3.8326754570007324,-2.200000047683716,-0.43628466419759704,0.0,3.3168024475176576,0,0,customer-2,3.132964611053467,2.549999952316284,-0.45858708052103125,0.0,1.7460599055815664,0,0
2,612,24.479999999999656,to_table,2.633122682571411,0.8563840389251709,-0.9006611316338147,0.5243945121765137,-0.23152166604995728,0.14000000059604645,0.75,0.6200000047683716,-0.30000001192092896,1,dwa-right-arc,0.6049448599603016,0.7256844127307942,99.0,0.77073157787323,99.0,customer-2,0,,waiter-1,-1.3189090490341187,-2.549999952316284,-0.4576473058022179,0.0,5.217471293970199,0,0,waiter-2,-7.547893524169922,2.200000047683716,-0.44825966597665357,0.0,10.269293791732805,0,0,customer-1,3.8152241706848145,-2.200000047683716,-0.43628499554067446,0.0,3.2770180977644845,0,0,customer-2,3.114621162414551,2.549999952316284,-0.4585861548529735,0.0,1.7607315661914138,0,0
2,613,24.519999999999655,to_table,2.6549415588378906,0.8287316560745239,-0.899399571801672,0.8179471492767334,-0.5159170627593994,0.0,0.75,0.6200000047683716,0.30000001192092896,1,dwa-left-arc,0.6636117045999548,0.7429873671311673,99.0,0.7869474983215332,99.0,customer-2,0,,waiter-1,-1.3372149467468262,-2.549999952316284,-0.45764713611206265,0.0,5.230023025438943,0,0,waiter-2,-7.565823554992676,2.200000047683716,-0.4482627556511076,0.0,10.312342920690837,0,0,customer-1,3.7977728843688965,-2.200000047683716,-0.4362853268837519,0.0,3.237171477071495,0,0,customer-2,3.0962777137756348,2.549999952316284,-0.45858522918491573,0.0,1.7769474244620307,0,0
2,614,24.559999999999654,to_table,2.6760988235473633,0.8017330765724182,-0.8958852963421347,0.6029597520828247,-0.6662343740463257,0.0,0.75,0.6200000047683716,0.30000001192092896,1,dwa-left-arc,0.6802883705189198,0.7607677421707375,99.0,0.8038531637191773,99.0,customer-2,0,,waiter-1,-1.3555208444595337,-2.549999952316284,-0.4576469664219074,0.0,5.242906774338399,0,0,waiter-2,-7.583754062652588,2.200000047683716,-0.44826107695397965,0.0,10.354696121517339,0,0,customer-1,3.7803215980529785,-2.200000047683716,-0.4362856582268293,0.0,3.1983917341366066,0,0,customer-2,3.077934741973877,2.549999952316284,-0.45858907188844,0.0,1.793853164046851,0,0
2,615,24.599999999999653,to_table,2.698340654373169,0.7727044820785522,-0.8949455102854091,0.4586820602416992,-0.6647617220878601,0.0,0.75,0.6200000047683716,-0.30000001192092896,1,dwa-right-arc,0.5102067990400005,0.7785109549701361,99.0,0.8153174018859863,99.0,customer-1,0,,waiter-1,-1.3738267421722412,-2.549999952316284,-0.4576467967317521,0.0,5.255750380662549,0,0,waiter-2,-7.6016845703125,2.200000047683716,-0.4482593982568517,0.0,10.39844662729762,0,0,customer-1,3.7628703117370605,-2.200000047683716,-0.4362859895699067,0.0,3.157561656195551,0,0,customer-2,3.059591293334961,2.549999952316284,-0.45858814622038224,0.0,1.8136375637590505,0,0
2,616,24.639999999999652,to_table,2.719858169555664,0.7440128922462463,-0.9014031741308551,0.15059208869934082,-0.19544214010238647,0.0,0.75,0.6200000047683716,-0.30000001192092896,1,dwa-right-arc,0.47870693082167315,0.7977056559451929,99.0,0.8012940979003906,99.0,customer-1,0,,waiter-1,-1.3921326398849487,-2.549999952316284,-0.45764662704159687,0.0,5.268680008983939,0,0,waiter-2,-7.619614601135254,2.200000047683716,-0.44826248793130574,0.0,10.441484366346474,0,0,customer-1,3.7454190254211426,-2.200000047683716,-0.43628632091298414,0.0,3.117529031069092,0,0,customer-2,3.041247844696045,2.549999952316284,-0.4585872205523245,0.0,1.834361083436753,0,0
2,617,24.67999999999965,to_table,2.742764711380005,0.7157891392707825,-0.9013639828039357,0.11901164054870605,-0.2127024531364441,0.0,0.75,0.6200000047683716,0.30000001192092896,1,dwa-left-arc,0.7390440387466071,0.8167828640051507,99.0,0.801192889213562,99.0,customer-1,0,,waiter-1,-1.4104385375976562,-2.549999952316284,-0.4576464573514394,0.0,5.283415147236461,0,0,waiter-2,-7.637545108795166,2.200000047683716,-0.44826080923417777,0.0,10.485881650270379,0,0,customer-1,3.7279677391052246,-2.200000047683716,-0.43628665225606156,0.0,3.077734814534825,0,0,customer-2,3.022904396057129,2.549999952316284,-0.4585862948842667,0.0,1.8554804093883714,0,0
2,618,24.71999999999965,to_table,2.765575408935547,0.686932384967804,-0.8985395950528826,0.2918691635131836,-0.6814514398574829,0.0,0.75,0.6200000047683716,0.30000001192092896,1,dwa-left-arc,0.7606074464887889,0.8378326715148825,99.0,0.8062384223937988,99.0,customer-1,0,,waiter-1,-1.4287443161010742,-2.549999952316284,-0.4576474797541774,0.0,5.298117487559775,0,0,waiter-2,-7.655475616455078,2.200000047683716,-0.4482591305370498,0.0,10.530321848156,0,0,customer-1,3.7105164527893066,-2.200000047683716,-0.436286983599139,0.0,3.037645872555696,0,0,customer-2,3.004560947418213,2.549999952316284,-0.45858536921620896,0.0,1.8783329971306029,0,0
2,619,24.75999999999965,to_table,2.7891430854797363,0.6585025787353516,-0.8939426559373599,0.26476430892944336,-0.6772600412368774,0.0,0.75,0.6200000047683716,0.30000001192092896,1,dwa-left-arc,0.7838951379893699,0.859306108745058,99.0,0.8149095869064331,99.0,customer-1,0,,waiter-1,-1.4470502138137817,-2.549999952316284,-0.45764731006402215,0.0,5.3141153695365,0,0,waiter-2,-7.673405647277832,2.200000047683716,-0.44826222021150386,0.0,10.575497171863894,0,0,customer-1,3.6930651664733887,-2.200000047683716,-0.4362873149422164,0.0,2.9980180776227154,0,0,customer-2,2.986217975616455,2.549999952316284,-0.45858921191973323,0.0,1.9017362663066522,0,0
2,620,24.79999999999965,to_table,2.8124442100524902,0.6292226314544678,-0.896531151289283,0.24112653732299805,-0.6698635220527649,0.0,0.75,0.6200000047683716,-0.30000001192092896,1,dwa-right-arc,0.36421240611951045,0.8820373888648507,99.0,0.8103358840942383,99.0,customer-1,0,,waiter-1,-1.4653561115264893,-2.549999952316284,-0.4576471403738669,0.0,5.3298247465051976,0,0,waiter-2,-7.691336154937744,2.200000047683716,-0.4482605415143759,0.0,10.62058113510227,0,0,customer-1,3.6756138801574707,-2.200000047683716,-0.4362876462852938,0.0,2.957965998374387,0,0,customer-2,2.967874526977539,2.549999952316284,-0.45858828625167547,0.0,1.9270558112718268,0,0
2,621,24.839999999999648,to_table,2.8352744579315186,0.6007824540138245,-0.8947942719800892,-0.017918944358825684,-0.1868046522140503,0.0,0.75,0.699999988079071,0.44999998807907104,1,dwa-left-arc,0.833470871034381,0.6651317230653035,99.0,0.75805748462677,99.0,customer-1,0,,waiter-1,-1.4836620092391968,-2.549999952316284,-0.4576469706837094,0.0,5.346086604189686,0,0,waiter-2,-7.709266662597656,2.200000047683716,-0.4482588628172479,0.0,10.66512280071983,0,0,customer-1,3.6581625938415527,-2.200000047683716,-0.43628797762837124,0.0,2.9191655496111597,0,0,customer-2,2.949531078338623,2.549999952316284,-0.4585873605836177,0.0,1.9525632975643459,0,0
2,622,24.879999999999647,to_table,2.8591341972351074,0.5727282166481018,-0.8907827181338033,0.39219069480895996,-0.758666455745697,0.0,0.75,0.699999988079071,0.44999998807907104,1,dwa-left-arc,0.8593836187247095,0.6418344270912668,99.0,0.7671989297866821,99.0,customer-1,0,,waiter-1,-1.5019679069519043,-2.549999952316284,-0.4576468009935519,0.0,5.363827251169453,0,0,waiter-2,-7.72719669342041,2.200000047683716,-0.448261952491702,0.0,10.710668295607386,0,0,customer-1,3.6407113075256348,-2.200000047683716,-0.43628830897144866,0.0,2.880778507132165,0,0,customer-2,2.931187629699707,2.549999952316284,-0.45858643491555995,0.0,1.9785841437255574,0,0
2,623,24.919999999999646,to_table,2.879199743270874,0.5479531288146973,-0.8878791060286889,0.36915290355682373,-0.7527279853820801,0.0,0.75,0.0,0.75,0,nominal-sac-a-star,0.8850799847951363,0.945879376368459,99.0,1.012046823501587,99.0,customer-2,0,,waiter-1,-1.5202736854553223,-2.549999952316284,-0.4576478233962922,0.0,5.38076943781805,0,0,waiter-2,-7.745127201080322,2.200000047683716,-0.448260273794574,0.0,10.752003629213089,0,0,customer-1,3.623260021209717,-2.200000047683716,-0.4362886403145261,0.0,2.846905751414006,0,0,customer-2,2.912844181060791,2.549999952316284,-0.4585855092475022,0.0,2.0023295012776976,0,0
2,624,24.959999999999646,to_table,2.895443916320801,0.5264821648597717,-0.886733468339902,0.6276912689208984,-0.8618523478507996,0.0,0.75,0.0,0.75,0,nominal-sac-a-star,0.9380694938504186,99.0,99.0,1.0335180854797363,99.0,customer-2,0,,waiter-1,-1.5385797023773193,-2.549999952316284,-0.4576464616132414,0.0,5.396786791089383,0,0,waiter-2,-7.763057708740234,2.200000047683716,-0.44825859509744603,0.0,10.789083325081897,0,0,customer-1,3.6058082580566406,-2.200000047683716,-0.43628420328602147,0.0,2.817502928716459,0,0,customer-2,2.894501209259033,2.549999952316284,-0.45858935195102646,0.0,2.0235180070484926,0,0
2,625,24.999999999999645,to_table,2.9070682525634766,0.5078743100166321,-0.8793687125307621,0.6133885383605957,-0.8643832206726074,0.0,0.75,0.0,0.75,0,nominal-sac-a-star,0.9596323682418768,99.0,99.0,1.0523595905303955,99.0,customer-2,0,,waiter-1,-1.5568854808807373,-2.549999952316284,-0.45764748401597943,0.0,5.410866653186772,0,0,waiter-2,-7.780987739562988,2.200000047683716,-0.4482616847719001,0.0,10.821175093440907,0,0,customer-1,3.5883569717407227,-2.200000047683716,-0.4362845346290989,0.0,2.7922639302131245,0,0,customer-2,2.876157760620117,2.549999952316284,-0.4585884262829687,0.0,2.042359566151354,0,0
2,626,25.039999999999644,to_table,2.9181857109069824,0.4875451624393463,-0.8711271518942675,0.5978728532791138,-0.8567176461219788,0.0,0.75,0.0,0.75,0,nominal-sac-a-star,0.9787422118062274,99.0,99.0,1.073338041305542,99.0,customer-2,0,,waiter-1,-1.5751913785934448,-2.549999952316284,-0.45764731432582195,0.0,5.423754971661526,0,0,waiter-2,-7.7989182472229,2.200000047683716,-0.4482600060747721,0.0,10.85305574404557,0,0,customer-1,3.5709056854248047,-2.200000047683716,-0.4362848659721763,0.0,2.7656721825968384,0,0,customer-2,2.857814311981201,2.549999952316284,-0.45858750061491094,0.0,2.0633381851006827,0,0
2,627,25.079999999999643,to_table,2.9264206886291504,0.4741344153881073,-0.8626129890336323,0.7952852249145508,0.18793559074401855,0.0,0.75,0.0,0.75,0,nominal-sac-a-star,0.9999790239563284,99.0,99.0,1.0876855945587158,99.0,customer-2,0,,waiter-1,-1.5934972763061523,-2.549999952316284,-0.4576471446356667,0.0,5.438294501374096,0,0,waiter-2,-7.816848278045654,2.200000047683716,-0.4482630957492262,0.0,10.881012832960774,0,0,customer-1,3.5534543991088867,-2.200000047683716,-0.4362851973152537,0.0,2.746664595589788,0,0,customer-2,2.839470863342285,2.549999952316284,-0.4585865749468532,0.0,2.077685731655181,0,0
2,628,25.119999999999642,to_table,2.9338529109954834,0.45714813470840454,-0.8503428140369583,0.5053364038467407,-0.9575839638710022,0.0,0.75,0.0,0.75,0,nominal-sac-a-star,1.0145568744791469,99.0,99.0,1.1058855152130127,99.0,customer-2,0,,waiter-1,-1.6118031740188599,-2.549999952316284,-0.45764697494551143,0.0,5.450314565281913,0,0,waiter-2,-7.834778785705566,2.200000047683716,-0.4482614170520982,0.0,10.90875618069064,0,0,customer-1,3.5360031127929688,-2.200000047683716,-0.43628552865833115,0.0,2.7245222202644084,0,0,customer-2,2.821127414703369,2.549999952316284,-0.4585856492787954,0.0,2.095885437703814,0,0
2,629,25.15999999999964,to_table,2.9412481784820557,0.44713202118873596,-0.8356523681188922,0.3682197332382202,-0.5198084712028503,0.0,0.75,0.0,0.75,0,nominal-sac-a-star,1.0329747013530335,99.0,99.0,1.117421636581421,99.0,customer-2,0,,waiter-1,-1.6301090717315674,-2.549999952316284,-0.45764680525535395,0.0,5.466269950861077,0,0,waiter-2,-7.8527092933654785,2.200000047683716,-0.44825973835497024,0.0,10.935358440506723,0,0,customer-1,3.518551826477051,-2.200000047683716,-0.43628586000140857,0.0,2.7093518952032194,0,0,customer-2,2.8027844429016113,2.549999952316284,-0.4585894919823197,0.0,2.1074215861653185,0,0
2,630,25.19999999999964,to_table,2.947709798812866,0.433777779340744,-0.820772830090078,0.8581300973892212,-0.623431384563446,0.0,0.75,0.0,0.75,0,nominal-sac-a-star,1.0447289502924038,99.0,99.0,1.1325109100341797,99.0,customer-2,0,,waiter-1,-1.6484148502349854,-2.549999952316284,-0.457647827658092,0.0,5.479716355936463,0,0,waiter-2,-7.870639324188232,2.200000047683716,-0.4482628280294243,0.0,10.961579213248848,0,0,customer-1,3.501100540161133,-2.200000047683716,-0.436286191344486,0.0,2.6912872300695945,0,0,customer-2,2.7844409942626953,2.549999952316284,-0.4585885663142619,0.0,2.1225110100851206,0,0
2,631,25.23999999999964,to_table,2.953913450241089,0.4224094748497009,-0.8033672213129593,0.7640488147735596,-0.7455753684043884,0.0,0.75,0.0,0.75,0,nominal-sac-a-star,1.0600234781890332,99.0,99.0,1.1458642578125,99.0,customer-2,0,,waiter-1,-1.6667208671569824,-2.549999952316284,-0.4576464658750412,0.0,5.494131350616033,0,0,waiter-2,-7.8885698318481445,2.200000047683716,-0.4482611493322963,0.0,10.987232225042524,0,0,customer-1,3.483649253845215,-2.200000047683716,-0.4362865226875634,0.0,2.6753788003746406,0,0,customer-2,2.7660975456237793,2.549999952316284,-0.45858764064620416,0.0,2.135864240496971,0,0
2,632,25.27999999999964,to_table,2.958878517150879,0.4111664891242981,-0.7860825019411865,0.7622809410095215,-0.7411735653877258,0.0,0.75,0.0,0.75,0,nominal-sac-a-star,1.073578057873111,99.0,99.0,1.15922833442688,99.0,customer-2,0,,waiter-1,-1.6850266456604004,-2.549999952316284,-0.45764748827778146,0.0,5.507663919948197,0,0,waiter-2,-7.906500339508057,2.200000047683716,-0.44825947063516836,0.0,11.011647615091912,0,0,customer-1,3.466197967529297,-2.200000047683716,-0.4362868540306408,0.0,2.6599931781262556,0,0,customer-2,2.7477540969848633,2.549999952316284,-0.4585867149781464,0.0,2.149228257784701,0,0
2,633,25.319999999999638,to_table,2.9645609855651855,0.4023129940032959,-0.7673106393619206,0.7610217332839966,-0.7379642724990845,0.0,0.75,0.0,0.75,0,nominal-sac-a-star,1.0871303321612744,99.0,99.0,1.1705219841003418,99.0,customer-2,0,,waiter-1,-1.7033326625823975,-2.549999952316284,-0.45764612649472847,0.0,5.523167826838394,0,0,waiter-2,-7.9244303703308105,2.200000047683716,-0.4482625603096224,0.0,11.036385798428212,0,0,customer-1,3.448746681213379,-2.200000047683716,-0.43628718537371824,0.0,2.6469735462986086,0,0,customer-2,2.7294106483459473,2.549999952316284,-0.45858578931008864,0.0,2.160521916575256,0,0
2,634,25.359999999999637,to_table,2.9694156646728516,0.3937935531139374,-0.7472311643057177,0.7584904432296753,-0.7317523956298828,0.0,0.75,0.0,0.75,0,nominal-sac-a-star,1.0986179674722807,99.0,99.0,1.18162823677063,99.0,customer-2,0,,waiter-1,-1.7216384410858154,-2.549999952316284,-0.4576471488974665,0.0,5.53822253306676,0,0,waiter-2,-7.942360877990723,2.200000047683716,-0.44826088161249444,0.0,11.06025538665582,0,0,customer-1,3.431295394897461,-2.200000047683716,-0.43628751671679566,0.0,2.6345963882027954,0,0,customer-2,2.7110676765441895,2.549999952316284,-0.4585896320136129,0.0,2.1716283565406114,0,0
2,635,25.399999999999636,to_table,2.972910165786743,0.3835619390010834,-0.7265243301103458,0.7574048042297363,-0.7266735434532166,0.0,0.75,0.0,0.75,0,nominal-sac-a-star,1.1099096161252342,99.0,99.0,1.194481143951416,99.0,customer-2,0,,waiter-1,-1.739944338798523,-2.549999952316284,-0.45764697920731123,0.0,5.551286603264073,0,0,waiter-2,-7.960291385650635,2.200000047683716,-0.4482592029153665,0.0,11.08306562134445,0,0,customer-1,3.413844108581543,-2.200000047683716,-0.4362878480598731,0.0,2.620918785645842,0,0,customer-2,2.6927242279052734,2.549999952316284,-0.45858870634555515,0.0,2.184481134119412,0,0
2,636,25.439999999999635,to_table,2.975301742553711,0.3783346116542816,-0.7074808552575041,0.757198691368103,-0.7225990891456604,0.0,0.75,0.0,0.75,0,nominal-sac-a-star,1.1229322916512576,99.0,99.0,1.2024149990081787,99.0,customer-2,0,,waiter-1,-1.7582502365112305,-2.549999952316284,-0.457646809517156,0.0,5.566116928079602,0,0,waiter-2,-7.978221416473389,2.200000047683716,-0.44826229258982053,0.0,11.103969315346982,0,0,customer-1,3.396392822265625,-2.200000047683716,-0.4362881794029505,0.0,2.6124944618039927,0,0,customer-2,2.6743807792663574,2.549999952316284,-0.4585877806774974,0.0,2.192415056046277,0,0
2,637,25.479999999999634,to_table,2.9761691093444824,0.3704267740249634,-0.6866394634118723,0.7182676792144775,-0.8087337613105774,0.0,0.75,0.0,0.75,0,nominal-sac-a-star,1.1310307125040497,99.0,99.0,1.2129578685760498,99.0,customer-2,0,,waiter-1,-1.7765560150146484,-2.549999952316284,-0.457647831919894,0.0,5.578287225631428,0,0,waiter-2,-7.996151924133301,2.200000047683716,-0.44826061389269256,0.0,11.12381082297723,0,0,customer-1,3.378941535949707,-2.200000047683716,-0.4362885107460279,0.0,2.60179162758912,0,0,customer-2,2.6560373306274414,2.549999952316284,-0.45858685500943963,0.0,2.2029579195416935,0,0
2,638,25.519999999999634,to_table,2.9757461547851562,0.3671753704547882,-0.6666011659120269,0.6379988193511963,-0.8404030203819275,0.0,0.75,0.0,0.75,0,nominal-sac-a-star,1.1417209399031594,99.0,99.0,1.2188463306427002,99.0,customer-2,0,,waiter-1,-1.7948620319366455,-2.549999952316284,-0.457646470136841,0.0,5.591834612629524,0,0,waiter-2,-8.014081954956055,2.200000047683716,-0.4482637035671466,0.0,11.141614253738881,0,0,customer-1,3.361490249633789,-2.200000047683716,-0.43628884208910534,0.0,2.5959946329307373,0,0,customer-2,2.6376938819885254,2.549999952316284,-0.45858592934138187,0.0,2.2088464170968933,0,0
2,639,25.559999999999633,to_table,2.9756548404693604,0.36041730642318726,-0.6449651604568135,0.6368124485015869,-0.8378626108169556,0.0,0.75,0.0,0.75,0,nominal-sac-a-star,1.147750760322095,99.0,99.0,1.2283833122253418,99.0,customer-2,0,,waiter-1,-1.8131678104400635,-2.549999952316284,-0.45764749253958126,0.0,5.603869288432033,0,0,waiter-2,-8.032011985778809,2.200000047683716,-0.4482667932416007,0.0,11.160322290132486,0,0,customer-1,3.344038486480713,-2.200000047683716,-0.43628440506060073,0.0,2.586782468214212,0,0,customer-2,2.6193509101867676,2.549999952316284,-0.45858977204490614,0.0,2.2183833424210158,0,0
2,640,25.599999999999632,to_table,2.975870132446289,0.3547569215297699,-0.6220782056044623,0.6396323442459106,-0.823562741279602,0.14000000059604645,0.75,0.14000000059604645,0.75,0,nominal-sac-a-star,1.1574260988650387,99.0,99.0,1.2370190715789795,99.0,customer-2,0,,waiter-1,-1.8314738273620605,-2.549999952316284,-0.4576461307565305,0.0,5.616775627000043,0,0,waiter-2,-8.049942970275879,2.200000047683716,-0.4482603461728907,0.0,11.179153669700504,0,0,customer-1,3.326587200164795,-2.200000047683716,-0.43628473640367815,0.0,2.578717827396775,0,0,customer-2,2.6010074615478516,2.549999952316284,-0.4585888463768484,0.0,2.2270190808005825,0,0
2,641,25.63999999999963,to_table,2.9770853519439697,0.3521972596645355,-0.6012137669057867,0.6562690734863281,-0.8162782788276672,0.14000000059604645,0.75,0.14000000059604645,0.75,0,nominal-sac-a-star,1.1662027825169574,99.0,99.0,1.2429139709472656,99.0,customer-2,0,,waiter-1,-1.8497796058654785,-2.549999952316284,-0.4576471531592685,0.0,5.632173113298103,0,0,waiter-2,-8.067873001098633,2.200000047683716,-0.44826343584734474,0.0,11.198458829850518,0,0,customer-1,3.309135913848877,-2.200000047683716,-0.4362850677467556,0.0,2.573707184451454,0,0,customer-2,2.5826640129089355,2.549999952316284,-0.4585879207087906,0.0,2.232913985919177,0,0
2,642,25.67999999999963,to_table,2.979300022125244,0.34976616501808167,-0.580123739138642,0.6553345918655396,-0.810509204864502,0.14000000059604645,0.75,0.14000000059604645,0.75,0,nominal-sac-a-star,1.172249783395902,99.0,99.0,1.249025592803955,99.0,customer-2,0,,waiter-1,-1.868085503578186,-2.549999952316284,-0.45764698346911326,0.0,5.648521042719018,0,0,waiter-2,-8.085803031921387,2.200000047683716,-0.4482665255217988,0.0,11.218728582920438,0,0,customer-1,3.291684627532959,-2.200000047683716,-0.436285399089833,0.0,2.5688308393374992,0,0,customer-2,2.5643205642700195,2.549999952316284,-0.45858699504073286,0.0,2.2390258304026793,0,0
2,643,25.71999999999963,to_table,2.983499050140381,0.3449861407279968,-0.5559135936443647,0.6637054681777954,-0.8059945106506348,0.14000000059604645,0.75,0.14000000059604645,0.75,0,nominal-sac-a-star,1.17852075237983,99.0,99.0,1.2580015754699707,99.0,customer-2,0,,waiter-1,-1.8863914012908936,-2.549999952316284,-0.4576468137789558,0.0,5.665401794035556,0,0,waiter-2,-8.103734016418457,2.200000047683716,-0.4482600784530888,0.0,11.241343943995078,0,0,customer-1,3.274233341217041,-2.200000047683716,-0.4362857304329104,0.0,2.5615388201653757,0,0,customer-2,2.5459771156311035,2.549999952316284,-0.4585860693726751,0.0,2.24800163533567,0,0
2,644,25.75999999999963,to_table,2.990415096282959,0.3422733247280121,-0.5312037817509421,0.6839938163757324,-0.8021867275238037,0.14000000059604645,0.7231956124305725,0.14000000059604645,0.7231956124305725,0,nominal-sac-a-star,1.1876663522123685,99.0,99.0,1.265709171295166,99.0,customer-2,0,,waiter-1,-1.904697299003601,-2.549999952316284,-0.4576466440888005,0.0,5.685716320006889,0,0,waiter-2,-8.121664047241211,2.200000047683716,-0.44826316812754285,0.0,11.266297149868212,0,0,customer-1,3.256782054901123,-2.200000047683716,-0.43628606177598783,0.0,2.5561895971772497,0,0,customer-2,2.5276336669921875,2.549999952316284,-0.45858514370461734,0.0,2.2557090932694965,0,0
2,645,25.799999999999628,to_table,2.997452974319458,0.3411502540111542,-0.506052320243877,0.949398398399353,0.7444088459014893,0.14000000059604645,0.689493715763092,0.14000000059604645,0.689493715763092,0,nominal-sac-a-star,1.1955664386247926,99.0,99.0,1.2721493339538574,99.0,customer-2,0,,waiter-1,-1.9230031967163086,-2.549999952316284,-0.45764647439864525,0.0,5.706981553030563,0,0,waiter-2,-8.139594078063965,2.200000047683716,-0.4482662578019969,0.0,11.29110887390777,0,0,customer-1,3.239330768585205,-2.200000047683716,-0.43628639311906525,0.0,2.552635838337069,0,0,customer-2,2.5092906951904297,2.549999952316284,-0.4585889864081416,0.0,2.2621492878382523,0,0
2,646,25.839999999999627,to_table,3.0036416053771973,0.3377878963947296,-0.4818966020537402,0.8174724578857422,-0.6991925239562988,0.14000000059604645,0.6536980867385864,0.14000000059604645,0.6536980867385864,0,nominal-sac-a-star,1.2022012739168921,99.0,99.0,1.2808451747894287,99.0,customer-2,0,,waiter-1,-1.9413089752197266,-2.549999952316284,-0.4576474968013855,0.0,5.726417283407562,0,0,waiter-2,-8.157525062561035,2.200000047683716,-0.4482598107332869,0.0,11.31545295098273,0,0,customer-1,3.221879482269287,-2.200000047683716,-0.43628672446214267,0.0,2.5471543769509277,0,0,customer-2,2.4909472465515137,2.549999952316284,-0.45858806074008385,0.0,2.2708451479430187,0,0
2,647,25.879999999999626,to_table,3.0105340480804443,0.3350306749343872,-0.4563065015210455,0.8281917572021484,-0.34696483612060547,0.14000000059604645,0.6214693784713745,0.14000000059604645,0.6214693784713745,0,nominal-sac-a-star,1.2110795216646901,99.0,99.0,1.2893545722961426,99.0,customer-2,0,,waiter-1,-1.959614872932434,-2.549999952316284,-0.45764732711123024,0.0,5.746806244969451,0,0,waiter-2,-8.175455093383789,2.200000047683716,-0.44826290040774097,0.0,11.340390814881502,0,0,customer-1,3.204428195953369,-2.200000047683716,-0.4362870558052201,0.0,2.5424349952746144,0,0,customer-2,2.4726037979125977,2.549999952316284,-0.4585871350720261,0.0,2.2793547011799906,0,0
2,648,25.919999999999625,to_table,3.0189993381500244,0.3322804868221283,-0.43443381523679137,0.8191969394683838,-0.240608811378479,0.14000000059604645,0.5865869522094727,0.14000000059604645,0.5865869522094727,0,nominal-sac-a-star,1.2197760686958297,99.0,99.0,1.2984953022003174,99.0,customer-2,0,,waiter-1,-1.9779207706451416,-2.549999952316284,-0.457647157421075,0.0,5.7686004458205815,0,0,waiter-2,-8.193385124206543,2.200000047683716,-0.44826599008219503,0.0,11.36687915347568,0,0,customer-1,3.186976909637451,-2.200000047683716,-0.4362873871482975,0.0,2.537845773477974,0,0,customer-2,2.4542603492736816,2.549999952316284,-0.4585862094039683,0.0,2.288495084807647,0,0
2,649,25.959999999999624,to_table,3.0277960300445557,0.32825371623039246,-0.4120708183265916,0.8082699775695801,-0.8234953880310059,0.14000000059604645,0.5570343732833862,0.14000000059604645,0.5570343732833862,0,nominal-sac-a-star,1.2291133614743759,99.0,99.0,1.3092339134216309,99.0,customer-2,0,,waiter-1,-1.9962266683578491,-2.549999952316284,-0.4576469877309197,0.0,5.790090522139096,0,0,waiter-2,-8.211316108703613,2.200000047683716,-0.44825954301348503,0.0,11.393905212729543,0,0,customer-1,3.169525623321533,-2.200000047683716,-0.43628771849137493,0.0,2.5322232074515694,0,0,customer-2,2.4359169006347656,2.549999952316284,-0.45858528373591056,0.0,2.2992340553742494,0,0
2,650,25.999999999999623,to_table,3.0362417697906494,0.3236433267593384,-0.3914308890496389,0.8089598417282104,-0.3496396541595459,0.14000000059604645,0.5279814004898071,0.14000000059604645,0.5279814004898071,0,nominal-sac-a-star,1.240046973173541,99.0,99.0,1.3207171058654785,99.0,customer-2,0,,waiter-1,-2.0145325660705566,-2.549999952316284,-0.45764681804076446,0.0,5.811036662005386,0,0,waiter-2,-8.229246139526367,2.200000047683716,-0.4482626326879391,0.0,11.420680031378428,0,0,customer-1,3.1520743370056152,-2.200000047683716,-0.43628804983445235,0.0,2.526300272136694,0,0,customer-2,2.417573928833008,2.549999952316284,-0.45858912643943484,0.0,2.3107171444373065,0,0
2,651,26.039999999999623,to_table,3.0441205501556396,0.3207499384880066,-0.3742316807758375,0.8065481185913086,-0.30654942989349365,0.14000000059604645,0.502034068107605,0.14000000059604645,0.502034068107605,0,nominal-sac-a-star,1.2517186251177799,99.0,99.0,1.3306546306610108,99.0,customer-2,0,,waiter-1,-2.0328383445739746,-2.549999952316284,-0.4576478404435047,0.0,5.832385151404782,0,0,waiter-2,-8.247176170349121,2.200000047683716,-0.44826572236239315,0.0,11.446613586707365,0,0,customer-1,3.1346230506896973,-2.200000047683716,-0.43628838117752977,0.0,2.5223741188387687,0,0,customer-2,2.399230480194092,2.549999952316284,-0.4585882007713771,0.0,2.320654827088334,0,0
2,652,26.07999999999962,to_table,3.052156925201416,0.31750431656837463,-0.3586354227544536,0.8045622110366821,-0.2654915452003479,0.14000000059604645,0.47950971126556396,0.14000000059604645,0.47950971126556396,0,nominal-sac-a-star,1.2618418318069702,99.0,99.0,1.3412313556671143,99.0,customer-2,0,,waiter-1,-2.0511443614959717,-2.549999952316284,-0.45764647866045394,0.0,5.853739382213642,0,0,waiter-2,-8.265107154846191,2.200000047683716,-0.44825927529368315,0.0,11.47276149997041,0,0,customer-1,3.1171717643737793,-2.200000047683716,-0.4362887125206072,0.0,2.5183437321662288,0,0,customer-2,2.380887031555176,2.549999952316284,-0.4585872751033193,0.0,2.331231441480939,0,0
2,653,26.11999999999962,to_table,3.0601580142974854,0.3143961429595947,-0.34389519641464056,0.8021758794784546,-0.23181366920471191,0.14000000059604645,0.4596658945083618,0.14000000059604645,0.4596658945083618,0,nominal-sac-a-star,1.2726021496465572,99.0,99.0,1.3519201374053955,99.0,customer-2,0,,waiter-1,-2.0694501399993896,-2.549999952316284,-0.4576475010631942,0.0,5.875171895975529,0,0,waiter-2,-8.283037185668945,2.200000047683716,-0.4482623649681372,0.0,11.498851222189646,0,0,customer-1,3.099720001220703,-2.200000047683716,-0.4362842754921026,0.0,2.5147074092885844,0,0,customer-2,2.3625435829162598,2.549999952316284,-0.45858634943526155,0.0,2.341920213688223,0,0
2,654,26.15999999999962,to_table,3.0701615810394287,0.31084486842155457,-0.3313642302003165,0.7999622821807861,-0.1992173194885254,0.31057441234588623,0.44096246361732483,0.31057441234588623,0.44096246361732483,0,nominal-sac-a-star,1.283472413432927,99.0,99.0,1.3638978099822998,99.0,customer-2,0,,waiter-1,-2.0877561569213867,-2.549999952316284,-0.4576461392801434,0.0,5.898181794410319,0,0,waiter-2,-8.3009672164917,2.200000047683716,-0.44826545464259127,0.0,11.526989087414579,0,0,customer-1,3.082268714904785,-2.200000047683716,-0.43628460683518,0.0,2.510874105848821,0,0,customer-2,2.3442001342773438,2.549999952316284,-0.4585854237672038,0.0,2.353897939995809,0,0
2,655,26.19999999999962,to_table,3.0838701725006104,0.3089872896671295,-0.31728989718031264,0.8086581230163574,-0.24075496196746826,0.3095610439777374,0.4258470833301544,0.3095610439777374,0.4258470833301544,0,nominal-sac-a-star,1.2956424184893607,99.0,99.0,1.375738868713379,99.0,customer-2,0,,waiter-1,-2.1060619354248047,-2.549999952316284,-0.45764716168288366,0.0,5.925301961478341,0,0,waiter-2,-8.31889820098877,2.200000047683716,-0.44825900757388126,0.0,11.558505778448662,0,0,customer-1,3.064817428588867,-2.200000047683716,-0.4362849381782574,0.0,2.5090596776556455,0,0,customer-2,2.325857162475586,2.549999952316284,-0.45858926647072806,0.0,2.365739097517106,0,0
2,656,26.23999999999962,to_table,3.0991663932800293,0.3051989674568176,-0.3021729501107647,0.8033411502838135,-0.20897430181503296,0.3081842064857483,0.4067504107952118,0.3081842064857483,0.4067504107952118,0,nominal-sac-a-star,1.3077030439052078,99.0,99.0,1.3903036212921143,99.0,customer-2,0,,waiter-1,-2.1243677139282227,-2.549999952316284,-0.4576481840856239,0.0,5.952937883149915,0,0,waiter-2,-8.336828231811523,2.200000047683716,-0.4482620972483353,0.0,11.591904252483795,0,0,customer-1,3.047366142272949,-2.200000047683716,-0.43628526952133484,0.0,2.5057344974010105,0,0,customer-2,2.30751371383667,2.549999952316284,-0.4585883408026703,0.0,2.3803036416591645,0,0
2,657,26.279999999999617,to_table,3.115772008895874,0.3006467819213867,-0.2895823217304099,0.5797362327575684,0.506721019744873,0.3066420555114746,0.3880181312561035,0.3066420555114746,0.3880181312561035,0,nominal-sac-a-star,1.3224898832582126,99.0,99.0,1.4064266777038574,99.0,customer-2,0,,waiter-1,-2.1426737308502197,-2.549999952316284,-0.45764682230257314,0.0,5.981424445838444,0,0,waiter-2,-8.354758262634277,2.200000047683716,-0.4482651869227894,0.0,11.626719551887867,0,0,customer-1,3.0299148559570312,-2.200000047683716,-0.43628560086441226,0.0,2.502120304286909,0,0,customer-2,2.289170265197754,2.549999952316284,-0.45858741513461254,0.0,2.3964265329549224,0,0
2,658,26.319999999999617,to_table,3.131866693496704,0.2958110272884369,-0.27661207782392916,0.8337235450744629,0.8772680759429932,0.30496731400489807,0.3737380802631378,0.30496731400489807,0.3737380802631378,0,nominal-sac-a-star,1.3388382064451687,99.0,99.0,1.423039207458496,99.0,customer-2,0,,waiter-1,-2.160979747772217,-2.549999952316284,-0.4576454605195224,0.0,6.009397938437083,0,0,waiter-2,-8.372689247131348,2.200000047683716,-0.4482587398540794,0.0,11.661078132678561,0,0,customer-1,3.0124635696411133,-2.200000047683716,-0.4362859322074897,0.0,2.4986656494897685,0,0,customer-2,2.270826816558838,2.549999952316284,-0.4585864894665548,0.0,2.413039033956015,0,0
2,659,26.359999999999616,to_table,3.1486198902130127,0.2911212742328644,-0.2638163741891223,0.663945198059082,0.04169285297393799,0.30334389209747314,0.35930222272872925,0.30334389209747314,0.35930222272872925,0,nominal-sac-a-star,1.35566789957707,99.0,99.0,1.440142641067505,99.0,customer-2,0,,waiter-1,-2.1792855262756348,-2.549999952316284,-0.4576464829222626,0.0,6.038091250635188,0,0,waiter-2,-8.390619277954102,2.200000047683716,-0.44826182952853344,0.0,11.6960616769874,0,0,customer-1,2.9950122833251953,-2.200000047683716,-0.4362862635505671,0.0,2.495852707473182,0,0,customer-2,2.252483367919922,2.549999952316284,-0.458585563798497,0.0,2.4301427013423416,0,0
2,660,26.399999999999615,to_table,3.1654136180877686,0.28782498836517334,-0.2525735154279857,0.6522736549377441,0.07357728481292725,0.3016563951969147,0.3450528085231781,0.3016563951969147,0.3450528085231781,0,nominal-sac-a-star,1.3729893574841088,99.0,99.0,1.4563658332824707,99.0,customer-2,0,,waiter-1,-2.1975913047790527,-2.549999952316284,-0.45764750532500287,0.0,6.067542517086096,0,0,waiter-2,-8.408549308776855,2.200000047683716,-0.4482649192029875,0.0,11.73085807986426,0,0,customer-1,2.9775609970092773,-2.200000047683716,-0.4362865948936445,0.0,2.494907216158091,0,0,customer-2,2.234140396118164,2.549999952316284,-0.4585894065020213,0.0,2.4463657497367106,0,0
2,661,26.439999999999614,to_table,3.1827917098999023,0.2830530107021332,-0.24127954525236797,0.6395812034606934,0.09804093837738037,0.2999693751335144,0.3317146301269531,0.2999693751335144,0.3317146301269531,0,nominal-sac-a-star,1.389430149405236,99.0,99.0,1.4745745754241943,99.0,customer-2,0,,waiter-1,-2.2158970832824707,-2.549999952316284,-0.4576485277277431,0.0,6.096886892250862,0,0,waiter-2,-8.42647933959961,2.200000047683716,-0.44826800887744156,0.0,11.766471868973298,0,0,customer-1,2.9601097106933594,-2.200000047683716,-0.43628692623672194,0.0,2.4930182036098216,0,0,customer-2,2.215796947479248,2.549999952316284,-0.45858848083396353,0.0,2.464574467660235,0,0
2,662,26.479999999999613,to_table,3.1996467113494873,0.27942895889282227,-0.23010316588852428,0.6276721954345703,0.12724483013153076,0.2982213795185089,0.3199090361595154,0.2982213795185089,0.3199090361595154,0,nominal-sac-a-star,1.4078520629703408,99.0,99.0,1.4919114208221436,99.0,customer-2,0,,waiter-1,-2.2342031002044678,-2.549999952316284,-0.45764716594469235,0.0,6.1263685604206755,0,0,waiter-2,-8.44441032409668,2.200000047683716,-0.44826156180873156,0.0,11.80138371343898,0,0,customer-1,2.9426584243774414,-2.200000047683716,-0.43628725757979936,0.0,2.492711611537513,0,0,customer-2,2.197453498840332,2.549999952316284,-0.45858755516590577,0.0,2.481911334309795,0,0
2,663,26.519999999999612,to_table,3.2169854640960693,0.27529704570770264,-0.220720718945695,0.8636243343353271,-0.9859769940376282,0.2965291440486908,0.307181715965271,0.2965291440486908,0.307181715965271,0,nominal-sac-a-star,1.4253977464805698,99.0,99.0,1.5024345016479492,99.0,customer-1,0,,waiter-1,-2.252509117126465,-2.549999952316284,-0.4576458041616416,0.0,6.156108681713312,0,0,waiter-2,-8.462340354919434,2.200000047683716,-0.4482646514831856,0.0,11.836854870806587,0,0,customer-1,2.9252071380615234,-2.200000047683716,-0.4362875889228768,0.0,2.492434611398166,0,0,customer-2,2.179110050201416,2.549999952316284,-0.458586629497848,0.0,2.5002917205999236,0,0
2,664,26.55999999999961,to_table,3.2344977855682373,0.27088290452957153,-0.21135583354054435,0.6883876323699951,0.7733900547027588,0.29478853940963745,0.29768091440200806,0.29478853940963745,0.29768091440200806,0,nominal-sac-a-star,1.4305604950480453,99.0,99.0,1.5023930168151856,99.0,customer-1,0,,waiter-1,-2.270814895629883,-2.549999952316284,-0.4576468265643818,0.0,6.185939525230397,0,0,waiter-2,-8.480270385742188,2.200000047683716,-0.4482677411576397,0.0,11.872543377876495,0,0,customer-1,2.9077558517456055,-2.200000047683716,-0.4362879202659542,0.0,2.4923929976744046,0,0,customer-2,2.1607666015625,2.549999952316284,-0.45858570382979025,0.0,2.5193795214334784,0,0
2,665,26.59999999999961,to_table,3.2517175674438477,0.2676292359828949,-0.2011116916444552,0.4462730884552002,-0.5542091727256775,0.29303136467933655,0.28861814737319946,0.29303136467933655,0.28861814737319946,0,nominal-sac-a-star,1.4307635183704572,99.0,99.0,1.503955373764038,99.0,customer-1,0,,waiter-1,-2.289120674133301,-2.549999952316284,-0.4576478489671221,0.0,6.216101886397876,0,0,waiter-2,-8.498201370239258,2.200000047683716,-0.4482612940889297,0.0,11.90775595971119,0,0,customer-1,2.8903045654296875,-2.200000047683716,-0.4362882516090316,0.0,2.4939554205386023,0,0,customer-2,2.142423629760742,2.549999952316284,-0.4585895465333145,0.0,2.5376660786944916,0,0
2,666,26.63999999999961,to_table,3.2685210704803467,0.26437658071517944,-0.1928183332727714,0.4344754219055176,-0.539133608341217,0.29130586981773376,0.27712282538414,0.29130586981773376,0.27712282538414,0,nominal-sac-a-star,1.4325668527455393,99.0,99.0,1.5059378242492676,99.0,customer-1,0,,waiter-1,-2.307426691055298,-2.549999952316284,-0.4576464871840713,0.0,6.2459513854218045,0,0,waiter-2,-8.516131401062012,2.200000047683716,-0.44826438376338373,0.0,11.942557183489168,0,0,customer-1,2.8728532791137695,-2.200000047683716,-0.43628858295210904,0.0,2.4959377331423176,0,0,customer-2,2.124080181121826,2.549999952316284,-0.45858862086525676,0.0,2.5561336322745185,0,0
2,667,26.67999999999961,to_table,3.2851974964141846,0.26084598898887634,-0.18493934296735445,0.4178893566131592,-0.5232198238372803,0.2896227240562439,0.2685479521751404,0.2896227240562439,0.2685479521751404,0,nominal-sac-a-star,1.4347863704096315,99.0,99.0,1.5080967044830322,99.0,customer-1,0,,waiter-1,-2.325732469558716,-2.549999952316284,-0.45764750958681155,0.0,6.275618693706968,0,0,waiter-2,-8.534061431884766,2.200000047683716,-0.4482674734378378,0.0,11.977278492108594,0,0,customer-1,2.8554019927978516,-2.200000047683716,-0.43628891429518646,0.0,2.498096753757953,0,0,customer-2,2.10573673248291,2.549999952316284,-0.458587695197199,0.0,2.5751414643609243,0,0
2,668,26.719999999999608,to_table,3.30222749710083,0.25729691982269287,-0.17722923884961608,0.4058830738067627,-0.5112072229385376,0.28795289993286133,0.26098042726516724,0.28795289993286133,0.26098042726516724,0,nominal-sac-a-star,1.4371810954011226,99.0,99.0,1.5107719993591309,99.0,customer-1,0,,waiter-1,-2.344038486480713,-2.549999952316284,-0.4576461478037608,0.0,6.305651059618771,0,0,waiter-2,-8.551992416381836,2.200000047683716,-0.4482610263691278,0.0,12.012353025124177,0,0,customer-1,2.8379502296447754,-2.200000047683716,-0.43628447726668185,0.0,2.5007722342493834,0,0,customer-2,2.087393283843994,2.549999952316284,-0.45858676952914124,0.0,2.5946694126429026,0,0
2,669,26.759999999999607,to_table,3.319124221801758,0.2542729079723358,-0.1695771139746324,0.3945852518081665,-0.49981337785720825,0.2862486243247986,0.2537800371646881,0.2862486243247986,0.2537800371646881,0,nominal-sac-a-star,1.4400935482617279,99.0,99.0,1.5144126510620117,99.0,customer-1,0,,waiter-1,-2.362344264984131,-2.549999952316284,-0.45764717020650103,0.0,6.335852779325957,0,0,waiter-2,-8.56992244720459,2.200000047683716,-0.44826411604358185,0.0,12.047210664714898,0,0,customer-1,2.8204989433288574,-2.200000047683716,-0.43628480860975927,0.0,2.5044126874772195,0,0,customer-2,2.069049835205078,2.549999952316284,-0.4585858438610835,0.0,2.614010067723012,0,0
2,670,26.799999999999606,to_table,3.336047649383545,0.2512325942516327,-0.16228113015674123,0.38331377506256104,-0.4882686138153076,0.28455865383148193,0.2461613118648529,0.28455865383148193,0.2461613118648529,0,nominal-sac-a-star,1.4439682407078644,99.0,99.0,1.5185115432739258,99.0,customer-1,0,,waiter-1,-2.380650043487549,-2.549999952316284,-0.4576481926092413,0.0,6.36612411845929,0,0,waiter-2,-8.587852478027344,2.200000047683716,-0.4482672057180359,0.0,12.082097865686471,0,0,customer-1,2.8030476570129395,-2.200000047683716,-0.4362851399528367,0.0,2.508511601877977,0,0,customer-2,2.0507068634033203,2.549999952316284,-0.45858968656460775,0.0,2.633710747710879,0,0
2,671,26.839999999999606,to_table,3.352703332901001,0.24848230183124542,-0.15533010593894103,0.3715348243713379,-0.4766712784767151,0.2828667461872101,0.23917391896247864,0.2828667461872101,0.23917391896247864,0,nominal-sac-a-star,1.4483001925735872,99.0,99.0,1.5232999420166016,99.0,customer-1,0,,waiter-1,-2.398956060409546,-2.549999952316284,-0.4576468308261905,0.0,6.396334004993492,0,0,waiter-2,-8.605783462524414,2.200000047683716,-0.4482607586493259,0.0,12.116675614571065,0,0,customer-1,2.7855963706970215,-2.200000047683716,-0.4362854712959141,0.0,2.5132998473056354,0,0,customer-2,2.0323634147644043,2.549999952316284,-0.45858876089655,0.0,2.6533527837283772,0,0
2,672,26.879999999999605,to_table,3.369337320327759,0.24581989645957947,-0.14868012333132713,0.9854886531829834,-0.9858279228210449,0.2812022268772125,0.2324383556842804,0.2812022268772125,0.2324383556842804,0,nominal-sac-a-star,1.4533177446432728,99.0,99.0,1.5286240673065186,99.0,customer-1,0,,waiter-1,-2.417262077331543,-2.549999952316284,-0.45764546904313974,0.0,6.426611954661654,0,0,waiter-2,-8.623713493347168,2.200000047683716,-0.44826384832377997,0.0,12.151217547341798,0,0,customer-1,2.7681450843811035,-2.200000047683716,-0.4362858026389915,0.0,2.518624089405096,0,0,customer-2,2.0140199661254883,2.549999952316284,-0.4585878352284922,0.0,2.673224805438115,0,0
2,673,26.919999999999604,to_table,3.3859035968780518,0.24329572916030884,-0.14233102386496418,0.5804219245910645,-0.44925105571746826,0.279540479183197,0.2261255979537964,0.279540479183197,0.2261255979537964,0,nominal-sac-a-star,1.4588693553994247,99.0,99.0,1.5345168209075928,99.0,customer-1,0,,waiter-1,-2.435567855834961,-2.549999952316284,-0.45764649144588,0.0,6.45693662961844,0,0,waiter-2,-8.641643524169922,2.200000047683716,-0.448266937998234,0.0,12.185671156697014,0,0,customer-1,2.7506937980651855,-2.200000047683716,-0.43628613398206895,0.0,2.5245169323361107,0,0,customer-2,1.9956765174865723,2.549999952316284,-0.45858690956043446,0.0,2.6932537395126688,0,0
2,674,26.959999999999603,to_table,3.4023780822753906,0.2409162074327469,-0.1362288166894333,0.6131699085235596,0.06072652339935303,0.2778860330581665,0.22017216682434082,0.2778860330581665,0.22017216682434082,0,nominal-sac-a-star,1.4649871223164952,99.0,99.0,1.5409710502624512,99.0,customer-1,0,,waiter-1,-2.453873634338379,-2.549999952316284,-0.45764751384862024,0.0,6.487287351358039,0,0,waiter-2,-8.659574508666992,2.200000047683716,-0.448260490929524,0.0,12.220012675904806,0,0,customer-1,2.7332425117492676,-2.200000047683716,-0.43628646532514637,0.0,2.530971073764988,0,0,customer-2,1.9773330688476562,2.549999952316284,-0.4585859838923767,0.0,2.713415012706429,0,0
2,675,26.999999999999602,to_table,3.418755531311035,0.23866547644138336,-0.13035429555163203,0.9040971994400024,0.8062591552734375,0.2762412130832672,0.21448753774166107,0.2762412130832672,0.21448753774166107,0,nominal-sac-a-star,1.4716634571551948,99.0,99.0,1.547961483001709,99.0,customer-1,0,,waiter-1,-2.472179412841797,-2.549999952316284,-0.4576485362513605,0.0,6.517650603537222,0,0,waiter-2,-8.677504539489746,2.200000047683716,-0.4482635806039781,0.0,12.25423767522075,0,0,customer-1,2.7157912254333496,-2.200000047683716,-0.4362867966682238,0.0,2.537961456345317,0,0,customer-2,1.9589900970458984,2.549999952316284,-0.458589826595901,0.0,2.733712161593313,0,0
2,676,27.0399999999996,to_table,3.4350404739379883,0.2365291267633438,-0.12469403965175012,0.3641066551208496,0.051686763763427734,0.27460646629333496,0.2090592086315155,0.27460646629333496,0.2090592086315155,0,nominal-sac-a-star,1.4788731891149751,99.0,99.0,1.5554668998718262,99.0,customer-1,0,,waiter-1,-2.490485429763794,-2.549999952316284,-0.4576471744683097,0.0,6.548022720180282,0,0,waiter-2,-8.6954345703125,2.200000047683716,-0.44826667027843214,0.0,12.28835395227871,0,0,customer-1,2.6983399391174316,-2.200000047683716,-0.4362871280113012,0.0,2.5454669701130603,0,0,customer-2,1.9406466484069824,2.549999952316284,-0.4585889009278432,0.0,2.754153257621986,0,0
2,677,27.0799999999996,to_table,3.4512367248535156,0.23449890315532684,-0.11923579777351571,0.3537557125091553,0.06575572490692139,0.27298131585121155,0.20388229191303253,0.27298131585121155,0.20388229191303253,0,nominal-sac-a-star,1.4865951672472126,99.0,99.0,1.5634725189208984,99.0,customer-1,0,,waiter-1,-2.508791446685791,-2.549999952316284,-0.45764581268525895,0.0,6.578401757392512,0,0,waiter-2,-8.71336555480957,2.200000047683716,-0.44826022320972214,0.0,12.322367604138693,0,0,customer-1,2.6808886528015137,-2.200000047683716,-0.4362874593543786,0.0,2.553472399253737,0,0,customer-2,1.9223031997680664,2.549999952316284,-0.45858797525978545,0.0,2.774740137886017,0,0
2,678,27.1199999999996,to_table,3.467484951019287,0.23246170580387115,-0.1138948481997061,0.34351634979248047,0.07933497428894043,0.27136537432670593,0.19894647598266602,0.27136537432670593,0.19894647598266602,0,nominal-sac-a-star,1.4948141287660215,99.0,99.0,1.571906099319458,99.0,customer-1,0,,waiter-1,-2.527097225189209,-2.549999952316284,-0.4576468350879992,0.0,6.608865889562698,0,0,waiter-2,-8.731295585632324,2.200000047683716,-0.4482633128841762,0.0,12.356433696991921,0,0,customer-1,2.6634373664855957,-2.200000047683716,-0.43628779069745605,0.0,2.5619060678280867,0,0,customer-2,1.9039597511291504,2.549999952316284,-0.4585870495917277,0.0,2.7956384914254064,0,0
2,679,27.1599999999996,to_table,3.483440637588501,0.2307983934879303,-0.10836324959579098,0.33340561389923096,0.09088146686553955,0.26974472403526306,0.1942790448665619,0.26974472403526306,0.1942790448665619,0,nominal-sac-a-star,1.503459411691381,99.0,99.0,1.5810136890411377,99.0,customer-1,0,,waiter-1,-2.545403003692627,-2.549999952316284,-0.45764785749073944,0.0,6.63926163748977,0,0,waiter-2,-8.749225616455078,2.200000047683716,-0.44826640255863026,0.0,12.390152494529838,0,0,customer-1,2.6459860801696777,-2.200000047683716,-0.43628812204053347,0.0,2.571013651722616,0,0,customer-2,1.8856163024902344,2.549999952316284,-0.45858612392366993,0.0,2.8163342266684337,0,0
2,680,27.199999999999598,to_table,3.4992871284484863,0.22918355464935303,-0.1032291225582175,0.3237912654876709,0.09954845905303955,0.26815298199653625,0.18891751766204834,0.26815298199653625,0.18891751766204834,0,nominal-sac-a-star,1.5127737250746354,99.0,99.0,1.590531358718872,99.0,customer-1,0,,waiter-1,-2.563709020614624,-2.549999952316284,-0.45764649570768867,0.0,6.669616425923152,0,0,waiter-2,-8.767156600952148,2.200000047683716,-0.448259955489938,0.0,12.423757862086994,0,0,customer-1,2.6285347938537598,-2.200000047683716,-0.4362884533836109,0.0,2.5805314572866638,0,0,customer-2,1.8672728538513184,2.549999952316284,-0.45858519825561217,0.0,2.837192158484975,0,0
2,681,27.239999999999597,to_table,3.515126943588257,0.22742705047130585,-0.09846854525296213,0.31344079971313477,0.1096426248550415,0.2665724456310272,0.18414227664470673,0.2665724456310272,0.18414227664470673,0,nominal-sac-a-star,1.5224951090358505,99.0,99.0,1.6003081893920899,99.0,customer-1,0,,waiter-1,-2.582014799118042,-2.549999952316284,-0.4576475181104289,0.0,6.699943148002471,0,0,waiter-2,-8.785086631774902,2.200000047683716,-0.4482630451643743,0.0,12.457379268083624,0,0,customer-1,2.611083507537842,-2.200000047683716,-0.4362887847266883,0.0,2.5903082540738565,0,0,customer-2,1.8489298820495605,2.549999952316284,-0.45858904095913644,0.0,2.85841871185185,0,0
2,682,27.279999999999596,to_table,3.530761241912842,0.22593560814857483,-0.09342716180129437,0.36639952659606934,-0.81745445728302,0.2649933099746704,0.18018439412117004,0.2649933099746704,0.18018439412117004,0,nominal-sac-a-star,1.532473318815881,99.0,99.0,1.610649118423462,99.0,customer-1,0,,waiter-1,-2.600320816040039,-2.549999952316284,-0.45764615632737815,0.0,6.730229226200627,0,0,waiter-2,-8.803016662597656,2.200000047683716,-0.44826613483884614,0.0,12.490756894969518,0,0,customer-1,2.5936317443847656,-2.200000047683716,-0.4362843476981837,0.0,2.600649053866298,0,0,customer-2,1.8305864334106445,2.549999952316284,-0.4585881152910787,0.0,2.879560635808381,0,0
2,683,27.319999999999595,to_table,3.5464067459106445,0.2244785875082016,-0.08841120294331856,0.450300931930542,-0.15215915441513062,0.26343441009521484,0.17552980780601501,0.26343441009521484,0.17552980780601501,0,nominal-sac-a-star,1.5430110865683615,99.0,99.0,1.6214048957824707,99.0,customer-1,0,,waiter-1,-2.618626594543457,-2.549999952316284,-0.4576471787301184,0.0,6.7605744768368075,0,0,waiter-2,-8.820947647094727,2.200000047683716,-0.4482596877701539,0.0,12.524142274894647,0,0,customer-1,2.5761804580688477,-2.200000047683716,-0.4362846790412611,0.0,2.6114049287924184,0,0,customer-2,1.8122429847717285,2.549999952316284,-0.4585871896230209,0.0,2.900926329403475,0,0
2,684,27.359999999999594,to_table,3.561967372894287,0.2230677753686905,-0.08353447146842771,0.4414818286895752,-0.13925385475158691,0.26187464594841003,0.17094482481479645,0.26187464594841003,0.17094482481479645,0,nominal-sac-a-star,1.5539615624609977,99.0,99.0,1.6325454807281494,99.0,customer-1,0,,waiter-1,-2.636932373046875,-2.549999952316284,-0.45764820113285865,0.0,6.790895572938617,0,0,waiter-2,-8.83887767791748,2.200000047683716,-0.4482627774446257,0.0,12.557436807866617,0,0,customer-1,2.5587291717529297,-2.200000047683716,-0.43628501038433853,0.0,2.622545435896445,0,0,customer-2,1.7938995361328125,2.549999952316284,-0.45858626395496316,0.0,2.9224437088683963,0,0
2,685,27.399999999999594,to_table,3.577442169189453,0.2217320203781128,-0.07884278068737344,0.43262553215026855,-0.1267126202583313,0.2603236138820648,0.16657471656799316,0.2603236138820648,0.16657471656799316,0,nominal-sac-a-star,1.5652935171348437,99.0,99.0,1.6440885162353516,99.0,customer-1,0,,waiter-1,-2.655238389968872,-2.549999952316284,-0.4576468393498079,0.0,6.821202612513904,0,0,waiter-2,-8.856807708740234,2.200000047683716,-0.44826586711909755,0.0,12.590635981341611,0,0,customer-1,2.5412778854370117,-2.200000047683716,-0.43628534172741595,0.0,2.634088577174889,0,0,customer-2,1.7755560874938965,2.549999952316284,-0.4585853382869054,0.0,2.9440830515289163,0,0
2,686,27.439999999999593,to_table,3.5928268432617188,0.2204769402742386,-0.07432761717398438,0.4238152503967285,-0.11453664302825928,0.25878122448921204,0.16244342923164368,0.25878122448921204,0.16244342923164368,0,nominal-sac-a-star,1.5770248561002098,99.0,99.0,1.656028995513916,99.0,customer-1,0,,waiter-1,-2.673544406890869,-2.549999952316284,-0.4576454775667571,0.0,6.8514926006759245,0,0,waiter-2,-8.874738693237305,2.200000047683716,-0.4482594200504053,0.0,12.62373566499498,0,0,customer-1,2.5238265991210938,-2.200000047683716,-0.4362856730704934,0.0,2.646029170513191,0,0,customer-2,1.7572131156921387,2.549999952316284,-0.45858918099042967,0.0,2.965831286583128,0,0
2,687,27.479999999999592,to_table,3.608121633529663,0.21930153667926788,-0.06997865949858559,0.41507887840270996,-0.102821946144104,0.2572479546070099,0.1585279256105423,0.2572479546070099,0.1585279256105423,0,nominal-sac-a-star,1.589150340304035,99.0,99.0,1.6683576202392578,99.0,customer-1,0,,waiter-1,-2.691850185394287,-2.549999952316284,-0.45764649996949736,0.0,6.881763993060859,0,0,waiter-2,-8.892668724060059,2.200000047683716,-0.44826250972487713,0.0,12.656734419110776,0,0,customer-1,2.506375312805176,-2.200000047683716,-0.4362860044135708,0.0,2.6583575965868826,0,0,customer-2,1.7388696670532227,2.549999952316284,-0.4585882553223719,0.0,2.987684390766357,0,0
2,688,27.51999999999959,to_table,3.623386859893799,0.21799340844154358,-0.06575693174187822,0.4064110517501831,-0.09153085947036743,0.25572365522384644,0.15481209754943848,0.25572365522384644,0.15481209754943848,0,nominal-sac-a-star,1.6016603406740815,99.0,99.0,1.6808984375,99.0,customer-1,0,,waiter-1,-2.710155963897705,-2.549999952316284,-0.4576475223722376,0.0,6.911986107190919,0,0,waiter-2,-8.910598754882812,2.200000047683716,-0.44826559939934896,0.0,12.689725990320952,0,0,customer-1,2.488924026489258,-2.200000047683716,-0.4362863357566482,0.0,2.6708984020813737,0,0,customer-2,1.7205262184143066,2.549999952316284,-0.45858732965431415,0.0,3.009839388001685,0,0
2,689,27.55999999999959,to_table,3.6386938095092773,0.21669213473796844,-0.06182840808995551,0.3977166414260864,-0.08083844184875488,0.2542031705379486,0.15156693756580353,0.2542031705379486,0.15156693756580353,0,nominal-sac-a-star,1.6143802530997464,99.0,99.0,1.6938045120239258,99.0,customer-1,0,,waiter-1,-2.728461742401123,-2.549999952316284,-0.45764854477497785,0.0,6.942280239718939,0,0,waiter-2,-8.928528785705566,2.200000047683716,-0.4482686890738208,0.0,12.722758900302706,0,0,customer-1,2.47147274017334,-2.200000047683716,-0.43628666709972563,0.0,2.683804413380344,0,0,customer-2,1.7021827697753906,2.549999952316284,-0.4585864039862564,0.0,3.0322269668649975,0,0
2,690,27.59999999999959,to_table,3.6534807682037354,0.21607589721679688,-0.05699338361847299,0.38902831077575684,-0.07076674699783325,0.25267887115478516,0.1488332450389862,0.25267887115478516,0.1488332450389862,0,nominal-sac-a-star,1.6274629252029869,99.0,99.0,1.7074294185638428,99.0,customer-1,0,,waiter-1,-2.74676775932312,-2.549999952316284,-0.4576471829919271,0.0,6.972399645708774,0,0,waiter-2,-8.946459770202637,2.200000047683716,-0.44826224200512854,0.0,12.755173719169102,0,0,customer-1,2.454021453857422,-2.200000047683716,-0.43628699844280305,0.0,2.697429446398744,0,0,customer-2,1.6838393211364746,2.549999952316284,-0.4585854783181986,0.0,3.0539628231164255,0,0
2,691,27.63999999999959,to_table,3.668684720993042,0.21487155556678772,-0.05235167718873691,0.3784247636795044,-0.06468379497528076,0.2512040138244629,0.14376062154769897,0.2512040138244629,0.14376062154769897,0,nominal-sac-a-star,1.6412574917033111,99.0,99.0,1.7210350131988525,99.0,customer-1,0,,waiter-1,-2.765073776245117,-2.549999952316284,-0.4576458212088763,0.0,7.002696827357859,0,0,waiter-2,-8.96438980102539,2.200000047683716,-0.26393864781258713,0.0,12.788092391325833,0,0,customer-1,2.436570167541504,-2.200000047683716,-0.4362873297858805,0.0,2.7110350667250214,0,0,customer-2,1.6654963493347168,2.549999952316284,-0.4585893210217229,0.0,3.0766196192660873,0,0
2,692,27.679999999999588,to_table,3.68355393409729,0.2140415608882904,-0.04812181329239066,0.3649388551712036,-0.05099606513977051,0.2496902197599411,0.14001122117042542,0.2496902197599411,0.14001122117042542,0,nominal-sac-a-star,1.6550336700345671,99.0,99.0,1.7351408100128174,99.0,customer-1,0,,waiter-1,-2.783379554748535,-2.549999952316284,-0.45764684361161656,0.0,7.0328624496625745,0,0,waiter-2,-8.982319831848145,2.200000047683716,0.09466505831696281,0.0,12.820623595057285,0,0,customer-1,2.419118881225586,-2.200000047683716,-0.4362876611289579,0.0,2.7251408937608326,0,0,customer-2,1.6471529006958008,2.549999952316284,-0.45858839535366513,0.0,3.0989725354254936,0,0
2,693,27.719999999999587,to_table,3.6982262134552,0.2134035974740982,-0.043849191529808824,0.34643399715423584,-0.10277187824249268,0.24820853769779205,0.13632115721702576,0.24820853769779205,0.13632115721702576,0,nominal-sac-a-star,1.6693047190940928,99.0,99.0,1.7496316528320313,99.0,customer-1,0,,waiter-1,-2.801685333251953,-2.549999952316284,-0.4576478660143568,0.0,7.062949050786864,0,0,waiter-2,-8.999749183654785,2.200000047683716,0.4482548217280069,0.0,12.85243730354659,0,0,customer-1,2.401667594909668,-2.200000047683716,-0.4362879924720353,0.0,2.7396316186278993,0,0,customer-2,1.6288094520568848,2.549999952316284,-0.4585874696856074,0.0,3.121244664844152,0,0
2,694,27.759999999999586,to_table,3.7131998538970947,0.21233698725700378,-0.03964064605629555,0.3446270227432251,-0.03400295972824097,0.24674588441848755,0.13231626152992249,0.24674588441848755,0.13231626152992249,0,nominal-sac-a-star,1.6839565464194524,99.0,99.0,1.7641909217834473,99.0,customer-1,0,,waiter-1,-2.81999135017395,-2.549999952316284,-0.45764650423130604,0.0,7.093172257649069,0,0,waiter-2,-8.981819152832031,2.200000047683716,0.4482579114024787,0.0,12.849681397723394,0,0,customer-1,2.38421630859375,-2.200000047683716,-0.43628832381511273,0.0,2.754190849203016,0,0,customer-2,1.6104660034179688,2.549999952316284,-0.4585865440175496,0.0,3.1442261025824014,0,0
2,695,27.799999999999585,delivered,3.7278175354003906,0.21167322993278503,-0.0358756741393811,0.3385714292526245,0.04571199417114258,0.24525544047355652,0.12923265993595123,0.24525544047355652,0.12923265993595123,0,nominal-sac-a-star,1.6986768746433294,99.0,99.0,1.7792296504974365,99.0,customer-1,0,,waiter-1,-2.838297128677368,-2.549999952316284,-0.4576475266340463,0.0,7.123250700864787,0,0,waiter-2,-8.963889122009277,2.200000047683716,0.4482610010769328,0.0,12.84651164370797,0,0,customer-1,2.366765022277832,-2.200000047683716,-0.43628865515819015,0.0,2.7692294851540833,0,0,customer-2,1.5921225547790527,2.549999952316284,-0.45858561834949185,0.0,3.166854103185673,0,0
