episode,step,sim_time,phase,robot_x,robot_y,robot_yaw,sac_linear,sac_turn,proposed_linear,proposed_turn,final_linear,final_turn,dwa_intervened,dwa_reason,pred_dynamic_clearance,pred_static_clearance,pred_ttc,env_dynamic_clearance,env_dynamic_ttc,env_dynamic_person,collision,collision_type,p0_type,p0_x,p0_y,p0_vx,p0_vy,p0_distance,p0_cooperative,p0_reciprocal,p1_type,p1_x,p1_y,p1_vx,p1_vy,p1_distance,p1_cooperative,p1_reciprocal,p2_type,p2_x,p2_y,p2_vx,p2_vy,p2_distance,p2_cooperative,p2_reciprocal,p3_type,p3_x,p3_y,p3_vx,p3_vy,p3_distance,p3_cooperative,p3_reciprocal
3,1,0.04,to_table,-8.300000190734863,5.5,0.011059108271172706,-0.41524529457092285,-0.6283774971961975,0.0,0.75,0.0,0.75,0,nominal-sac-a-star,3.7933565901461,99.0,99.0,3.8532661819458007,99.0,waiter-1,0,,waiter-1,-4.6599202156066895,2.200000047683716,0.47415693702616224,0.0,4.913265910839408,0,0,waiter-2,3.985246181488037,2.549999952316284,-0.5000099221488785,0.0,12.634467883830718,0,0,customer-1,-4.456826210021973,-2.549999952316284,-0.4489892218020941,0.0,8.920341107733535,0,0,customer-2,4.854223251342773,-2.200000047683716,-0.4152478619564448,0.0,15.242165039732186,0,0
3,2,0.08,to_table,-8.300000190734863,5.5,0.0015001229391369852,-0.9696633219718933,0.8067867755889893,0.0,-0.783185601234436,0.0,-0.783185601234436,0,nominal-sac-a-star,3.7933565901461,99.0,99.0,3.8673338317871093,99.0,waiter-1,0,,waiter-1,-4.64095401763916,2.200000047683716,0.47415737399544966,0.0,4.927333820854214,0,0,waiter-2,3.9652457237243652,2.549999952316284,-0.5000091907840165,0.0,12.615021110703411,0,0,customer-1,-4.474785804748535,-2.549999952316284,-0.4489886872142179,0.0,8.912618264631833,0,0,customer-2,4.837613582611084,-2.200000047683716,-0.41525075214897456,0.0,15.227832951275055,0,0
3,3,0.12,to_table,-8.300000190734863,5.5,-0.020540303300880722,-0.9843236804008484,0.9081463813781738,0.0,-0.7710224390029907,0.0,-0.7710224390029907,0,nominal-sac-a-star,3.8074572786910634,99.0,99.0,3.881434383392334,99.0,waiter-1,0,,waiter-1,-4.621987819671631,2.200000047683716,0.4741578109647371,0.0,4.941434476645588,0,0,waiter-2,3.9452452659606934,2.549999952316284,-0.5000084594191545,0.0,12.595576071623604,0,0,customer-1,-4.492745399475098,-2.549999952316284,-0.44898815262634173,0.0,8.904924945099909,0,0,customer-2,4.821003437042236,-2.200000047683716,-0.41524887396992227,0.0,15.213505083788846,0,0
3,4,0.16,to_table,-8.300000190734863,5.5,-0.04568663883962664,-0.9790576696395874,0.9228847026824951,0.0,-0.7692538499832153,0.0,-0.7692538499832153,0,nominal-sac-a-star,3.8215904336334505,99.0,99.0,3.8955673599243164,99.0,waiter-1,0,,waiter-1,-4.603021621704102,2.200000047683716,0.4741582479340245,0.0,4.955567598687381,0,0,waiter-2,3.9252448081970215,2.549999952316284,-0.5000077280542925,0.0,12.576132774634775,0,0,customer-1,-4.51070499420166,-2.549999952316284,-0.44898761803846554,0.0,8.89726122572344,0,0,customer-2,4.804393291473389,-2.200000047683716,-0.41524699579087,0.0,15.19918186189215,0,0
3,5,0.2,to_table,-8.300000190734863,5.5,-0.07135441686558734,-0.9771585464477539,0.996309757232666,0.0,-0.760442852973938,0.0,-0.760442852973938,0,nominal-sac-a-star,3.8357557779849794,99.0,99.0,3.909733238220215,99.0,waiter-1,0,,waiter-1,-4.584054946899414,2.200000047683716,0.4741539165317299,0.0,4.969733266531593,0,0,waiter-2,3.905244827270508,2.549999952316284,-0.5000117650610125,0.0,12.556691691320562,0,0,customer-1,-4.528664588928223,-2.549999952316284,-0.44898708345058935,0.0,8.889627183057028,0,0,customer-2,4.787783622741699,-2.200000047683716,-0.41524988598339974,0.0,15.184863709715287,0,0
3,6,0.24000000000000002,to_table,-8.300000190734863,5.5,-0.09713247632589603,-0.9752947688102722,0.966792106628418,0.0,-0.7639849185943604,0.0,-0.7639849185943604,0,nominal-sac-a-star,3.8499530372791035,99.0,99.0,3.9239301109313964,99.0,waiter-1,0,,waiter-1,-4.565088748931885,2.200000047683716,0.4741543535010173,0.0,4.9839304934357065,0,0,waiter-2,3.885244369506836,2.549999952316284,-0.5000110336961505,0.0,12.537251902798868,0,0,customer-1,-4.546624183654785,-2.549999952316284,-0.44898654886271316,0.0,8.882022893621507,0,0,customer-2,4.771173477172852,-2.200000047683716,-0.41524800780434745,0.0,15.170549818346508,0,0
3,7,0.28,to_table,-8.300000190734863,5.5,-0.12324140191320641,-0.969467043876648,0.9695429801940918,0.0,-0.7636548280715942,0.0,-0.7636548280715942,0,nominal-sac-a-star,3.8641819395528794,99.0,99.0,3.938159408569336,99.0,waiter-1,0,,waiter-1,-4.5461225509643555,2.200000047683716,0.47415479047030473,0.0,4.998159363171254,0,0,waiter-2,3.865243911743164,2.549999952316284,-0.5000103023312885,0.0,12.517813880794456,0,0,customer-1,-4.5645833015441895,-2.549999952316284,-0.448990782646419,0.0,8.874448634610665,0,0,customer-2,4.754563808441162,-2.200000047683716,-0.4152508979968772,0.0,15.156241022856292,0,0
3,8,0.32,to_table,-8.300000190734863,5.5,-0.15190742468514065,0.004956722259521484,-0.9906871914863586,0.0,-0.9988824725151062,0.0,-0.9988824725151062,0,nominal-sac-a-star,3.878442215328752,99.0,99.0,3.9524197006225585,99.0,waiter-1,0,,waiter-1,-4.527156352996826,2.200000047683716,0.47415522743959215,0.0,5.012419606262564,0,0,waiter-2,3.845243453979492,2.549999952316284,-0.5000095709664265,0.0,12.498377633549419,0,0,customer-1,-4.582542896270752,-2.549999952316284,-0.4489902480585428,0.0,8.86690408025578,0,0,customer-2,4.7379536628723145,-2.200000047683716,-0.4152490198178249,0.0,15.141936514961337,0,0
3,9,0.36,to_table,-8.300000190734863,5.5,-0.18313061922825855,-0.9154242873191833,0.9615978002548218,0.0,-0.7646082639694214,0.0,-0.7646082639694214,0,nominal-sac-a-star,3.8927335975962727,99.0,99.0,3.9667109870910644,99.0,waiter-1,0,,waiter-1,-4.508190155029297,2.200000047683716,0.4741556644088796,0.0,5.026710955701047,0,0,waiter-2,3.8252429962158203,2.549999952316284,-0.5000088396015645,0.0,12.478943169356446,0,0,customer-1,-4.6005024909973145,-2.549999952316284,-0.44898971347066663,0.0,8.85938950846251,0,0,customer-2,4.721343517303467,-2.200000047683716,-0.41524714163877263,0.0,15.12763671884008,0,0
3,10,0.39999999999999997,to_table,-8.300000190734863,5.500000476837158,-0.21306658384862695,-0.8893833160400391,0.9734947681427002,0.0,-0.7631806135177612,0.0,-0.7631806135177612,0,nominal-sac-a-star,3.907055821793751,99.0,99.0,3.9810332679748535,99.0,waiter-1,0,,waiter-1,-4.489223957061768,2.200000047683716,0.474156101378167,0.0,5.041033459077673,0,0,waiter-2,3.8052425384521484,2.549999952316284,-0.5000081082367025,0.0,12.45951060945848,0,0,customer-1,-4.618462085723877,-2.549999952316284,-0.44898917888279044,0.0,8.851905429229262,0,0,customer-2,4.704733848571777,-2.200000047683716,-0.4152500318313024,0.0,15.11334230111667,0,0
3,11,0.43999999999999995,to_table,-8.300000190734863,5.500002384185791,-0.23914125425808097,-0.9469426870346069,0.9985554218292236,0.0,-0.7601733207702637,0.0,-0.7601733207702637,0,nominal-sac-a-star,3.921408937054447,99.0,99.0,3.995387496948242,99.0,waiter-1,0,,waiter-1,-4.470257759094238,2.200000047683716,0.4741565383474544,0.0,5.055387474133689,0,0,waiter-2,3.7852420806884766,2.549999952316284,-0.5000073768718405,0.0,12.440080188931,0,0,customer-1,-4.6364216804504395,-2.549999952316284,-0.44898864429491425,0.0,8.844452787974319,0,0,customer-2,4.68812370300293,-2.200000047683716,-0.4152481536522501,0.0,15.099052941488711,0,0
3,12,0.4799999999999999,to_table,-8.300000190734863,5.500003337860107,-0.26347150113094203,-0.9733170866966248,0.99609375,0.0,-0.7604687213897705,0.0,-0.7604687213897705,0,nominal-sac-a-star,3.9357933017730344,99.0,99.0,4.009771289825439,99.0,waiter-1,0,,waiter-1,-4.451291561126709,2.200000047683716,0.47415697531674184,0.0,5.069771181305453,0,0,waiter-2,3.765242099761963,2.549999952316284,-0.5000114138785605,0.0,12.42065181474439,0,0,customer-1,-4.654381275177002,-2.549999952316284,-0.44898810970703806,0.0,8.83702949238736,0,0,customer-2,4.67151403427124,-2.200000047683716,-0.41525104384477984,0.0,15.08476825897309,0,0
3,13,0.5199999999999999,to_table,-8.300000190734863,5.500003337860107,-0.2860572827556546,-0.9709475636482239,0.9955222606658936,0.0,-0.760537326335907,0.0,-0.760537326335907,0,nominal-sac-a-star,3.950207103205525,99.0,99.0,4.024184169769287,99.0,waiter-1,0,,waiter-1,-4.43232536315918,2.200000047683716,0.47415741228602926,0.0,5.084184328585816,0,0,waiter-2,3.745241641998291,2.549999952316284,-0.5000106825136985,0.0,12.401224567910411,0,0,customer-1,-4.6723408699035645,-2.549999952316284,-0.4489875751191619,0.0,8.829635616482989,0,0,customer-2,4.654903888702393,-2.200000047683716,-0.41524916566572756,0.0,15.070487445494468,0,0
3,14,0.5599999999999999,to_table,-8.29725456237793,5.499642372131348,-0.30808821058642566,-0.9680455327033997,0.9951057434082031,0.20000000298023224,-0.7605873346328735,0.20000000298023224,-0.7605873346328735,0,nominal-sac-a-star,3.9646500916989345,99.0,99.0,4.036301078796386,99.0,waiter-1,0,,waiter-1,-4.41335916519165,2.200000047683716,0.4741578492553167,0.0,5.096300906105421,0,0,waiter-2,3.725241184234619,2.549999952316284,-0.5000099511488365,0.0,12.3790465861507,0,0,customer-1,-4.690300464630127,-2.549999952316284,-0.4489870405312857,0.0,8.820819656630462,0,0,customer-2,4.638293743133545,-2.200000047683716,-0.4152472874866753,0.0,15.053667438775056,0,0
3,15,0.6,to_table,-8.29189682006836,5.4989399909973145,-0.32957314500647633,-0.9821397066116333,0.9998764991760254,0.20000000298023224,-0.7600148320198059,0.20000000298023224,-0.7600148320198059,0,nominal-sac-a-star,3.9767926565931395,99.0,99.0,4.046225967407226,99.0,waiter-1,0,,waiter-1,-4.394392967224121,2.200000047683716,0.4741582862246041,0.0,5.106225713041445,0,0,waiter-2,3.7052407264709473,2.549999952316284,-0.5000092197839745,0.0,12.354252574005407,0,0,customer-1,-4.7082600593566895,-2.549999952316284,-0.4489865059434095,0.0,8.810668910122157,0,0,customer-2,4.6216840744018555,-2.200000047683716,-0.415250177679205,0.0,15.034435447905318,0,0
3,16,0.64,to_table,-8.288344383239746,5.495104789733887,-0.3492769998697921,-0.9651403427124023,0.999077320098877,0.20000000298023224,-0.7601107358932495,0.20000000298023224,-0.7601107358932495,0,nominal-sac-a-star,3.986739857322058,99.0,99.0,4.055529537200927,99.0,waiter-1,0,,waiter-1,-4.375426292419434,2.200000047683716,0.4741539548223095,0.0,5.115529615450428,0,0,waiter-2,3.6852402687072754,2.549999952316284,-0.5000084884191125,0.0,12.330465194822207,0,0,customer-1,-4.726219177246094,-2.549999952316284,-0.44899073972711534,0.0,8.798434309224197,0,0,customer-2,4.605073928833008,-2.200000047683716,-0.41524829950015274,0.0,15.015154818680386,0,0
3,17,0.68,to_table,-8.282983779907227,5.49160623550415,-0.3665718653537834,-0.9515839219093323,0.9990442991256714,0.20000000298023224,-0.7601146697998047,0.20000000298023224,-0.7601146697998047,0,nominal-sac-a-star,3.9960741344296817,99.0,99.0,4.063695850372314,99.0,waiter-1,0,,waiter-1,-4.356460094451904,2.200000047683716,0.4741543917915969,0.0,5.1236958875541605,0,0,waiter-2,3.6652398109436035,2.549999952316284,-0.5000077570542505,0.0,12.305002824146552,0,0,customer-1,-4.744178771972656,-2.549999952316284,-0.44899020513923915,0.0,8.78581646542737,0,0,customer-2,4.588464260101318,-2.200000047683716,-0.4152511896926825,0.0,14.99449838648212,0,0
3,18,0.7200000000000001,to_table,-8.275357246398926,5.488108158111572,-0.3799049802239032,-0.9357069134712219,0.9999909400939941,0.20000000298023224,-0.7600010633468628,0.20000000298023224,-0.7600010633468628,0,nominal-sac-a-star,4.004267580708003,99.0,99.0,4.070148410797119,99.0,waiter-1,0,,waiter-1,-4.337493896484375,2.200000047683716,0.47415482876088433,0.0,5.130148409984033,0,0,waiter-2,3.64523983001709,2.549999952316284,-0.5000117940609705,0.0,12.277341507314182,0,0,customer-1,-4.762138366699219,-2.549999952316284,-0.44898967055136296,0.0,8.77233656967199,0,0,customer-2,4.571854114532471,-2.200000047683716,-0.4152493115136302,0.0,14.971901934505903,0,0
3,19,0.7600000000000001,to_table,-8.266260147094727,5.485963344573975,-0.3948546492163613,-0.9586536288261414,0.9990930557250977,0.20000000298023224,-0.7601088285446167,0.20000000298023224,-0.7601088285446167,0,nominal-sac-a-star,4.0107436931884735,99.0,99.0,4.076355400085449,99.0,waiter-1,0,,waiter-1,-4.318527698516846,2.200000047683716,0.47415526573017175,0.0,5.136355349278768,0,0,waiter-2,3.625239372253418,2.549999952316284,-0.5000110626961085,0.0,12.248577136113992,0,0,customer-1,-4.780097961425781,-2.549999952316284,-0.4489891359634868,0.0,8.759568076894855,0,0,customer-2,4.555243968963623,-2.200000047683716,-0.4152474333345779,0.0,14.948745802415216,0,0
3,20,0.8000000000000002,to_table,-8.26045036315918,5.482850074768066,-0.4098590422273179,-0.956871747970581,0.9990057945251465,0.20000000298023224,-0.7601193189620972,0.20000000298023224,-0.7601193189620972,0,nominal-sac-a-star,4.016969444694567,99.0,99.0,4.084486904144287,99.0,waiter-1,0,,waiter-1,-4.299561500549316,2.200000047683716,0.47415570269945917,0.0,5.14448684343488,0,0,waiter-2,3.605238914489746,2.549999952316284,-0.5000103313312465,0.0,12.22277349354385,0,0,customer-1,-4.798057556152344,-2.549999952316284,-0.4489886013756106,0.0,8.747276347963503,0,0,customer-2,4.538634300231934,-2.200000047683716,-0.41525032352710767,0.0,14.927918616629412,0,0
3,21,0.8400000000000002,to_table,-8.252741813659668,5.479197025299072,-0.42529319337135524,-0.9578327536582947,0.9990012645721436,0.20000000298023224,-0.7601198554039001,0.20000000298023224,-0.7601198554039001,0,nominal-sac-a-star,4.025126340714641,99.0,99.0,4.090833129882812,99.0,waiter-1,0,,waiter-1,-4.280595302581787,2.200000047683716,0.4741561396687466,0.0,5.150833012578633,0,0,waiter-2,3.585238456726074,2.549999952316284,-0.5000095999663845,0.0,12.194997842329167,0,0,customer-1,-4.816017150878906,-2.549999952316284,-0.4489880667877344,0.0,8.733789584888859,0,0,customer-2,4.522024154663086,-2.200000047683716,-0.4152484453480554,0.0,14.905190814985382,0,0
3,22,0.8800000000000002,to_table,-8.247529029846191,5.473967552185059,-0.43634717910126414,-0.9577803611755371,0.9990352392196655,0.20000000298023224,-0.7601157426834106,0.20000000298023224,-0.7601157426834106,0,nominal-sac-a-star,4.031495920824122,99.0,99.0,4.098125877380371,99.0,waiter-1,0,,waiter-1,-4.261629104614258,2.200000047683716,0.474156576638034,0.0,5.158125767611205,0,0,waiter-2,3.5652379989624023,2.549999952316284,-0.5000088686015225,0.0,12.169266674783234,0,0,customer-1,-4.833976745605469,-2.549999952316284,-0.4489875321998582,0.0,8.719884959707814,0,0,customer-2,4.505414009094238,-2.200000047683716,-0.4152465671690031,0.0,14.883794371002809,0,0
3,23,0.9200000000000003,to_table,-8.238099098205566,5.4716010093688965,-0.45423531613827345,0.14231336116790771,0.7064342498779297,0.20000000298023224,-0.7952278852462769,0.20000000298023224,-0.7952278852462769,0,nominal-sac-a-star,4.03881849696176,99.0,99.0,4.1039986038208,99.0,waiter-1,0,,waiter-1,-4.2426629066467285,2.200000047683716,0.47415701360732143,0.0,5.1639987619399745,0,0,waiter-2,3.5452375411987305,2.549999952316284,-0.5000081372366605,0.0,12.14013076923386,0,0,customer-1,-4.851936340332031,-2.549999952316284,-0.448986997611982,0.0,8.707019019809152,0,0,customer-2,4.488804340362549,-2.200000047683716,-0.41524945736153285,0.0,14.860266952959078,0,0
3,24,0.9600000000000003,to_table,-8.227007865905762,5.470975875854492,-0.47218998275833796,-0.9145472645759583,0.9972797632217407,0.20000000298023224,-0.7603264451026917,0.20000000298023224,-0.7603264451026917,0,nominal-sac-a-star,4.044709813705248,99.0,99.0,4.10969871520996,99.0,waiter-1,0,,waiter-1,-4.223696708679199,2.200000047683716,0.47415745057660885,0.0,5.169698549243677,0,0,waiter-2,3.5252370834350586,2.549999952316284,-0.5000074058717985,0.0,12.109804362383263,0,0,customer-1,-4.869895935058594,-2.549999952316284,-0.4489864630241147,0.0,8.69518566520211,0,0,customer-2,4.472194194793701,-2.200000047683716,-0.41524757918248056,0.0,14.8362260901476,0,0
3,25,1.0000000000000002,to_table,-8.217955589294434,5.469296455383301,-0.48640479709455103,-0.9114621877670288,0.9972977638244629,0.20000000298023224,-0.48610228300094604,0.20000000298023224,-0.48610228300094604,0,nominal-sac-a-star,4.050422295720778,99.0,99.0,4.116318645477294,99.0,waiter-1,0,,waiter-1,-4.20473051071167,2.200000047683716,0.4741578875458963,0.0,5.176318627438137,0,0,waiter-2,3.505237102508545,2.549999952316284,-0.5000114428785185,0.0,12.081206022660242,0,0,customer-1,-4.887855052947998,-2.549999952316284,-0.44899069680782056,0.0,8.683241586914319,0,0,customer-2,4.455584526062012,-2.200000047683716,-0.4152504693750103,0.0,14.813396906432535,0,0
3,26,1.0400000000000003,to_table,-8.206869125366211,5.467690944671631,-0.4986169431504042,-0.906421959400177,0.9978046417236328,0.20000000298023224,-0.4826078712940216,0.20000000298023224,-0.4826078712940216,0,nominal-sac-a-star,4.057059882034628,99.0,99.0,4.12141746520996,99.0,waiter-1,0,,waiter-1,-4.185764312744141,2.200000047683716,0.4741583245151837,0.0,5.181417538893199,0,0,waiter-2,3.485236644744873,2.549999952316284,-0.5000107115136565,0.0,12.050653843934628,0,0,customer-1,-4.905815124511719,-2.549999952316284,-0.44898539384836234,0.0,8.6706588467198,0,0,customer-2,4.438974380493164,-2.200000047683716,-0.41524859119594915,0.0,14.788875654657897,0,0
3,27,1.0800000000000003,to_table,-8.196191787719727,5.464980125427246,-0.5114728193777575,-0.9094244837760925,0.9980697631835938,0.20000000298023224,-0.48576268553733826,0.20000000298023224,-0.48576268553733826,0,nominal-sac-a-star,4.062173146091451,99.0,99.0,4.126146259307861,99.0,waiter-1,0,,waiter-1,-4.166797637939453,2.200000047683716,0.4741539931128891,0.0,5.1861461724816085,0,0,waiter-2,3.465236186981201,2.549999952316284,-0.5000099801487945,0.0,12.020233434454067,0,0,customer-1,-4.923774242401123,-2.549999952316284,-0.4489896276320682,0.0,8.657287233165752,0,0,customer-2,4.422364234924316,-2.200000047683716,-0.41524671301689686,0.0,14.764141598846525,0,0
3,28,1.1200000000000003,to_table,-8.186723709106445,5.460456371307373,-0.5257718729342516,-0.9113588333129883,0.9980630874633789,0.20000000298023224,-0.4865519404411316,0.20000000298023224,-0.4865519404411316,0,nominal-sac-a-star,4.066918276729394,99.0,99.0,4.130686225891113,99.0,waiter-1,0,,waiter-1,-4.147831439971924,2.200000047683716,0.4741544300821765,0.0,5.190686486384252,0,0,waiter-2,3.4452357292175293,2.549999952316284,-0.5000092487839325,0.0,11.990547816578717,0,0,customer-1,-4.9417338371276855,-2.549999952316284,-0.448989093044192,0.0,8.642764012856475,0,0,customer-2,4.405754566192627,-2.200000047683716,-0.4152496032094266,0.0,14.73950818925587,0,0
3,29,1.1600000000000004,to_table,-8.179028511047363,5.45451545715332,-0.5402552205341404,-0.7977764010429382,0.9117441177368164,0.20000000298023224,-0.4919111728668213,0.20000000298023224,-0.4919111728668213,0,nominal-sac-a-star,4.071480366272378,99.0,99.0,4.135737838745117,99.0,waiter-1,0,,waiter-1,-4.1288652420043945,2.200000047683716,0.4741548670514639,0.0,5.1957379703349105,0,0,waiter-2,3.4252352714538574,2.549999952316284,-0.5000085174190705,0.0,11.962238429813556,0,0,customer-1,-4.959693431854248,-2.549999952316284,-0.4489885584563158,0.0,8.62765236275545,0,0,customer-2,4.389144420623779,-2.200000047683716,-0.4152477250303743,0.0,14.715657595030601,0,0
3,30,1.2000000000000004,to_table,-8.16880989074707,5.448953151702881,-0.5507216810906517,-0.9041671752929688,0.9920241832733154,0.20000000298023224,-0.47226962447166443,0.20000000298023224,-0.47226962447166443,0,nominal-sac-a-star,4.076558589954208,99.0,99.0,4.139081897735595,99.0,waiter-1,0,,waiter-1,-4.109899044036865,2.200000047683716,0.47415530402075134,0.0,5.1990819895109865,0,0,waiter-2,3.4052348136901855,2.549999952316284,-0.5000077860542085,0.0,11.931573260578249,0,0,customer-1,-4.9776530265808105,-2.549999952316284,-0.4489880238684396,0.0,8.612010966784313,0,0,customer-2,4.37253475189209,-2.200000047683716,-0.4152506152229041,0.0,14.689853998316675,0,0
3,31,1.2400000000000004,to_table,-8.159200668334961,5.4434494972229,-0.5575794760388275,-0.9468134641647339,0.997812032699585,0.20000000298023224,-0.47233250737190247,0.20000000298023224,-0.47233250737190247,0,nominal-sac-a-star,4.079924972698383,99.0,99.0,4.14295763015747,99.0,waiter-1,0,,waiter-1,-4.090932846069336,2.200000047683716,0.47415574099003877,0.0,5.202957563290126,0,0,waiter-2,3.385234832763672,2.549999952316284,-0.5000118230609285,0.0,11.901514244328187,0,0,customer-1,-4.995612621307373,-2.549999952316284,-0.4489874892805634,0.0,8.596715851628115,0,0,customer-2,4.355924606323242,-2.200000047683716,-0.4152487370438518,0.0,14.664606424514833,0,0
3,32,1.2800000000000005,to_table,-8.14980697631836,5.438167095184326,-0.5619086684493068,-0.9990562200546265,0.998664379119873,0.20000000298023224,-0.47677484154701233,0.20000000298023224,-0.47677484154701233,0,nominal-sac-a-star,4.083823584462405,99.0,99.0,4.147159042358398,99.0,waiter-1,0,,waiter-1,-4.071966648101807,2.200000047683716,0.4741561779593262,0.0,5.2071592610508945,0,0,waiter-2,3.365234375,2.549999952316284,-0.5000110916960665,0.0,11.871717936664192,0,0,customer-1,-5.0135722160339355,-2.549999952316284,-0.44898695469268723,0.0,8.58177028650796,0,0,customer-2,4.3393144607543945,-2.200000047683716,-0.4152468588647995,0.0,14.63966364273234,0,0
3,33,1.3200000000000005,to_table,-8.140503883361816,5.432882308959961,-0.5652326464636506,-0.9860970973968506,0.9956724643707275,0.20000000298023224,-0.4850988984107971,0.20000000298023224,-0.4850988984107971,0,nominal-sac-a-star,4.088048140437733,99.0,99.0,4.151450099945068,99.0,waiter-1,0,,waiter-1,-4.053000450134277,2.200000047683716,0.4741566149286136,0.0,5.211450089171106,0,0,waiter-2,3.345233917236328,2.549999952316284,-0.5000103603312045,0.0,11.842009268124075,0,0,customer-1,-5.031531810760498,-2.549999952316284,-0.44898642010481105,0.0,8.5669198984007,0,0,customer-2,4.322704792022705,-2.200000047683716,-0.41524974905732925,0.0,14.614802891470768,0,0
3,34,1.3600000000000005,to_table,-8.131317138671875,5.427602767944336,-0.5685318029746975,-0.9861318469047546,0.9956893920898438,0.20000000298023224,-0.4945967495441437,0.20000000298023224,-0.4945967495441437,0,nominal-sac-a-star,4.092361864942319,99.0,99.0,4.155855121612548,99.0,waiter-1,0,,waiter-1,-4.034034252166748,2.200000047683716,0.474157051897901,0.0,5.215855286708168,0,0,waiter-2,3.3252334594726562,2.549999952316284,-0.5000096289663425,0.0,11.812415060958378,0,0,customer-1,-5.0494914054870605,-2.549999952316284,-0.44898588551693486,0.0,8.552180716754632,0,0,customer-2,4.306094646453857,-2.200000047683716,-0.41524787087827697,0.0,14.590049233150705,0,0
3,35,1.4000000000000006,to_table,-8.122233390808105,5.4224162101745605,-0.5720611237368645,-0.9862985014915466,0.9955711364746094,0.20000000298023224,-0.5043994784355164,0.20000000298023224,-0.5043994784355164,0,nominal-sac-a-star,4.096790017183212,99.0,99.0,4.16041893005371,99.0,waiter-1,0,,waiter-1,-4.015068054199219,2.200000047683716,0.47415748886718845,0.0,5.220418855467807,0,0,waiter-2,3.3052330017089844,2.549999952316284,-0.5000088976014805,0.0,11.782943745538129,0,0,customer-1,-5.067451000213623,-2.549999952316284,-0.44898535092905867,0.0,8.53762935022547,0,0,customer-2,4.289484977722168,-2.200000047683716,-0.4152507610708067,0.0,14.565437942876073,0,0
3,36,1.4400000000000006,to_table,-8.113319396972656,5.417672157287598,-0.5764893638452251,-0.9864668250083923,0.9954400062561035,0.20000000298023224,-0.5143200755119324,0.20000000298023224,-0.5143200755119324,0,nominal-sac-a-star,4.1013764234222805,99.0,99.0,4.165408554077148,99.0,waiter-1,0,,waiter-1,-3.9961018562316895,2.200000047683716,0.47415792583647587,0.0,5.225408508691717,0,0,waiter-2,3.2852325439453125,2.549999952316284,-0.5000081662366185,0.0,11.753745370092455,0,0,customer-1,-5.085410118103027,-2.549999952316284,-0.4489895847127645,0.0,8.52361621890758,0,0,customer-2,4.27287483215332,-2.200000047683716,-0.41524888289175443,0.0,14.541208247736023,0,0
3,37,1.4800000000000006,to_table,-8.10496997833252,5.412657260894775,-0.5799842325736473,-0.9866940975189209,0.9953651428222656,0.20000000298023224,-0.5237947106361389,0.20000000298023224,-0.5237947106361389,0,nominal-sac-a-star,4.106388272619018,99.0,99.0,4.170696201324462,99.0,waiter-1,0,,waiter-1,-3.97713565826416,2.200000047683716,0.4741583628057633,0.0,5.230696181535615,0,0,waiter-2,3.2652320861816406,2.549999952316284,-0.5000074348717565,0.0,11.725028863684726,0,0,customer-1,-5.10336971282959,-2.549999952316284,-0.4489890501248883,0.0,8.509613037557546,0,0,customer-2,4.256264686584473,-2.200000047683716,-0.41524700471270215,0.0,14.517323229128674,0,0
3,38,1.5200000000000007,to_table,-8.095283508300781,5.407055854797363,-0.58317572690922,-0.9734565615653992,0.27023255825042725,0.20000000298023224,-0.6202882528305054,0.20000000298023224,-0.6202882528305054,0,nominal-sac-a-star,4.111699289574486,99.0,99.0,4.174589099884033,99.0,waiter-1,0,,waiter-1,-3.9581689834594727,2.200000047683716,0.4741540314034687,0.0,5.234589147353811,0,0,waiter-2,3.245232105255127,2.549999952316284,-0.5000114718784765,0.0,11.694873355928541,0,0,customer-1,-5.121329307556152,-2.549999952316284,-0.44898851553701213,0.0,8.494653654249102,0,0,customer-2,4.239655017852783,-2.200000047683716,-0.4152498949052319,0.0,14.491998066086667,0,0
3,39,1.5600000000000007,to_table,-8.086257934570312,5.400092124938965,-0.5883749231026243,-0.9872087240219116,0.9924187660217285,0.20000000298023224,-0.5465680956840515,0.20000000298023224,-0.5465680956840515,0,nominal-sac-a-star,4.115614332253901,99.0,99.0,4.1781920814514155,99.0,waiter-1,0,,waiter-1,-3.9392027854919434,2.200000047683716,0.4741544683727561,0.0,5.238192027065181,0,0,waiter-2,3.225231647491455,2.549999952316284,-0.5000107405136145,0.0,11.665025587521743,0,0,customer-1,-5.139288902282715,-2.549999952316284,-0.44898798094913595,0.0,8.478713965814554,0,0,customer-2,4.2230448722839355,-2.200000047683716,-0.4152480167261796,0.0,14.466524690581025,0,0
3,40,1.6000000000000008,to_table,-8.076440811157227,5.392470836639404,-0.5976619255600463,-0.9862533211708069,0.9926795959472656,0.3400000035762787,-0.41526123881340027,0.3400000035762787,-0.41526123881340027,0,nominal-sac-a-star,3.9231642650608123,99.0,99.0,3.94154972076416,99.0,waiter-1,0,,waiter-1,-3.920236587524414,2.200000047683716,0.4741549053420435,0.0,5.240792238476792,0,0,waiter-2,3.205231189727783,2.549999952316284,-0.5000100091487525,0.0,11.634249604670575,0,0,customer-1,-5.157248497009277,-2.549999952316284,-0.44898744636125976,0.0,8.461945757353616,0,0,customer-2,4.206435203552246,-2.200000047683716,-0.41525090691870936,0.0,14.440036610826843,0,0
3,41,1.6400000000000008,to_table,-8.066893577575684,5.382923126220703,-0.6056596365696445,-0.9875982403755188,0.9946789741516113,0.3400000035762787,-0.224768728017807,0.3400000035762787,-0.224768728017807,0,nominal-sac-a-star,3.9268830082161967,99.0,99.0,3.9450339698791503,99.0,waiter-1,0,,waiter-1,-3.9012703895568848,2.200000047683716,0.47415534231133094,0.0,5.242462767482786,0,0,waiter-2,3.1852307319641113,2.549999952316284,-0.5000092777838905,0.0,11.6032648503161,0,0,customer-1,-5.17520809173584,-2.549999952316284,-0.44898691177338357,0.0,8.443524946312504,0,0,customer-2,4.189825057983398,-2.200000047683716,-0.4152490287396571,0.0,14.412767797081793,0,0
3,42,1.6800000000000008,to_table,-8.05300521850586,5.371916770935059,-0.6109363046923167,-0.9867255687713623,0.9951555728912354,0.3400000035762787,-0.2179185301065445,0.3400000035762787,-0.2179185301065445,0,nominal-sac-a-star,3.9298947372190414,99.0,99.0,3.9440106773376464,99.0,waiter-1,0,,waiter-1,-3.8823041915893555,2.200000047683716,0.47415577928061836,0.0,5.23982850436576,0,0,waiter-2,3.1652302742004395,2.549999952316284,-0.5000085464190285,0.0,11.567714644691874,0,0,customer-1,-5.193167686462402,-2.549999952316284,-0.4489863771855074,0.0,8.422317690506201,0,0,customer-2,4.173214912414551,-2.200000047683716,-0.4152471505606048,0.0,14.38104248647522,0,0
3,43,1.7200000000000009,to_table,-8.038597106933594,5.360296726226807,-0.6160704667583421,-0.9863568544387817,0.9955086708068848,0.3400000035762787,-0.2208324372768402,0.3400000035762787,-0.2208324372768402,0,nominal-sac-a-star,3.928476067183677,99.0,99.0,3.9423040771484374,99.0,waiter-1,0,,waiter-1,-3.863337993621826,2.200000047683716,0.4741562162499058,0.0,5.236436169734475,0,0,waiter-2,3.1452298164367676,2.549999952316284,-0.5000078150541665,0.0,11.531511289044278,0,0,customer-1,-5.211127281188965,-2.549999952316284,-0.4489858425976312,0.0,8.400439224115976,0,0,customer-2,4.156605243682861,-2.200000047683716,-0.41525004075313454,0.0,14.348555595671746,0,0
3,44,1.760000000000001,to_table,-8.024346351623535,5.34970235824585,-0.6201051777318073,-0.9862790107727051,0.995395302772522,0.2199999988079071,-0.22474431991577148,0.2199999988079071,-0.22474431991577148,0,nominal-sac-a-star,4.117594013407073,99.0,99.0,4.173814239501953,99.0,waiter-1,0,,waiter-1,-3.844371795654297,2.200000047683716,0.4741566532191932,0.0,5.233814281545599,0,0,waiter-2,3.125229835510254,2.549999952316284,-0.5000118520608865,0.0,11.49571149231176,0,0,customer-1,-5.229086875915527,-2.549999952316284,-0.448985308009755,0.0,8.37966420162742,0,0,customer-2,4.139995098114014,-2.200000047683716,-0.41524816257408226,0.0,14.316745765847129,0,0
3,45,1.800000000000001,to_table,-8.011558532714844,5.340539932250977,-0.6252398042244218,-0.9862132668495178,0.9952132701873779,0.2199999988079071,-0.23226673901081085,0.2199999988079071,-0.23226673901081085,0,nominal-sac-a-star,4.1149967587602125,99.0,99.0,4.173246326446533,99.0,waiter-1,0,,waiter-1,-3.8254055976867676,2.200000047683716,0.4741570901884806,0.0,5.233246331102896,0,0,waiter-2,3.105229377746582,2.549999952316284,-0.5000111206960245,0.0,11.46167905787783,0,0,customer-1,-5.247045993804932,-2.549999952316284,-0.44898954179346084,0.0,8.360810322435071,0,0,customer-2,4.123385429382324,-2.200000047683716,-0.415251052766612,0.0,14.28693837574139,0,0
3,46,1.840000000000001,to_table,-7.999586582183838,5.331672191619873,-0.6307487071617054,-0.9864283204078674,0.99507737159729,0.2199999988079071,-0.23859822750091553,0.2199999988079071,-0.23859822750091553,0,nominal-sac-a-star,4.1144528107454175,99.0,99.0,4.173531951904296,99.0,waiter-1,0,,waiter-1,-3.8064393997192383,2.200000047683716,0.47415752715776804,0.0,5.233531667136113,0,0,waiter-2,3.08522891998291,2.549999952316284,-0.5000103893311625,0.0,11.428509752543789,0,0,customer-1,-5.265005588531494,-2.549999952316284,-0.44898900720558466,0.0,8.342582873148089,0,0,customer-2,4.106775283813477,-2.200000047683716,-0.4152491745875597,0.0,14.257983179635552,0,0
3,47,1.880000000000001,to_table,-7.988867282867432,5.3224639892578125,-0.6396751320794648,-0.9865736365318298,0.9949278831481934,0.20000000298023224,-0.4497586786746979,0.20000000298023224,-0.4497586786746979,0,nominal-sac-a-star,4.114762630214613,99.0,99.0,4.174643459320068,99.0,waiter-1,0,,waiter-1,-3.787473201751709,2.200000047683716,0.47415796412705546,0.0,5.234643568693543,0,0,waiter-2,3.0652284622192383,2.549999952316284,-0.5000096579663005,0.0,11.396472681390385,0,0,customer-1,-5.282965183258057,-2.549999952316284,-0.44898847261770847,0.0,8.32451768477038,0,0,customer-2,4.090165138244629,-2.200000047683716,-0.41524729640850744,0.0,14.229915299022512,0,0
3,48,1.920000000000001,to_table,-7.976618766784668,5.313555717468262,-0.6507373797473703,-0.9871752858161926,0.993229866027832,0.20000000298023224,-0.45125481486320496,0.20000000298023224,-0.45125481486320496,0,nominal-sac-a-star,4.115901139729759,99.0,99.0,4.174733581542968,99.0,waiter-1,0,,waiter-1,-3.7685070037841797,2.200000047683716,0.4741584010963429,0.0,5.234733376089996,0,0,waiter-2,3.0452280044555664,2.549999952316284,-0.5000089266014385,0.0,11.36302542089049,0,0,customer-1,-5.300924777984619,-2.549999952316284,-0.4489879380298323,0.0,8.3063136284095,0,0,customer-2,4.0735554695129395,-2.200000047683716,-0.4152501866010372,0.0,14.200711931490588,0,0
3,49,1.960000000000001,to_table,-7.963926792144775,5.305054664611816,-0.6632502989603278,-0.9871469140052795,0.9930026531219482,0.20000000298023224,-0.45415642857551575,0.20000000298023224,-0.45415642857551575,0,nominal-sac-a-star,4.116014990449411,99.0,99.0,4.174731674194335,99.0,waiter-1,0,,waiter-1,-3.749540328979492,2.200000047683716,0.4741540696940483,0.0,5.23473183983834,0,0,waiter-2,3.0252275466918945,2.549999952316284,-0.5000081952365765,0.0,11.329247086656492,0,0,customer-1,-5.318884372711182,-2.549999952316284,-0.4489874034419561,0.0,8.288433653925606,0,0,customer-2,4.056945323944092,-2.200000047683716,-0.4152483084219849,0.0,14.171351829162672,0,0
3,50,2.000000000000001,to_table,-7.952885150909424,5.296074867248535,-0.6762368665070959,-0.9869874119758606,0.9927293062210083,0.20000000298023224,-0.4575633704662323,0.20000000298023224,-0.4575633704662323,0,nominal-sac-a-star,4.116035777764037,99.0,99.0,4.175798835754394,99.0,waiter-1,0,,waiter-1,-3.730574131011963,2.200000047683716,0.4741545066633357,0.0,5.23579885376538,0,0,waiter-2,3.0052270889282227,2.549999952316284,-0.5000074638717145,0.0,11.296953186558746,0,0,customer-1,-5.336843967437744,-2.549999952316284,-0.4489868688540799,0.0,8.270705021207625,0,0,customer-2,4.040335655212402,-2.200000047683716,-0.41525119861451465,0.0,14.143142664721656,0,0
3,51,2.040000000000001,to_table,-7.9413676261901855,5.286970615386963,-0.6891417941344745,-0.9868535995483398,0.9923211336135864,0.20000000298023224,-0.4571302831172943,0.20000000298023224,-0.4571302831172943,0,nominal-sac-a-star,4.117128343991042,99.0,99.0,4.176435413360595,99.0,waiter-1,0,,waiter-1,-3.7116079330444336,2.200000047683716,0.4741549436326231,0.0,5.2364352710242255,0,0,waiter-2,2.985227108001709,2.549999952316284,-0.5000115008784345,0.0,11.264168007259995,0,0,customer-1,-5.354803562164307,-2.549999952316284,-0.4489863342662037,0.0,8.252782642015784,0,0,customer-2,4.023725509643555,-2.200000047683716,-0.4152493204354535,0.0,14.114467168790208,0,0
3,52,2.080000000000001,to_table,-7.930362224578857,5.278165340423584,-0.702437263948764,-0.9866551160812378,0.99224853515625,0.20000000298023224,-0.4585823714733124,0.20000000298023224,-0.4585823714733124,0,nominal-sac-a-star,4.117789841691521,99.0,99.0,4.177688064575195,99.0,waiter-1,0,,waiter-1,-3.6926417350769043,2.200000047683716,0.47415538060191054,0.0,5.237688088896951,0,0,waiter-2,2.965226650238037,2.549999952316284,-0.5000107695135725,0.0,11.231951892431713,0,0,customer-1,-5.372763156890869,-2.549999952316284,-0.4489857996783275,0.0,8.235380066608677,0,0,customer-2,4.007115364074707,-2.200000047683716,-0.4152474422564012,0.0,14.086388066196818,0,0
3,53,2.120000000000001,to_table,-7.918216705322266,5.269689083099365,-0.7156125413480213,-0.9864566326141357,0.9920189380645752,0.20000000298023224,-0.4595959484577179,0.20000000298023224,-0.4595959484577179,0,nominal-sac-a-star,4.119067780946532,99.0,99.0,4.178236427307128,99.0,waiter-1,0,,waiter-1,-3.673675537109375,2.200000047683716,0.47415581757119796,0.0,5.238236392413492,0,0,waiter-2,2.9452261924743652,2.549999952316284,-0.5000100381487105,0.0,11.19870977219196,0,0,customer-1,-5.390722751617432,-2.549999952316284,-0.44898526509045134,0.0,8.218014498442688,0,0,customer-2,3.9905056953430176,-2.200000047683716,-0.41525033244893095,0.0,14.057522005198711,0,0
3,54,2.160000000000001,to_table,-7.908163070678711,5.260656356811523,-0.7288777479299693,-0.9862295389175415,0.9919216632843018,0.20000000298023224,-0.58082515001297,0.20000000298023224,-0.58082515001297,0,nominal-sac-a-star,4.119639140666271,99.0,99.0,4.180180015563964,99.0,waiter-1,0,,waiter-1,-3.6547093391418457,2.200000047683716,0.4741562545404854,0.0,5.240179929060522,0,0,waiter-2,2.9252257347106934,2.549999952316284,-0.5000093067838485,0.0,11.167361870735967,0,0,customer-1,-5.408681869506836,-2.549999952316284,-0.4489894988741572,0.0,8.2008388750377,0,0,customer-2,3.97389554977417,-2.200000047683716,-0.41524845426987866,0.0,14.030135817083684,0,0
3,55,2.200000000000001,to_table,-7.897790431976318,5.251163005828857,-0.7435514974163258,-0.9487800598144531,0.9627351760864258,0.20000000298023224,-0.5829671621322632,0.20000000298023224,-0.5829671621322632,0,nominal-sac-a-star,4.12160918870793,99.0,99.0,4.181625785827636,99.0,waiter-1,0,,waiter-1,-3.6357431411743164,2.200000047683716,0.4741566915097728,0.0,5.24162594107875,0,0,waiter-2,2.9052252769470215,2.549999952316284,-0.5000085754189865,0.0,11.135592945546538,0,0,customer-1,-5.426641464233398,-2.549999952316284,-0.448988964286281,0.0,8.183197463113839,0,0,customer-2,3.9572854042053223,-2.200000047683716,-0.4152465760908264,0.0,14.002237461621933,0,0
3,56,2.240000000000001,to_table,-7.8853349685668945,5.241996765136719,-0.7589509574322418,-0.9752472043037415,0.9863313436508179,0.20000000298023224,-0.5780465006828308,0.20000000298023224,-0.5780465006828308,0,nominal-sac-a-star,4.123082002215144,99.0,99.0,4.181596221923828,99.0,waiter-1,0,,waiter-1,-3.616776943206787,2.200000047683716,0.4741571284790602,0.0,5.241596287855544,0,0,waiter-2,2.8852248191833496,2.549999952316284,-0.5000078440541245,0.0,11.101882947578666,0,0,customer-1,-5.444601058959961,-2.549999952316284,-0.4489884296984048,0.0,8.165316580654023,0,0,customer-2,3.940675735473633,-2.200000047683716,-0.41524946628335613,0.0,13.972753691885885,0,0
3,57,2.280000000000001,to_table,-7.875091075897217,5.232612133026123,-0.7747764946815023,-0.9306499361991882,0.9030685424804688,0.20000000298023224,-0.48226842284202576,0.20000000298023224,-0.48226842284202576,0,nominal-sac-a-star,4.123075961053963,99.0,99.0,4.183268489837646,99.0,waiter-1,0,,waiter-1,-3.597810745239258,2.200000047683716,0.47415756544834764,0.0,5.24326835925821,0,0,waiter-2,2.865224838256836,2.549999952316284,-0.5000118810608445,0.0,11.070266213959066,0,0,customer-1,-5.462560653686523,-2.549999952316284,-0.4489878951105286,0.0,8.147966243732837,0,0,customer-2,3.924065589904785,-2.200000047683716,-0.41524758810430384,0.0,13.945028571249901,0,0
3,58,2.320000000000001,to_table,-7.865516662597656,5.2238664627075195,-0.7893529822329372,-0.876838207244873,0.7307507991790771,0.20000000298023224,-0.5037125945091248,0.20000000298023224,-0.5037125945091248,0,nominal-sac-a-star,4.124774611609493,99.0,99.0,4.185886325836181,99.0,waiter-1,0,,waiter-1,-3.5788445472717285,2.200000047683716,0.47415800241763506,0.0,5.245886571421629,0,0,waiter-2,2.845224380493164,2.549999952316284,-0.5000111496959825,0.0,11.039453600950639,0,0,customer-1,-5.480520248413086,-2.549999952316284,-0.4489873605226524,0.0,8.131494753998695,0,0,customer-2,3.9074559211730957,-2.200000047683716,-0.4152504782968336,0.0,13.918213873278651,0,0
3,59,2.360000000000001,to_table,-7.854051113128662,5.215170383453369,-0.804010410526692,-0.9575666785240173,0.9621446132659912,0.20000000298023224,-0.4780833423137665,0.20000000298023224,-0.4780833423137665,0,nominal-sac-a-star,4.127419010257115,99.0,99.0,4.187015953063964,99.0,waiter-1,0,,waiter-1,-3.559877872467041,2.200000047683716,0.47415367101534045,0.0,5.24701591140332,0,0,waiter-2,2.825223922729492,2.549999952316284,-0.5000104183311205,0.0,11.006818283160245,0,0,customer-1,-5.498479843139648,-2.549999952316284,-0.44898682593477623,0.0,8.114590954047816,0,0,customer-2,3.890845775604248,-2.200000047683716,-0.4152486001177813,0.0,13.889829208805187,0,0
3,60,2.4000000000000012,to_table,-7.842588424682617,5.206173896789551,-0.8188740487104414,-0.9563231468200684,0.9585126638412476,0.20000000298023224,-0.4876774251461029,0.20000000298023224,-0.4876774251461029,0,nominal-sac-a-star,4.128571701261806,99.0,99.0,4.188000144958496,99.0,waiter-1,0,,waiter-1,-3.5409116744995117,2.200000047683716,0.47415410798462787,0.0,5.248000007061135,0,0,waiter-2,2.8052234649658203,2.549999952316284,-0.5000096869662585,0.0,10.974113087654843,0,0,customer-1,-5.516439437866211,-2.549999952316284,-0.44898629134690005,0.0,8.097481206302378,0,0,customer-2,3.8742356300354004,-2.200000047683716,-0.415246721938729,0.0,13.861290647880285,0,0
3,61,2.4400000000000013,to_table,-7.832633018493652,5.197166919708252,-0.8350362680184764,-0.8764240145683289,0.968299150466919,0.20000000298023224,-0.5872812867164612,0.20000000298023224,-0.5872812867164612,0,nominal-sac-a-star,4.12957996586173,99.0,99.0,4.1902417564392085,99.0,waiter-1,0,,waiter-1,-3.5219454765319824,2.200000047683716,0.4741545449539153,0.0,5.2502415509369555,0,0,waiter-2,2.7852230072021484,2.549999952316284,-0.5000089556013965,0.0,10.942867975793906,0,0,customer-1,-5.534399032592773,-2.549999952316284,-0.44898575675902386,0.0,8.080870868721036,0,0,customer-2,3.857625961303711,-2.200000047683716,-0.41524961213125877,0.0,13.834024510539503,0,0
3,62,2.4800000000000013,to_table,-7.821693420410156,5.188323497772217,-0.8536972388425623,-0.9522298574447632,0.9524997472763062,0.20000000298023224,-0.5892434120178223,0.20000000298023224,-0.5892434120178223,0,nominal-sac-a-star,4.131847377726359,99.0,99.0,4.191796722412109,99.0,waiter-1,0,,waiter-1,-3.502979278564453,2.200000047683716,0.4741549819232027,0.0,5.251796728865933,0,0,waiter-2,2.7652225494384766,2.549999952316284,-0.5000082242365345,0.0,10.91070762522501,0,0,customer-1,-5.552358627319336,-2.549999952316284,-0.44898522217114767,0.0,8.06421293253856,0,0,customer-2,3.8410158157348633,-2.200000047683716,-0.4152477339522065,0.0,13.80601722218254,0,0
3,63,2.5200000000000014,to_table,-7.8126912117004395,5.180115222930908,-0.8723991217682753,-0.8907778859138489,0.8715910911560059,0.10000000149011612,-0.5992816686630249,0.10000000149011612,-0.5992816686630249,0,nominal-sac-a-star,4.133426891834015,99.0,99.0,4.195334377288818,99.0,waiter-1,0,,waiter-1,-3.484013080596924,2.200000047683716,0.47415541889249013,0.0,5.255334510802564,0,0,waiter-2,2.7452220916748047,2.549999952316284,-0.5000074928716725,0.0,10.880580851145227,0,0,customer-1,-5.57031774520874,-2.549999952316284,-0.4489894559548535,0.0,8.04878372089926,0,0,customer-2,3.824406147003174,-2.200000047683716,-0.41525062414473624,0.0,13.77999043336046,0,0
3,64,2.5600000000000014,to_table,-7.801147937774658,5.174275875091553,-0.8914674696339363,-0.9414302706718445,0.9502503871917725,0.10000000149011612,-0.5864315629005432,0.10000000149011612,-0.5864315629005432,0,nominal-sac-a-star,4.1369900870881455,99.0,99.0,4.198145332336425,99.0,waiter-1,0,,waiter-1,-3.4650468826293945,2.200000047683716,0.47415585586177755,0.0,5.258145020626042,0,0,waiter-2,2.725222110748291,2.549999952316284,-0.5000115298783925,0.0,10.848561679655926,0,0,customer-1,-5.588277339935303,-2.549999952316284,-0.4489889213669773,0.0,8.035000519020452,0,0,customer-2,3.807796001434326,-2.200000047683716,-0.41524874596568395,0.0,13.75309146224659,0,0
3,65,2.6000000000000014,to_table,-7.793765068054199,5.168195724487305,-0.9100958915558024,-0.9378385543823242,0.9471074342727661,0.10000000149011612,-0.5909276604652405,0.10000000149011612,-0.5909276604652405,0,nominal-sac-a-star,4.13981899704307,99.0,99.0,4.204270305633544,99.0,waiter-1,0,,waiter-1,-3.4460806846618652,2.200000047683716,0.474156292831065,0.0,5.264270611717173,0,0,waiter-2,2.705221652984619,2.549999952316284,-0.5000107985135305,0.0,10.820520840974506,0,0,customer-1,-5.606236934661865,-2.549999952316284,-0.44898838677910113,0.0,8.022208164826724,0,0,customer-2,3.7911858558654785,-2.200000047683716,-0.41524686778663167,0.0,13.72958108780695,0,0
3,66,2.6400000000000015,to_table,-7.7815632820129395,5.162383556365967,-0.9311214435455476,-0.9826834201812744,0.9971117973327637,0.10000000149011612,-0.5795007944107056,0.10000000149011612,-0.5795007944107056,0,nominal-sac-a-star,4.145968075038358,99.0,99.0,4.206586780548095,99.0,waiter-1,0,,waiter-1,-3.427114486694336,2.200000047683716,0.4741567298003524,0.0,5.266587164717223,0,0,waiter-2,2.6852211952209473,2.549999952316284,-0.5000100671486685,0.0,10.787869362741276,0,0,customer-1,-5.624196529388428,-2.549999952316284,-0.44898785219122495,0.0,8.008438717398265,0,0,customer-2,3.774576187133789,-2.200000047683716,-0.4152497579791614,0.0,13.702155004361556,0,0
3,67,2.6800000000000015,to_table,-7.774501323699951,5.157449722290039,-0.9527493115797979,-0.8901463747024536,0.95319664478302,0.10000000149011612,-0.5897272229194641,0.10000000149011612,-0.5897272229194641,0,nominal-sac-a-star,4.148302077969112,99.0,99.0,4.213665428161621,99.0,waiter-1,0,,waiter-1,-3.4081482887268066,2.200000047683716,0.4741571667696398,0.0,5.273665461882109,0,0,waiter-2,2.6652207374572754,2.549999952316284,-0.5000093357838065,0.0,10.760417790083668,0,0,customer-1,-5.64215612411499,-2.549999952316284,-0.44898731760334876,0.0,7.9969792132268385,0,0,customer-2,3.7579660415649414,-2.200000047683716,-0.41524787980010913,0.0,13.679542048204196,0,0
3,68,2.7200000000000015,to_table,-7.767116546630859,5.1531243324279785,-0.9748818549573461,-0.8896074295043945,0.9452183246612549,0.10000000149011612,-0.5820839405059814,0.10000000149011612,-0.5820839405059814,0,nominal-sac-a-star,4.1554020973434564,99.0,99.0,4.22083848953247,99.0,waiter-1,0,,waiter-1,-3.3891820907592773,2.200000047683716,0.47415760373892724,0.0,5.280838299082251,0,0,waiter-2,2.6452202796936035,2.549999952316284,-0.5000086044189445,0.0,10.732800879694194,0,0,customer-1,-5.660115718841553,-2.549999952316284,-0.44898678301547257,0.0,7.986086415417857,0,0,customer-2,3.741356372833252,-2.200000047683716,-0.4152507699926389,0.0,13.656990411047076,0,0
3,69,2.7600000000000016,to_table,-7.758441925048828,5.148397445678711,-0.9966198523246226,-0.8891369700431824,0.9427459239959717,0.10000000149011612,-0.5745210647583008,0.10000000149011612,-0.5745210647583008,0,nominal-sac-a-star,4.162595161955374,99.0,99.0,4.226735534667968,99.0,waiter-1,0,,waiter-1,-3.370215892791748,2.200000047683716,0.47415804070821466,0.0,5.286735753438257,0,0,waiter-2,2.6252198219299316,2.549999952316284,-0.5000078730540825,0.0,10.703835798870522,0,0,customer-1,-5.678075313568115,-2.549999952316284,-0.4489862484275964,0.0,7.974537462174208,0,0,customer-2,3.7247462272644043,-2.200000047683716,-0.4152488918135866,0.0,13.63314181918028,0,0
3,70,2.8000000000000016,to_table,-7.75349235534668,5.144155502319336,-1.0203106758872649,-0.8917537927627563,0.9433407783508301,0.10000000149011612,-0.5709925293922424,0.10000000149011612,-0.5709925293922424,0,nominal-sac-a-star,4.168511964812155,99.0,99.0,4.236017169952392,99.0,waiter-1,0,,waiter-1,-3.3512492179870605,2.200000047683716,0.47415370930592005,0.0,5.29601699218295,0,0,waiter-2,2.605219841003418,2.549999952316284,-0.5000119100608025,0.0,10.678602969697108,0,0,customer-1,-5.696034908294678,-2.549999952316284,-0.4489857138397202,0.0,7.964493662909702,0,0,customer-2,3.7081360816955566,-2.200000047683716,-0.4152470136345343,0.0,13.612698012203749,0,0
3,71,2.8400000000000016,to_table,-7.744781970977783,5.140570640563965,-1.0441848231247977,-0.8884628415107727,0.9339451789855957,0.10000000149011612,-0.5564379692077637,0.10000000149011612,-0.5564379692077637,0,nominal-sac-a-star,4.177815366972918,99.0,99.0,4.2425560379028315,99.0,waiter-1,0,,waiter-1,-3.3322830200195312,2.200000047683716,0.47415414627520747,0.0,5.3025562141216165,0,0,waiter-2,2.585219383239746,2.549999952316284,-0.5000111786959405,0.0,10.6498818992956,0,0,customer-1,-5.71399450302124,-2.549999952316284,-0.448985179251844,0.0,7.954179642432261,0,0,customer-2,3.691526412963867,-2.200000047683716,-0.41524990382706406,0.0,13.58944912355814,0,0
3,72,2.8800000000000017,to_table,-7.739167213439941,5.138720512390137,-1.066414004402729,-0.9921318292617798,0.9979188442230225,0.10000000149011612,-0.5436259508132935,0.10000000149011612,-0.5436259508132935,0,nominal-sac-a-star,4.184371801922976,99.0,99.0,4.252648296356201,99.0,waiter-1,0,,waiter-1,-3.313316822052002,2.200000047683716,0.4741545832444949,0.0,5.312648083266301,0,0,waiter-2,2.565218925476074,2.549999952316284,-0.5000104473310785,0.0,10.624586949055177,0,0,customer-1,-5.7319536209106445,-2.549999952316284,-0.44898941303554984,0.0,7.946403512937767,0,0,customer-2,3.6749162673950195,-2.200000047683716,-0.4152480256480118,0.0,13.569750224905402,0,0
3,73,2.9200000000000017,to_table,-7.734869480133057,5.136257171630859,-1.088781370356019,-0.9551030993461609,0.9736936092376709,0.10000000149011612,-0.5349698662757874,0.10000000149011612,-0.5349698662757874,0,nominal-sac-a-star,4.194481319405691,99.0,99.0,4.263514938354492,99.0,waiter-1,0,,waiter-1,-3.2943506240844727,2.200000047683716,0.4741550202137823,0.0,5.32351515531358,0,0,waiter-2,2.5452184677124023,2.549999952316284,-0.5000097159662165,0.0,10.600421435956884,0,0,customer-1,-5.749913215637207,-2.549999952316284,-0.44898887844767366,0.0,7.938425533277335,0,0,customer-2,3.65830659866333,-2.200000047683716,-0.4152509158405415,0.0,13.550835072068564,0,0
3,74,2.9600000000000017,to_table,-7.7325663566589355,5.131617069244385,-1.1086785604849243,-0.9549943804740906,0.9453516006469727,0.10000000149011612,-0.5231119990348816,0.10000000149011612,-0.5231119990348816,0,nominal-sac-a-star,4.205368353452101,99.0,99.0,4.274871292114257,99.0,waiter-1,0,,waiter-1,-3.2753844261169434,2.200000047683716,0.47415545718306973,0.0,5.334871050274251,0,0,waiter-2,2.5252180099487305,2.549999952316284,-0.5000089846013545,0.0,10.57765980972336,0,0,customer-1,-5.7678728103637695,-2.549999952316284,-0.44898834385979747,0.0,7.928887740205714,0,0,customer-2,3.6416964530944824,-2.200000047683716,-0.41524903766148924,0.0,13.532422695680653,0,0
3,75,3.0000000000000018,to_table,-7.729193210601807,5.127033233642578,-1.1258491913197577,-0.9162907600402832,0.9464585781097412,0.10000000149011612,-0.5054892897605896,0.10000000149011612,-0.5054892897605896,0,nominal-sac-a-star,4.216749751545722,99.0,99.0,4.285394134521484,99.0,waiter-1,0,,waiter-1,-3.256418228149414,2.200000047683716,0.47415589415235715,0.0,5.345394215149757,0,0,waiter-2,2.5052175521850586,2.549999952316284,-0.5000082532364925,0.0,10.553874368899367,0,0,customer-1,-5.785832405090332,-2.549999952316284,-0.4489878092719213,0.0,7.91918491757276,0,0,customer-2,3.6250863075256348,-2.200000047683716,-0.41524715948243696,0.0,13.513144714737258,0,0
3,76,3.040000000000002,to_table,-7.72656774520874,5.122563362121582,-1.1419337798410365,-0.33983123302459717,0.5798975229263306,0.10000000149011612,-0.5385677218437195,0.10000000149011612,-0.5385677218437195,0,nominal-sac-a-star,4.227296993088307,99.0,99.0,4.296634616851806,99.0,waiter-1,0,,waiter-1,-3.2374520301818848,2.200000047683716,0.47415633112164457,0.0,5.3566347859266195,0,0,waiter-2,2.4852170944213867,2.549999952316284,-0.5000075218716304,0.0,10.530841946794604,0,0,customer-1,-5.8037919998168945,-2.549999952316284,-0.4489872746840451,0.0,7.9098226516859995,0,0,customer-2,3.6084766387939453,-2.200000047683716,-0.4152500496749667,0.0,13.494560610776855,0,0
3,77,3.080000000000002,to_table,-7.724707126617432,5.117534160614014,-1.1579774060130434,-0.6078855991363525,0.8754467964172363,0.10000000149011612,-0.49155277013778687,0.10000000149011612,-0.49155277013778687,0,nominal-sac-a-star,4.238562062123541,99.0,99.0,4.308243217468261,99.0,waiter-1,0,,waiter-1,-3.2184858322143555,2.200000047683716,0.474156768090932,0.0,5.3682432558746545,0,0,waiter-2,2.465217113494873,2.549999952316284,-0.5000115588783505,0.0,10.508415100766022,0,0,customer-1,-5.821751594543457,-2.549999952316284,-0.4489867400961689,0.0,7.900146779016245,0,0,customer-2,3.5918664932250977,-2.200000047683716,-0.4152481714959144,0.0,13.476317946046068,0,0
3,78,3.120000000000002,to_table,-7.722559928894043,5.112552165985107,-1.1745624067648077,-0.593143105506897,0.8742995262145996,0.10000000149011612,-0.4782164394855499,0.10000000149011612,-0.4782164394855499,0,nominal-sac-a-star,4.2501965340148375,99.0,99.0,4.319670143127441,99.0,waiter-1,0,,waiter-1,-3.199519634246826,2.200000047683716,0.4741572050602194,0.0,5.379670375480668,0,0,waiter-2,2.445216655731201,2.549999952316284,-0.5000108275134885,0.0,10.485721459328985,0,0,customer-1,-5.8397111892700195,-2.549999952316284,-0.4489862055082927,0.0,7.89048948684357,0,0,customer-2,3.575256824493408,-2.200000047683716,-0.41525106168844417,0.0,13.457863250559317,0,0
3,79,3.160000000000002,to_table,-7.721385478973389,5.107112884521484,-1.193833822258419,-0.5839043259620667,0.8703029155731201,0.10000000149011612,-0.46554726362228394,0.10000000149011612,-0.46554726362228394,0,nominal-sac-a-star,4.2616490727787015,99.0,99.0,4.331703128814697,99.0,waiter-1,0,,waiter-1,-3.180553436279297,2.200000047683716,0.47415764202950683,0.0,5.391702948611351,0,0,waiter-2,2.4252161979675293,2.549999952316284,-0.5000100961486265,0.0,10.463859332892016,0,0,customer-1,-5.857670783996582,-2.549999952316284,-0.4489856709204165,0.0,7.880660471073362,0,0,customer-2,3.5586466789245605,-2.200000047683716,-0.4152491835093919,0.0,13.439978604417952,0,0
3,80,3.200000000000002,to_table,-7.7185258865356445,5.1017165184021,-1.2119073747822298,-0.5570915937423706,0.8536994457244873,0.10000000149011612,-0.4484245777130127,0.10000000149011612,-0.4484245777130127,0,nominal-sac-a-star,4.273708580205546,99.0,99.0,4.3423742675781245,99.0,waiter-1,0,,waiter-1,-3.1615872383117676,2.200000047683716,0.47415807899879425,0.0,5.402374322472927,0,0,waiter-2,2.4052157402038574,2.549999952316284,-0.5000093647837645,0.0,10.440373650335268,0,0,customer-1,-5.8756303787231445,-2.549999952316284,-0.44898513633254034,0.0,7.870516425303901,0,0,customer-2,3.542036533355713,-2.200000047683716,-0.4152473053303396,0.0,13.420705302767121,0,0
3,81,3.240000000000002,to_table,-7.716132164001465,5.096533298492432,-1.2295864918619628,-0.5670340657234192,0.820483922958374,0.10000000149011612,-0.4400223195552826,0.10000000149011612,-0.4400223195552826,0,nominal-sac-a-star,4.284404892222858,99.0,99.0,4.353585662841796,99.0,waiter-1,0,,waiter-1,-3.14262056350708,2.200000047683716,0.47415374759649964,0.0,5.41358598646934,0,0,waiter-2,2.3852152824401855,2.549999952316284,-0.5000086334189024,0.0,10.417391819304886,0,0,customer-1,-5.893589496612549,-2.549999952316284,-0.4489893701162462,0.0,7.860733587279015,0,0,customer-2,3.5254268646240234,-2.200000047683716,-0.41525019552286935,0.0,13.401941958758504,0,0
3,82,3.280000000000002,to_table,-7.7132720947265625,5.088741302490234,-1.2478753468200223,-0.586247444152832,0.8026998043060303,0.2199999988079071,-0.4290166199207306,0.2199999988079071,-0.4290166199207306,0,nominal-sac-a-star,4.295641026800594,99.0,99.0,4.363044681549072,99.0,waiter-1,0,,waiter-1,-3.123654365539551,2.200000047683716,0.47415418456578706,0.0,5.423044987577448,0,0,waiter-2,2.3652148246765137,2.549999952316284,-0.5000079020540404,0.0,10.393320269656947,0,0,customer-1,-5.911549091339111,-2.549999952316284,-0.44898883552837,0.0,7.84834847205567,0,0,customer-2,3.508816719055176,-2.200000047683716,-0.41524831734381706,0.0,13.381368682393472,0,0
3,83,3.320000000000002,to_table,-7.710878372192383,5.079268455505371,-1.2640411958066815,-0.3579621911048889,0.710639476776123,0.2199999988079071,-0.428615540266037,0.2199999988079071,-0.428615540266037,0,nominal-sac-a-star,4.305128345176275,99.0,99.0,4.372050704956054,99.0,waiter-1,0,,waiter-1,-3.1046881675720215,2.200000047683716,0.4741546215350745,0.0,5.432050696138652,0,0,waiter-2,2.34521484375,2.549999952316284,-0.5000119390607605,0.0,10.369291679229917,0,0,customer-1,-5.929508686065674,-2.549999952316284,-0.4489883009404938,0.0,7.834476012933905,0,0,customer-2,3.4922070503234863,-2.200000047683716,-0.4152512075363468,0.0,13.36027218756071,0,0
3,84,3.360000000000002,to_table,-7.708583354949951,5.069004535675049,-1.278259954652807,-0.9748089909553528,0.5479339361190796,0.2199999988079071,-0.43880340456962585,0.2199999988079071,-0.43880340456962585,0,nominal-sac-a-star,4.3141652348633475,99.0,99.0,4.380775394439697,99.0,waiter-1,0,,waiter-1,-3.085721969604492,2.200000047683716,0.4741550585043619,0.0,5.4407751414878875,0,0,waiter-2,2.325214385986328,2.549999952316284,-0.5000112076958985,0.0,10.345167045388898,0,0,customer-1,-5.947468280792236,-2.549999952316284,-0.4489877663526176,0.0,7.819894864539907,0,0,customer-2,3.4755969047546387,-2.200000047683716,-0.4152493293572945,0.0,13.338827374040664,0,0
3,85,3.400000000000002,to_table,-7.707217216491699,5.058260917663574,-1.2913548777995152,-0.6230356693267822,0.8519879579544067,0.2199999988079071,-0.3562721908092499,0.2199999988079071,-0.3562721908092499,0,nominal-sac-a-star,4.322921932595131,99.0,99.0,4.390095176696777,99.0,waiter-1,0,,waiter-1,-3.066755771636963,2.200000047683716,0.4741554954736493,0.0,5.450095193851326,0,0,waiter-2,2.3052139282226562,2.549999952316284,-0.5000104763310365,0.0,10.321828834946398,0,0,customer-1,-5.965427875518799,-2.549999952316284,-0.4489872317647414,0.0,7.805092156662436,0,0,customer-2,3.458986759185791,-2.200000047683716,-0.41524745117824224,0.0,13.317900114789868,0,0
3,86,3.440000000000002,to_table,-7.704744815826416,5.045529842376709,-1.3006896636994938,-0.5939615964889526,0.8450272083282471,0.2199999988079071,-0.34632816910743713,0.2199999988079071,-0.34632816910743713,0,nominal-sac-a-star,4.33227559697249,99.0,99.0,4.397497119903564,99.0,waiter-1,0,,waiter-1,-3.0477895736694336,2.200000047683716,0.47415593244293675,0.0,5.457496856612832,0,0,waiter-2,2.2852134704589844,2.549999952316284,-0.5000097449661745,0.0,10.296938185397995,0,0,customer-1,-5.983387470245361,-2.549999952316284,-0.44898669717686523,0.0,7.788141239940043,0,0,customer-2,3.4423770904541016,-2.200000047683716,-0.415250341370772,0.0,13.294962586680642,0,0
3,87,3.480000000000002,to_table,-7.702175140380859,5.032975196838379,-1.3100823676368525,-0.5632732510566711,0.843314528465271,0.2199999988079071,-0.3437771499156952,0.2199999988079071,-0.3437771499156952,0,nominal-sac-a-star,4.339712598839097,99.0,99.0,4.40497631072998,99.0,waiter-1,0,,waiter-1,-3.0288233757019043,2.200000047683716,0.47415636941222417,0.0,5.464976204171047,0,0,waiter-2,2.2652130126953125,2.549999952316284,-0.5000090136013124,0.0,10.272000421485231,0,0,customer-1,-6.001347064971924,-2.549999952316284,-0.44898616258898905,0.0,7.771378787242097,0,0,customer-2,3.425766944885254,-2.200000047683716,-0.4152484631917197,0.0,13.272039253291341,0,0
3,88,3.5200000000000022,to_table,-7.698136806488037,5.020561695098877,-1.3215475713590485,-0.569625973701477,0.8424077033996582,0.2199999988079071,-0.34170863032341003,0.2199999988079071,-0.34170863032341003,0,nominal-sac-a-star,4.34722662349741,99.0,99.0,4.41133731842041,99.0,waiter-1,0,,waiter-1,-3.009857177734375,2.200000047683716,0.4741568063815116,0.0,5.471337485867227,0,0,waiter-2,2.2452125549316406,2.549999952316284,-0.5000082822364504,0.0,10.245675763371885,0,0,customer-1,-6.019306659698486,-2.549999952316284,-0.44898562800111286,0.0,7.754474470851187,0,0,customer-2,3.4091567993164062,-2.200000047683716,-0.4152465850126674,0.0,13.247961470614257,0,0
3,89,3.5600000000000023,to_table,-7.695842266082764,5.008286952972412,-1.3324595205123955,-0.972320020198822,0.9884400367736816,0.2199999988079071,-0.3237013816833496,0.2199999988079071,-0.3237013816833496,0,nominal-sac-a-star,4.3536207251839265,99.0,99.0,4.419328632354736,99.0,waiter-1,0,,waiter-1,-2.9908909797668457,2.200000047683716,0.474157243350799,0.0,5.479328603854835,0,0,waiter-2,2.2252120971679688,2.549999952316284,-0.5000075508715884,0.0,10.221080894708313,0,0,customer-1,-6.037266254425049,-2.549999952316284,-0.44898509341323667,0.0,7.738124794102573,0,0,customer-2,3.392547130584717,-2.200000047683716,-0.41524947520519717,0.0,13.225421766278606,0,0
3,90,3.6000000000000023,to_table,-7.692471504211426,4.995312213897705,-1.3421510319195569,-0.8460866808891296,0.9463889598846436,0.2199999988079071,-0.3249829411506653,0.2199999988079071,-0.3249829411506653,0,nominal-sac-a-star,4.361645773233501,99.0,99.0,4.426103534698486,99.0,waiter-1,0,,waiter-1,-2.9719247817993164,2.200000047683716,0.4741576803200864,0.0,5.486103486543036,0,0,waiter-2,2.205212116241455,2.549999952316284,-0.5000115878783085,0.0,10.195277980870443,0,0,customer-1,-6.055225372314453,-2.549999952316284,-0.4489893271969425,0.0,7.720900891866728,0,0,customer-2,3.375936985015869,-2.200000047683716,-0.4152475970261449,0.0,13.201597820948145,0,0
3,91,3.6400000000000023,to_table,-7.689459800720215,4.983058452606201,-1.3550086039863802,-0.13815569877624512,0.14602863788604736,0.2199999988079071,-0.4224492311477661,0.2199999988079071,-0.4224492311477661,0,nominal-sac-a-star,4.368454387014654,99.0,99.0,4.433619918823242,99.0,waiter-1,0,,waiter-1,-2.952958583831787,2.200000047683716,0.47415811728937385,0.0,5.493619741372281,0,0,waiter-2,2.185211658477783,2.549999952316284,-0.5000108565134465,0.0,10.170000496211028,0,0,customer-1,-6.073184967041016,-2.549999952316284,-0.4489887926090663,0.0,7.704499547015239,0,0,customer-2,3.3593273162841797,-2.200000047683716,-0.41525048721867464,0.0,13.178468278804996,0,0
3,92,3.6800000000000024,to_table,-7.686386585235596,4.9702653884887695,-1.3664416053861352,-0.8106491565704346,0.9289864301681519,0.2199999988079071,-0.32549288868904114,0.2199999988079071,-0.32549288868904114,0,nominal-sac-a-star,4.3760033244645005,99.0,99.0,4.440874996185302,99.0,waiter-1,0,,waiter-1,-2.9339919090270996,2.200000047683716,0.47415378588707924,0.0,5.5008749501257155,0,0,waiter-2,2.1652112007141113,2.549999952316284,-0.5000101251485845,0.0,10.144538615317128,0,0,customer-1,-6.091144561767578,-2.549999952316284,-0.44898825802119013,0.0,7.687599619488003,0,0,customer-2,3.342717170715332,-2.200000047683716,-0.41524860903962235,0.0,13.154992819636986,0,0
3,93,3.7200000000000024,to_table,-7.6837477684021,4.957511901855469,-1.376272887684565,-0.8158701658248901,0.9448177814483643,0.2199999988079071,-0.3234635591506958,0.2199999988079071,-0.3234635591506958,0,nominal-sac-a-star,4.383291280313024,99.0,99.0,4.448591651916503,99.0,waiter-1,0,,waiter-1,-2.9150257110595703,2.200000047683716,0.47415422285636666,0.0,5.50859162455186,0,0,waiter-2,2.1452107429504395,2.549999952316284,-0.5000093937837224,0.0,10.119512794846573,0,0,customer-1,-6.109104156494141,-2.549999952316284,-0.44898772343331395,0.0,7.6708693604474805,0,0,customer-2,3.3261070251464844,-2.200000047683716,-0.41524673086057007,0.0,13.1319031325555,0,0
3,94,3.7600000000000025,to_table,-7.681149482727051,4.944581508636475,-1.3862461336599072,-0.8145167231559753,0.9456136226654053,0.2199999988079071,-0.3247374892234802,0.2199999988079071,-0.3247374892234802,0,nominal-sac-a-star,4.391041143876292,99.0,99.0,4.456322612762451,99.0,waiter-1,0,,waiter-1,-2.896059513092041,2.200000047683716,0.4741546598256541,0.0,5.516322453710186,0,0,waiter-2,2.1252102851867676,2.549999952316284,-0.5000086624188604,0.0,10.094489225692778,0,0,customer-1,-6.127063751220703,-2.549999952316284,-0.44898718884543776,0.0,7.654014223642938,0,0,customer-2,3.309497356414795,-2.200000047683716,-0.4152496210530998,0.0,13.108751411086002,0,0
3,95,3.8000000000000025,to_table,-7.678009986877441,4.932065963745117,-1.4002699734616912,0.6866413354873657,-0.8213165402412415,0.2199999988079071,-0.5387528538703918,0.2199999988079071,-0.5387528538703918,0,nominal-sac-a-star,4.398805166479984,99.0,99.0,4.463856163024902,99.0,waiter-1,0,,waiter-1,-2.8770933151245117,2.200000047683716,0.4741550967949415,0.0,5.523855995481748,0,0,waiter-2,2.1052098274230957,2.549999952316284,-0.5000079310539984,0.0,10.069043073585846,0,0,customer-1,-6.145023345947266,-2.549999952316284,-0.44898665425756157,0.0,7.637496868317402,0,0,customer-2,3.2928872108459473,-2.200000047683716,-0.41524774287404753,0.0,13.08537163837517,0,0
3,96,3.8400000000000025,to_table,-7.675776958465576,4.91945219039917,-1.413799511385486,-0.8417291045188904,0.9238560199737549,0.2199999988079071,-0.328672856092453,0.2199999988079071,-0.328672856092453,0,nominal-sac-a-star,4.406370543720713,99.0,99.0,4.4721936607360835,99.0,waiter-1,0,,waiter-1,-2.8581271171569824,2.200000047683716,0.4741555337642289,0.0,5.532193954479578,0,0,waiter-2,2.085209846496582,2.549999952316284,-0.5000119680607185,0.0,10.044459533255205,0,0,customer-1,-6.162982940673828,-2.549999952316284,-0.4489861196696854,0.0,7.621106287973091,0,0,customer-2,3.276277542114258,-2.200000047683716,-0.4152506330665773,0.0,13.062698724000887,0,0
3,97,3.8800000000000026,to_table,-7.674386978149414,4.907417297363281,-1.423142947284604,-0.8503667116165161,0.957149863243103,0.2199999988079071,-0.2534155249595642,0.2199999988079071,-0.2534155249595642,0,nominal-sac-a-star,4.414740954722337,99.0,99.0,4.481616916656494,99.0,waiter-1,0,,waiter-1,-2.839160919189453,2.200000047683716,0.47415597073351634,0.0,5.5416170207898645,0,0,waiter-2,2.06520938873291,2.549999952316284,-0.5000112366958565,0.0,10.020835989502862,0,0,customer-1,-6.180942535400391,-2.549999952316284,-0.4489855850818092,0.0,7.605488040842368,0,0,customer-2,3.25966739654541,-2.200000047683716,-0.415248754887525,0.0,13.041047748760754,0,0
3,98,3.9200000000000026,to_table,-7.671202182769775,4.883248329162598,-1.4295083041744105,-0.13057518005371094,0.9706957340240479,0.7799999713897705,-0.2476714849472046,0.7799999713897705,-0.2476714849472046,0,nominal-sac-a-star,4.246583607410892,99.0,99.0,4.132418880462646,99.0,customer-1,0,,waiter-1,-2.820194721221924,2.200000047683716,0.47415640770280376,0.0,5.543653554475812,0,0,waiter-2,2.0452089309692383,2.549999952316284,-0.5000105053309944,0.0,9.992631931540707,0,0,customer-1,-6.198902130126953,-2.549999952316284,-0.448985050493933,0.0,7.57765448269587,0,0,customer-2,3.2430572509765625,-2.200000047683716,-0.4152468767084727,0.0,13.011282279437983,0,0
3,99,3.9600000000000026,to_table,-7.667963981628418,4.8515305519104,-1.434455992269309,-0.16710013151168823,0.9486885070800781,0.7799999713897705,-0.2593599855899811,0.7799999713897705,-0.2593599855899811,0,nominal-sac-a-star,4.263480981585107,99.0,99.0,4.098677883148193,99.0,customer-1,0,,waiter-1,-2.8012285232543945,2.200000047683716,0.4741568446720912,0.0,5.5421771928222965,0,0,waiter-2,2.0252084732055664,2.549999952316284,-0.5000097739661324,0.0,9.962662060916266,0,0,customer-1,-6.216861248016357,-2.549999952316284,-0.44898928427763884,0.0,7.542436804408408,0,0,customer-2,3.226447582244873,-2.200000047683716,-0.41524976690100246,0.0,12.977375972054915,0,0
3,100,4.000000000000003,to_table,-7.66318941116333,4.810120105743408,-1.442457502388528,-0.13523638248443604,0.9457802772521973,0.7799999713897705,-0.2758975625038147,0.7799999713897705,-0.2758975625038147,0,nominal-sac-a-star,4.276212886870456,99.0,99.0,4.054651508331299,99.0,customer-1,0,,waiter-1,-2.7822623252868652,2.200000047683716,0.4741572816413786,0.0,5.53499556776047,0,0,waiter-2,2.0052080154418945,2.549999952316284,-0.5000090426012704,0.0,9.929050906643292,0,0,customer-1,-6.23482084274292,-2.549999952316284,-0.44898874968976266,0.0,7.497439832122962,0,0,customer-2,3.2098374366760254,-2.200000047683716,-0.4152478887219502,0.0,12.936943124220674,0,0
3,101,4.040000000000003,to_table,-7.657616138458252,4.766592025756836,-1.4517125414525844,-0.17214691638946533,0.9430577754974365,0.7799999713897705,-0.301932156085968,0.7799999713897705,-0.301932156085968,0,nominal-sac-a-star,4.287738814536338,99.0,99.0,4.008406887054443,99.0,customer-1,0,,waiter-1,-2.763296127319336,2.200000047683716,0.474157718610666,0.0,5.526460237199227,0,0,waiter-2,1.9852075576782227,2.549999952316284,-0.5000083112364084,0.0,9.894307921972642,0,0,customer-1,-6.252780437469482,-2.549999952316284,-0.44898821510188647,0.0,7.450240366617479,0,0,customer-2,3.193227767944336,-2.200000047683716,-0.4152507789144799,0.0,12.894736081007586,0,0
3,102,4.080000000000003,to_table,-7.6532511711120605,4.722130298614502,-1.4598309911485479,-0.21887606382369995,0.9412350654602051,0.7799999713897705,-0.25178098678588867,0.7799999713897705,-0.25178098678588867,0,nominal-sac-a-star,4.298223985750754,99.0,99.0,3.9616549110412596,99.0,customer-1,0,,waiter-1,-2.7443299293518066,2.200000047683716,0.47415815557995344,0.0,5.518935473482656,0,0,waiter-2,1.9652070999145508,2.549999952316284,-0.5000075798715464,0.0,9.860673899525825,0,0,customer-1,-6.270740032196045,-2.549999952316284,-0.4489876805140103,0.0,7.40237903891239,0,0,customer-2,3.1766176223754883,-2.200000047683716,-0.41524890073542764,0.0,12.853090936241685,0,0
3,103,4.120000000000003,to_table,-7.648784160614014,4.676364898681641,-1.469070069652411,-0.26417338848114014,0.9334444999694824,0.7799999713897705,-0.2737097442150116,0.7799999713897705,-0.2737097442150116,0,nominal-sac-a-star,4.307426821260991,99.0,99.0,3.9136030769348142,99.0,customer-1,0,,waiter-1,-2.725363254547119,2.200000047683716,0.47415382417765883,0.0,5.511121146695519,0,0,waiter-2,1.945207118988037,2.549999952316284,-0.5000116168782665,0.0,9.826805002553554,0,0,customer-1,-6.288699626922607,-2.549999952316284,-0.4489871459261341,0.0,7.353242747150731,0,0,customer-2,3.1600074768066406,-2.200000047683716,-0.41524702255637536,0.0,12.810713154886301,0,0
3,104,4.160000000000003,to_table,-7.644063472747803,4.630160808563232,-1.4793542544770424,-0.06880539655685425,0.9297733306884766,0.7799999713897705,-0.30090612173080444,0.7799999713897705,-0.30090612173080444,0,nominal-sac-a-star,4.316096371780774,99.0,99.0,3.8651883697509763,99.0,customer-1,0,,waiter-1,-2.70639705657959,2.200000047683716,0.47415426114694625,0.0,5.50329273808635,0,0,waiter-2,1.9252066612243652,2.549999952316284,-0.5000108855134044,0.0,9.792752426401565,0,0,customer-1,-6.30665922164917,-2.549999952316284,-0.4489866113382579,0.0,7.303653789914375,0,0,customer-2,3.143397808074951,-2.200000047683716,-0.4152499127489051,0.0,12.767944948481652,0,0
3,105,4.200000000000003,to_table,-7.640408515930176,4.584222793579102,-1.4893571532118994,-0.39720797538757324,0.9324438571929932,0.7799999713897705,-0.3355814516544342,0.7799999713897705,-0.3355814516544342,0,nominal-sac-a-star,4.269377005137853,99.0,99.0,3.8173625564575193,99.0,customer-1,0,,waiter-1,-2.6874308586120605,2.200000047683716,0.4741546981162337,0.0,5.496954227200494,0,0,waiter-2,1.9052062034606934,2.549999952316284,-0.5000101541485424,0.0,9.759960191464256,0,0,customer-1,-6.324618816375732,-2.549999952316284,-0.4489860767503817,0.0,7.254545934895214,0,0,customer-2,3.1267876625061035,-2.200000047683716,-0.4152480345698528,0.0,12.72627962543826,0,0
3,106,4.240000000000003,to_table,-7.63681697845459,4.538869857788086,-1.50067897590849,0.9740157127380371,-0.9911434054374695,0.8199999928474426,-0.4934823215007782,0.8199999928474426,-0.4934823215007782,0,nominal-sac-a-star,4.125738670502327,99.0,99.0,3.65031982421875,99.0,customer-1,0,,waiter-1,-2.6684646606445312,2.200000047683716,0.4741551350855211,0.0,5.491341980108891,0,0,waiter-2,1.8852057456970215,2.549999952316284,-0.5000094227836804,0.0,9.727513570288714,0,0,customer-1,-6.342578411102295,-2.549999952316284,-0.4489855421625055,0.0,7.206048060749477,0,0,customer-2,3.110177993774414,-2.200000047683716,-0.41525092476238257,0.0,12.685041132609268,0,0
3,107,4.280000000000003,to_table,-7.632930755615234,4.491115570068359,-1.5124672894453812,-0.3299177289009094,0.9568977355957031,0.7799999713897705,-0.28250962495803833,0.7799999713897705,-0.28250962495803833,0,nominal-sac-a-star,4.174902173729149,99.0,99.0,3.7211110687255857,99.0,customer-1,0,,waiter-1,-2.649498462677002,2.200000047683716,0.4741555720548085,0.0,5.484870805699207,0,0,waiter-2,1.8652052879333496,2.549999952316284,-0.5000086914188184,0.0,9.694458114987023,0,0,customer-1,-6.360538005828857,-2.549999952316284,-0.44898500757462934,0.0,7.155158356687496,0,0,customer-2,3.0935678482055664,-2.200000047683716,-0.4152490465833303,0.0,12.642341575352855,0,0
3,108,4.320000000000003,to_table,-7.630222797393799,4.444650173187256,-1.5236445760787118,-0.008600831031799316,0.9051554203033447,0.7799999713897705,-0.3215502202510834,0.7799999713897705,-0.3215502202510834,0,nominal-sac-a-star,4.12591105914056,99.0,99.0,3.673609504699707,99.0,customer-1,0,,waiter-1,-2.6305322647094727,2.200000047683716,0.47415600902409594,0.0,5.48045250034487,0,0,waiter-2,1.8452048301696777,2.549999952316284,-0.5000079600539564,0.0,9.662992713680355,0,0,customer-1,-6.378497123718262,-2.549999952316284,-0.4489892413583352,0.0,7.105768610104411,0,0,customer-2,3.0769577026367188,-2.200000047683716,-0.415247168404278,0.0,12.601392415838593,0,0
3,109,4.360000000000003,to_table,-7.627900123596191,4.398521900177002,-1.531755443608086,-0.8473687767982483,0.9513647556304932,0.7799999713897705,-0.23661644756793976,0.7799999713897705,-0.23661644756793976,0,nominal-sac-a-star,4.078524214762237,99.0,99.0,3.6266586875915525,99.0,customer-1,0,,waiter-1,-2.6115660667419434,2.200000047683716,0.47415644599338336,0.0,5.476961356979462,0,0,waiter-2,1.825204849243164,2.549999952316284,-0.5000119970606764,0.0,9.63214550446799,0,0,customer-1,-6.396456718444824,-2.549999952316284,-0.448988706770459,0.0,7.056798763934503,0,0,customer-2,3.0603480339050293,-2.200000047683716,-0.41525005859680775,0.0,12.561016701395149,0,0
3,110,4.400000000000003,to_table,-7.625853061676025,4.352470397949219,-1.5398519230511105,-0.8784974813461304,0.9414777755737305,0.7799999713897705,-0.2625701129436493,0.7799999713897705,-0.2625701129436493,0,nominal-sac-a-star,4.031478916059236,99.0,99.0,3.579953441619873,99.0,customer-1,0,,waiter-1,-2.592599868774414,2.200000047683716,0.4741568829626708,0.0,5.4741909276738205,0,0,waiter-2,1.8052043914794922,2.549999952316284,-0.5000112656958144,0.0,9.601757359572279,0,0,customer-1,-6.414416313171387,-2.549999952316284,-0.4489881721825828,0.0,7.007972312439731,0,0,customer-2,3.0437378883361816,-2.200000047683716,-0.41524818041775546,0.0,12.520983986152025,0,0
3,111,4.440000000000003,to_table,-7.624208927154541,4.3059797286987305,-1.5491976122339706,-0.8990915417671204,0.9402024745941162,0.7799999713897705,-0.2939163148403168,0.7799999713897705,-0.2939163148403168,0,nominal-sac-a-star,3.9846548259483905,99.0,99.0,3.5330751037597654,99.0,customer-1,0,,waiter-1,-2.5736336708068848,2.200000047683716,0.4741573199319582,0.0,5.472061845125592,0,0,waiter-2,1.7852039337158203,2.549999952316284,-0.5000105343309524,0.0,9.57186060081198,0,0,customer-1,-6.432375907897949,-2.549999952316284,-0.4489876375947066,0.0,6.95880186039817,0,0,customer-2,3.027128219604492,-2.200000047683716,-0.4152510706102852,0.0,12.481136000566064,0,0
3,112,4.480000000000003,to_table,-7.62294340133667,4.259152412414551,-1.5563267341451137,-0.9135333299636841,0.9387805461883545,0.7799999713897705,-0.2141561061143875,0.7799999713897705,-0.2141561061143875,0,nominal-sac-a-star,3.937690726541332,99.0,99.0,3.4858782386779783,99.0,customer-1,0,,waiter-1,-2.5546674728393555,2.200000047683716,0.4741577569012456,0.0,5.4706059397988,0,0,waiter-2,1.7652034759521484,2.549999952316284,-0.5000098029660904,0.0,9.54245796015931,0,0,customer-1,-6.450335502624512,-2.549999952316284,-0.4489871030068304,0.0,6.9093824044006755,0,0,customer-2,3.0105180740356445,-2.200000047683716,-0.4152491924312329,0.0,12.441509291521694,0,0
3,113,4.520000000000003,to_table,-7.6224870681762695,4.21273946762085,-1.5633604008303632,-0.9151704907417297,0.921565055847168,0.7799999713897705,-0.23983491957187653,0.7799999713897705,-0.23983491957187653,0,nominal-sac-a-star,3.8902973980854343,99.0,99.0,3.43924690246582,99.0,customer-1,0,,waiter-1,-2.535701274871826,2.200000047683716,0.47415819387053304,0.0,5.470512743750149,0,0,waiter-2,1.7452030181884766,2.549999952316284,-0.5000090716012284,0.0,9.514111637453682,0,0,customer-1,-6.468295097351074,-2.549999952316284,-0.44898656841895423,0.0,6.860525021271258,0,0,customer-2,2.993907928466797,-2.200000047683716,-0.41524731425218064,0.0,12.402865427629882,0,0
3,114,4.560000000000003,to_table,-7.6221466064453125,4.166177749633789,-1.5710830251284111,-0.9214352965354919,0.914238452911377,0.7799999713897705,-0.2686100900173187,0.7799999713897705,-0.2686100900173187,0,nominal-sac-a-star,3.84346592242453,99.0,99.0,3.39267707824707,99.0,customer-1,0,,waiter-1,-2.5167346000671387,2.200000047683716,0.47415386246823843,0.0,5.470931046039246,0,0,waiter-2,1.7252025604248047,2.549999952316284,-0.5000083402363664,0.0,9.4860406450705,0,0,customer-1,-6.486254692077637,-2.549999952316284,-0.44898603383107805,0.0,6.8115558696451455,0,0,customer-2,2.9772982597351074,-2.200000047683716,-0.4152502044447104,0.0,12.364321704738066,0,0
3,115,4.600000000000003,to_table,-7.622471809387207,4.11981725692749,-1.577690849959524,-0.9270909428596497,0.9075709581375122,0.7799999713897705,-0.1898750513792038,0.7799999713897705,-0.1898750513792038,0,nominal-sac-a-star,3.7966943485763798,99.0,99.0,3.3463218307495115,99.0,customer-1,0,,waiter-1,-2.4977684020996094,2.200000047683716,0.47415429943752585,0.0,5.47250245587644,0,0,waiter-2,1.7052021026611328,2.549999952316284,-0.5000076088715044,0.0,9.458849136092825,0,0,customer-1,-6.504214286804199,-2.549999952316284,-0.44898549924320186,0.0,6.762910726272963,0,0,customer-2,2.9606881141662598,-2.200000047683716,-0.4152483262656581,0.0,12.326530928496123,0,0
3,116,4.640000000000003,to_table,-7.622869491577148,4.0738067626953125,-1.5849253604955957,-0.8111051917076111,0.15928494930267334,0.7799999713897705,-0.29894015192985535,0.7799999713897705,-0.29894015192985535,0,nominal-sac-a-star,3.750102315213339,99.0,99.0,3.300523529052734,99.0,customer-1,0,,waiter-1,-2.47880220413208,2.200000047683716,0.47415473640681327,0.0,5.474721898232367,0,0,waiter-2,1.6852021217346191,2.549999952316284,-0.5000116458782244,0.0,9.431976693880124,0,0,customer-1,-6.522173881530762,-2.549999952316284,-0.44898496465532567,0.0,6.7146367156986315,0,0,customer-2,2.9440784454345703,-2.200000047683716,-0.41525121645818786,0.0,12.289061827392459,0,0
3,117,4.680000000000003,to_table,-7.623722076416016,4.027407646179199,-1.5923807228446536,-0.9318653345108032,0.8141934871673584,0.7799999713897705,-0.24393393099308014,0.7799999713897705,-0.24393393099308014,0,nominal-sac-a-star,3.7040590406775253,99.0,99.0,3.2545254325866697,99.0,customer-1,0,,waiter-1,-2.459836006164551,2.200000047683716,0.4741551733761007,0.0,5.477694576879597,0,0,waiter-2,1.6652016639709473,2.549999952316284,-0.5000109145133624,0.0,9.405681142193258,0,0,customer-1,-6.540132999420166,-2.549999952316284,-0.4489891984390315,0.0,6.666067506748701,0,0,customer-2,2.9274682998657227,-2.200000047683716,-0.41524933827913557,0.0,12.25186618201992,0,0
3,118,4.720000000000003,to_table,-7.624948978424072,3.980990171432495,-1.6000314413521146,-0.9314900040626526,0.7847023010253906,0.7799999713897705,-0.2770366072654724,0.7799999713897705,-0.2770366072654724,0,nominal-sac-a-star,3.6578060362928912,99.0,99.0,3.208699951171875,99.0,customer-1,0,,waiter-1,-2.4408698081970215,2.200000047683716,0.4741556103453881,0.0,5.481478145908517,0,0,waiter-2,1.6452012062072754,2.549999952316284,-0.5000101831485004,0.0,9.37994762527099,0,0,customer-1,-6.5580925941467285,-2.549999952316284,-0.4489886638511553,0.0,6.617553516306266,0,0,customer-2,2.910858154296875,-2.200000047683716,-0.4152474601000833,0.0,12.215067418017137,0,0
3,119,4.760000000000003,to_table,-7.626414775848389,3.9346160888671875,-1.607180590203968,-0.9368020296096802,0.768060564994812,0.7799999713897705,-0.18518111109733582,0.7799999713897705,-0.18518111109733582,0,nominal-sac-a-star,3.611709831701946,99.0,99.0,3.1629622077941892,99.0,customer-1,0,,waiter-1,-2.421903610229492,2.200000047683716,0.47415604731467553,0.0,5.485966576947291,0,0,waiter-2,1.6252007484436035,2.549999952316284,-0.5000094517836384,0.0,9.354654010433403,0,0,customer-1,-6.576052188873291,-2.549999952316284,-0.44898812926327913,0.0,6.569132877761799,0,0,customer-2,2.8942484855651855,-2.200000047683716,-0.41525035029261304,0.0,12.178582454575247,0,0
3,120,4.800000000000003,to_table,-7.628110408782959,3.888385057449341,-1.6138476343768065,-0.939228892326355,0.7489233016967773,0.7799999713897705,-0.20662008225917816,0.7799999713897705,-0.20662008225917816,0,nominal-sac-a-star,3.565674117329996,99.0,99.0,3.117387065887451,99.0,customer-1,0,,waiter-1,-2.402937412261963,2.200000047683716,0.47415648428396295,0.0,5.4911817293523875,0,0,waiter-2,1.6052002906799316,2.549999952316284,-0.5000087204187764,0.0,9.329807134258346,0,0,customer-1,-6.5940117835998535,-2.549999952316284,-0.44898759467540295,0.0,6.520901893187805,0,0,customer-2,2.877638339996338,-2.200000047683716,-0.41524847211356075,0.0,12.142454033715088,0,0
3,121,4.840000000000003,to_table,-7.630189418792725,3.8421077728271484,-1.6203801728489804,-0.9463303089141846,0.7241685390472412,0.7799999713897705,-0.23471476137638092,0.7799999713897705,-0.23471476137638092,0,nominal-sac-a-star,3.5197816415658965,99.0,99.0,3.0718586540222166,99.0,customer-1,0,,waiter-1,-2.3839712142944336,2.200000047683716,0.4741569212532504,0.0,5.497210495349893,0,0,waiter-2,1.5851998329162598,2.549999952316284,-0.5000079890539144,0.0,9.305532853111574,0,0,customer-1,-6.611971378326416,-2.549999952316284,-0.44898706008752676,0.0,6.4726972081018435,0,0,customer-2,2.8610281944274902,-2.200000047683716,-0.41524659393450847,0.0,12.106721848734306,0,0
3,122,4.8800000000000034,to_table,-7.632413864135742,3.7957992553710938,-1.6250400161538472,-0.9524828195571899,0.696317195892334,0.7799999713897705,-0.14957816898822784,0.7799999713897705,-0.14957816898822784,0,nominal-sac-a-star,3.4739240565900564,99.0,99.0,3.025912055969238,99.0,customer-1,0,,waiter-1,-2.3650050163269043,2.200000047683716,0.4741573582225378,0.0,5.503832399449541,0,0,waiter-2,1.565199375152588,2.549999952316284,-0.5000072576890524,0.0,9.281600357859835,0,0,customer-1,-6.6299309730529785,-2.549999952316284,-0.44898652549965057,0.0,6.424495274432024,0,0,customer-2,2.844418525695801,-2.200000047683716,-0.4152494841270382,0.0,12.07118992507101,0,0
3,123,4.9200000000000035,to_table,-7.635376453399658,3.7497968673706055,-1.6290815393244622,-0.9500056505203247,0.6432898044586182,0.7799999713897705,-0.17369888722896576,0.7799999713897705,-0.17369888722896576,0,nominal-sac-a-star,3.4276460095680283,99.0,99.0,2.9801979160308836,99.0,customer-1,0,,waiter-1,-2.346038818359375,2.200000047683716,0.4741577951918252,0.0,5.511711422032646,0,0,waiter-2,1.5451993942260742,2.549999952316284,-0.5000112946957724,0.0,9.258643827871488,0,0,customer-1,-6.647890567779541,-2.549999952316284,-0.4489859909117744,0.0,6.376720814308558,0,0,customer-2,2.827808380126953,-2.200000047683716,-0.41524760594798593,0.0,12.036541039307398,0,0
3,124,4.9600000000000035,to_table,-7.638195991516113,3.703646421432495,-1.633258857173743,-0.9996253848075867,0.9987466335296631,0.7799999713897705,-0.15233565866947174,0.7799999713897705,-0.15233565866947174,0,nominal-sac-a-star,3.381614310876924,99.0,99.0,2.9344055747985838,99.0,customer-1,0,,waiter-1,-2.3270726203918457,2.200000047683716,0.47415823216111264,0.0,5.5198717268239355,0,0,waiter-2,1.5251989364624023,2.549999952316284,-0.5000105633309104,0.0,9.235729899786302,0,0,customer-1,-6.6658501625061035,-2.549999952316284,-0.4489854563238982,0.0,6.328787354548612,0,0,customer-2,2.8111987113952637,-2.200000047683716,-0.4152504961405157,0.0,12.001787004006555,0,0
3,125,5.0000000000000036,to_table,-7.640862941741943,3.657421827316284,-1.6359245467959176,-0.9321561455726624,0.7597901821136475,0.7799999713897705,-0.10099778324365616,0.7799999713897705,-0.10099778324365616,0,nominal-sac-a-star,3.335493112214702,99.0,99.0,2.8881471252441404,99.0,customer-1,0,,waiter-1,-2.308105945587158,2.200000047683716,0.474153900758818,0.0,5.528324829800178,0,0,waiter-2,1.5051984786987305,2.549999952316284,-0.5000098319660484,0.0,9.212861809215516,0,0,customer-1,-6.683809280395508,-2.549999952316284,-0.44898969010760403,0.0,6.280767219134409,0,0,customer-2,2.794588565826416,-2.200000047683716,-0.4152486179614634,0.0,11.966956137152808,0,0
3,126,5.040000000000004,to_table,-7.643848896026611,3.6112728118896484,-1.63861795991717,-0.9294854998588562,0.7387421131134033,0.7799999713897705,-0.11966338753700256,0.7799999713897705,-0.11966338753700256,0,nominal-sac-a-star,3.288912425554315,99.0,99.0,2.8420167064666746,99.0,customer-1,0,,waiter-1,-2.289139747619629,2.200000047683716,0.47415433772810545,0.0,5.537562720098336,0,0,waiter-2,1.4851980209350586,2.549999952316284,-0.5000091006011864,0.0,9.190527606974172,0,0,customer-1,-6.70176887512207,-2.549999952316284,-0.44898915551972784,0.0,6.232880300529869,0,0,customer-2,2.7779784202575684,-2.200000047683716,-0.4152467397824111,0.0,11.932534385404514,0,0
3,127,5.080000000000004,to_table,-7.647006034851074,3.5647974014282227,-1.6416260343914384,-0.9304651618003845,0.7079641819000244,0.7799999713897705,-0.14268040657043457,0.7799999713897705,-0.14268040657043457,0,nominal-sac-a-star,3.2424626028139123,99.0,99.0,2.7956855392456053,99.0,customer-1,0,,waiter-1,-2.2701735496520996,2.200000047683716,0.47415477469739287,0.0,5.547341650798064,0,0,waiter-2,1.4651975631713867,2.549999952316284,-0.5000083692363244,0.0,9.168536866618227,0,0,customer-1,-6.719728469848633,-2.549999952316284,-0.44898862093185166,0.0,6.184706166012876,0,0,customer-2,2.761368751525879,-2.200000047683716,-0.41524962997494086,0.0,11.898199667301562,0,0
3,128,5.120000000000004,to_table,-7.650079727172852,3.518472671508789,-1.6444425410204417,-0.9979352951049805,0.28124284744262695,0.7799999713897705,-0.12225931882858276,0.7799999713897705,-0.12225931882858276,0,nominal-sac-a-star,3.1958092159695815,99.0,99.0,2.749474058151245,99.0,customer-1,0,,waiter-1,-2.2512073516845703,2.200000047683716,0.4741552116666803,0.0,5.5575347940059405,0,0,waiter-2,1.4451971054077148,2.549999952316284,-0.5000076378714624,0.0,9.146693395380481,0,0,customer-1,-6.737688064575195,-2.549999952316284,-0.44898808634397547,0.0,6.136678134959669,0,0,customer-2,2.7447586059570312,-2.200000047683716,-0.4152477517958886,0.0,11.863961994715567,0,0
3,129,5.160000000000004,to_table,-7.653618335723877,3.472395658493042,-1.6463378804782862,-0.9667201042175293,0.6437824964523315,0.7799999713897705,-0.09090716391801834,0.7799999713897705,-0.09090716391801834,0,nominal-sac-a-star,3.1492711480745257,99.0,99.0,2.7032933330535887,99.0,customer-1,0,,waiter-1,-2.232241153717041,2.200000047683716,0.4741556486359677,0.0,5.568691151427885,0,0,waiter-2,1.4251971244812012,2.549999952316284,-0.5000116748781824,0.0,9.125552257218851,0,0,customer-1,-6.755647659301758,-2.549999952316284,-0.4489875517560993,0.0,6.088973659723734,0,0,customer-2,2.728148937225342,-2.200000047683716,-0.4152506419884183,0.0,11.830349308331177,0,0
3,130,5.200000000000004,to_table,-7.657175540924072,3.4261443614959717,-1.6481895993193474,-0.9659993052482605,0.6119983196258545,0.7799999713897705,-0.10987719893455505,0.7799999713897705,-0.10987719893455505,0,nominal-sac-a-star,3.1027819160376673,99.0,99.0,2.656952152252197,99.0,customer-1,0,,waiter-1,-2.2132749557495117,2.200000047683716,0.47415608560525513,0.0,5.580276288819224,0,0,waiter-2,1.4051966667175293,2.549999952316284,-0.5000109435133204,0.0,9.104626244694053,0,0,customer-1,-6.77360725402832,-2.549999952316284,-0.4489870171682231,0.0,6.041108654636039,0,0,customer-2,2.711538791656494,-2.200000047683716,-0.41524876380936604,0.0,11.796768109257956,0,0
3,131,5.240000000000004,to_table,-7.660741806030273,3.3800811767578125,-1.6509651765824498,-0.9664517641067505,0.5542536973953247,0.7799999713897705,-0.13621683418750763,0.7799999713897705,-0.13621683418750763,0,nominal-sac-a-star,3.056128326085788,99.0,99.0,2.611090908050537,99.0,customer-1,0,,waiter-1,-2.1943087577819824,2.200000047683716,0.47415652257454255,0.0,5.592359228642049,0,0,waiter-2,1.3851962089538574,2.549999952316284,-0.5000102121484584,0.0,9.083943494435958,0,0,customer-1,-6.791566848754883,-2.549999952316284,-0.4489864825803469,0.0,5.993440356235756,0,0,customer-2,2.6949286460876465,-2.200000047683716,-0.41524688563031376,0.0,11.763384588809167,0,0
3,132,5.280000000000004,to_table,-7.663612365722656,3.3345870971679688,-1.6446583102803307,-0.967284619808197,0.497283935546875,0.7799999713897705,0.38264769315719604,0.7799999713897705,0.38264769315719604,0,nominal-sac-a-star,3.009940282757305,99.0,99.0,2.5633022880554197,99.0,customer-1,0,,waiter-1,-2.175342559814453,2.200000047683716,0.47415695954382997,0.0,5.604319158943488,0,0,waiter-2,1.3651957511901855,2.549999952316284,-0.5000094807835964,0.0,9.062833607647098,0,0,customer-1,-6.809526443481445,-2.549999952316284,-0.4489859479924707,0.0,5.946244823880733,0,0,customer-2,2.678318977355957,-2.200000047683716,-0.4152497758228435,0.0,11.729756978254466,0,0
3,133,5.320000000000004,to_table,-7.6672444343566895,3.288914918899536,-1.6321871332516011,-0.7113672494888306,0.43401408195495605,0.7799999713897705,0.41400936245918274,0.7799999713897705,0.41400936245918274,0,nominal-sac-a-star,2.96185450672501,99.0,99.0,2.5143625831604,99.0,customer-1,0,,waiter-1,-2.156376361846924,2.200000047683716,0.4741573965131174,0.0,5.617419559669944,0,0,waiter-2,1.3451952934265137,2.549999952316284,-0.5000087494187344,0.0,9.042680198633905,0,0,customer-1,-6.827486038208008,-2.549999952316284,-0.4489854134045945,0.0,5.898993222339509,0,0,customer-2,2.6617088317871094,-2.200000047683716,-0.4152478976437912,0.0,11.69681422800945,0,0
3,134,5.360000000000004,to_table,-7.670111656188965,3.2440950870513916,-1.6193839447114877,-0.861162006855011,0.25858187675476074,0.7799999713897705,0.4446750581264496,0.7799999713897705,0.4446750581264496,0,nominal-sac-a-star,2.912459102022872,99.0,99.0,2.4670920467376707,99.0,customer-1,0,,waiter-1,-2.1374101638793945,2.200000047683716,0.4741578334824048,0.0,5.630357027244075,0,0,waiter-2,1.3251948356628418,2.549999952316284,-0.5000080180538724,0.0,9.022045607200964,0,0,customer-1,-6.845445156097412,-2.549999952316284,-0.44898964718830037,0.0,5.8524876899997285,0,0,customer-2,2.64509916305542,-2.200000047683716,-0.41525078783632097,0.0,11.663693500838527,0,0
3,135,5.400000000000004,to_table,-7.671841144561768,3.206655979156494,-1.6046303631115237,-0.7509890198707581,0.4088376760482788,0.0,0.9290605187416077,0.0,0.9290605187416077,0,nominal-sac-a-star,4.5150182509149,99.0,99.0,4.583897056579589,99.0,waiter-1,0,,waiter-1,-2.1184439659118652,2.200000047683716,0.47415827045169223,0.0,5.643897269458935,0,0,waiter-2,1.30519437789917,2.549999952316284,-0.5000072866890104,0.0,9.001020159354777,0,0,customer-1,-6.863404750823975,-2.549999952316284,-0.4489891126004242,0.0,5.813145182780187,0,0,customer-2,2.6284890174865723,-2.200000047683716,-0.4152489096572687,0.0,11.633087760339915,0,0
3,136,5.440000000000004,to_table,-7.671827793121338,3.174478054046631,-1.593447212145197,-0.9172930717468262,0.6257866621017456,0.0,0.9550943970680237,0.0,0.9550943970680237,0,nominal-sac-a-star,4.528583286925797,99.0,99.0,4.596916141510009,99.0,waiter-1,0,,waiter-1,-2.0994772911071777,2.200000047683716,0.4741539390493976,0.0,5.656915900221826,0,0,waiter-2,1.2851943969726562,2.549999952316284,-0.5000113236957304,0.0,8.9787649158098,0,0,customer-1,-6.881364345550537,-2.549999952316284,-0.448988578012548,0.0,5.778795800794336,0,0,customer-2,2.6118788719177246,-2.200000047683716,-0.4152470314782164,0.0,11.603432149090539,0,0
3,137,5.480000000000004,to_table,-7.67162561416626,3.1475908756256104,-1.577837381790619,-0.9158816933631897,0.648491382598877,0.0,0.9578189849853516,0.0,0.9578189849853516,0,nominal-sac-a-star,4.541622018594607,99.0,99.0,4.610845508575439,99.0,waiter-1,0,,waiter-1,-2.0805110931396484,2.200000047683716,0.47415437601868504,0.0,5.670845612819506,0,0,waiter-2,1.2651939392089844,2.549999952316284,-0.5000105923308684,0.0,8.956777246376722,0,0,customer-1,-6.8993239402771,-2.549999952316284,-0.4489880434246718,0.0,5.7496948717422915,0,0,customer-2,2.595269203186035,-2.200000047683716,-0.41524992167074615,0.0,11.576089921628792,0,0
3,138,5.520000000000004,to_table,-7.667466163635254,3.130225658416748,-1.5534716738057355,-0.9086040258407593,0.6360962390899658,0.0,0.9563315510749817,0.0,0.9563315510749817,0,nominal-sac-a-star,4.555568581253678,99.0,99.0,4.622576179504394,99.0,waiter-1,0,,waiter-1,-2.061544895172119,2.200000047683716,0.47415481298797246,0.0,5.682576260383222,0,0,waiter-2,1.2451934814453125,2.549999952316284,-0.5000098609660064,0.0,8.93152639916982,0,0,customer-1,-6.917283535003662,-2.549999952316284,-0.4489875088367956,0.0,5.729549455683933,0,0,customer-2,2.5786590576171875,-2.200000047683716,-0.41524804349169386,0.0,11.549648831352387,0,0
3,139,5.560000000000004,to_table,-7.666483402252197,3.120774269104004,-1.5184652539952501,-0.8926659822463989,0.5946371555328369,0.0,0.9513564705848694,0.0,0.9513564705848694,0,nominal-sac-a-star,4.56731005183376,99.0,99.0,4.638782920837402,99.0,waiter-1,0,,waiter-1,-2.04257869720459,2.200000047683716,0.4741552499572599,0.0,5.698783141889921,0,0,waiter-2,1.2251930236816406,2.549999952316284,-0.5000091296011444,0.0,8.909977159578583,0,0,customer-1,-6.935243129730225,-2.549999952316284,-0.4489869742489194,0.0,5.717726174493046,0,0,customer-2,2.562049388885498,-2.200000047683716,-0.4152509336842236,0.0,11.529680064492982,0,0
3,140,5.600000000000004,to_table,-7.668084621429443,3.1123054027557373,-1.480317708903768,0.46321046352386475,-0.9411640763282776,0.0,0.7670603394508362,0.0,0.7670603394508362,0,nominal-sac-a-star,4.583523592485949,99.0,99.0,4.657723846435546,99.0,waiter-1,0,,waiter-1,-2.0236124992370605,2.200000047683716,0.4741556869265473,0.0,5.717723900215895,0,0,waiter-2,1.2051925659179688,2.549999952316284,-0.5000083982362824,0.0,8.891076170132271,0,0,customer-1,-6.953202724456787,-2.549999952316284,-0.44898643966104324,0.0,5.707254862076558,0,0,customer-2,2.5454392433166504,-2.200000047683716,-0.4152490555051713,0.0,11.512456685456268,0,0
3,141,5.640000000000004,to_table,-7.667332172393799,3.106074810028076,-1.4519922810025658,-0.9687045216560364,0.903718113899231,0.0,0.9884461760520935,0.0,0.9884461760520935,0,nominal-sac-a-star,4.598328025420853,99.0,99.0,4.666074523925781,99.0,customer-1,0,,waiter-1,-2.0046463012695312,2.200000047683716,0.4741561238958347,0.0,5.734717320843966,0,0,waiter-2,1.1851921081542969,2.549999952316284,-0.5000076668714204,0.0,8.86997211861868,0,0,customer-1,-6.97116231918335,-2.549999952316284,-0.44898590507316705,0.0,5.698757248887504,0,0,customer-2,2.5288290977478027,-2.200000047683716,-0.41524717732611904,0.0,11.494178310883159,0,0
3,142,5.680000000000004,to_table,-7.665529727935791,3.1011581420898438,-1.4239384663587278,-0.9290731549263,0.8851813077926636,0.0,0.9862217307090759,0.0,0.9862217307090759,0,nominal-sac-a-star,4.592097432693192,99.0,99.0,4.661158332824707,99.0,customer-1,0,,waiter-1,-1.985680103302002,2.200000047683716,0.47415656086512215,0.0,5.750893640954097,0,0,waiter-2,1.1651921272277832,2.549999952316284,-0.5000117038781404,0.0,8.847905053368173,0,0,customer-1,-6.989121913909912,-2.549999952316284,-0.44898537048529086,0.0,5.691495000335779,0,0,customer-2,2.5122194290161133,-2.200000047683716,-0.4152500675186488,0.0,11.475576502069012,0,0
3,143,5.720000000000004,to_table,-7.664585590362549,3.095604419708252,-1.3980479617844377,-0.9255344271659851,0.9021618366241455,0.0,0.9882594347000122,0.0,0.9882594347000122,0,nominal-sac-a-star,4.58718076475496,99.0,99.0,4.655604133605957,99.0,customer-1,0,,waiter-1,-1.9667139053344727,2.200000047683716,0.47415699783440957,0.0,5.767828788221279,0,0,waiter-2,1.1451916694641113,2.549999952316284,-0.5000109725132784,0.0,8.826656196012,0,0,customer-1,-7.007081031799316,-2.549999952316284,-0.4489896042689967,0.0,5.683762923447282,0,0,customer-2,2.4956092834472656,-2.200000047683716,-0.4152481893395965,0.0,11.457442408707669,0,0
3,144,5.760000000000004,to_table,-7.664268970489502,3.0929975509643555,-1.372121028160798,-0.8585569262504578,-0.44956934452056885,0.0,0.826051652431488,0.0,0.826051652431488,0,nominal-sac-a-star,4.581627042373368,99.0,99.0,4.6529977416992185,99.0,customer-1,0,,waiter-1,-1.9477477073669434,2.200000047683716,0.474157434803697,0.0,5.785849971490601,0,0,waiter-2,1.1251912117004395,2.549999952316284,-0.5000102411484164,0.0,8.806216933873479,0,0,customer-1,-7.025040626525879,-2.549999952316284,-0.4489890696811205,0.0,5.679087400080933,0,0,customer-2,2.478999614715576,-2.200000047683716,-0.41525107953212625,0.0,11.441229006138391,0,0
3,145,5.800000000000004,to_table,-7.666012287139893,3.0865797996520996,-1.3483453247101806,-0.9474501013755798,0.8261063098907471,0.0,0.9791327714920044,0.0,0.9791327714920044,0,nominal-sac-a-star,4.579020173629472,99.0,99.0,4.6465795135498045,99.0,customer-1,0,,waiter-1,-1.928781509399414,2.200000047683716,0.4741578717729844,0.0,5.805328643035891,0,0,waiter-2,1.1051907539367676,2.549999952316284,-0.5000095097835544,0.0,8.787600396033003,0,0,customer-1,-7.043000221252441,-2.549999952316284,-0.4489885350932443,0.0,5.6709060417662815,0,0,customer-2,2.4623894691467285,-2.200000047683716,-0.41524920135307397,0.0,11.4250798079929,0,0
3,146,5.840000000000004,to_table,-7.664702415466309,3.0882186889648438,-1.3201366165451696,-0.9256850481033325,0.7964582443237305,0.0,0.9755749702453613,0.0,0.9755749702453613,0,nominal-sac-a-star,4.572602422317216,99.0,99.0,4.648218879699707,99.0,customer-1,0,,waiter-1,-1.9098153114318848,2.200000047683716,0.47415830874227183,0.0,5.823028244384618,0,0,waiter-2,1.0851902961730957,2.549999952316284,-0.5000087784186924,0.0,8.766430395188223,0,0,customer-1,-7.060959815979004,-2.549999952316284,-0.44898800050536813,0.0,5.670451002638652,0,0,customer-2,2.445779323577881,-2.200000047683716,-0.4152473231740217,0.0,11.409956108688013,0,0
3,147,5.880000000000004,to_table,-7.6653852462768555,3.085646390914917,-1.2908285972315934,-0.9264352321624756,0.8075518608093262,0.0,0.9769062399864197,0.0,0.9769062399864197,0,nominal-sac-a-star,4.57424131162996,99.0,99.0,4.645646343231201,99.0,customer-1,0,,waiter-1,-1.8908486366271973,2.200000047683716,0.4741539773399772,0.0,5.842058070702736,0,0,waiter-2,1.0651898384094238,2.549999952316284,-0.5000080470538304,0.0,8.746991392274731,0,0,customer-1,-7.078919410705566,-2.549999952316284,-0.44898746591749195,0.0,5.666079057184742,0,0,customer-2,2.4291696548461914,-2.200000047683716,-0.41525021336655144,0.0,11.394652119554056,0,0
3,148,5.920000000000004,to_table,-7.662395000457764,3.090543031692505,-1.2617990805979225,-0.34017086029052734,0.7923295497894287,0.0,0.9750795364379883,0.0,0.9750795364379883,0,nominal-sac-a-star,4.571669013580033,99.0,99.0,4.650542984008789,99.0,customer-1,0,,waiter-1,-1.871882438659668,2.200000047683716,0.47415441430926464,0.0,5.858592197337925,0,0,waiter-2,1.045189380645752,2.549999952316284,-0.5000073156889684,0.0,8.72434596830613,0,0,customer-1,-7.096879005432129,-2.549999952316284,-0.44898693132961576,0.0,5.668821173319953,0,0,customer-2,2.4125595092773438,-2.200000047683716,-0.41524833518749915,0.0,11.379567410405697,0,0
3,149,5.960000000000004,to_table,-7.664434432983398,3.0876495838165283,-1.2394849444168996,-0.9999183416366577,0.9999585151672363,0.0,0.9999949932098389,0.0,0.9999949932098389,0,nominal-sac-a-star,4.576565654357621,99.0,99.0,4.647649536132812,99.0,customer-1,0,,waiter-1,-1.8529162406921387,2.200000047683716,0.47415485127855206,0.0,5.87891702597758,0,0,waiter-2,1.0251893997192383,2.549999952316284,-0.5000113526956795,0.0,8.706240835178292,0,0,customer-1,-7.114838600158691,-2.549999952316284,-0.44898639674173957,0.0,5.664375329347164,0,0,customer-2,2.3959498405456543,-2.200000047683716,-0.4152512253800289,0.0,11.36532315231623,0,0
3,150,6.000000000000004,to_table,-7.663093090057373,3.0930097103118896,-1.2133329331948917,-0.9901326298713684,0.9652738571166992,0.0,0.9958328604698181,0.0,0.9958328604698181,0,nominal-sac-a-star,4.573672206481644,99.0,99.0,4.653009662628174,99.0,customer-1,0,,waiter-1,-1.8339500427246094,2.200000047683716,0.4741552882478395,0.0,5.897149728794003,0,0,waiter-2,1.0051889419555664,2.549999952316284,-0.5000106213308264,0.0,8.685273339613257,0,0,customer-1,-7.132798194885254,-2.549999952316284,-0.4489858621538634,0.0,5.667871798864239,0,0,customer-2,2.3793396949768066,-2.200000047683716,-0.4152493472009766,0.0,11.351934132127708,0,0
3,151,6.0400000000000045,to_table,-7.66347599029541,3.094533920288086,-1.1902002742424524,-0.7582343220710754,0.6024521589279175,0.0,0.9522942304611206,0.0,0.9522942304611206,0,nominal-sac-a-star,4.579032332977006,99.0,99.0,4.654534111022949,99.0,customer-1,0,,waiter-1,-1.81498384475708,2.200000047683716,0.4741557252171269,0.0,5.916506674183687,0,0,waiter-2,0.9851884841918945,2.549999952316284,-0.5000098899659555,0.0,8.66578989097554,0,0,customer-1,-7.150757789611816,-2.549999952316284,-0.4489853275659872,0.0,5.667772277737551,0,0,customer-2,2.362729549407959,-2.200000047683716,-0.41524746902192433,0.0,11.338292969507613,0,0
3,152,6.0800000000000045,to_table,-7.664046764373779,3.0956695079803467,-1.168632738371114,-0.9841741919517517,0.8864514827728271,0.0,0.9863741993904114,0.0,0.9863741993904114,0,nominal-sac-a-star,4.580556542953202,99.0,99.0,4.655669460296631,99.0,customer-1,0,,waiter-1,-1.7960176467895508,2.200000047683716,0.4741561621864143,0.0,5.935991029889146,0,0,waiter-2,0.9651880264282227,2.549999952316284,-0.5000091586010846,0.0,8.646470282072697,0,0,customer-1,-7.168716907501221,-2.549999952316284,-0.44898956134969303,0.0,5.667356996169858,0,0,customer-2,2.3461198806762695,-2.200000047683716,-0.4152503592144541,0.0,11.32464358399238,0,0
3,153,6.1200000000000045,to_table,-7.663632869720459,3.102064847946167,-1.1484836040883293,-0.9818896651268005,0.8705261945724487,0.0,0.9844631552696228,0.0,0.9844631552696228,0,nominal-sac-a-star,4.581692130645463,99.0,99.0,4.662064800262451,99.0,customer-1,0,,waiter-1,-1.7770514488220215,2.200000047683716,0.47415659915570174,0.0,5.955296947150428,0,0,waiter-2,0.9451875686645508,2.549999952316284,-0.4037434228919601,0.0,8.626503636430133,0,0,customer-1,-7.186676502227783,-2.549999952316284,-0.44898902676181685,0.0,5.672153372649371,0,0,customer-2,2.329509735107422,-2.200000047683716,-0.4152484810354018,0.0,11.312594365480312,0,0
3,154,6.160000000000005,to_table,-7.666830062866211,3.1003570556640625,-1.126927321406722,-0.9820692539215088,0.8709274530410767,0.0,0.9845113158226013,0.0,0.9845113158226013,0,nominal-sac-a-star,4.588087470611283,99.0,99.0,4.660357246398926,99.0,customer-1,0,,waiter-1,-1.7580852508544922,2.200000047683716,0.47415703612498916,0.0,5.976948050242258,0,0,waiter-2,0.9251871109008789,2.549999952316284,-0.003734998983393467,0.0,8.609625546765317,0,0,customer-1,-7.204636096954346,-2.549999952316284,-0.44898849217394066,0.0,5.669229011052381,0,0,customer-2,2.312899589538574,-2.200000047683716,-0.4152466028563495,0.0,11.299946431647212,0,0
3,155,6.200000000000005,to_table,-7.666947841644287,3.1066975593566895,-1.1056858035704527,-0.9519435167312622,0.6716616153717041,0.0,0.960599422454834,0.0,0.960599422454834,0,nominal-sac-a-star,4.586379678329179,99.0,99.0,4.666697273254394,99.0,customer-1,0,,waiter-1,-1.739119052886963,2.200000047683716,0.4741574730942766,0.0,5.996770341316573,0,0,waiter-2,0.905186653137207,2.549999952316284,0.39627342492517315,0.0,8.590192199381065,0,0,customer-1,-7.222595691680908,-2.549999952316284,-0.44898795758606447,0.0,5.674123330677991,0,0,customer-2,2.2962899208068848,-2.200000047683716,-0.41524949304887926,0.0,11.28836330934212,0,0
3,156,6.240000000000005,to_table,-7.667588233947754,3.1074209213256836,-1.082005635975057,-0.9866325855255127,0.9165852069854736,0.0,0.989990234375,0.0,0.989990234375,0,nominal-sac-a-star,4.5927201820218055,99.0,99.0,4.667421112060547,99.0,customer-1,0,,waiter-1,-1.7201528549194336,2.200000047683716,0.474157910063564,0.0,6.016261316601772,0,0,waiter-2,0.9148130416870117,2.549999952316284,0.5000133856989741,0.0,8.60048427663865,0,0,customer-1,-7.240555286407471,-2.549999952316284,-0.4489874229981883,0.0,5.673514614399507,0,0,customer-2,2.279679775238037,-2.200000047683716,-0.415247614869827,0.0,11.274611221184157,0,0
3,157,6.280000000000005,to_table,-7.667688846588135,3.116131067276001,-1.0542010919660645,-0.9851935505867004,0.9156277179718018,0.0,0.989875316619873,0.0,0.989875316619873,0,nominal-sac-a-star,4.5934435439908,99.0,99.0,4.676131019592285,99.0,customer-1,0,,waiter-1,-1.7011866569519043,2.200000047683716,0.4741583470328514,0.0,6.036426461408532,0,0,waiter-2,0.9348134398460388,2.549999952316284,0.500013250380551,0.0,8.621110718894098,0,0,customer-1,-7.258514881134033,-2.549999952316284,-0.4489868884103121,0.0,5.680885852152932,0,0,customer-2,2.2630701065063477,-2.200000047683716,-0.4152505050623567,0.0,11.264156578098028,0,0
3,158,6.320000000000005,to_table,-7.671654224395752,3.1116013526916504,-1.0258607404089517,-0.9870631694793701,0.9375491142272949,0.0,0.9925059080123901,0.0,0.9925059080123901,0,nominal-sac-a-star,4.602153689941117,99.0,99.0,4.671601066589355,99.0,customer-1,0,,waiter-1,-1.6822199821472168,2.200000047683716,0.4741540156305568,0.0,6.058410639888275,0,0,waiter-2,0.9548138380050659,2.549999952316284,0.5000131150621279,0.0,8.644729455831738,0,0,customer-1,-7.276474475860596,-2.549999952316284,-0.4489863538224359,0.0,5.675376319727165,0,0,customer-2,2.2464599609375,-2.200000047683716,-0.41524862688330444,0.0,11.250871007605511,0,0
3,159,6.360000000000005,to_table,-7.670809745788574,3.1222565174102783,-0.993219447723111,-0.984622061252594,0.922633171081543,0.0,0.9907159805297852,0.0,0.9907159805297852,0,nominal-sac-a-star,4.5976239753567665,99.0,99.0,4.682256469726562,99.0,customer-1,0,,waiter-1,-1.6632537841796875,2.200000047683716,0.47415445259984423,0.0,6.077934322433484,0,0,waiter-2,0.974814236164093,2.549999952316284,0.5000129797437047,0.0,8.664542204502686,0,0,customer-1,-7.294434070587158,-2.549999952316284,-0.4489858192345597,0.0,5.684729730359938,0,0,customer-2,2.2298498153686523,-2.200000047683716,-0.41524674870425216,0.0,11.240528221156696,0,0
3,160,6.400000000000005,to_table,-7.674485683441162,3.1215627193450928,-0.96488972682017,0.039693474769592285,-0.9586625099182129,0.0,0.764960527420044,0.0,0.764960527420044,0,nominal-sac-a-star,4.608279140075394,99.0,99.0,4.681562671661377,99.0,customer-1,0,,waiter-1,-1.6442875862121582,2.200000047683716,0.47415488956913165,0.0,6.1002103938818335,0,0,waiter-2,0.9948145747184753,2.549999952316284,0.5000134404717294,0.0,8.688121256219919,0,0,customer-1,-7.312393665313721,-2.549999952316284,-0.4489852846466835,0.0,5.683109515764617,0,0,customer-2,2.213240146636963,-2.200000047683716,-0.4152496388967819,0.0,11.228809036323552,0,0
3,161,6.440000000000005,to_table,-7.6753129959106445,3.126500368118286,-0.9368050364788323,-0.9590358138084412,0.8387959003448486,0.20000000298023224,0.9806554913520813,0.20000000298023224,0.9806554913520813,0,nominal-sac-a-star,4.252622086653307,99.0,99.0,4.281956920623779,99.0,customer-1,0,,waiter-1,-1.625321388244629,2.200000047683716,0.4741553265384191,0.0,6.120522959404252,0,0,waiter-2,1.0148149728775024,2.549999952316284,0.5000133051533062,0.0,8.709229405827699,0,0,customer-1,-7.330352783203125,-2.549999952316284,-0.44898951843038937,0.0,5.686972255624692,0,0,customer-2,2.1966300010681152,-2.200000047683716,-0.4152477607177296,0.0,11.217257472980501,0,0
3,162,6.480000000000005,to_table,-7.679372787475586,3.1186180114746094,-0.9103654832088433,-0.9261203408241272,0.7658014297485352,0.20000000298023224,0.9718961715698242,0.20000000298023224,0.9718961715698242,0,nominal-sac-a-star,4.268784928629116,99.0,99.0,4.288253555297851,99.0,customer-1,0,,waiter-1,-1.6063551902770996,2.200000047683716,0.4741557635077065,0.0,6.142100756197492,0,0,waiter-2,1.0348153114318848,2.549999952316284,0.5000137658813308,0.0,8.732720121493736,0,0,customer-1,-7.3483123779296875,-2.549999952316284,-0.4489889838425132,0.0,5.678277081490609,0,0,customer-2,2.180020332336426,-2.200000047683716,-0.41525065091025937,0.0,11.202469850448226,0,0
3,163,6.520000000000005,to_table,-7.679272174835205,3.123774290084839,-0.8825032921773123,-0.9710115790367126,0.9803661108016968,0.20000000298023224,0.9976439476013184,0.20000000298023224,0.9976439476013184,0,nominal-sac-a-star,4.271653838702264,99.0,99.0,4.30918622970581,99.0,customer-1,0,,waiter-1,-1.5873889923095703,2.200000047683716,0.4741562004769939,0.0,6.16152574939539,0,0,waiter-2,1.0548157691955566,2.549999952316284,0.50001303451646,0.0,8.752914326368403,0,0,customer-1,-7.36627197265625,-2.549999952316284,-0.448988449254637,0.0,5.682401189664322,0,0,customer-2,2.163410186767578,-2.200000047683716,-0.4152487727312071,0.0,11.190217570310667,0,0
3,164,6.560000000000005,to_table,-7.677170753479004,3.1224677562713623,-0.8563697365607901,-0.9928687214851379,-0.24326229095458984,0.20000000298023224,0.8508085012435913,0.20000000298023224,0.8508085012435913,0,nominal-sac-a-star,4.288847795022176,99.0,99.0,4.323775062561035,99.0,customer-1,0,,waiter-1,-1.568422794342041,2.200000047683716,0.47415663744628134,0.0,6.178005204080598,0,0,waiter-2,1.074816107749939,2.549999952316284,0.5000134952444846,0.0,8.770689448708648,0,0,customer-1,-7.3842315673828125,-2.549999952316284,-0.4489879146667608,0.0,5.680026696391513,0,0,customer-2,2.1468000411987305,-2.200000047683716,-0.4152468945521548,0.0,11.173140368706528,0,0
3,165,6.600000000000005,to_table,-7.673981189727783,3.120678663253784,-0.8300274795271768,0.12136256694793701,0.9462621212005615,0.20000000298023224,0.9935514330863953,0.20000000298023224,0.9935514330863953,0,nominal-sac-a-star,4.299680552895926,99.0,99.0,4.338620433807373,99.0,customer-1,0,,waiter-1,-1.5494565963745117,2.200000047683716,0.47415707441556876,0.0,6.193339213038236,0,0,waiter-2,1.0948165655136108,2.549999952316284,0.5000127638796137,0.0,8.787348192910294,0,0,customer-1,-7.402191162109375,-2.549999952316284,-0.4489873800788846,0.0,5.677188193128398,0,0,customer-2,2.130190372467041,-2.200000047683716,-0.41524978474468455,0.0,11.154882427259071,0,0
3,166,6.640000000000005,to_table,-7.669795036315918,3.1187686920166016,-0.8006815138289283,-0.8772193193435669,0.1880812644958496,0.20000000298023224,0.8799787163734436,0.20000000298023224,0.8799787163734436,0,nominal-sac-a-star,4.310636933986337,99.0,99.0,4.3554537391662596,99.0,customer-1,0,,waiter-1,-1.5304903984069824,2.200000047683716,0.4741575113848562,0.0,6.207672450996384,0,0,waiter-2,1.1148169040679932,2.549999952316284,0.5000132246076383,0.0,8.803005442597197,0,0,customer-1,-7.4201507568359375,-2.549999952316284,-0.4489868454910084,0.0,5.674262966170037,0,0,customer-2,2.1135802268981934,-2.200000047683716,-0.41524790656563226,0.0,11.135696316229312,0,0
3,167,6.680000000000005,to_table,-7.663891315460205,3.1161508560180664,-0.7713204804263414,-0.35482192039489746,0.6597417593002319,0.20000000298023224,0.9035564661026001,0.20000000298023224,0.9035564661026001,0,nominal-sac-a-star,4.3231422047121555,99.0,99.0,4.37243724822998,99.0,customer-1,0,,waiter-1,-1.5115242004394531,2.200000047683716,0.4741579483541436,0.0,6.220205255584453,0,0,waiter-2,1.1348172426223755,2.549999952316284,0.5000136853356629,0.0,8.816904169595924,0,0,customer-1,-7.4381103515625,-2.549999952316284,-0.44898631090313224,0.0,5.670647408051976,0,0,customer-2,2.096970558166504,-2.200000047683716,-0.415250796758162,0.0,11.114669808273604,0,0
3,168,6.720000000000005,to_table,-7.65652322769165,3.1130735874176025,-0.7417800991568811,-0.29221999645233154,0.6549146175384521,0.20000000298023224,0.8711341023445129,0.20000000298023224,0.8711341023445129,0,nominal-sac-a-star,4.335650100588663,99.0,99.0,4.38985897064209,99.0,customer-1,0,,waiter-1,-1.4925580024719238,2.200000047683716,0.474158385323431,0.0,6.231225448230889,0,0,waiter-2,1.1548177003860474,2.549999952316284,0.500012953970792,0.0,8.829313725843212,0,0,customer-1,-7.4560699462890625,-2.549999952316284,-0.44898577631525605,0.0,5.666620106770804,0,0,customer-2,2.0803604125976562,-2.200000047683716,-0.4152489185791097,0.0,11.092143817880396,0,0
3,169,6.760000000000005,to_table,-7.647284030914307,3.1107099056243896,-0.7126346427429997,-0.04469764232635498,-0.34842193126678467,0.20000000298023224,0.7194361090660095,0.20000000298023224,0.7194361090660095,0,nominal-sac-a-star,4.3484458722044765,99.0,99.0,4.408659229278564,99.0,customer-1,0,,waiter-1,-1.4735913276672363,2.200000047683716,0.4741540539211364,0.0,6.240502707272583,0,0,waiter-2,1.1748180389404297,2.549999952316284,0.5000134146988167,0.0,8.839902747353841,0,0,customer-1,-7.474029541015625,-2.549999952316284,-0.44898524172737986,0.0,5.663360593680821,0,0,customer-2,2.0637502670288086,-2.200000047683716,-0.41524704040005744,0.0,11.068325408298824,0,0
3,170,6.800000000000005,to_table,-7.638125419616699,3.103280782699585,-0.6817683833174042,0.558936357498169,0.12774324417114258,0.20000000298023224,0.7436293363571167,0.20000000298023224,0.7436293363571167,0,nominal-sac-a-star,4.362533633713046,99.0,99.0,4.423904190063476,99.0,customer-1,0,,waiter-1,-1.454625129699707,2.200000047683716,0.47415449089042383,0.0,6.2491272928029185,0,0,waiter-2,1.1948184967041016,2.549999952316284,0.5000126833339458,0.0,8.850255245253567,0,0,customer-1,-7.491988658905029,-2.549999952316284,-0.4489894755110857,0.0,5.655169230158623,0,0,customer-2,2.047140598297119,-2.200000047683716,-0.4152499305925872,0.0,11.042154020102563,0,0
3,171,6.840000000000005,to_table,-7.627732276916504,3.103151321411133,-0.6503008720851653,0.49053502082824707,0.43854236602783203,0.20000000298023224,0.7586163282394409,0.20000000298023224,0.7586163282394409,0,nominal-sac-a-star,4.372772854655697,99.0,99.0,4.447361240386963,99.0,customer-1,0,,waiter-1,-1.4356589317321777,2.200000047683716,0.47415492785971125,0.0,6.257591752054273,0,0,waiter-2,1.2148188352584839,2.549999952316284,0.5000131440619704,0.0,8.859835585864932,0,0,customer-1,-7.509948253631592,-2.549999952316284,-0.4489889409232095,0.0,5.654378162078222,0,0,customer-2,2.0305304527282715,-2.200000047683716,-0.4152480524135349,0.0,11.018414286927948,0,0
3,172,6.880000000000005,to_table,-7.618231773376465,3.098477363586426,-0.6185826955849371,0.5024126768112183,0.5165262222290039,0.20000000298023224,0.7266457676887512,0.20000000298023224,0.7266457676887512,0,nominal-sac-a-star,4.39112019334171,99.0,99.0,4.466799983978271,99.0,customer-1,0,,waiter-1,-1.4166927337646484,2.200000047683716,0.47415536482899867,0.0,6.266286615454258,0,0,waiter-2,1.2348191738128662,2.549999952316284,0.500013604789995,0.0,8.870024720608365,0,0,customer-1,-7.527907848358154,-2.549999952316284,-0.4489884063353333,0.0,5.649199447682671,0,0,customer-2,2.013920783996582,-2.200000047683716,-0.41525094260606465,0.0,10.993280937292928,0,0
3,173,6.920000000000005,to_table,-7.6073713302612305,3.0957930088043213,-0.5926754147435443,0.5977878570556641,-0.3682417869567871,0.20000000298023224,0.5908051133155823,0.20000000298023224,0.5908051133155823,0,nominal-sac-a-star,4.405379631716919,99.0,99.0,4.485362777709961,99.0,customer-1,0,,waiter-1,-1.3977265357971191,2.200000047683716,0.4741558017982861,0.0,6.273924888186697,0,0,waiter-2,1.254819631576538,2.549999952316284,0.5000128734251241,0.0,8.87898185067351,0,0,customer-1,-7.545867443084717,-2.549999952316284,-0.44898787174745713,0.0,5.646127955331583,0,0,customer-2,1.9973106384277344,-2.200000047683716,-0.41524906442701237,0.0,10.967923222598062,0,0
3,174,6.960000000000005,to_table,-7.596848011016846,3.0887362957000732,-0.568304032516954,0.11966490745544434,0.6901633739471436,0.20000000298023224,0.6900547742843628,0.20000000298023224,0.6900547742843628,0,nominal-sac-a-star,4.41969328089909,99.0,99.0,4.497788677215576,99.0,customer-1,0,,waiter-1,-1.3787603378295898,2.200000047683716,0.4741562387675735,0.0,6.281279044110482,0,0,waiter-2,1.2748199701309204,2.549999952316284,0.5000133341531487,0.0,8.888010441904589,0,0,customer-1,-7.563827037811279,-2.549999952316284,-0.44898733715958095,0.0,5.638832934159783,0,0,customer-2,1.9807004928588867,-2.200000047683716,-0.4152471862479601,0.0,10.940757170046359,0,0
3,175,7.000000000000005,to_table,-7.585525989532471,3.0831286907196045,-0.5407832860473866,0.23054170608520508,0.6973373889923096,0.20000000298023224,0.6772977709770203,0.20000000298023224,0.6772977709770203,0,nominal-sac-a-star,4.429297451896009,99.0,99.0,4.512260684967041,99.0,customer-1,0,,waiter-1,-1.3597941398620605,2.200000047683716,0.47415667573686093,0.0,6.288056397977912,0,0,waiter-2,1.2948203086853027,2.549999952316284,0.5000137948811734,0.0,8.896335011002094,0,0,customer-1,-7.581786632537842,-2.549999952316284,-0.44898680257170476,0.0,5.63312988415695,0,0,customer-2,1.9640908241271973,-2.200000047683716,-0.41525007644048983,0.0,10.913598423722329,0,0
3,176,7.040000000000005,to_table,-7.574360370635986,3.0795276165008545,-0.5124581838068828,-0.06180006265640259,0.8047218322753906,0.20000000298023224,0.6692783832550049,0.20000000298023224,0.6692783832550049,0,nominal-sac-a-star,4.442219708799374,99.0,99.0,4.527756462097168,99.0,customer-1,0,,waiter-1,-1.3408279418945312,2.200000047683716,0.47415711270614835,0.0,6.2952756321292815,0,0,waiter-2,1.3148207664489746,2.549999952316284,0.5000130635163025,0.0,8.904939125847175,0,0,customer-1,-7.599746227264404,-2.549999952316284,-0.44898626798382857,0.0,5.62958480616368,0,0,customer-2,1.9474806785583496,-2.200000047683716,-0.41524819826143755,0.0,10.887555709295475,0,0
3,177,7.080000000000005,to_table,-7.555640697479248,3.071601629257202,-0.4940138246966836,-0.4334259629249573,0.7352440357208252,0.7799999713897705,0.6339911818504333,0.7799999713897705,0.6339911818504333,0,nominal-sac-a-star,4.195496950618763,99.0,99.0,4.067393245697021,99.0,waiter-1,0,,waiter-1,-1.321861743927002,2.200000047683716,0.4741575496754358,0.0,6.294417316857244,0,0,waiter-2,1.334821105003357,2.549999952316284,0.5000135242443271,0.0,8.905749792734458,0,0,customer-1,-7.617705821990967,-2.549999952316284,-0.4489857333959524,0.0,5.6219441852112135,0,0,customer-2,1.9308710098266602,-2.200000047683716,-0.4152510884539673,0.0,10.852819385449035,0,0
3,178,7.120000000000005,to_table,-7.528486251831055,3.063671588897705,-0.4781824706455275,-0.5024474263191223,0.4801948070526123,0.7799999713897705,0.6007023453712463,0.7799999713897705,0.6007023453712463,0,nominal-sac-a-star,4.227667881498874,99.0,99.0,4.040828647613525,99.0,waiter-1,0,,waiter-1,-1.3028955459594727,2.200000047683716,0.4741579866447232,0.0,6.285213454460999,0,0,waiter-2,1.3548215627670288,2.549999952316284,0.5000127928794562,0.0,8.898146789030152,0,0,customer-1,-7.635665416717529,-2.549999952316284,-0.4489851988080762,0.0,5.614694608437898,0,0,customer-2,1.9142608642578125,-2.200000047683716,-0.415249210274915,0.0,10.810722094113618,0,0
3,179,7.1600000000000055,to_table,-7.4946064949035645,3.0511021614074707,-0.4646696845433513,-0.5102829337120056,0.548720121383667,0.7799999713897705,0.6104843616485596,0.7799999713897705,0.6104843616485596,0,nominal-sac-a-star,4.207207093400266,99.0,99.0,4.0109486007690425,99.0,waiter-1,0,,waiter-1,-1.2839293479919434,2.200000047683716,0.4741584236140106,0.0,6.26872279106002,0,0,waiter-2,1.3748219013214111,2.549999952316284,0.5000132536074808,0.0,8.883572676559696,0,0,customer-1,-7.653624534606934,-2.549999952316284,-0.44898943259178203,0.0,5.603358959170099,0,0,customer-2,1.8976507186889648,-2.200000047683716,-0.41524733209586273,0.0,10.760509745202745,0,0
3,180,7.2000000000000055,to_table,-7.466538906097412,3.040285110473633,-0.44511427512612833,0.40424323081970215,0.8897013664245605,0.20000000298023224,0.6764917373657227,0.20000000298023224,0.6764917373657227,0,nominal-sac-a-star,4.47384311740493,99.0,99.0,4.548600921630859,99.0,customer-1,0,,waiter-1,-1.2649626731872559,2.200000047683716,0.474154092211716,0.0,6.2582447027376595,0,0,waiter-2,1.394822359085083,2.549999952316284,0.50001252224261,0.0,8.87491425357936,0,0,customer-1,-7.671584129333496,-2.549999952316284,-0.44898889800390585,0.0,5.594044210302954,0,0,customer-2,1.8810410499572754,-2.200000047683716,-0.4152502222883925,0.0,10.716241858675994,0,0
3,181,7.2400000000000055,to_table,-7.447213649749756,3.0245652198791504,-0.42080214438049635,0.12878072261810303,0.667158842086792,0.20000000298023224,0.6540903449058533,0.20000000298023224,0.6540903449058533,0,nominal-sac-a-star,4.47779570775636,99.0,99.0,4.54663969039917,99.0,customer-1,0,,waiter-1,-1.2459964752197266,2.200000047683716,0.4741545291810034,0.0,6.255797484644455,0,0,waiter-2,1.4148226976394653,2.549999952316284,0.5000129829706346,0.0,8.874733822240795,0,0,customer-1,-7.689543724060059,-2.549999952316284,-0.44898836341602966,0.0,5.579829811380411,0,0,customer-2,1.8644309043884277,-2.200000047683716,-0.4152483441093402,0.0,10.677209679388877,0,0
3,182,7.280000000000006,to_table,-7.431232929229736,3.008146047592163,-0.39414648144178127,0.17363131046295166,0.46754133701324463,0.20000000298023224,0.6445263028144836,0.20000000298023224,0.6445263028144836,0,nominal-sac-a-star,4.475664840425893,99.0,99.0,4.5427563285827635,99.0,customer-1,0,,waiter-1,-1.2270302772521973,2.200000047683716,0.47415496615029085,0.0,6.256614939723648,0,0,waiter-2,1.4348230361938477,2.549999952316284,0.5000134436986592,0.0,8.877885233919148,0,0,customer-1,-7.707503318786621,-2.549999952316284,-0.44898782882815347,0.0,5.565007842262595,0,0,customer-2,1.8478212356567383,-2.200000047683716,-0.41525123430186994,0.0,10.640753354186648,0,0
3,183,7.320000000000006,to_table,-7.420382976531982,2.996960163116455,-0.3665436332134224,-0.18825232982635498,0.9909249544143677,0.20000000298023224,0.7236995697021484,0.20000000298023224,0.7236995697021484,0,nominal-sac-a-star,4.4715940612957,99.0,99.0,4.542116889953613,99.0,customer-1,0,,waiter-1,-1.208064079284668,2.200000047683716,0.47415540311957827,0.0,6.263230117653881,0,0,waiter-2,1.4548234939575195,2.549999952316284,0.5000127123337883,0.0,8.886453922901826,0,0,customer-1,-7.725462913513184,-2.549999952316284,-0.4489872942402773,0.0,5.555343399840377,0,0,customer-2,1.8312110900878906,-2.200000047683716,-0.41524935612281766,0.0,10.611333007975775,0,0
3,184,7.360000000000006,to_table,-7.409729480743408,2.9883391857147217,-0.3381805784364365,-0.3235575556755066,0.8176963329315186,0.20000000298023224,0.7043299078941345,0.20000000298023224,0.7043299078941345,0,nominal-sac-a-star,4.470760181871999,99.0,99.0,4.542800197601318,99.0,customer-1,0,,waiter-1,-1.1890978813171387,2.200000047683716,0.4741558400888657,0.0,6.270385641436426,0,0,waiter-2,1.4748238325119019,2.549999952316284,0.5000131730618129,0.0,8.895359962340605,0,0,customer-1,-7.743422508239746,-2.549999952316284,-0.4489867596524011,0.0,5.548382777390696,0,0,customer-2,1.814600944519043,-2.200000047683716,-0.4152474779437654,0.0,10.58334237352473,0,0
3,185,7.400000000000006,to_table,-7.398356914520264,2.979048728942871,-0.3062452504940424,-0.34723132848739624,0.8061882257461548,0.20000000298023224,0.6974055171012878,0.20000000298023224,0.6974055171012878,0,nominal-sac-a-star,4.471242206258676,99.0,99.0,4.541996250152588,99.0,customer-1,0,,waiter-1,-1.1701316833496094,2.200000047683716,0.4741562770581531,0.0,6.276759225743997,0,0,waiter-2,1.4948241710662842,2.549999952316284,0.5000136337898375,0.0,8.903524733146929,0,0,customer-1,-7.761382102966309,-2.549999952316284,-0.4489862250645249,0.0,5.540953582839319,0,0,customer-2,1.7979912757873535,-2.200000047683716,-0.4152503681362951,0.0,10.554400327259314,0,0
3,186,7.440000000000006,to_table,-7.387855529785156,2.9742000102996826,-0.2816977804476497,-0.9942787885665894,0.774660587310791,0.20000000298023224,0.687407374382019,0.20000000298023224,0.687407374382019,0,nominal-sac-a-star,4.4702119847348625,99.0,99.0,4.5431931114196775,99.0,customer-1,0,,waiter-1,-1.15116548538208,2.200000047683716,0.47415671402744053,0.0,6.28455951456194,0,0,waiter-2,1.514824628829956,2.549999952316284,0.5000129024249667,0.0,8.912780693801027,0,0,customer-1,-7.779341697692871,-2.549999952316284,-0.4489856904766487,0.0,5.538054409865374,0,0,customer-2,1.7813811302185059,-2.200000047683716,-0.41524848995724284,0.0,10.528401928459537,0,0
3,187,7.480000000000006,to_table,-7.3763203620910645,2.9689583778381348,-0.2578317075482448,-0.6092186570167542,0.8534066677093506,0.20000000298023224,0.6872374415397644,0.20000000298023224,0.6872374415397644,0,nominal-sac-a-star,4.4712346815976,99.0,99.0,4.542972812652588,99.0,customer-1,0,,waiter-1,-1.1321992874145508,2.200000047683716,0.47415715099672795,0.0,6.2912911956714614,0,0,waiter-2,1.5348249673843384,2.549999952316284,0.5000133631529913,0.0,8.92098858004801,0,0,customer-1,-7.797301292419434,-2.549999952316284,-0.4489851558887725,0.0,5.534991056332521,0,0,customer-2,1.7647709846496582,-2.200000047683716,-0.41524661177819056,0.0,10.501318117942692,0,0
3,188,7.520000000000006,to_table,-7.364351272583008,2.9652092456817627,-0.23425482356914296,-0.7876590490341187,0.9933011531829834,0.20000000298023224,0.6981682181358337,0.20000000298023224,0.6981682181358337,0,nominal-sac-a-star,4.470844826210281,99.0,99.0,4.543202648162842,99.0,customer-1,0,,waiter-1,-1.1132330894470215,2.200000047683716,0.47415758796601537,0.0,6.297779263854376,0,0,waiter-2,1.5548253059387207,2.549999952316284,0.5000138238810159,0.0,8.928835847754602,0,0,customer-1,-7.815260410308838,-2.549999952316284,-0.44898938967247837,0.0,5.533611076699095,0,0,customer-2,1.7481613159179688,-2.200000047683716,-0.4152495019707203,0.0,10.474601315556496,0,0
3,189,7.560000000000006,to_table,-7.348956108093262,2.9609837532043457,-0.20667303597611456,0.17405164241790771,-0.9677911400794983,0.7799999713897705,0.37375161051750183,0.7799999713897705,0.37375161051750183,0,nominal-sac-a-star,4.0843739957322525,99.0,99.0,3.8608173751831054,99.0,waiter-1,0,,waiter-1,-1.0942668914794922,2.200000047683716,0.4741580249353028,0.0,6.300812121980188,0,0,waiter-2,1.5748257637023926,2.549999952316284,0.500013092516145,0.0,8.933240765812883,0,0,customer-1,-7.8332200050354,-2.549999952316284,-0.4489888550846022,0.0,5.532219529663974,0,0,customer-2,1.731551170349121,-2.200000047683716,-0.415247623791668,0.0,10.444681241037186,0,0
3,190,7.600000000000006,to_table,-7.325834274291992,2.961740493774414,-0.19019440836861382,0.022797465324401855,-0.029288291931152344,0.7799999713897705,0.46861299872398376,0.7799999713897705,0.46861299872398376,0,nominal-sac-a-star,4.079802429348218,99.0,99.0,3.851436080932617,99.0,waiter-1,0,,waiter-1,-1.0753002166748047,2.200000047683716,0.4741536935330082,0.0,6.296778899774299,0,0,waiter-2,1.5948262214660645,2.549999952316284,0.5000123611512741,0.0,8.930157554828392,0,0,customer-1,-7.851179599761963,-2.549999952316284,-0.448988320496726,0.0,5.536720189432119,0,0,customer-2,1.7149415016174316,-2.200000047683716,-0.41525051398419777,0.0,10.410532745618887,0,0
3,191,7.640000000000006,to_table,-7.290534496307373,2.957096576690674,-0.17851434981638958,0.20098459720611572,-0.06822800636291504,0.7799999713897705,0.4520800709724426,0.7799999713897705,0.4520800709724426,0,nominal-sac-a-star,4.071929290604897,99.0,99.0,3.8316401863098144,99.0,waiter-1,0,,waiter-1,-1.0563340187072754,2.200000047683716,0.4741541305022956,0.0,6.280004040535617,0,0,waiter-2,1.6148264408111572,2.549999952316284,0.5000140139721942,0.0,8.914661018902157,0,0,customer-1,-7.869139194488525,-2.549999952316284,-0.4489877859088498,0.0,5.5374087420523495,0,0,customer-2,1.698331356048584,-2.200000047683716,-0.4152486358051455,0.0,10.36317301335767,0,0
3,192,7.680000000000006,to_table,-7.253072738647461,2.9539833068847656,-0.1627702113596034,0.19429373741149902,-0.15505123138427734,0.7799999713897705,0.4573853015899658,0.7799999713897705,0.4573853015899658,0,nominal-sac-a-star,4.05300287440511,99.0,99.0,3.809391441345215,99.0,waiter-1,0,,waiter-1,-1.037367820739746,2.200000047683716,0.474154567471583,0.0,6.261268112903135,0,0,waiter-2,1.634826898574829,2.549999952316284,0.5000132826073234,0.0,8.897076065320816,0,0,customer-1,-7.887098789215088,-2.549999952316284,-0.4489872513209736,0.0,5.540380921052613,0,0,customer-2,1.6817212104797363,-2.200000047683716,-0.4152467576260932,0.0,10.314750958337722,0,0
3,193,7.720000000000006,to_table,-7.210363388061523,2.9482250213623047,-0.1552829405067738,0.20518386363983154,-0.12766188383102417,0.7799999713897705,0.02118878997862339,0.7799999713897705,0.02118878997862339,0,nominal-sac-a-star,4.031779136668355,99.0,99.0,3.7838591957092285,99.0,waiter-1,0,,waiter-1,-1.0184016227722168,2.200000047683716,0.47415500444087044,0.0,6.237004979478611,0,0,waiter-2,1.654827356338501,2.549999952316284,0.5000125512424525,0.0,8.874130387830267,0,0,customer-1,-7.90505838394165,-2.549999952316284,-0.4489867167330974,0.0,5.541938198724686,0,0,customer-2,1.6651115417480469,-2.200000047683716,-0.41524964781862295,0.0,10.26052028852495,0,0
3,194,7.760000000000006,to_table,-7.165088176727295,2.9412100315093994,-0.15470470036192374,0.08588087558746338,-0.2739279866218567,0.7799999713897705,0.04236854985356331,0.7799999713897705,0.04236854985356331,0,nominal-sac-a-star,4.0066307152965095,99.0,99.0,3.756974639892578,99.0,waiter-1,0,,waiter-1,-0.9994354248046875,2.200000047683716,0.47415544141015786,0.0,6.210045579334639,0,0,waiter-2,1.6748276948928833,2.549999952316284,0.5000130119704771,0.0,8.84856812955546,0,0,customer-1,-7.923017978668213,-2.549999952316284,-0.44898618214522124,0.0,5.543270214515712,0,0,customer-2,1.6485013961791992,-2.200000047683716,-0.41524776963957066,0.0,10.203499509386129,0,0
3,195,7.800000000000006,to_table,-7.119427680969238,2.9340975284576416,-0.15439964222408822,0.20610010623931885,-0.32719624042510986,0.7799999713897705,0.04245356097817421,0.7799999713897705,0.04245356097817421,0,nominal-sac-a-star,3.979730970639011,99.0,99.0,3.7297486686706542,99.0,waiter-1,0,,waiter-1,-0.9804697036743164,2.200000047683716,0.4741606467510273,0.0,6.182693924032758,0,0,waiter-2,1.6948280334472656,2.549999952316284,0.5000134726985017,0.0,8.822620628085607,0,0,customer-1,-7.940977573394775,-2.549999952316284,-0.44898564755734505,0.0,5.545292544525972,0,0,customer-2,1.6318917274475098,-2.200000047683716,-0.4152506598321004,0.0,10.146159337871262,0,0
3,196,7.840000000000006,to_table,-7.072605609893799,2.9270050525665283,-0.15085794635921343,0.9019343852996826,0.7717537879943848,0.8199999928474426,0.1828950047492981,0.8199999928474426,0.1828950047492981,0,nominal-sac-a-star,3.8566925310983295,99.0,99.0,3.581127586364746,99.0,waiter-1,0,,waiter-1,-0.9615030288696289,2.200000047683716,0.4741563153487327,0.0,6.154194588483933,0,0,waiter-2,1.7148284912109375,2.549999952316284,0.5000127413336308,0.0,8.795517661108589,0,0,customer-1,-7.958937168121338,-2.549999952316284,-0.44898511296946,0.0,5.548258055878569,0,0,customer-2,1.615281581878662,-2.200000047683716,-0.4152487816530481,0.0,10.087892007498692,0,0
3,197,7.880000000000006,to_table,-7.025912761688232,2.9200336933135986,-0.14503616558585414,0.49215805530548096,0.9931747913360596,0.7799999713897705,0.2414325326681137,0.7799999713897705,0.2414325326681137,0,nominal-sac-a-star,3.7681807675349557,99.0,99.0,3.6716889762878417,99.0,waiter-1,0,,waiter-1,-0.9425363540649414,2.200000047683716,0.37657557418954823,0.0,6.125840103011726,0,0,waiter-2,1.7348288297653198,2.549999952316284,0.5000132020616554,0.0,8.768552799732724,0,0,customer-1,-7.976896286010742,-2.549999952316284,-0.4489893467531658,0.0,5.552084090488527,0,0,customer-2,1.5986714363098145,-2.200000047683716,-0.41524690347399584,0.0,10.02986530803423,0,0
3,198,7.920000000000006,to_table,-6.9797163009643555,2.9134485721588135,-0.1400476013466264,0.5744998455047607,0.21876144409179688,0.7799999713897705,0.15310533344745636,0.7799999713897705,0.15310533344745636,0,nominal-sac-a-star,3.135353863759814,99.0,99.0,3.643300952911377,99.0,waiter-1,0,,waiter-1,-0.9235706329345703,2.200000047683716,-0.0027440537587430924,0.0,6.09802502040387,0,0,waiter-2,1.7548291683197021,2.549999952316284,0.5000136627896801,0.0,8.74210383456157,0,0,customer-1,-7.994855880737305,-2.549999952316284,-0.44898881216528963,0.0,5.556957633994587,0,0,customer-2,1.582061767578125,-2.200000047683716,-0.4152497936665256,0.0,9.972532300411189,0,0
3,199,7.960000000000006,to_table,-6.9336371421813965,2.9067513942718506,-0.13565784310158724,0.5281383991241455,0.3495990037918091,0.7799999713897705,0.1759462058544159,0.7799999713897705,0.1759462058544159,0,nominal-sac-a-star,2.5043535643012196,99.0,99.0,3.6151632690429687,99.0,waiter-1,0,,waiter-1,-0.9046039581298828,2.200000047683716,-0.3820732184501985,0.0,6.070316186188202,0,0,waiter-2,1.774829626083374,2.549999952316284,0.5000129314248092,0.0,8.715771052827698,0,0,customer-1,-8.012815475463867,-2.549999952316284,-0.44898827757741344,0.0,5.562442011699336,0,0,customer-2,1.5654516220092773,-2.200000047683716,-0.4152479154874733,0.0,9.915312406147747,0,0
3,200,8.000000000000005,to_table,-6.8880767822265625,2.9009900093078613,-0.13047306697463965,0.5216236114501953,0.5002446174621582,0.7799999713897705,0.2054811418056488,0.7799999713897705,0.2054811418056488,0,nominal-sac-a-star,2.301917526473519,99.0,99.0,1.674201192855835,99.0,waiter-1,0,,waiter-1,-0.9143615365028381,2.200000047683716,-0.47415985136522565,0.0,6.014703713674504,0,0,waiter-2,1.7948299646377563,2.549999952316284,0.5000133921528338,0.0,8.689997905342029,0,0,customer-1,-8.03077507019043,-2.549999952316284,-0.44898774298953725,0.0,5.569474924895771,0,0,customer-2,1.548841953277588,-2.200000047683716,-0.41525080568000305,0.0,9.85909211393361,0,0
3,201,8.040000000000004,to_table,-6.842197895050049,2.8950259685516357,-0.12477659042909767,0.5366848707199097,0.4988976716995239,0.7799999713897705,0.2181118130683899,0.7799999713897705,0.2181118130683899,0,nominal-sac-a-star,2.2372118270302392,99.0,99.0,1.609468879699707,99.0,waiter-1,0,,waiter-1,-0.9333277940750122,2.200000047683716,-0.4741596922880653,0.0,5.949605608851316,0,0,waiter-2,1.8148303031921387,2.549999952316284,0.5000138528808584,0.0,8.663900979180198,0,0,customer-1,-8.048734664916992,-2.549999952316284,-0.44898720840166106,0.0,5.577099448276361,0,0,customer-2,1.5322318077087402,-2.200000047683716,-0.4152489275009419,0.0,9.802569201620754,0,0
3,202,8.080000000000004,to_table,-6.796247959136963,2.88930082321167,-0.1185514946669079,0.5456016063690186,0.5227600336074829,0.7799999713897705,0.2303137183189392,0.7799999713897705,0.2303137183189392,0,nominal-sac-a-star,2.172275429780209,99.0,99.0,1.5449404144287109,99.0,waiter-1,0,,waiter-1,-0.9522940516471863,2.200000047683716,-0.474159533210905,0.0,5.884465382004423,0,0,waiter-2,1.8348307609558105,2.549999952316284,0.5000131215159875,0.0,8.637745362849536,0,0,customer-1,-8.066694259643555,-2.549999952316284,-0.4489866738137849,0.0,5.585698410148,0,0,customer-2,1.5156216621398926,-2.200000047683716,-0.4152470493218807,0.0,9.74618694442096,0,0
3,203,8.120000000000003,to_table,-6.7502336502075195,2.883841037750244,-0.11192408061235218,0.552105188369751,0.5048054456710815,0.7799999713897705,0.23988981544971466,0.7799999713897705,0.23988981544971466,0,nominal-sac-a-star,2.107447259237536,99.0,99.0,1.4806763553619384,99.0,waiter-1,0,,waiter-1,-0.9712603092193604,2.200000047683716,-0.47415937413374465,0.0,5.819293030561961,0,0,waiter-2,1.8548312187194824,2.549999952316284,0.5000123901511166,0.0,8.611538263792678,0,0,customer-1,-8.084653854370117,-2.549999952316284,-0.4489861392259087,0.0,5.595293127853494,0,0,customer-2,1.4990119934082031,-2.200000047683716,-0.4152499395144016,0.0,9.689968723925755,0,0
3,204,8.160000000000002,to_table,-6.704097270965576,2.8785297870635986,-0.10688891404137923,0.556053876876831,-0.1228034496307373,0.7799999713897705,0.16293753683567047,0.7799999713897705,0.16293753683567047,0,nominal-sac-a-star,2.0427687360352103,99.0,99.0,1.4163367176055908,99.0,waiter-1,0,,waiter-1,-0.9902265071868896,2.200000047683716,-0.47415981110303207,0.0,5.754017875570753,0,0,waiter-2,1.8748314380645752,2.549999952316284,0.5000140429720368,0.0,8.585216924862227,0,0,customer-1,-8.10261344909668,-2.549999952316284,-0.4489856046380325,0.0,5.605781179445577,0,0,customer-2,1.4824018478393555,-2.200000047683716,-0.4152480613353404,0.0,9.633806781569398,0,0
3,205,8.200000000000001,to_table,-6.65737771987915,2.874197244644165,-0.10027146971035966,0.9125576019287109,0.5021408796310425,0.8199999928474426,0.25015124678611755,0.8199999928474426,0.25015124678611755,0,nominal-sac-a-star,1.8821291961647417,99.0,99.0,1.232525053024292,99.0,waiter-1,0,,waiter-1,-1.009192705154419,2.200000047683716,-0.4741602480723195,0.0,5.68828056805836,0,0,waiter-2,1.894831895828247,2.549999952316284,0.5000133116071659,0.0,8.558352247678918,0,0,customer-1,-8.120573043823242,-2.549999952316284,-0.4489850700501563,0.0,5.618082928145992,0,0,customer-2,1.465792179107666,-2.200000047683716,-0.4152509515278613,0.0,9.577753774725736,0,0
3,206,8.24,to_table,-6.610222816467285,2.8690145015716553,-0.09461611834711253,0.3024747371673584,-0.440494179725647,0.7799999713897705,0.14860455691814423,0.7799999713897705,0.14860455691814423,0,nominal-sac-a-star,1.913131408255588,99.0,99.0,1.2873546504974365,99.0,waiter-1,0,,waiter-1,-1.0281590223312378,2.200000047683716,-0.4741594929487114,0.0,5.622011787724702,0,0,waiter-2,1.9148322343826294,2.549999952316284,0.5000137723351905,0.0,8.531021855713314,0,0,customer-1,-8.138531684875488,-2.549999952316284,-0.4489940722054442,0.0,5.630403684346405,0,0,customer-2,1.4491820335388184,-2.200000047683716,-0.4152490733488001,0.0,9.520972378747064,0,0
3,207,8.28,to_table,-6.563983917236328,2.8645405769348145,-0.09031300492028349,0.1962566375732422,-0.4706839323043823,0.7799999713897705,0.13481198251247406,0.7799999713897705,0.13481198251247406,0,nominal-sac-a-star,1.8477410870840987,99.0,99.0,1.2235659980773925,99.0,waiter-1,0,,waiter-1,-1.047125220298767,2.200000047683716,-0.4741599299179988,0.0,5.55673861154121,0,0,waiter-2,1.9348326921463013,2.549999952316284,0.5000130409703196,0.0,8.504635181149952,0,0,customer-1,-8.15649127960205,-2.549999952316284,-0.448993537617568,0.0,5.643875338992863,0,0,customer-2,1.4325718879699707,-2.200000047683716,-0.41524719516973896,0.0,9.465435884532207,0,0
3,208,8.319999999999999,to_table,-6.517728328704834,2.8603034019470215,-0.08607341629492302,0.20326626300811768,-0.4740084409713745,0.7799999713897705,0.14835631847381592,0.7799999713897705,0.14835631847381592,0,nominal-sac-a-star,1.783317669492885,99.0,99.0,1.1599864387512206,99.0,waiter-1,0,,waiter-1,-1.066091537475586,2.200000047683716,-0.47415917479439074,0.0,5.491479238159396,0,0,waiter-2,1.9548330307006836,2.549999952316284,0.5000135016983442,0.0,8.478241811823027,0,0,customer-1,-8.174450874328613,-2.549999952316284,-0.4489930030296918,0.0,5.65827818141976,0,0,customer-2,1.4159622192382812,-2.200000047683716,-0.4152500853622598,0.0,9.410107157353027,0,0
3,209,8.359999999999998,to_table,-6.471439361572266,2.856386423110962,-0.08100464906145262,0.2520085573196411,-0.4854954481124878,0.7799999713897705,0.16450931131839752,0.7799999713897705,0.16450931131839752,0,nominal-sac-a-star,1.7190172401011887,99.0,99.0,1.096914710998535,99.0,waiter-1,0,,waiter-1,-1.0850577354431152,2.200000047683716,-0.47415961176367816,0.0,5.426227980480384,0,0,waiter-2,1.9748334884643555,2.549999952316284,0.5000127703334734,0.0,8.451828070113102,0,0,customer-1,-8.192410469055176,-2.549999952316284,-0.4489924684418156,0.0,5.673689733603372,0,0,customer-2,1.3993520736694336,-2.200000047683716,-0.41524820718319866,0.0,9.35502014744541,0,0
3,210,8.399999999999997,to_table,-6.4242634773254395,2.8531174659729004,-0.07523737526162007,0.866065263748169,-0.2230181097984314,0.8199999928474426,0.17584185302257538,0.8199999928474426,0.17584185302257538,0,nominal-sac-a-star,1.5595181796617186,99.0,99.0,0.9151824140548706,99.0,waiter-1,0,,waiter-1,-1.1040239334106445,2.200000047683716,-0.4741600487329656,0.0,5.360178277511619,0,0,waiter-2,1.9948338270187378,2.549999952316284,0.500013231061498,0.0,8.424552192674739,0,0,customer-1,-8.210370063781738,-2.549999952316284,-0.44899193385393943,0.0,5.690681380467769,0,0,customer-2,1.3827424049377441,-2.200000047683716,-0.4152510973757195,0.0,9.29964179162376,0,0
3,211,8.439999999999996,to_table,-6.377024173736572,2.8495781421661377,-0.07029586992042335,0.5831749439239502,-0.3501276969909668,0.7799999713897705,0.17207024991512299,0.7799999713897705,0.17207024991512299,0,nominal-sac-a-star,1.59055993157516,99.0,99.0,0.9703339958190917,99.0,waiter-1,0,,waiter-1,-1.1229902505874634,2.200000047683716,-0.4741592936093575,0.0,5.29403666085087,0,0,waiter-2,2.01483416557312,2.549999952316284,0.5000136917895226,0.0,8.397203908377797,0,0,customer-1,-8.2283296585083,-2.549999952316284,-0.44899139926606324,0.0,5.7081324087971455,0,0,customer-2,1.3661322593688965,-2.200000047683716,-0.41524921919665836,0.0,9.244171755379165,0,0
3,212,8.479999999999995,to_table,-6.3303985595703125,2.846133232116699,-0.06507483274131959,0.619671106338501,-0.3085511326789856,0.7799999713897705,0.19437934458255768,0.7799999713897705,0.19437934458255768,0,nominal-sac-a-star,1.5260067718522388,99.0,99.0,0.9080812358856201,99.0,waiter-1,0,,waiter-1,-1.1419564485549927,2.200000047683716,-0.4741597305786449,0.0,5.228519831786298,0,0,waiter-2,2.034834623336792,2.549999952316284,0.5000129604246517,0.0,8.370473172038453,0,0,customer-1,-8.246289253234863,-2.549999952316284,-0.44899086467818705,0.0,5.726158441242198,0,0,customer-2,1.3495221138000488,-2.200000047683716,-0.4152473410175972,0.0,9.189376617963308,0,0
3,213,8.519999999999994,to_table,-6.2839579582214355,2.843137741088867,-0.05904781993537835,0.6474919319152832,-0.31970858573913574,0.7799999713897705,0.21511386334896088,0.7799999713897705,0.21511386334896088,0,nominal-sac-a-star,1.4623212437463673,99.0,99.0,0.8468987369537353,99.0,waiter-1,0,,waiter-1,-1.1609227657318115,2.200000047683716,-0.4741589754550368,0.0,5.1632466216679695,0,0,waiter-2,2.0548348426818848,2.549999952316284,0.5000146132455718,0.0,8.34394362035144,0,0,customer-1,-8.264248847961426,-2.549999952316284,-0.44899033009031086,0.0,5.745214198619111,0,0,customer-2,1.3329124450683594,-2.200000047683716,-0.41525023121011806,0.0,9.13509460799712,0,0
3,214,8.559999999999993,to_table,-6.237668991088867,2.840338706970215,-0.054155400527817324,0.7108147144317627,-0.5111665725708008,0.7799999713897705,0.15549945831298828,0.7799999713897705,0.15549945831298828,0,nominal-sac-a-star,1.399337330467758,99.0,99.0,0.7858154201507568,99.0,waiter-1,0,,waiter-1,-1.1798889636993408,2.200000047683716,-0.47415941242432424,0.0,5.098153823104716,0,0,waiter-2,2.0748353004455566,2.549999952316284,0.500013881880701,0.0,8.317573215141072,0,0,customer-1,-8.282208442687988,-2.549999952316284,-0.4489897955024347,0.0,5.765057886174588,0,0,customer-2,1.3163022994995117,-2.200000047683716,-0.4152483530310569,0.0,9.081161655906131,0,0
3,215,8.599999999999993,to_table,-6.191262722015381,2.837221622467041,-0.04945836584266751,0.7251121997833252,-0.39006149768829346,0.7799999713897705,0.1868249475955963,0.7799999713897705,0.1868249475955963,0,nominal-sac-a-star,1.336449717726869,99.0,99.0,0.7248536968231201,99.0,waiter-1,0,,waiter-1,-1.1988551616668701,2.200000047683716,-0.47415984939361167,0.0,5.032910150598191,0,0,waiter-2,2.0948357582092285,2.549999952316284,0.5000131505158301,0.0,8.291074979264437,0,0,customer-1,-8.30016803741455,-2.549999952316284,-0.4489892609145585,0.0,5.785294973044141,0,0,customer-2,1.2996926307678223,-2.200000047683716,-0.41525124322357776,0.0,9.027071189019598,0,0
3,216,8.639999999999992,to_table,-6.145236015319824,2.8351030349731445,-0.04133700162832593,-0.03571122884750366,0.8185570240020752,0.7799999713897705,0.3551645874977112,0.7799999713897705,0.3551645874977112,0,nominal-sac-a-star,1.2735257918527325,99.0,99.0,0.6671629571914672,99.0,waiter-1,0,,waiter-1,-1.2178213596343994,2.200000047683716,-0.4741602863628991,0.0,4.968175821519149,0,0,waiter-2,2.1148362159729004,2.549999952316284,0.5000124191509592,0.0,8.264991048628765,0,0,customer-1,-8.318127632141113,-2.549999952316284,-0.4489887263266823,0.0,5.806960664768254,0,0,customer-2,1.2830824851989746,-2.200000047683716,-0.4152493650445166,0.0,8.973972297602131,0,0
3,217,8.67999999999999,to_table,-6.099167823791504,2.83315372467041,-0.031047908890598847,0.07151186466217041,0.9743075370788574,0.7799999713897705,0.3283739984035492,0.7799999713897705,0.3283739984035492,0,nominal-sac-a-star,1.2126648490292764,99.0,99.0,0.6119499826431274,99.0,waiter-1,0,,waiter-1,-1.2367876768112183,2.200000047683716,-0.474159531239291,0.0,4.90342984781365,0,0,waiter-2,2.1348366737365723,2.549999952316284,0.5000116877860883,0.0,8.238871653576778,0,0,customer-1,-8.336087226867676,-2.549999952316284,-0.4489881917388061,0.0,5.8294212342147675,0,0,customer-2,1.266472339630127,-2.200000047683716,-0.41524748686545543,0.0,8.921058900891328,0,0
3,218,8.71999999999999,to_table,-6.052917957305908,2.8316617012023926,-0.02245123717198418,0.6155643463134766,-0.1582966446876526,0.7799999713897705,0.20126911997795105,0.7799999713897705,0.20126911997795105,0,nominal-sac-a-star,1.1531585254387973,99.0,99.0,0.5567268753051757,99.0,waiter-1,0,,waiter-1,-1.2557538747787476,2.200000047683716,-0.4741599682085784,0.0,4.8385720702718285,0,0,waiter-2,2.154836893081665,2.549999952316284,0.5000133406070084,0.0,8.212586256767494,0,0,customer-1,-8.354046821594238,-2.549999952316284,-0.4489876571509299,0.0,5.852988655636903,0,0,customer-2,1.2498626708984375,-2.200000047683716,-0.4152503770579763,0.0,8.868383441128392,0,0
3,219,8.75999999999999,to_table,-6.006689548492432,2.8305718898773193,-0.015226115436602917,0.48399555683135986,-0.16232460737228394,0.7799999713897705,0.21516913175582886,0.7799999713897705,0.21516913175582886,0,nominal-sac-a-star,1.0935009513179121,99.0,99.0,0.5016941452026367,99.0,waiter-1,0,,waiter-1,-1.2747201919555664,2.200000047683716,-0.47415921308497033,0.0,4.773798784968984,0,0,waiter-2,2.174837350845337,2.549999952316284,0.5000126092421375,0.0,8.186336361079615,0,0,customer-1,-8.3720064163208,-2.549999952316284,-0.44898712256305373,0.0,5.877523052633658,0,0,customer-2,1.2332525253295898,-2.200000047683716,-0.41524849887891513,0.0,8.81608843259157,0,0
3,220,8.799999999999988,to_table,-5.9601054191589355,2.829684019088745,-0.009984261332817088,0.5002275705337524,-0.1780267357826233,0.7799999713897705,0.16516314446926117,0.7799999713897705,0.16516314446926117,0,nominal-sac-a-star,1.0338756356427181,99.0,99.0,0.44569784641265864,99.0,waiter-1,0,,waiter-1,-1.2936863899230957,2.200000047683716,-0.47415965005425775,0.0,4.708711974654934,0,0,waiter-2,2.1948375701904297,2.549999952316284,0.5000142620630577,0.0,8.159737638965161,0,0,customer-1,-8.389966011047363,-2.549999952316284,-0.44898658797517754,0.0,5.902984171434357,0,0,customer-2,1.2166423797607422,-2.200000047683716,-0.41524662069985396,0.0,8.763756659152694,0,0
3,221,8.839999999999987,to_table,-5.9135637283325195,2.8289778232574463,-0.0050011365168071585,0.4645911455154419,-0.1779693365097046,0.7799999713897705,0.17778031527996063,0.7799999713897705,0.17778031527996063,0,nominal-sac-a-star,0.973434203678047,99.0,99.0,0.3905248069763183,99.0,waiter-1,0,,waiter-1,-1.312652587890625,2.200000047683716,-0.4741600870235452,0.0,4.643705025559656,0,0,waiter-2,2.2148380279541016,2.549999952316284,0.5000135306981868,0.0,8.133187798402192,0,0,customer-1,-8.407925605773926,-2.549999952316284,-0.44898605338730135,0.0,5.929185701742621,0,0,customer-2,1.2000327110290527,-2.200000047683716,-0.41524951089237483,0.0,8.711708944203401,0,0
3,222,8.879999999999987,to_table,-5.867160797119141,2.8283631801605225,0.0004412775400361446,0.47304296493530273,-0.18640398979187012,0.7799999713897705,0.1933233141899109,0.7799999713897705,0.1933233141899109,0,nominal-sac-a-star,0.9133542836791655,99.0,99.0,0.3370406055450439,99.0,waiter-1,0,,waiter-1,-1.3316189050674438,2.200000047683716,-0.4741593318999371,0.0,4.57886235661348,0,0,waiter-2,2.2348384857177734,2.549999952316284,0.5000127993333159,0.0,8.10677978396513,0,0,customer-1,-8.425885200500488,-2.549999952316284,-0.44898551879942517,0.0,5.955993666655881,0,0,customer-2,1.183422565460205,-2.200000047683716,-0.41524763271331366,0.0,8.659974740368288,0,0
3,223,8.919999999999986,to_table,-5.8207855224609375,2.8283135890960693,0.004409280434070409,0.48302388191223145,-0.19416427612304688,0.7799999713897705,0.14573366940021515,0.7799999713897705,0.14573366940021515,0,nominal-sac-a-star,0.8541362426124657,99.0,99.0,0.28341502189636225,99.0,waiter-1,0,,waiter-1,-1.3505851030349731,2.200000047683716,-0.4741597688692245,0.0,4.5141410806661995,0,0,waiter-2,2.2548389434814453,2.549999952316284,0.500012067968445,0.0,8.080418862617506,0,0,customer-1,-8.44384479522705,-2.549999952316284,-0.448984984211549,0.0,5.983869692613951,0,0,customer-2,1.1668128967285156,-2.200000047683716,-0.41525052290583453,0.0,8.608743793242107,0,0
3,224,8.959999999999985,to_table,-5.780966281890869,2.82808780670166,0.0084179229168603,0.45223402976989746,-0.1811913251876831,0.7799999713897705,0.15899135172367096,0.30000001192092896,0.44999998807907104,1,dwa-left-arc,2.227255369826966,0.07297257297665194,99.0,1.5807818794250488,99.0,waiter-1,0,,waiter-1,-1.369551420211792,2.200000047683716,-0.4741590137456164,0.0,4.455903422973978,0,0,waiter-2,2.274839162826538,2.549999952316284,0.5000137207893651,0.0,8.060603837051866,0,0,customer-1,-8.461803436279297,-2.549999952316284,-0.44899398636683685,0.0,6.00921923314902,0,0,customer-2,1.150202751159668,-2.200000047683716,-0.41524864472677336,0.0,8.562871693312731,0,0
3,225,8.999999999999984,to_table,-5.748929977416992,2.830030679702759,0.016271899797328324,0.6772606372833252,0.07729458808898926,0.7799999713897705,0.2026028335094452,0.30000001192092896,0.44999998807907104,1,dwa-left-arc,2.1737240530380326,0.07122203908225799,99.0,1.5336179161071777,99.0,waiter-1,0,,waiter-1,-1.3885176181793213,2.200000047683716,-0.47415945071490384,0.0,4.405693423273452,0,0,waiter-2,2.29483962059021,2.549999952316284,0.5000129894244942,0.0,8.048642528656963,0,0,customer-1,-8.47976303100586,-2.549999952316284,-0.44899345177896066,0.0,6.03342181254027,0,0,customer-2,1.1335926055908203,-2.200000047683716,-0.4152467665477122,0.0,8.524689215687845,0,0
3,226,9.039999999999983,to_table,-5.725183010101318,2.8296401500701904,0.03153108357997014,-0.9599601030349731,0.5258493423461914,0.7799999713897705,0.25696298480033875,0.30000001192092896,0.44999998807907104,1,dwa-left-arc,2.130601456742184,0.06542752826163545,99.0,1.495985927581787,99.0,waiter-1,0,,waiter-1,-1.4074838161468506,2.200000047683716,-0.47415988768419126,0.0,4.363367161723651,0,0,waiter-2,2.3148398399353027,2.549999952316284,0.5000146422454144,0.0,8.04488446587711,0,0,customer-1,-8.497722625732422,-2.549999952316284,-0.4489929171910845,0.0,6.052066056434664,0,0,customer-2,1.1169829368591309,-2.200000047683716,-0.41524965674023306,0.0,8.491908817492515,0,0
3,227,9.079999999999982,to_table,-5.704423904418945,2.828765630722046,0.04670093865016815,0.672487735748291,0.5930068492889404,0.7799999713897705,0.26070478558540344,0.30000001192092896,0.44999998807907104,1,dwa-left-arc,2.0989992102908497,0.0584131742437517,99.0,1.4615024948120117,99.0,waiter-1,0,,waiter-1,-1.4264500141143799,2.200000047683716,-0.4741603246534787,0.0,4.32393417671235,0,0,waiter-2,2.3348402976989746,2.549999952316284,0.5000139108805435,0.0,8.044095922781608,0,0,customer-1,-8.515682220458984,-2.549999952316284,-0.4489923826032083,0.0,6.069126174070032,0,0,customer-2,1.1003727912902832,-2.200000047683716,-0.4152477785611719,0.0,8.461308546451134,0,0
3,228,9.119999999999981,to_table,-5.685217380523682,2.8282196521759033,0.06301241677414324,0.6731106042861938,0.6033563613891602,0.7799999713897705,0.1877065747976303,0.30000001192092896,0.44999998807907104,1,dwa-left-arc,2.0701706758642358,0.052030082390058574,99.0,1.4293460273742675,99.0,waiter-1,0,,waiter-1,-1.4454163312911987,2.200000047683716,-0.4741595695298706,0.0,4.286090620663682,0,0,waiter-2,2.3548407554626465,2.549999952316284,0.5000131795156726,0.0,8.044870479468885,0,0,customer-1,-8.533641815185547,-2.549999952316284,-0.4489918480153321,0.0,6.085948395617799,0,0,customer-2,1.0837631225585938,-2.200000047683716,-0.41525066875369276,0.0,8.43220554784834,0,0
3,229,9.15999999999998,to_table,-5.667235851287842,2.8288862705230713,0.07938497196000908,0.6700831651687622,0.6154813766479492,0.7799999713897705,0.17716948688030243,0.30000001192092896,0.44999998807907104,1,dwa-left-arc,2.043751547055124,0.04488979280317906,99.0,1.3991827392578124,99.0,waiter-1,0,,waiter-1,-1.4643826484680176,2.200000047683716,-0.4741588144062625,0.0,4.2496438586933385,0,0,waiter-2,2.3748412132263184,2.549999952316284,0.5000124481508017,0.0,8.046911276388451,0,0,customer-1,-8.55160140991211,-2.549999952316284,-0.4489913134274559,0.0,6.103440150769803,0,0,customer-2,1.067152976989746,-2.200000047683716,-0.4152487905746316,0.0,8.404861122700208,0,0
3,230,9.19999999999998,to_table,-5.649818420410156,2.830390214920044,0.09623840343392369,-0.5170658826828003,0.7398173809051514,0.7799999713897705,0.17705939710140228,0.30000001192092896,0.44999998807907104,1,dwa-left-arc,2.0191040224005574,0.03663260488360809,99.0,1.3704492473602294,99.0,waiter-1,0,,waiter-1,-1.4833488464355469,2.200000047683716,-0.47415925137554993,0.0,4.213888996379047,0,0,waiter-2,2.3948416709899902,2.549999952316284,0.5000117167859308,0.0,8.049544998664782,0,0,customer-1,-8.569561004638672,-2.549999952316284,-0.4489907788395797,0.0,6.121559859206702,0,0,customer-2,1.0505428314208984,-2.200000047683716,-0.41524691239557043,0.0,8.378524159966226,0,0
3,231,9.239999999999979,to_table,-5.6321611404418945,2.8319387435913086,0.11336432950337849,0.5035061836242676,0.6370627880096436,0.7799999713897705,0.1470346450805664,0.30000001192092896,0.44999998807907104,1,dwa-left-arc,1.9957430318787759,0.027447552254579843,99.0,1.3421196365356445,99.0,waiter-1,0,,waiter-1,-1.5023150444030762,2.200000047683716,-0.47415968834483735,0.0,4.177915184916091,0,0,waiter-2,2.414841890335083,2.549999952316284,0.5000133696068509,0.0,8.051940589656601,0,0,customer-1,-8.587520599365234,-2.549999952316284,-0.44899024425170353,0.0,6.139984825547631,0,0,customer-2,1.033933162689209,-2.200000047683716,-0.4152498025880824,0.0,8.352078858426523,0,0
3,232,9.279999999999978,to_table,-5.616401195526123,2.832113742828369,0.12343014585150376,0.014365553855895996,0.9951419830322266,0.3400000035762787,0.17219989001750946,0.18000000715255737,0.0,1,dwa-slow-forward,1.8575230407618075,0.4575404149578284,99.0,1.6427616500854492,99.0,waiter-1,0,,waiter-1,-1.5212812423706055,2.200000047683716,-0.47416012531412477,0.0,4.143618606281456,0,0,waiter-2,2.434842348098755,2.549999952316284,0.5000126382419801,0.0,8.05618462980823,0,0,customer-1,-8.605480194091797,-2.549999952316284,-0.44898970966382734,0.0,6.15643899402325,0,0,customer-2,1.0173230171203613,-2.200000047683716,-0.41524792440903013,0.0,8.326371726635445,0,0
3,233,9.319999999999977,to_table,-5.604916572570801,2.8331267833709717,0.12659843109723795,-0.37623298168182373,0.9000568389892578,0.3400000035762787,0.15504346787929535,0.18000000715255737,0.14000000059604645,1,dwa-left-arc,1.8728740020278491,0.3603696064586872,99.0,1.6142725372314453,99.0,waiter-1,0,,waiter-1,-1.5402475595474243,2.200000047683716,-0.4741593701905167,0.0,4.11368249247246,0,0,waiter-2,2.4548425674438477,2.549999952316284,0.5000142910629002,0.0,8.06473050991245,0,0,customer-1,-8.62343978881836,-2.549999952316284,-0.44898917507595115,0.0,6.171672047305854,0,0,customer-2,1.0007133483886719,-2.200000047683716,-0.4152508146015421,0.0,8.304619940139203,0,0
3,234,9.359999999999976,to_table,-5.589914321899414,2.8354601860046387,0.1305323162074018,-0.24754393100738525,0.8929922580718994,0.3400000035762787,0.15283837914466858,0.3400000035762787,0.15283837914466858,0,nominal-sac-a-star,1.5537128290278988,0.21220976136195668,99.0,1.1489555263519287,99.0,waiter-1,0,,waiter-1,-1.5592137575149536,2.200000047683716,-0.4741598071598041,0.0,4.080484851966008,0,0,waiter-2,2.4748430252075195,2.549999952316284,0.5000135596980293,0.0,8.069807842367293,0,0,customer-1,-8.641399383544922,-2.549999952316284,-0.44898864048807496,0.0,6.189890304592587,0,0,customer-2,0.9841032028198242,-2.200000047683716,-0.41524893642248983,0.0,8.28091578150463,0,0
3,235,9.399999999999975,to_table,-5.571280479431152,2.8385772705078125,0.13507489552198135,-0.2335599660873413,0.8196688890457153,0.3400000035762787,0.13963672518730164,0.3400000035762787,0.13963672518730164,0,nominal-sac-a-star,1.4201060285597058,99.0,99.0,1.117051544189453,99.0,waiter-1,0,,waiter-1,-1.5781800746917725,2.200000047683716,-0.474159052036196,0.0,4.043838734647999,0,0,waiter-2,2.4948434829711914,2.549999952316284,0.5000128283331584,0.0,8.071284448302878,0,0,customer-1,-8.659358978271484,-2.549999952316284,-0.4489881059001988,0.0,6.210716005529363,0,0,customer-2,0.9674930572509766,-2.200000047683716,-0.41524705824343755,0.0,8.254866489253999,0,0
3,236,9.439999999999975,to_table,-5.55143404006958,2.8411929607391357,0.1339434869326234,-0.05288577079772949,-0.7966059446334839,0.3400000035762787,-0.11750385165214539,0.3400000035762787,-0.11750385165214539,0,nominal-sac-a-star,1.3866270969422003,99.0,99.0,1.0812224769592285,99.0,waiter-1,0,,waiter-1,-1.5971462726593018,2.200000047683716,-0.47415948900548344,0.0,4.005935608474387,0,0,waiter-2,2.5148439407348633,2.549999952316284,0.5000120969682875,0.0,8.071532310024223,0,0,customer-1,-8.677318572998047,-2.549999952316284,-0.4489875713123226,0.0,6.2318628947514885,0,0,customer-2,0.9508829116821289,-2.200000047683716,-0.41524518006438527,0.0,8.227621326313521,0,0
3,237,9.479999999999974,to_table,-5.531527996063232,2.84386944770813,0.13432012091067969,-0.6908261179924011,0.6810914278030396,0.3400000035762787,0.060542017221450806,0.3400000035762787,0.060542017221450806,0,nominal-sac-a-star,1.3499868003937716,99.0,99.0,1.0462285900115966,99.0,waiter-1,0,,waiter-1,-1.616112470626831,2.200000047683716,-0.47415992597477086,0.0,3.968002840361409,0,0,waiter-2,2.534844160079956,2.549999952316284,0.5000137497892077,0.0,8.071723424506317,0,0,customer-1,-8.69527816772461,-2.549999952316284,-0.4489870367244464,0.0,6.253250534978358,0,0,customer-2,0.9342737197875977,-2.200000047683716,-0.2702220339606143,0.0,8.200439702555219,0,0
3,238,9.519999999999973,to_table,-5.511525630950928,2.8465447425842285,0.13504359877050157,-0.6541029810905457,0.6774704456329346,0.3400000035762787,0.058780405670404434,0.3400000035762787,0.058780405670404434,0,nominal-sac-a-star,1.3139124020287833,99.0,99.0,1.011463108062744,99.0,waiter-1,0,,waiter-1,-1.6350786685943604,2.200000047683716,-0.4741603629440583,0.0,3.929995050183582,0,0,waiter-2,2.554844617843628,2.549999952316284,0.5000130184243368,0.0,8.071819361412457,0,0,customer-1,-8.713237762451172,-2.549999952316284,-0.4489865021365702,0.0,6.27484304322066,0,0,customer-2,0.91766357421875,-2.200000047683716,0.06197899923728656,0.0,8.173254440921978,0,0
3,239,9.559999999999972,to_table,-5.491513729095459,2.8492517471313477,0.13568831170216994,-0.6631355881690979,0.6671483516693115,0.3400000035762787,0.05574527382850647,0.3400000035762787,0.05574527382850647,0,nominal-sac-a-star,1.2779596471723549,99.0,99.0,0.9768142127990722,99.0,waiter-1,0,,waiter-1,-1.6540449857711792,2.200000047683716,-0.4741596078204502,0.0,3.8920038701453605,0,0,waiter-2,2.5748448371887207,2.549999952316284,0.5000146712452569,0.0,8.071907590933273,0,0,customer-1,-8.731197357177734,-2.549999952316284,-0.448985967548694,0.0,6.296623613020908,0,0,customer-2,0.9010534286499023,-2.200000047683716,0.3941800324351874,0.0,8.146156059990979,0,0
3,240,9.599999999999971,to_table,-5.471503734588623,2.851980209350586,0.13621212204103428,-0.6718693375587463,0.6575502157211304,0.3400000035762787,0.05272756144404411,0.3400000035762787,0.05272756144404411,0,nominal-sac-a-star,1.242076749232174,99.0,99.0,0.9422742748260498,99.0,waiter-1,0,,waiter-1,-1.673011302947998,2.200000047683716,-0.4741588526968421,0.0,3.854039813551265,0,0,waiter-2,2.5948452949523926,2.549999952316284,0.500013939880386,0.0,8.071999674307214,0,0,customer-1,-8.749156951904297,-2.549999952316284,-0.44898543296081783,0.0,6.3185758110528525,0,0,customer-2,0.9155561327934265,-2.200000047683716,0.41525256850937,0.0,8.143527384799954,0,0
3,241,9.63999999999997,to_table,-5.4514970779418945,2.8547236919403076,0.13662499457100982,-0.6824201941490173,0.6475886106491089,0.3400000035762787,0.049650635570287704,0.3400000035762787,0.049650635570287704,0,nominal-sac-a-star,1.2062595250430093,99.0,99.0,0.9078523540496826,99.0,waiter-1,0,,waiter-1,-1.6919775009155273,2.200000047683716,-0.4741592896661295,0.0,3.816104099784641,0,0,waiter-2,2.6148457527160645,2.549999952316284,0.5000132085155151,0.0,8.072096581384386,0,0,customer-1,-8.767115592956543,-2.549999952316284,-0.4489944351161057,0.0,6.340691114373432,0,0,customer-2,0.9321660995483398,-2.200000047683716,0.41525247846966096,0.0,8.142566404246477,0,0
3,242,9.67999999999997,to_table,-5.43149471282959,2.857475996017456,0.1369745273645564,-0.6929944157600403,0.6372464895248413,0.3400000035762787,0.04649452492594719,0.3400000035762787,0.04649452492594719,0,nominal-sac-a-star,1.1705140824920637,99.0,99.0,0.8735794448852539,99.0,waiter-1,0,,waiter-1,-1.7109436988830566,2.200000047683716,-0.47415972663541694,0.0,3.778197251337723,0,0,waiter-2,2.6348462104797363,2.549999952316284,0.5000124771506442,0.0,8.072199044157973,0,0,customer-1,-8.785075187683105,-2.549999952316284,-0.4489939005282295,0.0,6.362962999509475,0,0,customer-2,0.9487760663032532,-2.200000047683716,0.41525238842995194,0.0,8.14161649475506,0,0
3,243,9.719999999999969,to_table,-5.411494255065918,2.8602352142333984,0.1372869759201069,-0.7033615112304688,0.6265205144882202,0.3400000035762787,0.0431927889585495,0.3400000035762787,0.0431927889585495,0,nominal-sac-a-star,1.1348606872473517,99.0,99.0,0.8394749784469604,99.0,waiter-1,0,,waiter-1,-1.729909896850586,2.200000047683716,-0.47416016360470437,0.0,3.7403173477399863,0,0,waiter-2,2.654846668243408,2.549999952316284,0.5000117457857733,0.0,8.072304615708672,0,0,customer-1,-8.803034782409668,-2.549999952316284,-0.44899336594035333,0.0,6.3853889236275965,0,0,customer-2,0.9653860330581665,-2.200000047683716,0.4152522983902429,0.0,8.140674610559918,0,0
3,244,9.759999999999968,to_table,-5.391493797302246,2.8629987239837646,0.13730537117310648,-0.7136293053627014,0.615463376045227,0.3400000035762787,0.0003046597121283412,0.3400000035762787,0.0003046597121283412,0,nominal-sac-a-star,1.0993108546241914,99.0,99.0,0.8054010295867919,99.0,waiter-1,0,,waiter-1,-1.7488762140274048,2.200000047683716,-0.4741594084810963,0.0,3.7024627078147136,0,0,waiter-2,2.674846887588501,2.549999952316284,0.5000133986066935,0.0,8.072411057161862,0,0,customer-1,-8.82099437713623,-2.549999952316284,-0.44899283135247714,0.0,6.407966049902864,0,0,customer-2,0.9819959402084351,-2.200000047683716,0.41525280439698165,0.0,8.139737587665858,0,0
3,245,9.799999999999967,to_table,-5.371493339538574,2.8657619953155518,0.1372784137915112,-0.7387251853942871,0.60471510887146,0.3400000035762787,-0.0040197474882006645,0.3400000035762787,-0.0040197474882006645,0,nominal-sac-a-star,1.0637667868061071,99.0,99.0,0.7715004110336303,99.0,waiter-1,0,,waiter-1,-1.767842411994934,2.200000047683716,-0.4741598454503837,0.0,3.664633539455299,0,0,waiter-2,2.694847345352173,2.549999952316284,0.5000126672418226,0.0,8.07251867216935,0,0,customer-1,-8.838953971862793,-2.549999952316284,-0.44899229676460095,0.0,6.430688976317798,0,0,customer-2,0.9986059069633484,-2.200000047683716,0.4152527143572726,0.0,8.13880270596213,0,0
3,246,9.839999999999966,to_table,-5.351492881774902,2.8685245513916016,0.1372192200466807,-0.7482199668884277,0.5937774181365967,0.3400000035762787,-0.008567174896597862,0.3400000035762787,-0.008567174896597862,0,nominal-sac-a-star,1.0283261649839894,99.0,99.0,0.73779052734375,99.0,waiter-1,0,,waiter-1,-1.786808729171753,2.200000047683716,-0.4741590903267756,0.0,3.626830313080267,0,0,waiter-2,2.7148475646972656,2.549999952316284,0.5000143200627427,0.0,8.072626965158795,0,0,customer-1,-8.856913566589355,-2.549999952316284,-0.4489917621767425,0.0,6.453555762121206,0,0,customer-2,1.0152158737182617,-2.200000047683716,0.4152526243175636,0.0,8.137869622247884,0,0
3,247,9.879999999999965,to_table,-5.3314924240112305,2.8712854385375977,0.137124803558119,-0.7569611072540283,0.5813262462615967,0.3400000035762787,-0.013545539230108261,0.3400000035762787,-0.013545539230108261,0,nominal-sac-a-star,0.9929993742797558,99.0,99.0,0.7042803192138671,99.0,waiter-1,0,,waiter-1,-1.8057749271392822,2.200000047683716,-0.47415952729606303,0.0,3.5890539064944185,0,0,waiter-2,2.7348480224609375,2.549999952316284,0.5000135886978718,0.0,8.07273637387282,0,0,customer-1,-8.874873161315918,-2.549999952316284,-0.44899122758886634,0.0,6.476564084341915,0,0,customer-2,1.0318257808685303,-2.200000047683716,0.41525313032430233,0.0,8.13693769543021,0,0
3,248,9.919999999999964,to_table,-5.311491966247559,2.874044418334961,0.1369926569127823,-0.7648065686225891,0.5682460069656372,0.3400000035762787,-0.018882649019360542,0.3400000035762787,-0.018882649019360542,0,nominal-sac-a-star,0.9577907136885075,99.0,99.0,0.6709796810150146,99.0,waiter-1,0,,waiter-1,-1.8247411251068115,2.200000047683716,-0.47415996426535045,0.0,3.5513050054595903,0,0,waiter-2,2.7548484802246094,2.549999952316284,0.5000128573330009,0.0,8.072846648757187,0,0,customer-1,-8.89283275604248,-2.549999952316284,-0.44899069300099015,0.0,6.4997122388181445,0,0,customer-2,1.0484358072280884,-2.200000047683716,0.41525244423814556,0.0,8.13600691537081,0,0
3,249,9.959999999999964,to_table,-5.291491508483887,2.876800060272217,0.1368200675753817,-0.7724721431732178,0.5548121929168701,0.3400000035762787,-0.024589430540800095,0.3400000035762787,-0.024589430540800095,0,nominal-sac-a-star,0.9227052389237875,99.0,99.0,0.6378992223739623,99.0,waiter-1,0,,waiter-1,-1.8437073230743408,2.200000047683716,-0.4741604012346379,0.0,3.5135842164661373,0,0,waiter-2,2.7748489379882812,2.549999952316284,0.50001212596813,0.0,8.072957729912428,0,0,customer-1,-8.910792350769043,-2.549999952316284,-0.4489901584130962,0.0,6.522997544350035,0,0,customer-2,1.065045714378357,-2.200000047683716,0.4152529502448843,0.0,8.135076201350213,0,0
3,250,9.999999999999963,to_table,-5.271491050720215,2.879552125930786,0.13660408529876067,-0.7799597978591919,0.5410090684890747,0.3400000035762787,-0.030717400833964348,0.3400000035762787,-0.030717400833964348,0,nominal-sac-a-star,0.8877477987256217,99.0,99.0,0.6050497913360595,99.0,waiter-1,0,,waiter-1,-1.8626736402511597,2.200000047683716,-0.4741596461110298,0.0,3.4758922832802037,0,0,waiter-2,2.794849157333374,2.549999952316284,0.5000137787890502,0.0,8.07306936593487,0,0,customer-1,-8.928751945495605,-2.549999952316284,-0.44898962382522,0.0,6.546418335460267,0,0,customer-2,1.081655740737915,-2.200000047683716,0.4152522641587275,0.0,8.13414558747792,0,0
3,251,10.039999999999962,to_table,-5.25148868560791,2.882298707962036,0.1360622835798894,-0.7964779138565063,0.5197008848190308,0.3400000035762787,-0.05764941871166229,0.3400000035762787,-0.05764941871166229,0,nominal-sac-a-star,0.852923942711201,99.0,99.0,0.5722660446166992,99.0,waiter-1,0,,waiter-1,-1.8816399574279785,2.200000047683716,-0.4741588909874217,0.0,3.4382280192903862,0,0,waiter-2,2.814849615097046,2.549999952316284,0.5000130474241793,0.0,8.073180045336747,0,0,customer-1,-8.946711540222168,-2.549999952316284,-0.4489890892373438,0.0,6.5699726544122825,0,0,customer-2,1.0982656478881836,-2.200000047683716,0.41525277016546625,0.0,8.133212202899342,0,0
3,252,10.079999999999961,to_table,-5.23158597946167,2.8847172260284424,0.14389034104144632,-0.8203310370445251,0.4968693256378174,0.3400000035762787,-0.0645357221364975,0.30000001192092896,0.44999998807907104,1,dwa-left-arc,1.3159569301983716,-0.04206491380134647,99.0,0.6394692087173461,99.0,waiter-1,0,,waiter-1,-1.9006061553955078,2.200000047683716,-0.4741593279567091,0.0,3.4006270308071427,0,0,waiter-2,2.8348498344421387,2.549999952316284,0.5000147002450994,0.0,8.073377384536863,0,0,customer-1,-8.96467113494873,-2.549999952316284,-0.257588746375923,0.0,6.593335694981192,0,0,customer-2,1.1148756742477417,-2.200000047683716,0.41525208407930947,0.0,8.132153790699657,0,0
3,253,10.11999999999996,to_table,-5.2124457359313965,2.8868496417999268,0.15669130928073452,-0.699887216091156,0.3567861318588257,0.3400000035762787,-0.09537483006715775,0.30000001192092896,0.44999998807907104,1,dwa-left-arc,1.2880737075618423,-0.04785175695086474,99.0,0.6142615699768066,99.0,waiter-1,0,,waiter-1,-1.919572353363037,2.200000047683716,-0.47415976492599654,0.0,3.3637445620267887,0,0,waiter-2,2.8548502922058105,2.549999952316284,0.5000139688802285,0.0,8.07432553956698,0,0,customer-1,-8.982630729675293,-2.549999952316284,0.10160261356745082,0.0,6.6161641754186595,0,0,customer-2,1.1314855813980103,-2.200000047683716,0.4152525900860482,0.0,8.131513040166181,0,0
3,254,10.15999999999996,to_table,-5.193792343139648,2.8896384239196777,0.1711900867170006,-0.7227026224136353,0.3273724317550659,0.3400000035762787,-0.11873436719179153,0.30000001192092896,0.44999998807907104,1,dwa-left-arc,1.2641439488781674,-0.055425978739408244,99.0,0.5914399051666259,99.0,waiter-1,0,,waiter-1,-1.9385385513305664,2.200000047683716,-0.47416020189528396,0.0,3.327503319166606,0,0,waiter-2,2.8748507499694824,2.549999952316284,0.5000132375153576,0.0,8.075788237402636,0,0,customer-1,-8.999409675598145,-2.549999952316284,0.44898748547371525,0.0,6.638703860342584,0,0,customer-2,1.1480956077575684,-2.200000047683716,0.4152519039998914,0.0,8.131664193346934,0,0
3,255,10.199999999999958,to_table,-5.176313877105713,2.8938424587249756,0.18575527548631943,-0.7350749969482422,0.3348320722579956,0.3400000035762787,-0.1419668048620224,0.30000001192092896,0.44999998807907104,1,dwa-left-arc,1.2422908850336047,-0.06427795151670379,99.0,0.5711489343643188,99.0,waiter-1,0,,waiter-1,-1.9575048685073853,2.200000047683716,-0.4741594467716759,0.0,3.2927418248616602,0,0,waiter-2,2.8948512077331543,2.549999952316284,0.5000125061504868,0.0,8.078485841785911,0,0,customer-1,-8.981451034545898,-2.549999952316284,0.4489964876290031,0.0,6.641873905998479,0,0,customer-2,1.164705514907837,-2.200000047683716,0.41525241000663016,0.0,8.133619022918879,0,0
3,256,10.239999999999958,to_table,-5.158467769622803,2.897799491882324,0.19834205347303444,-0.742041826248169,0.36151981353759766,0.3400000035762787,-0.1676744669675827,0.30000001192092896,0.44999998807907104,1,dwa-left-arc,1.2224486588688173,-0.07446436982688631,99.0,0.5499566221237182,99.0,waiter-1,0,,waiter-1,-1.9764710664749146,2.200000047683716,-0.4741598837409633,0.0,3.257610640203632,0,0,waiter-2,2.914851665496826,2.549999952316284,0.5000117747856159,0.0,8.08080758471594,0,0,customer-1,-8.963491439819336,-2.549999952316284,0.44899595304112694,0.0,6.645052589330393,0,0,customer-2,1.1813154220581055,-2.200000047683716,0.4152529160133689,0.0,8.135134360483512,0,0
3,257,10.279999999999957,to_table,-5.141045570373535,2.901310920715332,0.2124871915621321,-0.7455101013183594,0.3849024772644043,0.3400000035762787,-0.19153182208538055,0.30000001192092896,0.44999998807907104,1,dwa-left-arc,1.2011151123117552,-0.08350255744174895,99.0,0.5305938148498535,99.0,waiter-1,0,,waiter-1,-1.9954373836517334,2.200000047683716,-0.4741591286173552,0.0,3.22283847020039,0,0,waiter-2,2.934852123260498,2.549999952316284,0.500011043420745,0.0,8.083535300508125,0,0,customer-1,-8.945531845092773,-2.549999952316284,0.44899541845325075,0.0,6.647624090527366,0,0,customer-2,1.1979254484176636,-2.200000047683716,0.4152522299272121,0.0,8.136702475412454,0,0
3,258,10.319999999999956,to_table,-5.1234259605407715,2.9052200317382812,0.22378100295144054,-0.755739688873291,0.38573765754699707,0.3400000035762787,-0.21962547302246094,0.30000001192092896,0.44999998807907104,1,dwa-left-arc,1.1811736479126962,-0.0926251182654565,99.0,0.5101608657836914,99.0,waiter-1,0,,waiter-1,-2.0144035816192627,2.200000047683716,-0.47415956558664263,0.0,3.1880017845893183,0,0,waiter-2,2.9548521041870117,2.549999952316284,0.5000150804274561,0.0,8.086084206579018,0,0,customer-1,-8.927572250366211,-2.549999952316284,0.44899488386537456,0.0,6.650635613895934,0,0,customer-2,1.2145353555679321,-2.200000047683716,0.41525273593395085,0.0,8.138367508525523,0,0
3,259,10.359999999999955,to_table,-5.105984210968018,2.9091877937316895,0.2338429281395434,-0.7575905919075012,0.4157836437225342,0.3400000035762787,-0.23809003829956055,0.30000001192092896,0.44999998807907104,1,dwa-left-arc,1.1596356458500598,-0.1009382572851707,99.0,0.48975163936614985,99.0,waiter-1,0,,waiter-1,-2.033369779586792,2.200000047683716,-0.47416000255593005,0.0,3.153396058708258,0,0,waiter-2,2.9748525619506836,2.549999952316284,0.5000143490625852,0.0,8.088815664606024,0,0,customer-1,-8.909612655639648,-2.549999952316284,0.4489943492774984,0.0,6.653594531658469,0,0,customer-2,1.2311453819274902,-2.200000047683716,0.41525204984779407,0.0,8.140209571996227,0,0
3,260,10.399999999999954,to_table,-5.088570594787598,2.913301706314087,0.2429646603678941,-0.20330679416656494,-0.17655718326568604,0.3400000035762787,-0.33164963126182556,0.30000001192092896,0.44999998807907104,1,dwa-left-arc,1.1377066028695562,-0.10877231019320455,99.0,0.4694559001922607,99.0,waiter-1,0,,waiter-1,-2.0523362159729004,2.200000047683716,-0.47415805533942645,0.0,3.1188969940190567,0,0,waiter-2,2.9948530197143555,2.549999952316284,0.5000136176977144,0.0,8.09158362101917,0,0,customer-1,-8.891653060913086,-2.549999952316284,0.4489938146896222,0.0,6.6566584152519415,0,0,customer-2,1.2477552890777588,-2.200000047683716,0.4152525558545328,0.0,8.14216682056927,0,0
3,261,10.439999999999953,to_table,-5.071917533874512,2.9167251586914062,0.24891758221897814,-0.6118358373641968,0.5097627639770508,0.3400000035762787,-0.271694540977478,0.18000000715255737,0.0,1,dwa-slow-forward,0.8678440329322759,0.3211149046969739,99.0,0.6892176294326782,99.0,waiter-1,0,,waiter-1,-2.0713024139404297,2.200000047683716,-0.4741584923087139,0.0,3.085026091093236,0,0,waiter-2,3.0148534774780273,2.549999952316284,0.5000128863328435,0.0,8.095082011137542,0,0,customer-1,-8.873693466186523,-2.549999952316284,0.448993280101746,0.0,6.658722375863775,0,0,customer-2,1.2643651962280273,-2.200000047683716,0.41525306186127153,0.0,8.144283619407554,0,0
3,262,10.479999999999952,to_table,-5.060606002807617,2.9196202754974365,0.24899042780773997,-0.837527334690094,0.5618603229522705,0.3400000035762787,-0.2828878164291382,0.18000000715255737,0.0,1,dwa-slow-forward,0.838289044845208,0.31519717852832585,99.0,0.664272608757019,99.0,waiter-1,0,,waiter-1,-2.090268611907959,2.200000047683716,-0.4741589292780013,0.0,3.0562652843062006,0,0,waiter-2,3.034853935241699,2.549999952316284,0.5000121549679726,0.0,8.103893557535784,0,0,customer-1,-8.855733871459961,-2.549999952316284,0.4489927455138698,0.0,6.6573073367488975,0,0,customer-2,1.2809752225875854,-2.200000047683716,0.41525237577511476,0.0,8.150224824617688,0,0
3,263,10.519999999999952,to_table,-5.050073146820068,2.922297954559326,0.24899061579547432,-0.886791467666626,0.6811926364898682,0.3400000035762787,-0.2774601876735687,0.18000000715255737,0.0,1,dwa-slow-forward,0.8119620677660413,0.3122715626038519,99.0,0.6400414133071899,99.0,waiter-1,0,,waiter-1,-2.1092348098754883,2.200000047683716,-0.4741593662472887,0.0,3.028241138073362,0,0,waiter-2,3.054854393005371,2.549999952316284,0.5000114236031017,0.0,8.11347374607788,0,0,customer-1,-8.837774276733398,-2.549999952316284,0.4489922109259936,0.0,6.655277922907645,0,0,customer-2,1.297585129737854,-2.200000047683716,0.4152528817818535,0.0,8.156635484054522,0,0
3,264,10.55999999999995,to_table,-5.039682865142822,2.9249398708343506,0.24899067356201102,-0.8858128786087036,0.7196612358093262,0.3400000035762787,-0.2813838720321655,0.18000000715255737,0.0,1,dwa-slow-forward,0.7863462895412892,0.30959380483566656,99.0,0.6160874986648559,99.0,waiter-1,0,,waiter-1,-2.1282010078430176,2.200000047683716,-0.47415980321657614,0.0,3.0003773683614523,0,0,waiter-2,3.0748543739318848,2.549999952316284,0.5000154606098128,0.0,8.123194848508097,0,0,customer-1,-8.819814682006836,-2.549999952316284,0.44899167633811743,0.0,6.653146820865171,0,0,customer-2,1.314195156097412,-2.200000047683716,0.4152521956956967,0.0,8.163135125502926,0,0
3,265,10.59999999999995,to_table,-5.029318809509277,2.927574872970581,0.24899068800364493,-0.8851708173751831,0.7204532623291016,0.3400000035762787,-0.2901090383529663,0.18000000715255737,0.0,1,dwa-slow-forward,0.7609586039297662,0.30695186437506905,99.0,0.592330994606018,99.0,waiter-1,0,,waiter-1,-2.147167205810547,2.200000047683716,-0.47416024018586356,0.0,2.972568416890413,0,0,waiter-2,3.0948548316955566,2.549999952316284,0.500014729244942,0.0,8.132942897448284,0,0,customer-1,-8.801855087280273,-2.549999952316284,0.44899114175024124,0.0,6.6510041297321925,0,0,customer-2,1.3308050632476807,-2.200000047683716,0.41525270170243544,0.0,8.169651170260325,0,0
3,266,10.639999999999949,to_table,-5.018959045410156,2.930208921432495,0.24899068800364493,-0.885007917881012,0.7151267528533936,0.3400000035762787,-0.2999630570411682,0.18000000715255737,0.0,1,dwa-slow-forward,0.7357095876654705,0.3043168561924525,99.0,0.5687634372711181,99.0,waiter-1,0,,waiter-1,-2.166133403778076,2.200000047683716,-0.474160677155151,0.0,2.9447952629775385,0,0,waiter-2,3.1148552894592285,2.549999952316284,0.5000139978800711,0.0,8.142695775621432,0,0,customer-1,-8.783895492553711,-2.549999952316284,0.44899060716236505,0.0,6.648867253220265,0,0,customer-2,1.3474149703979492,-2.200000047683716,0.4152532077091742,0.0,8.176170385697514,0,0
3,267,10.679999999999948,to_table,-5.008600234985352,2.932842969894409,0.24899068800364493,-0.8848795294761658,0.7099082469940186,0.3400000035762787,-0.3102467656135559,0.18000000715255737,0.0,1,dwa-slow-forward,0.7105866351646255,0.30168280773053846,99.0,0.5453909063339233,99.0,waiter-1,0,,waiter-1,-2.1850996017456055,2.200000047683716,-0.4741611141244384,0.0,2.917055805866517,0,0,waiter-2,3.1348557472229004,2.549999952316284,0.5000132665152002,0.0,8.15245019060354,0,0,customer-1,-8.765935897827148,-2.549999952316284,0.44899007257448886,0.0,6.64673888406177,0,0,customer-2,1.3640249967575073,-2.200000047683716,0.4152525216230174,0.0,8.182690864706196,0,0
3,268,10.719999999999947,to_table,-4.998241424560547,2.9354770183563232,0.24899068800364493,-0.8847569823265076,0.7046401500701904,0.3400000035762787,-0.3210141658782959,0.18000000715255737,0.0,1,dwa-slow-forward,0.6855921436760608,0.2990487592686244,99.0,0.5222206735610961,99.0,waiter-1,0,,waiter-1,-2.204066038131714,2.200000047683716,-0.4741591669079348,0.0,2.8893498342212687,0,0,waiter-2,3.1548562049865723,2.549999952316284,0.5000125351503293,0.0,8.162205187654234,0,0,customer-1,-8.747976303100586,-2.549999952316284,0.4489895379866127,0.0,6.644619571888161,0,0,customer-2,1.3806350231170654,-2.200000047683716,0.4152518355368606,0.0,8.189211771016755,0,0
3,269,10.759999999999946,to_table,-4.987882614135742,2.9381110668182373,0.24899068800364493,-0.8846353888511658,0.6992998123168945,0.3400000035762787,-0.3323030173778534,0.18000000715255737,0.0,1,dwa-slow-forward,0.6607305053863437,0.29641471080671034,99.0,0.4992623949050903,99.0,waiter-1,0,,waiter-1,-2.223032236099243,2.200000047683716,-0.4741596038772222,0.0,2.861678788665208,0,0,waiter-2,3.174856662750244,2.549999952316284,0.5000118037854584,0.0,8.171960764689041,0,0,customer-1,-8.730016708374023,-2.549999952316284,0.4489890033987365,0.0,6.642509325368412,0,0,customer-2,1.397244930267334,-2.200000047683716,0.41525234154359936,0.0,8.195733010735731,0,0
3,270,10.799999999999946,to_table,-4.9775238037109375,2.9407451152801514,0.24899068800364493,-0.884157657623291,0.6924223899841309,0.3400000035762787,-0.34432730078697205,0.18000000715255737,0.0,1,dwa-slow-forward,0.6360072307297371,0.2937806623447963,99.0,0.4765252494812011,99.0,waiter-1,0,,waiter-1,-2.2419984340667725,2.200000047683716,-0.47416004084650965,0.0,2.8340434547013027,0,0,waiter-2,3.194857120513916,2.549999952316284,0.5000110724205875,0.0,8.181716919633306,0,0,customer-1,-8.712057113647461,-2.549999952316284,0.4489884688108603,0.0,6.64040815314541,0,0,customer-2,1.4138548374176025,-2.200000047683716,0.4152528475503381,0.0,8.202254675685857,0,0
3,271,10.839999999999945,to_table,-4.967164993286133,2.9433791637420654,0.24899068800364493,-0.8828208446502686,0.6818487644195557,0.2199999988079071,-0.35738804936408997,0.18000000715255737,0.0,1,dwa-slow-forward,0.6114281058505835,0.2911466138828822,99.0,0.4540190124511718,99.0,waiter-1,0,,waiter-1,-2.260964870452881,2.200000047683716,-0.47415809363000605,0.0,2.8064446573938353,0,0,waiter-2,3.2148571014404297,2.549999952316284,0.5000151094272987,0.0,8.191473174135139,0,0,customer-1,-8.694097518920898,-2.549999952316284,0.4489879342229841,0.0,6.638316063835794,0,0,customer-2,1.430464744567871,-2.200000047683716,0.4152533535570768,0.0,8.208776764853628,0,0
3,272,10.879999999999944,to_table,-4.956806182861328,2.9460132122039795,0.24899068800364493,-0.881357729434967,0.6714036464691162,0.2199999988079071,-0.3292851448059082,0.18000000715255737,0.0,1,dwa-slow-forward,0.5869992074107133,0.28851256542096815,99.0,0.43175465106964106,99.0,waiter-1,0,,waiter-1,-2.27993106842041,2.200000047683716,-0.47415853059929347,0.0,2.778883952228055,0,0,waiter-2,3.2348575592041016,2.549999952316284,0.5000143780624278,0.0,8.201230478719415,0,0,customer-1,-8.676137924194336,-2.549999952316284,0.4489873996351079,0.0,6.636233066029799,0,0,customer-2,1.4470747709274292,-2.200000047683716,0.41525266747092004,0.0,8.215299370153128,0,0
3,273,10.919999999999943,to_table,-4.946447372436523,2.9486472606658936,0.24899068800364493,-0.8798128962516785,0.6605777740478516,0.2199999988079071,-0.3390350639820099,0.18000000715255737,0.0,1,dwa-slow-forward,0.5627269180976335,0.2858785169590541,99.0,0.4097428941726684,99.0,waiter-1,0,,waiter-1,-2.2988972663879395,2.200000047683716,-0.4741589675685809,0.0,2.75136224687769,0,0,waiter-2,3.2548580169677734,2.549999952316284,0.5000136466975569,0.0,8.210988355047544,0,0,customer-1,-8.65817928314209,-2.549999952316284,0.4489964017903958,0.0,6.634159701860264,0,0,customer-2,1.4636847972869873,-2.200000047683716,0.41525198138476327,0.0,8.221822397686532,0,0
3,274,10.959999999999942,to_table,-4.936088562011719,2.9512813091278076,0.24899068800364493,-0.8765391111373901,0.6448332071304321,0.2199999988079071,-0.3497166931629181,0.18000000715255737,0.0,1,dwa-slow-forward,0.5386179428388087,0.28324446849714,99.0,0.38799518585205073,99.0,waiter-1,0,,waiter-1,-2.3178634643554688,2.200000047683716,-0.4741594045378683,0.0,2.7238807234888434,0,0,waiter-2,3.2748584747314453,2.549999952316284,0.500012915332686,0.0,8.220746801083576,0,0,customer-1,-8.640219688415527,-2.549999952316284,0.4489958672025196,0.0,6.632094911798944,0,0,customer-2,1.4802947044372559,-2.200000047683716,0.415252487391502,0.0,8.228345753491427,0,0
3,275,10.999999999999941,to_table,-4.925729751586914,2.9539153575897217,0.24899068800364493,-0.8731822967529297,0.6285228729248047,0.2199999988079071,-0.36082786321640015,0.18000000715255737,0.0,1,dwa-slow-forward,0.514679325720901,0.28061042003522596,99.0,0.3665236854553222,99.0,waiter-1,0,,waiter-1,-2.336829662322998,2.200000047683716,-0.47415984150715573,0.0,2.6964406106386583,0,0,waiter-2,3.294858932495117,2.549999952316284,0.5000121839678151,0.0,8.230505814801102,0,0,customer-1,-8.622260093688965,-2.549999952316284,0.4489953326146434,0.0,6.630039238850614,0,0,customer-2,1.4969046115875244,-2.200000047683716,0.41525299339824073,0.0,8.234869529491283,0,0
3,276,11.03999999999994,to_table,-4.915370941162109,2.9565494060516357,0.24899068800364493,-0.8698015213012695,0.6118640899658203,0.2199999988079071,-0.37236422300338745,0.18000000715255737,0.0,1,dwa-slow-forward,0.4909184676049739,0.2779763715733119,99.0,0.3453409099578857,99.0,waiter-1,0,,waiter-1,-2.3557958602905273,2.200000047683716,-0.47416027847644315,0.0,2.669043185537783,0,0,waiter-2,3.314859390258789,2.549999952316284,0.5000114526029442,0.0,8.240265394183192,0,0,customer-1,-8.604300498962402,-2.549999952316284,0.44899479802676723,0.0,6.627992691498295,0,0,customer-2,1.5135146379470825,-2.200000047683716,0.41525230731208396,0.0,8.241393817680143,0,0
3,277,11.07999999999994,to_table,-4.905012130737305,2.95918345451355,0.24899068800364493,-0.86640864610672,0.5949063301086426,0.2199999988079071,-0.3843431770801544,0.18000000715255737,0.0,1,dwa-slow-forward,0.46734314441906416,0.27534232311139784,99.0,0.3244603300094604,99.0,waiter-1,0,,waiter-1,-2.3747620582580566,2.200000047683716,-0.4741607154457306,0.0,2.641689776352816,0,0,waiter-2,3.3348593711853027,2.549999952316284,0.5000154896096554,0.0,8.250025060972042,0,0,customer-1,-8.58634090423584,-2.549999952316284,0.44899426343889104,0.0,6.625955278197809,0,0,customer-2,1.530124545097351,-2.200000047683716,0.4152528133188227,0.0,8.24791843109622,0,0
3,278,11.119999999999939,to_table,-4.8946533203125,2.961817502975464,0.24899068800364493,-0.08826905488967896,0.9843822717666626,0.2199999988079071,-0.3479820191860199,0.18000000715255737,0.0,1,dwa-slow-forward,0.44396152609799305,0.2727082746494838,99.0,0.3038956546783447,99.0,waiter-1,0,,waiter-1,-2.393728256225586,2.200000047683716,-0.474161152415018,0.0,2.614381764655906,0,0,waiter-2,3.3548598289489746,2.549999952316284,0.5000147582447845,0.0,8.259785765676305,0,0,customer-1,-8.568381309509277,-2.549999952316284,0.44899372885101485,0.0,6.623927007377618,0,0,customer-2,1.5467345714569092,-2.200000047683716,0.4152521272326659,0.0,8.254443554748356,0,0
3,279,11.159999999999938,to_table,-4.884294509887695,2.964451551437378,0.24899068800364493,-0.34809041023254395,0.8226597309112549,0.2199999988079071,-0.37822380661964417,0.18000000715255737,0.0,1,dwa-slow-forward,0.42078219612649176,0.2700742261875697,99.0,0.28366130828857417,99.0,waiter-1,0,,waiter-1,-2.4126946926116943,2.200000047683716,-0.4741592051985144,0.0,2.5871203602364536,0,0,waiter-2,3.3748602867126465,2.549999952316284,0.5000140268799136,0.0,8.269547030050706,0,0,customer-1,-8.550421714782715,-2.549999952316284,0.44899319426313866,0.0,6.621907887438664,0,0,customer-2,1.5633444786071777,-2.200000047683716,0.41525263323940464,0.0,8.26096900161377,0,0
3,280,11.199999999999937,to_table,-4.873935699462891,2.967085599899292,0.24899068800364493,-0.34336304664611816,0.8123123645782471,0.2199999988079071,-0.39078906178474426,0.18000000715255737,0.0,1,dwa-slow-forward,0.3978141716253863,0.26744017772565565,99.0,0.2637726688385009,99.0,waiter-1,0,,waiter-1,-2.4316608905792236,2.200000047683716,-0.4741596421678018,0.0,2.5599075152289443,0,0,waiter-2,3.3948607444763184,2.549999952316284,0.5000132955150427,0.0,8.279308852115703,0,0,customer-1,-8.532462120056152,-2.549999952316284,0.4489926596752625,0.0,6.619897926754218,0,0,customer-2,1.5799543857574463,-2.200000047683716,0.4152531392461434,0.0,8.26749486371559,0,0
3,281,11.239999999999936,to_table,-4.863576889038086,2.969719648361206,0.24899068800364493,-0.3386192321777344,0.8014278411865234,0.2199999988079071,-0.40393903851509094,0.18000000715255737,0.0,1,dwa-slow-forward,0.3750669239013478,0.2648061292637416,99.0,0.2442455911636352,99.0,waiter-1,0,,waiter-1,-2.450627088546753,2.200000047683716,-0.47416007913708924,0.0,2.5327445594371096,0,0,waiter-2,3.4148612022399902,2.549999952316284,0.5000125641501718,0.0,8.289071229900962,0,0,customer-1,-8.51450252532959,-2.549999952316284,0.4489921250873863,0.0,6.617897133669713,0,0,customer-2,1.5965644121170044,-2.200000047683716,0.4152524531599866,0.0,8.27402123314683,0,0
3,282,11.279999999999935,to_table,-4.853218078613281,2.97235369682312,0.24899068800364493,-0.3338581323623657,0.7899861335754395,0.2199999988079071,-0.41771048307418823,0.18000000715255737,0.0,1,dwa-slow-forward,0.3525503993582562,0.2621720808018275,99.0,0.2250962877273559,99.0,waiter-1,0,,waiter-1,-2.4695935249328613,2.200000047683716,-0.47415813192058565,0.0,2.505632888562715,0,0,waiter-2,3.434861660003662,2.549999952316284,0.5000118327853009,0.0,8.298834161445308,0,0,customer-1,-8.496542930603027,-2.549999952316284,0.4489915904995101,0.0,6.61590551650259,0,0,customer-2,1.6131744384765625,-2.200000047683716,0.4152517670738298,0.0,8.28054801588575,0,0
3,283,11.319999999999935,to_table,-4.842859268188477,2.974987745285034,0.24899068800364493,-0.32908254861831665,0.7779667377471924,0.2199999988079071,-0.43214303255081177,0.18000000715255737,0.0,1,dwa-slow-forward,0.3302750406421458,0.25953803233991346,99.0,0.2063420438766479,99.0,waiter-1,0,,waiter-1,-2.4885597229003906,2.200000047683716,-0.47415856888987307,0.0,2.4785746469245344,0,0,waiter-2,3.454862117767334,2.549999952316284,0.50001110142043,0.0,8.308597644796675,0,0,customer-1,-8.478583335876465,-2.549999952316284,0.4489910559116339,0.0,6.613923083542143,0,0,customer-2,1.629784345626831,-2.200000047683716,0.41525227308056856,0.0,8.287075117847047,0,0
3,284,11.359999999999934,to_table,-4.832500457763672,2.9776217937469482,0.24899068800364493,-0.31575989723205566,0.7695751190185547,0.2199999988079071,-0.4467723071575165,0.18000000715255737,0.0,1,dwa-slow-forward,0.3082518078616537,0.2569039838779994,99.0,0.18800086021423335,99.0,waiter-1,0,,waiter-1,-2.50752592086792,2.200000047683716,-0.4741590058591605,0.0,2.4515713689721634,0,0,waiter-2,3.4748620986938477,2.549999952316284,0.5000151384271412,0.0,8.318361201805375,0,0,customer-1,-8.460623741149902,-2.549999952316284,0.4489905213237577,0.0,6.6119498430493575,0,0,customer-2,1.6463942527770996,-2.200000047683716,0.4152527790873073,0.0,8.293602631132808,0,0
3,285,11.399999999999933,to_table,-4.822141647338867,2.9802558422088623,0.24899068800364493,-0.29248279333114624,0.7656859159469604,0.2199999988079071,-0.46153712272644043,0.18000000715255737,0.0,1,dwa-slow-forward,0.2864921996915227,0.25426993541608534,99.0,0.17009085655212397,99.0,waiter-1,0,,waiter-1,-2.526492118835449,2.200000047683716,-0.4741594428284479,0.0,2.4246248911136816,0,0,waiter-2,3.4948625564575195,2.549999952316284,0.5000144070622703,0.0,8.328125782957052,0,0,customer-1,-8.44266414642334,-2.549999952316284,0.44898998673588153,0.0,6.609985803256754,0,0,customer-2,1.6630041599273682,-2.200000047683716,0.415253285094046,0.0,8.300130554772592,0,0
3,286,11.439999999999932,to_table,-4.8117828369140625,2.9828898906707764,0.24899068800364493,-0.12387746572494507,0.9261094331741333,0.2199999988079071,-0.38351747393608093,0.18000000715255737,0.0,1,dwa-slow-forward,0.26500827412765876,0.2516358869541713,99.0,0.15263146400451655,99.0,waiter-1,0,,waiter-1,-2.5454583168029785,2.200000047683716,-0.47415987979773533,0.0,2.397737128358536,0,0,waiter-2,3.5148630142211914,2.549999952316284,0.5000136756973994,0.0,8.337890910113689,0,0,customer-1,-8.424704551696777,-2.549999952316284,0.44898945214800534,0.0,6.6080309723682324,0,0,customer-2,1.6796141862869263,-2.200000047683716,0.41525259900788924,0.0,8.30665898095732,0,0
3,287,11.479999999999931,to_table,-4.801424026489258,2.9855239391326904,0.24899068800364493,-0.21616142988204956,0.5481873750686646,0.2199999988079071,-0.4387945234775543,0.18000000715255737,0.0,1,dwa-slow-forward,0.2438126686182896,0.2490018384922572,99.0,0.13564211368560786,99.0,waiter-1,0,,waiter-1,-2.564424514770508,2.200000047683716,-0.47416031676702275,0.0,2.3709100783174097,0,0,waiter-2,3.5348634719848633,2.549999952316284,0.5000129443325285,0.0,8.347656581359129,0,0,customer-1,-8.406744956970215,-2.549999952316284,0.44898891756012915,0.0,6.606085358558915,0,0,customer-2,1.6962242126464844,-2.200000047683716,0.41525191292173247,0.0,8.313187815597102,0,0
3,288,11.51999999999993,to_table,-4.791065216064453,2.9881579875946045,0.24899068800364493,-0.216846764087677,0.5413503646850586,0.2199999988079071,-0.4499240219593048,0.18000000715255737,0.0,1,dwa-slow-forward,0.22291861924666573,0.24636779003034315,99.0,0.11914330959320063,1.997898265730001,waiter-1,0,,waiter-1,-2.583390712738037,2.200000047683716,-0.47416075373631017,0.0,2.34414582543026,0,0,waiter-2,3.554863929748535,2.549999952316284,0.5000122129676576,0.0,8.357422794786062,0,0,customer-1,-8.388785362243652,-2.549999952316284,0.44898838297225296,0.0,6.604148969974988,0,0,customer-2,1.712834119796753,-2.200000047683716,0.4152524189284712,0.0,8.31971696453905,0,0
3,289,11.55999999999993,to_table,-4.780706405639648,2.9907920360565186,0.24899068800364493,-0.9306652545928955,-0.7575777769088745,0.7799999713897705,-0.24332720041275024,0.18000000715255737,0.0,1,dwa-slow-forward,0.20233997858647507,0.24373374156842909,99.0,0.10315591335296626,1.9580115025580747,waiter-1,0,,waiter-1,-2.6023569107055664,2.200000047683716,-0.4741611907055976,0.0,2.317446545436201,0,0,waiter-2,3.574864387512207,2.549999952316284,0.5000114816027867,0.0,8.36718954849598,0,0,customer-1,-8.37082576751709,-2.549999952316284,0.4489878483843768,0.0,6.6022218147335465,0,0,customer-2,1.7294440269470215,-2.200000047683716,0.41525292493520993,0.0,8.32624651998298,0,0
3,290,11.599999999999929,to_table,-4.770347595214844,2.993424654006958,0.24867834384204643,0.607093334197998,0.9262897968292236,0.7799999713897705,-0.044618457555770874,0.18000000715255737,-0.044618457555770874,1,dwa-slow-forward,0.15747022429425922,0.27129936753555395,99.0,0.08754366874694819,1.9177620288532924,waiter-1,0,,waiter-1,-2.621323347091675,2.200000047683716,-0.474159243489094,0.0,2.290813790979211,0,0,waiter-2,3.5948643684387207,2.549999952316284,0.5000155186094979,0.0,8.376956288707861,0,0,customer-1,-8.352867126464844,-2.549999952316284,0.44899685053966465,0.0,6.600303217108871,0,0,customer-2,1.7460540533065796,-2.200000047683716,0.41525223884905316,0.0,8.332775682627224,0,0
3,291,11.639999999999928,to_table,-4.759986877441406,2.9960544109344482,0.2483124249675228,0.5751876831054688,0.9313898086547852,0.7799999713897705,-0.047123514115810394,0.18000000715255737,-0.047123514115810394,1,dwa-slow-forward,0.13582222462372312,0.27051025391628114,99.0,0.07245248794555659,1.877458180250726,waiter-1,0,,waiter-1,-2.640289545059204,2.200000047683716,-0.4741596804583814,0.0,2.264248071691517,0,0,waiter-2,3.6148648262023926,2.549999952316284,0.500014787244627,0.0,8.386721984069734,0,0,customer-1,-8.334907531738281,-2.549999952316284,0.44899631595178846,0.0,6.598391977190419,0,0,customer-2,1.7626639604568481,-2.200000047683716,0.4152527448557919,0.0,8.339301882655436,0,0
3,292,11.679999999999927,to_table,-4.749625205993652,2.9986796379089355,0.24790377382140077,0.573967456817627,0.930516242980957,0.7799999713897705,-0.05043153092265129,0.18000000715255737,-0.05043153092265129,1,dwa-slow-forward,0.11404834725659835,0.2702972678469413,99.0,0.057909193038940376,1.837115259092534,waiter-1,0,,waiter-1,-2.6592557430267334,2.200000047683716,-0.47416011742766884,0.0,2.2377519030372715,0,0,waiter-2,3.6348652839660645,2.549999952316284,0.5000140558797561,0.0,8.396487017585894,0,0,customer-1,-8.316947937011719,-2.549999952316284,0.44899578136391227,0.0,6.596486690824147,0,0,customer-2,1.7792739868164062,-2.200000047683716,0.4152520587696351,0.0,8.345825012739576,0,0
3,293,11.719999999999926,to_table,-4.739262580871582,3.001300811767578,0.24741390752164097,0.5725822448730469,0.9295523166656494,0.7799999713897705,-0.053856316953897476,0.18000000715255737,-0.053856316953897476,1,dwa-slow-forward,0.09252847158317007,0.27018923017333796,99.0,0.04391592979431147,1.796695874112821,waiter-1,0,,waiter-1,-2.678222179412842,2.200000047683716,-0.47415817021116524,0.0,2.2113277574721,0,0,waiter-2,3.6548657417297363,2.549999952316284,0.5000133245148852,0.0,8.406251409637894,0,0,customer-1,-8.298988342285156,-2.549999952316284,0.4489952467760361,0.0,6.594587755863858,0,0,customer-2,1.7958838939666748,-2.200000047683716,0.41525256477637384,0.0,8.35234518432516,0,0
3,294,11.759999999999925,to_table,-4.728897571563721,3.0039172172546387,0.2468164582457837,0.5706785917282104,0.92862868309021,0.7799999713897705,-0.05734743922948837,0.18000000715255737,-0.05734743922948837,1,dwa-slow-forward,0.07129149443371913,0.27016762204365774,99.0,0.030479969978332466,1.7561745709589878,waiter-1,0,,waiter-1,-2.697188377380371,2.200000047683716,-0.47415860718045266,0.0,2.18497713151879,0,0,waiter-2,3.674866199493408,2.549999952316284,0.5000125931500143,0.0,8.416013688388432,0,0,customer-1,-8.281028747558594,-2.549999952316284,0.4489947121881599,0.0,6.592695337866707,0,0,customer-2,1.8124938011169434,-2.200000047683716,0.4152530707831126,0.0,8.358860926639736,0,0
3,295,11.799999999999924,to_table,-4.718530178070068,3.0065276622772217,0.24609204033052837,0.5683832168579102,0.9276885986328125,0.7799999713897705,-0.06088929995894432,0.18000000715255737,-0.06088929995894432,1,dwa-slow-forward,0.050350740000237926,0.2702337401627073,99.0,0.017611684799194283,1.7155383201389893,waiter-1,0,,waiter-1,-2.7161545753479004,2.200000047683716,-0.4741590441497401,0.0,2.158702121062296,0,0,waiter-2,3.69486665725708,2.549999952316284,0.5000118617851435,0.0,8.425773783971122,0,0,customer-1,-8.263069152832031,-2.549999952316284,0.4489941776002837,0.0,6.590808423505176,0,0,customer-2,1.8291038274765015,-2.200000047683716,0.4152523846969558,0.0,8.36537159157804,0,0
3,296,11.839999999999923,to_table,-4.708160877227783,3.009131908416748,0.2460513604365991,0.7398943901062012,0.9620981216430664,0.7799999713897705,-0.0602242574095726,0.18000000715255737,0.0,1,dwa-slow-forward,0.06724727707630068,0.22657811197251077,99.0,0.005757751464843697,1.6756072045535624,waiter-1,0,,waiter-1,-2.7351207733154297,2.200000047683716,-0.4741594811190275,0.0,2.1325059483386606,0,0,waiter-2,3.714867115020752,2.549999952316284,0.5000111304202726,0.0,8.435532153415991,0,0,customer-1,-8.245109558105469,-2.549999952316284,0.4489936430124075,0.0,6.588926545058725,0,0,customer-2,1.8457138538360596,-2.200000047683716,0.415251698610799,0.0,8.371877311962008,0,0
3,297,11.879999999999923,to_table,-4.697793006896973,3.011735439300537,0.24605134598423434,0.7400178909301758,0.9136321544647217,0.7799999713897705,-0.07055231183767319,0.18000000715255737,0.0,1,dwa-slow-forward,0.04971179827967803,0.2239909101716817,99.0,-0.005384979248046928,1.6357192544634525,waiter-1,0,,waiter-1,-2.754086971282959,2.200000047683716,-0.4741599180883149,0.0,2.106396804708377,0,0,waiter-2,3.7348670959472656,2.549999952316284,0.5000151674269837,0.0,8.44529194699873,0,0,customer-1,-8.227149963378906,-2.549999952316284,0.44899310842453133,0.0,6.587052534527908,0,0,customer-2,1.8623237609863281,-2.200000047683716,0.41525220461753776,0.0,8.378384020475227,0,0
3,298,11.919999999999922,to_table,-4.687426567077637,3.014338970184326,0.24605134598423434,0.8648841381072998,0.9305596351623535,0.8199999928474426,-0.07332297414541245,0.18000000715255737,0.0,1,dwa-slow-forward,0.03266130363055125,0.22138738534327995,99.0,-0.015815315246582085,1.5958333010380172,waiter-1,0,,waiter-1,-2.7730531692504883,2.200000047683716,-0.47416035505760235,0.0,2.0803781836502027,0,0,waiter-2,3.7548675537109375,2.549999952316284,0.5000144360621128,0.0,8.455054153902031,0,0,customer-1,-8.209190368652344,-2.549999952316284,0.44899257383665514,0.0,6.5851870071044445,0,0,customer-2,1.8789336681365967,-2.200000047683716,0.4152527106242765,0.0,8.384892255232847,0,0
3,299,11.959999999999921,to_table,-4.677060127258301,3.0169425010681152,0.24605134598423434,0.7505165338516235,0.932997465133667,0.7799999713897705,-0.0780937448143959,0.18000000715255737,0.0,1,dwa-slow-forward,0.01610111982412904,0.2187838544594909,99.0,-0.025512275695800835,1.5559473367273378,waiter-1,0,,waiter-1,-2.7920193672180176,2.200000047683716,-0.47416079202688977,0.0,2.05445215061217,0,0,waiter-2,3.7748680114746094,2.549999952316284,0.5000137046972419,0.0,8.464816867844219,0,0,customer-1,-8.191230773925781,-2.549999952316284,0.44899203924877895,0.0,6.583330738554221,0,0,customer-2,1.8955435752868652,-2.200000047683716,0.4152532166310152,0.0,8.391400895421912,0,0
3,300,11.99999999999992,to_table,-4.666696071624756,3.0195505619049072,0.2483986137346872,0.7509974241256714,0.932119607925415,0.7799999713897705,-0.08354494720697403,0.18000000715255737,0.14000000059604645,1,dwa-left-arc,0.09331027742198855,0.1273670671944851,99.0,-0.03319412231445318,1.5182081393555347,waiter-1,0,,waiter-1,-2.810985565185547,2.200000047683716,-0.4741612289961772,0.0,2.028626266484067,0,0,waiter-2,3.7948684692382812,2.549999952316284,0.500012973332371,0.0,8.474582718585957,0,0,customer-1,-8.173271179199219,-2.549999952316284,0.44899150466090276,0.0,6.5814862998810835,0,0,customer-2,1.9121536016464233,-2.200000047683716,0.41525253054485844,0.0,8.397914716735176,0,0
3,301,12.03999999999992,to_table,-4.656336307525635,3.022179365158081,0.2487428048900922,0.781182050704956,0.9056396484375,0.781182050704956,-0.12483125925064087,0.18000000715255737,0.0,1,dwa-slow-forward,-0.014522222685329822,0.21258907428084584,99.0,-0.0411477661132813,1.4786296674232744,waiter-1,0,,waiter-1,-2.8299520015716553,2.200000047683716,-0.4741592817796736,0.0,2.0029124951224437,0,0,waiter-2,3.814868927001953,2.549999952316284,0.5000122419675002,0.0,8.484354514245572,0,0,customer-1,-8.155311584472656,-2.549999952316284,0.4489909700730266,0.0,6.579666430357665,0,0,customer-2,1.928763508796692,-2.200000047683716,0.4152530365515972,0.0,8.404445098329635,0,0
3,302,12.079999999999918,to_table,-4.645976543426514,3.024810552597046,0.24874299264315447,0.7547168731689453,0.9313063621520996,0.7799999713897705,-0.12707026302814484,0.18000000715255737,0.0,1,dwa-slow-forward,-0.02931494508880056,0.2098161504419207,99.0,-0.04849141597747808,1.4387429432561964,waiter-1,0,,waiter-1,-2.8489181995391846,2.200000047683716,-0.474159718748961,0.0,1.977303987845686,0,0,waiter-2,3.834869384765625,2.549999952316284,0.5000115106026293,0.0,8.494126957131742,0,0,customer-1,-8.137351989746094,-2.549999952316284,0.4489904354851504,0.0,6.577857909141491,0,0,customer-2,1.94537353515625,-2.200000047683716,0.4152523504654404,0.0,8.410977450168275,0,0
3,303,12.119999999999918,to_table,-4.635617733001709,3.0274417400360107,0.24874299264315447,0.7522070407867432,0.9317648410797119,0.7799999713897705,-0.13212311267852783,0.18000000715255737,0.0,1,dwa-slow-forward,-0.043667571909366376,0.2071848843899513,99.0,-0.05502539634704595,1.3988565229940302,waiter-1,0,,waiter-1,-2.867884397506714,2.200000047683716,-0.47416015571824843,0.0,1.9518045239375512,0,0,waiter-2,3.8548693656921387,2.549999952316284,0.5000155476093404,0.0,8.503900389453516,0,0,customer-1,-8.119392395019531,-2.549999952316284,0.4489899008972742,0.0,6.57605822110077,0,0,customer-2,1.9619834423065186,-2.200000047683716,0.41525285647217913,0.0,8.417510850152016,0,0
3,304,12.159999999999917,to_table,-4.625258922576904,3.0300729274749756,0.24874299264315447,0.7526798248291016,0.9308743476867676,0.7799999713897705,-0.13755792379379272,0.18000000715255737,0.0,1,dwa-slow-forward,-0.05742134490059575,0.20455369695098646,99.0,-0.06073438882827764,1.358970558629192,waiter-1,0,,waiter-1,-2.8868508338928223,2.200000047683716,-0.47415820850174484,0.0,1.9264173142305376,0,0,waiter-2,3.8748698234558105,2.549999952316284,0.5000148162444695,0.0,8.513674809423332,0,0,customer-1,-8.101432800292969,-2.549999952316284,0.448989366309398,0.0,6.574267881056982,0,0,customer-2,1.9785934686660767,-2.200000047683716,0.41525217038602236,0.0,8.424044736990119,0,0
3,305,12.199999999999916,to_table,-4.6149001121521,3.0327041149139404,0.24874299264315447,0.7531528472900391,0.9299718141555786,0.7799999713897705,-0.14322872459888458,0.18000000715255737,0.0,1,dwa-slow-forward,-0.0705541168543175,0.20192250951202162,99.0,-0.0656039690971375,1.3190841809673504,waiter-1,0,,waiter-1,-2.9058170318603516,2.200000047683716,-0.47415864547103226,0.0,1.9011472954301274,0,0,waiter-2,3.8948702812194824,2.549999952316284,0.5000140848795986,0.0,8.523449739189681,0,0,customer-1,-8.083473205566406,-2.549999952316284,0.4489888317215218,0.0,6.572486896649288,0,0,customer-2,1.9952033758163452,-2.200000047683716,0.4152526763927611,0.0,8.430578922880649,0,0
3,306,12.239999999999915,to_table,-4.596921920776367,3.0376665592193604,0.2516240643639307,0.7536249160766602,0.9290585517883301,0.7799999713897705,-0.14915093779563904,0.6200000047683716,0.30000001192092896,1,dwa-left-arc,0.19815275581373398,-0.24504341013807673,99.0,0.043736400604247994,0.7835633347607065,waiter-1,0,,waiter-1,-2.924783229827881,2.200000047683716,-0.4741590824403197,0.0,1.870222710351688,0,0,waiter-2,3.9148707389831543,2.549999952316284,0.5000133535147278,0.0,8.525751169382346,0,0,customer-1,-8.065513610839844,-2.549999952316284,0.44898829713364563,0.0,6.576712351662822,0,0,customer-2,2.0118134021759033,-2.200000047683716,0.4152519903066043,0.0,8.432587625035664,0,0
3,307,12.279999999999914,to_table,-4.569600582122803,3.0443851947784424,0.2565683206817786,0.9024192094802856,0.5880496501922607,0.8199999928474426,-0.20544485747814178,0.6200000047683716,0.30000001192092896,1,dwa-left-arc,0.1865740916197774,-0.23425094444688188,99.0,0.047476592063903755,0.7548263278704933,waiter-1,0,,waiter-1,-2.94374942779541,2.200000047683716,-0.4741595194096071,0.0,1.8320420990419128,0,0,waiter-2,3.934871196746826,2.549999952316284,0.5000126221498569,0.0,8.518829556080712,0,0,customer-1,-8.047554016113281,-2.549999952316284,0.44898776254576944,0.0,6.587359506132958,0,0,customer-2,2.028423309326172,-2.200000047683716,0.41525249631334304,0.0,8.428374448461954,0,0
3,308,12.319999999999913,to_table,-4.538771152496338,3.054152250289917,0.26555456771135516,0.9044864177703857,0.556537389755249,0.8199999928474426,-0.23282302916049957,0.6200000047683716,0.30000001192092896,1,dwa-left-arc,0.17477177733285837,-0.21765602337698797,99.0,0.05706733703613276,0.7334834067132829,waiter-1,0,,waiter-1,-2.9627156257629395,2.200000047683716,-0.4741599563788945,0.0,1.7926313085974803,0,0,waiter-2,3.954871654510498,2.549999952316284,0.500011890784986,0.0,8.508591991191672,0,0,customer-1,-8.029594421386719,-2.549999952316284,0.44898722795789325,0.0,6.602451741936662,0,0,customer-2,2.0450332164764404,-2.200000047683716,0.4152530023200818,0.0,8.423336413749997,0,0
3,309,12.359999999999912,to_table,-4.50547981262207,3.062568426132202,0.2735994565715342,0.9141324758529663,0.48785901069641113,0.8199999928474426,-0.28177812695503235,0.6200000047683716,0.30000001192092896,1,dwa-left-arc,0.16710869840226567,-0.20450324007932275,99.0,0.06339901924133295,0.7052735274937386,waiter-1,0,,waiter-1,-2.9816818237304688,2.200000047683716,-0.47416039334818194,0.0,1.7509952936685298,0,0,waiter-2,3.97487211227417,2.549999952316284,0.5000111594201151,0.0,8.495828106220214,0,0,customer-1,-8.011635780334473,-2.549999952316284,0.4489962301131811,0.0,6.617707569293551,0,0,customer-2,2.061643123626709,-2.200000047683716,0.4152535083268205,0.0,8.415564782081235,0,0
3,310,12.399999999999912,to_table,-4.471855163574219,3.0724332332611084,0.28338063886900444,0.907752275466919,0.5175659656524658,0.8199999928474426,-0.3055933117866516,0.6200000047683716,0.30000001192092896,1,dwa-left-arc,0.1553667676600497,-0.1873610727119056,99.0,0.07197755813598627,0.6820069276235017,waiter-1,0,,waiter-1,-3.000648021697998,2.200000047683716,-0.47416083031746936,0.0,1.7104356514070662,0,0,waiter-2,3.9948720932006836,2.549999952316284,0.5000151964268262,0.0,8.482830127596204,0,0,customer-1,-7.993675708770752,-2.549999952316284,0.4489909271537229,0.0,6.634378258650192,0,0,customer-2,2.0782532691955566,-2.200000047683716,0.4152516301477682,0.0,8.408476269994244,0,0
3,311,12.43999999999991,to_table,-4.437634468078613,3.0821897983551025,0.2909519853069536,0.8962066173553467,0.5738366842269897,0.8199999928474426,-0.3387930989265442,0.6200000047683716,0.30000001192092896,1,dwa-left-arc,0.14787225130127918,-0.17276532632251218,99.0,0.07779652118682856,0.6540542909597205,waiter-1,0,,waiter-1,-3.0196142196655273,2.200000047683716,-0.4741612672867568,0.0,1.670041969861582,0,0,waiter-2,4.0148725509643555,2.549999952316284,0.5000144650619553,0.0,8.469244413712328,0,0,customer-1,-7.9757161140441895,-2.549999952316284,0.4489903925658467,0.0,6.65128432117334,0,0,customer-2,2.094863176345825,-2.200000047683716,0.41525213615450696,0.0,8.400896085775996,0,0
3,312,12.47999999999991,to_table,-4.4038777351379395,3.092308282852173,0.298362004716983,0.893871545791626,0.6162846088409424,0.8199999928474426,-0.37495455145835876,0.6200000047683716,0.30000001192092896,1,dwa-left-arc,0.13677629083910908,-0.1551069427669195,99.0,0.0833644294738769,0.6268269333445257,waiter-1,0,,waiter-1,-3.0385804176330566,2.200000047683716,-0.4741617042560442,0.0,1.6310275140951715,0,0,waiter-2,4.034873008728027,2.549999952316284,0.5000137336970845,0.0,8.45615825552402,0,0,customer-1,-7.957756996154785,-2.549999952316284,0.44899462634955256,0.0,6.668260644466098,0,0,customer-2,2.1114730834960938,-2.200000047683716,0.4152526421612457,0.0,8.393945660732784,0,0
3,313,12.519999999999909,to_table,-4.368845462799072,3.1022133827209473,0.3051452668175582,0.9098072052001953,0.5719461441040039,0.8199999928474426,-0.4275379776954651,0.6200000047683716,0.30000001192092896,1,dwa-left-arc,0.12722716885006907,-0.1383476201455922,99.0,0.08745020866394038,0.5957713881884118,waiter-1,0,,waiter-1,-3.057547092437744,2.200000047683716,-0.4741573728537496,0.0,1.5916947942464594,0,0,waiter-2,4.054873466491699,2.549999952316284,0.5000130023322136,0.0,8.44179958731614,0,0,customer-1,-7.939797401428223,-2.549999952316284,0.4489940917616764,0.0,6.685747028774869,0,0,customer-2,2.1280832290649414,-2.200000047683716,0.4152507639821934,0.0,8.385913765877243,0,0
3,314,12.559999999999908,to_table,-4.334412574768066,3.112604856491089,0.3114413602845091,0.8576502799987793,-0.416726291179657,0.8199999928474426,-0.5495110154151917,0.6200000047683716,0.30000001192092896,1,dwa-left-arc,0.11745173437885464,-0.11944720147632681,99.0,0.09127861499786372,0.5652642120452522,waiter-1,0,,waiter-1,-3.0765132904052734,2.200000047683716,-0.474157809823037,0.0,1.5540779088124148,0,0,waiter-2,4.074873924255371,2.549999952316284,0.5000122709673427,0.0,8.428085411341025,0,0,customer-1,-7.92183780670166,-2.549999952316284,0.4489935571738002,0.0,6.70333596170162,0,0,customer-2,2.144692897796631,-2.200000047683716,0.41525365417472315,0.0,8.378697905550718,0,0
3,315,12.599999999999907,to_table,-4.299967288970947,3.123347282409668,0.3176943621715789,0.9003908634185791,0.7650506496429443,0.8199999928474426,-0.45023417472839355,0.6200000047683716,0.30000001192092896,1,dwa-left-arc,0.10665205645838999,-0.10192154983371171,99.0,0.09494406223297114,0.5349778881015884,waiter-1,0,,waiter-1,-3.0954794883728027,2.200000047683716,-0.47415824679232443,0.0,1.517682765819596,0,0,waiter-2,4.094874382019043,2.549999952316284,0.5000115396024718,0.0,8.41439800829003,0,0,customer-1,-7.903878211975098,-2.549999952316284,0.448993022585924,0.0,6.7212381885126815,0,0,customer-2,2.1613030433654785,-2.200000047683716,0.41525177599567087,0.0,8.371740625720749,0,0
3,316,12.639999999999906,to_table,-4.265509605407715,3.1344425678253174,0.3239128725365678,0.9024162292480469,0.7663301229476929,0.20000000298023224,-0.49851223826408386,0.6200000047683716,0.30000001192092896,1,dwa-left-arc,0.09833520516852451,-0.08432453611853208,99.0,0.09845751762390131,0.505007841652164,waiter-1,0,,waiter-1,-3.114445686340332,2.200000047683716,-0.47415868376161185,0.0,1.4826095134010675,0,0,waiter-2,4.114874839782715,2.549999952316284,0.5000108082376009,0.0,8.40073905201279,0,0,customer-1,-7.885918617248535,-2.549999952316284,0.4489924879980478,0.0,6.739454590529713,0,0,customer-2,2.177912950515747,-2.200000047683716,0.4152522820024096,0.0,8.365044665292714,0,0
3,317,12.679999999999906,to_table,-4.231297969818115,3.1463840007781982,0.33141851541973544,0.9044244289398193,0.7675431966781616,0.20000000298023224,-0.5539667010307312,0.5199999809265137,0.36000001430511475,1,dwa-left-arc,0.09782786209176614,-0.24669641683477428,99.0,0.09135788917541499,0.5025372489896974,waiter-1,0,,waiter-1,-3.1334118843078613,2.200000047683716,-0.4741591207308993,0.0,1.4494814394919888,0,0,waiter-2,4.1348748207092285,2.549999952316284,0.5000148452443121,0.0,8.387402523679182,0,0,customer-1,-7.867959022521973,-2.549999952316284,0.4489919534101716,0.0,6.758261148648034,0,0,customer-2,2.1945228576660156,-2.200000047683716,0.41525278800914833,0.0,8.359126491480843,0,0
3,318,12.719999999999905,to_table,-4.198851108551025,3.1579368114471436,0.340293679086597,0.8855547904968262,0.8549176454544067,0.20000000298023224,-0.6107511520385742,0.5199999809265137,0.36000001430511475,1,dwa-left-arc,0.0887152901584683,-0.22254653394034607,99.0,0.0967013263702392,0.47539721874492474,waiter-1,0,,waiter-1,-3.1523780822753906,2.200000047683716,-0.4741595577001867,0.0,1.4187137266171899,0,0,waiter-2,4.1548752784729,2.549999952316284,0.5000141138794412,0.0,8.375818274888115,0,0,customer-1,-7.84999942779541,-2.549999952316284,0.44899141882229543,0.0,6.775797085822687,0,0,customer-2,2.2111330032348633,-2.200000047683716,0.41525090983009605,0.0,8.354363153453445,0,0
3,319,12.759999999999904,to_table,-4.1672492027282715,3.169459104537964,0.3506815412926748,0.888413667678833,0.8484816551208496,0.20000000298023224,-0.5799461007118225,0.5199999809265137,0.36000001430511475,1,dwa-left-arc,0.0811080423558122,-0.2007826844726277,99.0,0.10229975223541254,0.45178784571712627,waiter-1,0,,waiter-1,-3.17134428024292,2.200000047683716,-0.4741599946694741,0.0,1.3898480051959934,0,0,waiter-2,4.174875736236572,2.549999952316284,0.5000133825145703,0.0,8.365092835024033,0,0,customer-1,-7.832039833068848,-2.549999952316284,0.44899088423441924,0.0,6.792856708871766,0,0,customer-2,2.2277426719665527,-2.200000047683716,0.4152538000226258,0.0,8.350270215076275,0,0
3,320,12.799999999999903,to_table,-4.137702941894531,3.180863380432129,0.3595862644156469,0.9728002548217773,0.9626902341842651,0.20000000298023224,-0.6248902082443237,0.5199999809265137,0.36000001430511475,1,dwa-left-arc,0.07534828099099738,-0.18073985754210808,99.0,0.10686582565307612,0.42923698308191205,waiter-1,0,,waiter-1,-3.190310478210449,2.200000047683716,-0.47416043163876154,0.0,1.3636881453527852,0,0,waiter-2,4.194876194000244,2.549999952316284,0.5000126511496994,0.0,8.356426492280237,0,0,customer-1,-7.814080238342285,-2.549999952316284,0.44899034964654305,0.0,6.808710932656544,0,0,customer-2,2.2443528175354004,-2.200000047683716,0.4152519218435735,0.0,8.347713875577394,0,0
3,321,12.839999999999902,to_table,-4.107478618621826,3.1914453506469727,0.3660901188479879,0.89853835105896,0.831505298614502,0.20000000298023224,-0.7011486887931824,0.5199999809265137,0.36000001430511475,1,dwa-left-arc,0.06848772178582069,-0.1607082931702133,99.0,0.10891014575958247,0.39635087981186523,waiter-1,0,,waiter-1,-3.2092766761779785,2.200000047683716,-0.47416086860804896,0.0,1.337808102149858,0,0,waiter-2,4.214876651763916,2.549999952316284,0.5000119197848285,0.0,8.347038363728595,0,0,customer-1,-7.796120643615723,-2.549999952316284,0.44898981505866686,0.0,6.824241654240412,0,0,customer-2,2.260962724685669,-2.200000047683716,0.41525242785031224,0.0,8.344143372829192,0,0
3,322,12.879999999999901,to_table,-4.078678131103516,3.202319622039795,0.3719356907785069,0.6793880462646484,0.9896202087402344,0.20000000298023224,-0.7438920736312866,0.5199999809265137,0.36000001430511475,1,dwa-left-arc,0.06181068560586961,-0.13810882475130704,99.0,0.11089235782623286,0.36559531145197244,waiter-1,0,,waiter-1,-3.228242874145508,2.200000047683716,-0.4741613055773364,0.0,1.3144902644807166,0,0,waiter-2,4.234877109527588,2.549999952316284,0.5000111884199576,0.0,8.339107967314794,0,0,customer-1,-7.77816104888916,-2.549999952316284,0.4489892804707907,0.0,6.839251007567122,0,0,customer-2,2.2775726318359375,-2.200000047683716,0.415252933857051,0.0,8.34188117724353,0,0
3,323,12.9199999999999,to_table,-4.048932075500488,3.212486743927002,0.3777056441090867,0.8486292362213135,-0.9492515325546265,0.20000000298023224,-0.9939101934432983,0.5199999809265137,0.36000001430511475,1,dwa-left-arc,0.05477954572404792,-0.1162266259072694,99.0,0.11156672477722163,0.3264769604050973,waiter-1,0,,waiter-1,-3.247209072113037,2.200000047683716,-0.4741617425466238,0.0,1.2914678022429515,0,0,waiter-2,4.254877090454102,2.549999952316284,0.5000152254266688,0.0,8.330194200236278,0,0,customer-1,-7.760201930999756,-2.549999952316284,0.4489935142544965,0.0,6.854179517981596,0,0,customer-2,2.294182777404785,-2.200000047683716,0.4152510556779987,0.0,8.338472240555099,0,0
3,324,12.9599999999999,to_table,-4.0204925537109375,3.223554849624634,0.3849118646120907,0.9781391620635986,0.3285093307495117,0.20000000298023224,-0.8137913942337036,0.5199999809265137,0.36000001430511475,1,dwa-left-arc,0.04738047634643966,-0.09392609328476964,99.0,0.1134920740127563,0.29674387406139574,waiter-1,0,,waiter-1,-3.2661757469177246,2.200000047683716,-0.4741574111443292,0.0,1.271478775908989,0,0,waiter-2,4.274877548217773,2.549999952316284,0.5000144940617979,0.0,8.322670324340669,0,0,customer-1,-7.742242336273193,-2.549999952316284,0.44899297966662033,0.0,6.869159809978018,0,0,customer-2,2.3107924461364746,-2.200000047683716,0.41525394587052844,0.0,8.336673045850498,0,0
3,325,12.999999999999899,to_table,-3.9918651580810547,3.2352185249328613,0.3924777926203087,0.9799940586090088,0.2748454809188843,0.20000000298023224,-0.8470185399055481,0.5199999809265137,0.36000001430511475,1,dwa-left-arc,0.04332570646899475,-0.07460795508910534,99.0,0.11558538913726801,0.27033077780516523,waiter-1,0,,waiter-1,-3.285141944885254,2.200000047683716,-0.4741578481136166,0.0,1.2534492393822085,0,0,waiter-2,4.294878005981445,2.549999952316284,0.500013762696927,0.0,8.31502475999893,0,0,customer-1,-7.724282741546631,-2.549999952316284,0.44899244507874414,0.0,6.884743557088233,0,0,customer-2,2.3274025917053223,-2.200000047683716,0.41525206769147616,0.0,8.335151217920785,0,0
3,326,13.039999999999898,to_table,-3.963275909423828,3.247224807739258,0.39900285144952413,0.980879545211792,0.24301481246948242,0.20000000298023224,-0.8508382439613342,0.5199999809265137,0.36000001430511475,1,dwa-left-arc,0.037720651148260675,-0.05590647798005077,99.0,0.11728149890899653,0.24455053529444354,waiter-1,0,,waiter-1,-3.304108142852783,2.200000047683716,-0.47415828508290403,0.0,1.2374093270052748,0,0,waiter-2,4.314878463745117,2.549999952316284,0.5000130313320561,0.0,8.307464253611672,0,0,customer-1,-7.706323146820068,-2.549999952316284,0.44899191049086795,0.0,6.900595448218992,0,0,customer-2,2.344012498855591,-2.200000047683716,0.4152525736982149,0.0,8.33391538778465,0,0
3,327,13.079999999999897,to_table,-3.9355111122131348,3.2597298622131348,0.4051170791526127,0.9813532829284668,0.22544753551483154,0.0,-0.8529462814331055,0.5199999809265137,0.36000001430511475,1,dwa-left-arc,0.03374267053654273,-0.03701938575535635,99.0,0.11916190624237055,0.23063009101011117,waiter-1,0,,waiter-1,-3.3230743408203125,2.200000047683716,-0.47415872205219145,0.0,1.2239714370673118,0,0,waiter-2,4.334878921508789,2.549999952316284,0.5000122999671852,0.0,8.300787182845319,0,0,customer-1,-7.688363552093506,-2.549999952316284,0.44899137590299176,0.0,6.916419735191618,0,0,customer-2,2.3606224060058594,-2.200000047683716,0.4152530797049536,0.0,8.333663538220328,0,0
3,328,13.119999999999896,to_table,-3.9062693119049072,3.27211594581604,0.4125664954563814,0.9822665452957153,0.4302288293838501,0.0,-0.8283725380897522,0.5199999809265137,0.36000001430511475,1,dwa-left-arc,0.030807155417371945,-0.019546091641336694,99.0,0.12039381504058833,99.0,waiter-1,0,,waiter-1,-3.342040538787842,2.200000047683716,-0.47415915902147887,0.0,1.2115224337342123,0,0,waiter-2,4.354879379272461,2.549999952316284,0.5000115686023143,0.0,8.292649106637136,0,0,customer-1,-7.670403957366943,-2.549999952316284,0.4489908413151156,0.0,6.932946210699515,0,0,customer-2,2.377232551574707,-2.200000047683716,0.41525120152590134,0.0,8.33225354358997,0,0
3,329,13.159999999999895,to_table,-3.8775010108947754,3.283902406692505,0.42246477867053844,0.9831252098083496,0.5098843574523926,0.20000000298023224,-0.8188138604164124,0.5199999809265137,0.36000001430511475,1,dwa-left-arc,0.027784920456047912,-0.0026221055629380707,99.0,0.12101251125335688,99.0,waiter-1,0,,waiter-1,-3.361006736755371,2.200000047683716,-0.4741595959907663,0.0,1.200670920395596,0,0,waiter-2,4.374879837036133,2.549999952316284,0.5000108372374434,0.0,8.284950360251791,0,0,customer-1,-7.652444839477539,-2.549999952316284,0.4489950750988214,0.0,6.9487133804326255,0,0,customer-2,2.3938422203063965,-2.200000047683716,0.4152540917184311,0.0,8.330842217485955,0,0
3,330,13.199999999999894,to_table,-3.8487555980682373,3.296330451965332,0.430601179228413,0.9834690093994141,0.4611130952835083,0.0,-0.824666440486908,0.5199999809265137,0.36000001430511475,1,dwa-left-arc,0.024844585519723072,0.011461805649426227,99.0,0.12142294883728022,99.0,waiter-1,0,,waiter-1,-3.3799729347229004,2.200000047683716,-0.4741600329600537,0.0,1.1923495883361723,0,0,waiter-2,4.3948798179626465,2.549999952316284,0.5000148742441546,0.0,8.27735066836878,0,0,customer-1,-7.634485244750977,-2.549999952316284,0.44899454051094523,0.0,6.965007405150425,0,0,customer-2,2.410452365875244,-2.200000047683716,0.4152522135393788,0.0,8.329905959689212,0,0
3,331,13.239999999999894,to_table,-3.8202438354492188,3.3087174892425537,0.4399153505464579,0.9104509353637695,0.9842240810394287,0.0,-0.761893093585968,0.5199999809265137,0.36000001430511475,1,dwa-left-arc,0.0225666876483977,0.025575653616081606,99.0,0.12140149116516108,99.0,waiter-1,0,,waiter-1,-3.3989391326904297,2.200000047683716,-0.47416046992934113,0.0,1.1860657729584168,0,0,waiter-2,4.414880275726318,2.549999952316284,0.5000141428792837,0.0,8.270001295483825,0,0,customer-1,-7.616525650024414,-2.549999952316284,0.44899400592306904,0.0,6.981140714503617,0,0,customer-2,2.4270622730255127,-2.200000047683716,0.41525271954611753,0.0,8.329153769418879,0,0
3,332,13.279999999999893,to_table,-3.7917397022247314,3.3213932514190674,0.44975146433638347,0.991644024848938,0.3679311275482178,0.0,-0.8358482718467712,0.5199999809265137,0.36000001430511475,1,dwa-left-arc,0.017269654350488717,0.03731625798241489,99.0,0.12106174468994135,99.0,waiter-1,0,,waiter-1,-3.417905330657959,2.200000047683716,-0.47416090689862855,0.0,1.1820638116229425,0,0,waiter-2,4.43488073348999,2.549999952316284,0.5000134115144128,0.0,8.262707269123101,0,0,customer-1,-7.598566055297852,-2.549999952316284,0.44899347133519285,0.0,6.997512774930938,0,0,customer-2,2.4436721801757812,-2.200000047683716,0.41525322555285626,0.0,8.328634060070032,0,0
3,333,13.319999999999892,to_table,-3.7639262676239014,3.3345930576324463,0.461304353866341,0.9298317432403564,-0.08629930019378662,0.0,-0.8903559446334839,0.41999998688697815,0.41999998688697815,1,dwa-left-arc,0.014010920789344461,-0.11027381922050883,99.0,0.12062245845794672,99.0,waiter-1,0,,waiter-1,-3.4368715286254883,2.200000047683716,-0.474161343867916,0.0,1.180790455807397,0,0,waiter-2,4.454881191253662,2.549999952316284,0.5000126801495419,0.0,8.256172381134682,0,0,customer-1,-7.580606460571289,-2.549999952316284,0.44899293674731666,0.0,7.013949143526375,0,0,customer-2,2.460282325744629,-2.200000047683716,0.415251347373804,0.0,8.329015155177462,0,0
3,334,13.359999999999891,to_table,-3.7377877235412598,3.3494393825531006,0.46988767473315385,0.973595380783081,0.775381326675415,0.0,-0.7869542241096497,0.41999998688697815,0.41999998688697815,1,dwa-left-arc,0.013486120523903689,-0.0922077618157855,99.0,0.12351447582244868,99.0,waiter-1,0,,waiter-1,-3.4558377265930176,2.200000047683716,-0.4741617808372034,0.0,1.1835145057514451,0,0,waiter-2,4.474881649017334,2.549999952316284,0.500011948784671,0.0,8.251487237194233,0,0,customer-1,-7.562646865844727,-2.549999952316284,0.4489924021594405,0.0,7.0308557035588874,0,0,customer-2,2.4768919944763184,-2.200000047683716,0.41525423756633373,0.0,8.331777840737603,0,0
3,335,13.39999999999989,to_table,-3.7125115394592285,3.36405611038208,0.4786379098794707,0.9721857309341431,0.8115755319595337,0.0,-0.7826109528541565,0.41999998688697815,0.41999998688697815,1,dwa-left-arc,0.016947722965100998,-0.07334538361500997,99.0,0.128078761100769,99.0,waiter-1,0,,waiter-1,-3.474804401397705,2.200000047683716,-0.4741574494349088,0.0,1.1880787855147563,0,0,waiter-2,4.494882106781006,2.549999952316284,0.5000112174198001,0.0,8.247666208863537,0,0,customer-1,-7.544687271118164,-2.549999952316284,0.4489918675715643,0.0,7.047100818851322,0,0,customer-2,2.493502140045166,-2.200000047683716,0.41525235938728144,0.0,8.335066089738316,0,0
3,336,13.43999999999989,to_table,-3.6872305870056152,3.377554416656494,0.48589506409574934,0.9719136953353882,0.8108203411102295,0.0,-0.7827015519142151,0.41999998688697815,0.41999998688697815,1,dwa-left-arc,0.022237643876973634,-0.055516312037197535,99.0,0.13334030151367182,99.0,waiter-1,0,,waiter-1,-3.4937705993652344,2.200000047683716,-0.4741578864041962,0.0,1.193340294595257,0,0,waiter-2,4.5148820877075195,2.549999952316284,0.5000152544265113,0.0,8.243755134654307,0,0,customer-1,-7.526727676391602,-2.549999952316284,0.4489913329836881,0.0,7.062410261131233,0,0,customer-2,2.5101120471954346,-2.200000047683716,0.4152528653940202,0.0,8.337635727732858,0,0
3,337,13.479999999999889,to_table,-3.662489891052246,3.3899335861206055,0.4973558100544838,0.9714040756225586,0.816537618637085,0.0,-0.7820155024528503,0.41999998688697815,0.41999998688697815,1,dwa-left-arc,0.028220465753084956,-0.03643389951875631,99.0,0.13931972026824946,99.0,waiter-1,0,,waiter-1,-3.5127367973327637,2.200000047683716,-0.4741583233734836,0.0,1.1993197300868075,0,0,waiter-2,4.534882545471191,2.549999952316284,0.5000145230616404,0.0,8.240291461609226,0,0,customer-1,-7.508768081665039,-2.549999952316284,0.4489907983958119,0.0,7.076486865714584,0,0,customer-2,2.526721954345703,-2.200000047683716,0.4152533714007589,0.0,8.33988616814109,0,0
3,338,13.519999999999888,to_table,-3.6382696628570557,3.4032082557678223,0.5083553833070455,0.973065972328186,0.7396644353866577,0.0,-0.7912402749061584,0.41999998688697815,0.41999998688697815,1,dwa-left-arc,0.03490720560047561,-0.021522218066116094,99.0,0.1479182863235473,99.0,waiter-1,0,,waiter-1,-3.531702995300293,2.200000047683716,-0.47415876034277105,0.0,1.2079182284555192,0,0,waiter-2,4.554883003234863,2.549999952316284,0.5000137916967695,0.0,8.237458043533076,0,0,customer-1,-7.490808486938477,-2.549999952316284,0.4489902638079357,0.0,7.091032601804524,0,0,customer-2,2.543332099914551,-2.200000047683716,0.4152514932217066,0.0,8.343149503956482,0,0
3,339,13.559999999999887,to_table,-3.6144602298736572,3.416790723800659,0.5203761286453122,0.9047586917877197,0.995558500289917,0.0,-0.7605329751968384,0.41999998688697815,0.41999998688697815,1,dwa-left-arc,0.04420068755650447,-0.006780586502961983,99.0,0.1584616327285766,99.0,waiter-1,0,,waiter-1,-3.5506691932678223,2.200000047683716,-0.47415919731205847,0.0,1.2184616718782644,0,0,waiter-2,4.574883460998535,2.549999952316284,0.5000130603318986,0.0,8.235088119064583,0,0,customer-1,-7.472848892211914,-2.549999952316284,0.44898972922005953,0.0,7.1056142621350125,0,0,customer-2,2.5599420070648193,-2.200000047683716,0.41525199922844536,0.0,8.346950434388772,0,0
3,340,13.599999999999886,to_table,-3.592390298843384,3.4310381412506104,0.5329313813275685,-0.650810718536377,0.4309062957763672,0.0,-0.8282912373542786,0.41999998688697815,0.41999998688697815,1,dwa-left-arc,0.0554238329863333,0.00662114146199877,99.0,0.17124837875366206,99.0,waiter-1,0,,waiter-1,-3.5696353912353516,2.200000047683716,-0.4741596342813459,0.0,1.2312483801544936,0,0,waiter-2,4.594883918762207,2.549999952316284,0.5000123289670277,0.0,8.234542331218531,0,0,customer-1,-7.454889297485352,-2.549999952316284,0.44898919463218334,0.0,7.119811457560412,0,0,customer-2,2.576551914215088,-2.200000047683716,0.4152525052351841,0.0,8.352510946613092,0,0
3,341,13.639999999999885,to_table,-3.569892168045044,3.4453837871551514,0.5440207915420784,0.7995688915252686,0.9492045640945435,0.0,-0.7660954594612122,0.41999998688697815,0.41999998688697815,1,dwa-left-arc,0.06885173083839252,0.017767375535062024,99.0,0.18552428722381586,99.0,waiter-1,0,,waiter-1,-3.588601589202881,2.200000047683716,-0.4741600712506333,0.0,1.2455242675194722,0,0,waiter-2,4.614884376525879,2.549999952316284,0.5000115976021569,0.0,8.233606700362186,0,0,customer-1,-7.436930179595947,-2.549999952316284,0.4489934284158892,0.0,7.134326118583174,0,0,customer-2,2.5931618213653564,-2.200000047683716,0.4152530112419228,0.0,8.35784620096873,0,0
3,342,13.679999999999884,to_table,-3.545830488204956,3.460249662399292,0.5547975090944789,0.7973638772964478,0.9300084114074707,0.0,-0.7683990001678467,0.41999998688697815,0.41999998688697815,1,dwa-left-arc,0.08376131650690005,0.03057330561137417,99.0,0.20176083087921137,99.0,waiter-1,0,,waiter-1,-3.60756778717041,2.200000047683716,-0.47416050821992073,0.0,1.2617609066199142,0,0,waiter-2,4.634884834289551,2.549999952316284,0.500010866237286,0.0,8.231200260132335,0,0,customer-1,-7.418970584869385,-2.549999952316284,0.448992893828013,0.0,7.150126896746552,0,0,customer-2,2.609771728515625,-2.200000047683716,0.41525351724866155,0.0,8.362407872795377,0,0
3,343,13.719999999999883,to_table,-3.5228216648101807,3.4752612113952637,0.5642950250063383,0.726701021194458,0.9430598020553589,0.0,-0.7668328285217285,0.41999998688697815,0.41999998688697815,1,dwa-left-arc,0.1006388441465938,0.04517784392604951,99.0,0.21947151660919184,99.0,waiter-1,0,,waiter-1,-3.6265339851379395,2.200000047683716,-0.47416094518920815,0.0,1.2794714850510343,0,0,waiter-2,4.6548848152160645,2.549999952316284,0.5000149032439971,0.0,8.22988406182102,0,0,customer-1,-7.401010990142822,-2.549999952316284,0.4489923592401368,0.0,7.165481458635887,0,0,customer-2,2.6263818740844727,-2.200000047683716,0.41525163906960927,0.0,8.367872759641918,0,0
3,344,13.759999999999883,to_table,-3.5016281604766846,3.4907007217407227,0.5703271029190452,0.6651445627212524,0.9557180404663086,0.0,-0.7653138637542725,0.41999998688697815,0.41999998688697815,1,dwa-left-arc,0.1189561938121853,0.05982173231661858,99.0,0.23869449138641352,99.0,waiter-1,0,,waiter-1,-3.6455001831054688,2.200000047683716,-0.47416138215849557,0.0,1.2986944940618288,0,0,waiter-2,4.674885272979736,2.549999952316284,0.5000141718791262,0.0,8.230448946751874,0,0,customer-1,-7.38305139541626,-2.549999952316284,0.4489918246522606,0.0,7.180216637559174,0,0,customer-2,2.642991781234741,-2.200000047683716,0.415252145076348,0.0,8.374988326869813,0,0
3,345,13.799999999999882,to_table,-3.4790546894073486,3.506289482116699,0.5747793664331168,0.6018226146697998,0.9711840152740479,0.0,-0.7634578943252563,0.41999998688697815,0.41999998688697815,1,dwa-left-arc,0.13874005265590622,0.07568807678419698,99.0,0.25938219070434565,99.0,waiter-1,0,,waiter-1,-3.664466381072998,2.200000047683716,-0.474161819127783,0.0,1.3193822728525504,0,0,waiter-2,4.694885730743408,2.549999952316284,0.5000134405142553,0.0,8.229689645240592,0,0,customer-1,-7.365091800689697,-2.549999952316284,0.44899129006438443,0.0,7.195826995133238,0,0,customer-2,2.6596016883850098,-2.200000047683716,0.41525265108308673,0.0,8.381219620229542,0,0
3,346,13.83999999999988,to_table,-3.456768274307251,3.520397901535034,0.5791895224467852,0.6425343751907349,0.9816508293151855,0.0,-0.7622019052505493,0.30000001192092896,0.44999998807907104,1,dwa-left-arc,0.1599888331418718,-0.023058067424807205,99.0,0.2797116661071777,99.0,waiter-1,0,,waiter-1,-3.6834330558776855,2.200000047683716,-0.4741574877254884,0.0,1.339711691245374,0,0,waiter-2,4.71488618850708,2.549999952316284,0.5000127091493844,0.0,8.229070958466778,0,0,customer-1,-7.347132205963135,-2.549999952316284,0.44899075547650824,0.0,7.210038947521138,0,0,customer-2,2.6762118339538574,-2.200000047683716,0.41525077290403445,0.0,8.386679778419618,0,0
3,347,13.87999999999988,to_table,-3.433075428009033,3.5325124263763428,0.5872334987590582,0.786959171295166,0.895323634147644,0.0,-0.7725611925125122,0.30000001192092896,0.44999998807907104,1,dwa-left-arc,0.18085850102299578,-0.003800632551158145,99.0,0.29945737361907954,99.0,waiter-1,0,,waiter-1,-3.702399253845215,2.200000047683716,-0.4741579246947758,0.0,1.3594574515342952,0,0,waiter-2,4.734886646270752,2.549999952316284,0.5000119777845136,0.0,8.226842359529964,0,0,customer-1,-7.3291730880737305,-2.549999952316284,0.4489949892602141,0.0,7.223332597472627,0,0,customer-2,2.692821502685547,-2.200000047683716,0.4152536630965642,0.0,8.389774280083312,0,0
3,348,13.91999999999988,to_table,-3.4114677906036377,3.5456435680389404,0.5941044967978398,0.7628860473632812,0.8705739974975586,0.0,-0.7755311131477356,0.30000001192092896,0.44999998807907104,1,dwa-left-arc,0.20114947901823316,0.01476180758446577,99.0,0.3208667659759521,99.0,waiter-1,0,,waiter-1,-3.721365451812744,2.200000047683716,-0.4741583616640632,0.0,1.3808667728267183,0,0,waiter-2,4.754887104034424,2.549999952316284,0.5000112464196427,0.0,8.226825540553799,0,0,customer-1,-7.311213493347168,-2.549999952316284,0.4489944546723379,0.0,7.236358647366455,0,0,customer-2,2.7094316482543945,-2.200000047683716,0.4152517849175119,0.0,8.395107533528506,0,0
3,349,13.959999999999878,to_table,-3.39125394821167,3.5596261024475098,0.6020728654889413,0.751518964767456,0.8728454113006592,0.0,-0.7752585411071777,0.30000001192092896,0.44999998807907104,1,dwa-left-arc,0.22305439401655064,0.03199040105149309,99.0,0.3437230014801025,99.0,waiter-1,0,,waiter-1,-3.7403316497802734,2.200000047683716,-0.47415879863335064,0.0,1.4037229963653721,0,0,waiter-2,4.7748870849609375,2.549999952316284,0.5000152834263538,0.0,8.228317223873553,0,0,customer-1,-7.2932538986206055,-2.549999952316284,0.4489939200844617,0.0,7.249354049985415,0,0,customer-2,2.726041555404663,-2.200000047683716,0.41525229092425064,0.0,8.402059132607913,0,0
3,350,13.999999999999877,to_table,-3.369036912918091,3.572467088699341,0.6109628388813162,0.8876485824584961,0.6233806610107422,0.0,-0.8051943182945251,0.30000001192092896,0.44999998807907104,1,dwa-left-arc,0.24636719861430284,0.047115935361240924,99.0,0.36687404155731196,99.0,waiter-1,0,,waiter-1,-3.7592978477478027,2.200000047683716,-0.47415923560263806,0.0,1.4268739874033536,0,0,waiter-2,4.794887542724609,2.549999952316284,0.5000145520614829,0.0,8.227703298152184,0,0,customer-1,-7.275294303894043,-2.549999952316284,0.4489933854965855,0.0,7.26246855228144,0,0,customer-2,2.7426514625549316,-2.200000047683716,0.4152527969309894,0.0,8.406789615514027,0,0
3,351,14.039999999999877,to_table,-3.348780870437622,3.5840506553649902,0.6216227050003944,0.7824399471282959,-0.6339938640594482,0.0,-0.9560792446136475,0.30000001192092896,0.44999998807907104,1,dwa-left-arc,0.2699854935857032,0.0636440096945241,99.0,0.38915556907653803,99.0,waiter-1,0,,waiter-1,-3.778264045715332,2.200000047683716,-0.4741596725719255,0.0,1.4491555756610568,0,0,waiter-2,4.814888000488281,2.549999952316284,0.500013820696612,0.0,8.22889727063111,0,0,customer-1,-7.2573347091674805,-2.549999952316284,0.44899285090870933,0.0,7.273470283698486,0,0,customer-2,2.7592616081237793,-2.200000047683716,0.4152509187519371,0.0,8.412099943257257,0,0
3,352,14.079999999999876,to_table,-3.331347703933716,3.596989631652832,0.6359237001972464,0.8522653579711914,0.9262239933013916,0.0,-0.7688531279563904,0.30000001192092896,0.44999998807907104,1,dwa-left-arc,0.29269725083603687,0.07706220066229341,99.0,0.41262573242187495,99.0,waiter-1,0,,waiter-1,-3.7972302436828613,2.200000047683716,-0.4741601095412129,0.0,1.4726256953351446,0,0,waiter-2,4.834888458251953,2.549999952316284,0.5000130893317412,0.0,8.233079645261922,0,0,customer-1,-7.239375114440918,-2.549999952316284,0.44899231632083314,0.0,7.284103183419386,0,0,customer-2,2.7758712768554688,-2.200000047683716,0.41525380894446684,0.0,8.420404564012713,0,0
3,353,14.119999999999875,to_table,-3.3136062622070312,3.6087074279785156,0.6507293942247284,-0.20124846696853638,0.15852904319763184,0.0,-0.86097651720047,0.30000001192092896,0.44999998807907104,1,dwa-left-arc,0.31654329282353594,0.08529528704718614,99.0,0.4356781864166259,99.0,waiter-1,0,,waiter-1,-3.8161964416503906,2.200000047683716,-0.4741605465105003,0.0,1.4956782313619283,0,0,waiter-2,4.854888916015625,2.549999952316284,0.5000123579668703,0.0,8.236818256807046,0,0,customer-1,-7.2214155197143555,-2.549999952316284,0.44899178173295695,0.0,7.293877555125091,0,0,customer-2,2.7924814224243164,-2.200000047683716,0.41525193076541456,0.0,8.427656219271222,0,0
3,354,14.159999999999874,to_table,-3.2968759536743164,3.6199774742126465,0.6651955120574082,0.930368185043335,0.972366213798523,0.0,-0.7633160352706909,0.30000001192092896,0.44999998807907104,1,dwa-left-arc,0.3399656075264153,0.09348169350899771,99.0,0.45858103275299067,99.0,waiter-1,0,,waiter-1,-3.83516263961792,2.200000047683716,-0.47416098347978775,0.0,1.5185810640581134,0,0,waiter-2,4.874889373779297,2.549999952316284,0.5000116266019994,0.0,8.241516878848003,0,0,customer-1,-7.203455924987793,-2.549999952316284,0.44899124714508076,0.0,7.302738425833433,0,0,customer-2,2.809091329574585,-2.200000047683716,0.4152524367721533,0.0,8.43534082414486,0,0
3,355,14.199999999999873,to_table,-3.27968692779541,3.630401849746704,0.6804365778188339,0.9750943183898926,0.9571197032928467,0.0,-0.7651456594467163,0.30000001192092896,0.44999998807907104,1,dwa-left-arc,0.3632150549477156,0.10084835395131875,99.0,0.4814385795593261,99.0,waiter-1,0,,waiter-1,-3.854128837585449,2.200000047683716,-0.47416142044907517,0.0,1.541438556371376,0,0,waiter-2,4.894889831542969,2.549999952316284,0.5000108952371285,0.0,8.24566391834438,0,0,customer-1,-7.1854963302612305,-2.549999952316284,0.4489907125572046,0.0,7.311136267594377,0,0,customer-2,2.8257012367248535,-2.200000047683716,0.415252942778892,0.0,8.442117680121758,0,0
3,356,14.239999999999872,to_table,-3.2624387741088867,3.64003324508667,0.6953203170706928,0.9893898963928223,0.94056236743927,0.0,-0.7671325206756592,0.30000001192092896,0.44999998807907104,1,dwa-left-arc,0.3864146622501317,0.10814461189849545,99.0,0.5041599893569946,99.0,waiter-1,0,,waiter-1,-3.8730950355529785,2.200000047683716,-0.4741618574183626,0.0,1.5641600555133257,0,0,waiter-2,4.914890289306641,2.549999952316284,0.5000101638722576,0.0,8.249659580293487,0,0,customer-1,-7.167536735534668,-2.549999952316284,0.4489901779693284,0.0,7.318900263925068,0,0,customer-2,2.842311382293701,-2.200000047683716,0.41525106459983974,0.0,8.448311271062634,0,0
3,357,14.279999999999871,to_table,-3.2461349964141846,3.650460720062256,0.7095022841664659,0.9370725154876709,0.4039297103881836,0.0,-0.8315284252166748,0.30000001192092896,0.44999998807907104,1,dwa-left-arc,0.40946961625134565,0.11570685310661744,99.0,0.5277838134765624,99.0,waiter-1,0,,waiter-1,-3.892061710357666,2.200000047683716,-0.474157526016068,0.0,1.587783827195198,0,0,waiter-2,4.934890270233154,2.549999952316284,0.5000142008789688,0.0,8.254707039917905,0,0,customer-1,-7.1495771408081055,-2.549999952316284,0.4489896433814522,0.0,7.326839231506554,0,0,customer-2,2.8589210510253906,-2.200000047683716,0.4152539547923695,0.0,8.455743641887052,0,0
3,358,14.31999999999987,to_table,-3.23026180267334,3.6609132289886475,0.723326537626405,0.9351460933685303,0.41207635402679443,0.0,-0.8305508494377136,0.30000001192092896,0.44999998807907104,1,dwa-left-arc,0.43340142890248196,0.12276033479648185,99.0,0.551741304397583,99.0,waiter-1,0,,waiter-1,-3.9110279083251953,2.200000047683716,-0.4741579629853554,0.0,1.611741236649013,0,0,waiter-2,4.954890727996826,2.549999952316284,0.5000134695140979,0.0,8.260196744546896,0,0,customer-1,-7.131618022918701,-2.549999952316284,0.44899387716515804,0.0,7.334577213647322,0,0,customer-2,2.8755311965942383,-2.200000047683716,0.4152520766133172,0.0,8.46351065377597,0,0
3,359,14.35999999999987,to_table,-3.2143781185150146,3.6715009212493896,0.7369395701409819,0.9336903095245361,0.4177476167678833,0.0,-0.8298702836036682,0.30000001192092896,0.44999998807907104,1,dwa-left-arc,0.457651303907821,0.12959856276733217,99.0,0.5762826824188232,99.0,waiter-1,0,,waiter-1,-3.9299941062927246,2.200000047683716,-0.4741583999546428,0.0,1.636282696500702,0,0,waiter-2,4.974891185760498,2.549999952316284,0.500012738149227,0.0,8.265706029206884,0,0,customer-1,-7.113658428192139,-2.549999952316284,0.44899334257728185,0.0,7.342442376567498,0,0,customer-2,2.892141103744507,-2.200000047683716,0.41525258262005593,0.0,8.471369466621523,0,0
3,360,14.399999999999869,to_table,-3.1984260082244873,3.682140827178955,0.7507641453195578,0.9323394298553467,0.4223557710647583,0.0,-0.8293173313140869,0.30000001192092896,0.44999998807907104,1,dwa-left-arc,0.48247379851842515,0.13656966329438247,99.0,0.6013377332687377,99.0,waiter-1,0,,waiter-1,-3.948960304260254,2.200000047683716,-0.47415883692393024,0.0,1.661337719962037,0,0,waiter-2,4.99489164352417,2.549999952316284,0.5000120067843561,0.0,8.27116661076241,0,0,customer-1,-7.095698833465576,-2.549999952316284,0.44899280798940566,0.0,7.350395511114364,0,0,customer-2,2.9087510108947754,-2.200000047683716,0.41525308862679466,0.0,8.479221215099216,0,0
3,361,14.439999999999868,to_table,-3.182384967803955,3.692833662033081,0.7649965752603173,0.9315062761306763,0.4247314929962158,0.0,-0.8290322422981262,0.30000001192092896,0.44999998807907104,1,dwa-left-arc,0.5077996640138049,0.14345649192644605,99.0,0.6268988275527954,99.0,waiter-1,0,,waiter-1,-3.967926502227783,2.200000047683716,-0.47415927389321766,0.0,1.6868988417911526,0,0,waiter-2,5.014892101287842,2.549999952316284,0.5000112754194852,0.0,8.276558477744434,0,0,customer-1,-7.077739238739014,-2.549999952316284,0.4489922734015295,0.0,7.358447963568294,0,0,customer-2,2.925361156463623,-2.200000047683716,0.4152512104477424,0.0,8.48705201167521,0,0
3,362,14.479999999999867,to_table,-3.167114734649658,3.703562021255493,0.7798109286258434,0.9308344125747681,0.42917561531066895,0.0,-0.828498899936676,0.30000001192092896,0.44999998807907104,1,dwa-left-arc,0.5336219143233749,0.15015167597914236,99.0,0.6525228643417358,99.0,waiter-1,0,,waiter-1,-3.9868927001953125,2.200000047683716,-0.4741597108625051,0.0,1.7125228527424765,0,0,waiter-2,5.034892559051514,2.549999952316284,0.5000105440546143,0.0,8.282730775102046,0,0,customer-1,-7.059779644012451,-2.549999952316284,0.4489917388136533,0.0,7.366130426070895,0,0,customer-2,2.9419708251953125,-2.200000047683716,0.41525410064027213,0.0,8.495467702211817,0,0
3,363,14.519999999999866,to_table,-3.151312828063965,3.7138853073120117,0.7945558826513697,0.9294998645782471,0.440065860748291,0.0,-0.8271920680999756,0.30000001192092896,0.44999998807907104,1,dwa-left-arc,0.5594904356172175,0.1556817981037779,99.0,0.6784181022644042,99.0,waiter-1,0,,waiter-1,-4.005858898162842,2.200000047683716,-0.4741601478317925,0.0,1.7384181215234924,0,0,waiter-2,5.0548930168151855,2.549999952316284,0.5000098126897434,0.0,8.288331767497139,0,0,customer-1,-7.041820049285889,-2.549999952316284,0.4489912042257771,0.0,7.373757860424261,0,0,customer-2,2.95858097076416,-2.200000047683716,0.41525222246121984,0.0,8.503225401281053,0,0
3,364,14.559999999999865,to_table,-3.1361372470855713,3.724053144454956,0.8094120012133368,0.9986965656280518,-0.9883245825767517,0.0,-0.9985989332199097,0.30000001192092896,0.44999998807907104,1,dwa-left-arc,0.5856273229197049,0.1617790282172169,99.0,0.7042290592193603,99.0,waiter-1,0,,waiter-1,-4.024825096130371,2.200000047683716,-0.4741605848010799,0.0,1.764228991604514,0,0,waiter-2,5.074892997741699,2.549999952316284,0.5000138496964546,0.0,8.294541493020526,0,0,customer-1,-7.023860454559326,-2.549999952316284,0.4489906696379009,0.0,7.38093042908784,0,0,customer-2,2.975191116333008,-2.200000047683716,0.41525034428216756,0.0,8.511330130409277,0,0
3,365,14.599999999999865,to_table,-3.1206443309783936,3.734163522720337,0.8241612124672051,0.9318242073059082,0.33868837356567383,0.0,-0.8393573760986328,0.30000001192092896,0.44999998807907104,1,dwa-left-arc,0.6116664878705713,0.16716862481151185,99.0,0.730490984916687,99.0,waiter-1,0,,waiter-1,-4.0437912940979,2.200000047683716,-0.47416102177036734,0.0,1.7904909616228755,0,0,waiter-2,5.094893455505371,2.549999952316284,0.5000131183315837,0.0,8.300440017409597,0,0,customer-1,-7.005901336669922,-2.549999952316284,0.44899490342160675,0.0,7.388229326520627,0,0,customer-2,2.9918007850646973,-2.200000047683716,0.4152532344746973,0.0,8.519171472446697,0,0
3,366,14.639999999999864,to_table,-3.106748580932617,3.744736671447754,0.8410408180497991,0.9226506948471069,0.3651468753814697,0.0,-0.8361823558807373,0.30000001192092896,0.44999998807907104,1,dwa-left-arc,0.6381510526126317,0.17294001891198785,99.0,0.7566353702545165,99.0,waiter-1,0,,waiter-1,-4.06275749206543,2.200000047683716,-0.47416145873965476,0.0,1.8166354270913208,0,0,waiter-2,5.114893913269043,2.549999952316284,0.5000123869667128,0.0,8.307996216326986,0,0,customer-1,-6.987941741943359,-2.549999952316284,0.44899436883373056,0.0,7.395090906515811,0,0,customer-2,3.008410930633545,-2.200000047683716,0.415251356295645,0.0,8.528485827606685,0,0
3,367,14.679999999999863,to_table,-3.093174695968628,3.75527024269104,0.8584798119846453,0.9270241260528564,-0.3071005344390869,0.0,-0.9168520569801331,0.30000001192092896,0.44999998807907104,1,dwa-left-arc,0.6644957515154664,0.17570549830833415,99.0,0.7828496122360229,99.0,waiter-1,0,,waiter-1,-4.081723690032959,2.200000047683716,-0.4741618957089422,0.0,1.8428495579248245,0,0,waiter-2,5.134894371032715,2.549999952316284,0.5000116556018419,0.0,8.315876204237554,0,0,customer-1,-6.969982147216797,-2.549999952316284,0.4489938342458544,0.0,7.401761158406898,0,0,customer-2,3.0250205993652344,-2.200000047683716,0.41525424648817477,0.0,8.538006670369006,0,0
3,368,14.719999999999862,to_table,-3.077854633331299,3.7660441398620605,0.8767583793567396,-0.47765398025512695,-0.640818178653717,0.0,-0.9568981528282166,0.30000001192092896,0.44999998807907104,1,dwa-left-arc,0.6909007659065389,0.17777837216740822,99.0,0.8104777956008911,99.0,waiter-1,0,,waiter-1,-4.1006903648376465,2.200000047683716,-0.47415756430664757,0.0,1.8704777550916827,0,0,waiter-2,5.154894828796387,2.549999952316284,0.500010924236971,0.0,8.322074691579472,0,0,customer-1,-6.952022552490234,-2.549999952316284,0.4489932996579782,0.0,7.409560718435422,0,0,customer-2,3.041630744934082,-2.200000047683716,0.4152523683091225,0.0,8.546448650904804,0,0
3,369,14.759999999999861,to_table,-3.0645155906677246,3.77742075920105,0.8949785467557501,0.1796579360961914,-0.8705660700798035,0.0,-0.9844679236412048,0.30000001192092896,0.44999998807907104,1,dwa-left-arc,0.7187240125553012,0.18104544389845034,99.0,0.837782564163208,99.0,waiter-1,0,,waiter-1,-4.119656562805176,2.200000047683716,-0.474158001275935,0.0,1.8977825408109903,0,0,waiter-2,5.174895286560059,2.549999952316284,0.5000101928721001,0.0,8.33033333312378,0,0,customer-1,-6.934062957763672,-2.549999952316284,0.448992765070102,0.0,7.416849040309349,0,0,customer-2,3.0582408905029297,-2.200000047683716,0.4152504901300702,0.0,8.556734565843222,0,0
3,370,14.79999999999986,to_table,-3.051603078842163,3.787891149520874,0.9108282971111274,0.5280725955963135,-0.5916644930839539,0.0,-0.9509997367858887,0.30000001192092896,0.44999998807907104,1,dwa-left-arc,0.7462005427909191,0.18237569747757054,99.0,0.8643205785751342,99.0,waiter-1,0,,waiter-1,-4.138622760772705,2.200000047683716,-0.4741584382452224,0.0,1.9243206438112128,0,0,waiter-2,5.194895267486572,2.549999952316284,0.5000142298788113,0.0,8.338891388675066,0,0,customer-1,-6.916103363037109,-2.549999952316284,0.4489922304822258,0.0,7.423154724595833,0,0,customer-2,3.074850559234619,-2.200000047683716,0.41525338032259995,0.0,8.566695697237323,0,0
3,371,14.83999999999986,to_table,-3.041191339492798,3.7998850345611572,0.9117784331392151,0.7414829730987549,0.5185949802398682,0.0,-0.8177685737609863,0.30000001192092896,-0.44999998807907104,1,dwa-right-arc,0.772905621029423,0.29022609965843427,99.0,0.8908910179138183,99.0,waiter-1,0,,waiter-1,-4.157588958740234,2.200000047683716,-0.47415887521450983,0.0,1.9508909799107625,0,0,waiter-2,5.214895725250244,2.549999952316284,0.5000134985139404,0.0,8.35016085709944,0,0,customer-1,-6.898143768310547,-2.549999952316284,0.4489916958943496,0.0,7.429476521581764,0,0,customer-2,3.091460704803467,-2.200000047683716,0.41525150214354767,0.0,8.579512928864652,0,0
3,372,14.879999999999859,to_table,-3.032256841659546,3.8126535415649414,0.9048632984673375,0.22742128372192383,0.824256420135498,0.0,-0.7810892462730408,0.30000001192092896,-0.44999998807907104,1,dwa-right-arc,0.7996140453059302,0.29616185154354335,99.0,0.9173896932601928,99.0,waiter-1,0,,waiter-1,-4.176555156707764,2.200000047683716,-0.47415931218379725,0.0,1.9773896745835189,0,0,waiter-2,5.234896183013916,2.549999952316284,0.5000127671490695,0.0,8.363020579898754,0,0,customer-1,-6.880184173583984,-2.549999952316284,0.44899116130647343,0.0,7.435718138483336,0,0,customer-2,3.1080703735351562,-2.200000047683716,0.4152543923360774,0.0,8.5939293395958,0,0
3,373,14.919999999999858,to_table,-3.023625612258911,3.8243467807769775,0.8974158583434508,0.19737422466278076,0.8026942014694214,0.0,-0.7836766839027405,0.18000000715255737,-0.44999998807907104,1,dwa-right-arc,0.8262334371237514,0.3000494589232612,99.0,0.9429582977294921,99.0,waiter-1,0,,waiter-1,-4.195521354675293,2.200000047683716,-0.4741597491530847,0.0,2.0029582972204873,0,0,waiter-2,5.254896640777588,2.549999952316284,0.5000120357841986,0.0,8.376030714677945,0,0,customer-1,-6.862224578857422,-2.549999952316284,0.44899062671859724,0.0,7.440909776369278,0,0,customer-2,3.124680519104004,-2.200000047683716,0.41525251415702513,0.0,8.607811742512682,0,0
3,374,14.959999999999857,to_table,-3.0158884525299072,3.8366663455963135,0.8908657898147587,0.18827688694000244,0.8060574531555176,0.0,-0.7832731008529663,0.18000000715255737,-0.44999998807907104,1,dwa-right-arc,0.8519218710333876,0.3047610441636379,99.0,0.9686242961883544,99.0,waiter-1,0,,waiter-1,-4.214487552642822,2.200000047683716,-0.4741601861223721,0.0,2.028624256365485,0,0,waiter-2,5.27489709854126,2.549999952316284,0.5000113044193277,0.0,8.390031910633397,0,0,customer-1,-6.844264984130859,-2.549999952316284,0.44899009213072105,0.0,7.44620529320845,0,0,customer-2,3.1412906646728516,-2.200000047683716,0.41525063597797285,0.0,8.622771933959188,0,0
3,375,14.999999999999856,to_table,-3.009183645248413,3.8472208976745605,0.8850720958455353,0.419020414352417,0.9623081684112549,0.0,-0.7645230293273926,0.0,-0.7645230293273926,0,nominal-sac-a-star,0.8776957811290211,0.30756352579486945,99.0,0.9923579120635986,99.0,waiter-1,0,,waiter-1,-4.233453750610352,2.200000047683716,-0.4741606230916595,0.0,2.0523581119111483,0,0,waiter-2,5.294897556304932,2.549999952316284,0.5000105730544568,0.0,8.404793083893729,0,0,customer-1,-6.826305389404297,-2.549999952316284,0.44898955754284486,0.0,7.449486761735015,0,0,customer-2,3.157900333404541,-2.200000047683716,0.4152535261705026,0.0,8.637233698455645,0,0
3,376,15.039999999999855,to_table,-3.0030527114868164,3.860243797302246,0.8788516827151444,0.2549905776977539,0.8447167873382568,0.0,-0.7786340117454529,0.0,-0.7786340117454529,0,nominal-sac-a-star,0.9297509185406456,99.0,99.0,1.0178181552886962,99.0,waiter-1,0,,waiter-1,-4.252419948577881,2.200000047683716,-0.47416106006094694,0.0,2.077818038535607,0,0,waiter-2,5.3148980140686035,2.549999952316284,0.500009841689586,0.0,8.42051323887633,0,0,customer-1,-6.808345794677734,-2.549999952316284,0.4489890229549687,0.0,7.454628118055526,0,0,customer-2,3.1745104789733887,-2.200000047683716,0.4152516479914503,0.0,8.653833973032942,0,0
3,377,15.079999999999854,to_table,-2.9969215393066406,3.8684091567993164,0.8677066356611728,0.22700941562652588,0.8495070934295654,0.0,-0.7780591249465942,0.0,-0.7780591249465942,0,nominal-sac-a-star,0.9553001517986353,99.0,99.0,1.0394877815246581,99.0,waiter-1,0,,waiter-1,-4.27138614654541,2.200000047683716,-0.47416149703023436,0.0,2.099487792411326,0,0,waiter-2,5.334897994995117,2.549999952316284,0.5000138786962971,0.0,8.435485734836966,0,0,customer-1,-6.79038667678833,-2.549999952316284,0.4489932567386745,0.0,7.455625610320511,0,0,customer-2,3.191120147705078,-2.200000047683716,0.41525453818398006,0.0,8.667032375227938,0,0
3,378,15.119999999999854,to_table,-2.991271495819092,3.8802335262298584,0.8551125852487591,0.19363725185394287,0.8208401203155518,0.0,-0.7814992070198059,0.0,-0.7814992070198059,0,nominal-sac-a-star,0.9770777922052276,99.0,99.0,1.0638634586334228,99.0,waiter-1,0,,waiter-1,-4.2903523445129395,2.200000047683716,-0.4741619339995218,0.0,2.1238633651603855,0,0,waiter-2,5.354898452758789,2.549999952316284,0.5000131473314262,0.0,8.4515131291214,0,0,customer-1,-6.772427082061768,-2.549999952316284,0.44899272215079833,0.0,7.459560319213849,0,0,customer-2,3.207730293273926,-2.200000047683716,0.4152526600049278,0.0,8.683136731304204,0,0
3,379,15.159999999999853,to_table,-2.9863789081573486,3.8902153968811035,0.8421705810671574,0.6648379564285278,0.8166019916534424,0.0,-0.7820077538490295,0.0,-0.7820077538490295,0,nominal-sac-a-star,1.0015399913084635,99.0,99.0,1.0863918685913085,99.0,waiter-1,0,,waiter-1,-4.309319019317627,2.200000047683716,-0.47415760259722717,0.0,2.1463919642924534,0,0,waiter-2,5.374898910522461,2.549999952316284,0.5000124159665553,0.0,8.468007097245318,0,0,customer-1,-6.754467487335205,-2.549999952316284,0.44899218756292214,0.0,7.461559172489904,0,0,customer-2,3.2243404388427734,-2.200000047683716,0.4152507818258755,0.0,8.698491764002394,0,0
3,380,15.199999999999852,to_table,-2.9820895195007324,3.900606155395508,0.8299113511231095,0.8548115491867065,0.8179904222488403,0.0,-0.7818411588668823,0.0,-0.7818411588668823,0,nominal-sac-a-star,1.0241563560488633,99.0,99.0,1.108940782546997,99.0,waiter-1,0,,waiter-1,-4.328285217285156,2.200000047683716,-0.4741580395665146,0.0,2.168940753068175,0,0,waiter-2,5.394899368286133,2.549999952316284,0.5000116846016844,0.0,8.485168232975743,0,0,customer-1,-6.736507892608643,-2.549999952316284,0.44899165297504595,0.0,7.463643646181061,0,0,customer-2,3.240950107574463,-2.200000047683716,0.41525367201840524,0.0,8.714563571699783,0,0
3,381,15.239999999999851,to_table,-2.976949691772461,3.910714864730835,0.8166504767627318,0.9282338619232178,0.8468489646911621,0.0,-0.7783781290054321,0.0,-0.7783781290054321,0,nominal-sac-a-star,1.0467860229419013,99.0,99.0,1.1318649673461914,99.0,waiter-1,0,,waiter-1,-4.3472514152526855,2.200000047683716,-0.474158476535802,0.0,2.191864959033159,0,0,waiter-2,5.414899826049805,2.549999952316284,0.5000109532368135,0.0,8.501451840870542,0,0,customer-1,-6.71854829788208,-2.549999952316284,0.44899111838716976,0.0,7.465949107545111,0,0,customer-2,3.2575602531433105,-2.200000047683716,0.41525179383935296,0.0,8.729831097682201,0,0
3,382,15.27999999999985,to_table,-2.9734280109405518,3.915097236633301,0.8007799780495909,0.9573559761047363,0.835806131362915,0.0,-0.7797032594680786,0.0,-0.7797032594680786,0,nominal-sac-a-star,1.0697947413204068,99.0,99.0,1.1493937397003173,99.0,waiter-1,0,,waiter-1,-4.366217613220215,2.200000047683716,-0.47415891350508943,0.0,2.2093938634297667,0,0,waiter-2,5.434900283813477,2.549999952316284,0.5000102218719427,0.0,8.518419765896189,0,0,customer-1,-6.700589179992676,-2.549999952316284,0.4489953521708756,0.0,7.462520488591895,0,0,customer-2,3.274169921875,-2.200000047683716,0.4152546840318827,0.0,8.742247693058262,0,0
3,383,15.31999999999985,to_table,-2.971250057220459,3.9239444732666016,0.7827950609055994,0.2794926166534424,0.5919545888900757,0.0,-0.8089654445648193,0.0,-0.8089654445648193,0,nominal-sac-a-star,1.0874217207978396,99.0,99.0,1.1696173572540283,99.0,waiter-1,0,,waiter-1,-4.385183811187744,2.200000047683716,-0.47415935047437685,0.0,2.2296172413906215,0,0,waiter-2,5.45490026473999,2.549999952316284,0.5000142588786538,0.0,8.53743127614645,0,0,customer-1,-6.682629585266113,-2.549999952316284,0.4489948175829994,0.0,7.462325001414245,0,0,customer-2,3.2907800674438477,-2.200000047683716,0.4152528058528304,0.0,8.758750925667465,0,0
3,384,15.359999999999848,to_table,-2.9711685180664062,3.9332995414733887,0.7629310725973962,0.26658034324645996,0.6055569648742676,0.0,-0.8073331713676453,0.0,-0.8073331713676453,0,nominal-sac-a-star,1.1077157198615875,99.0,99.0,1.1889471435546874,99.0,waiter-1,0,,waiter-1,-4.404150009155273,2.200000047683716,-0.47415978744366427,0.0,2.248947106753471,0,0,waiter-2,5.474900722503662,2.549999952316284,0.5000135275137829,0.0,8.558598212900643,0,0,customer-1,-6.664669990539551,-2.549999952316284,0.44899428299512323,0.0,7.461576606410653,0,0,customer-2,3.3073902130126953,-2.200000047683716,0.41525092767377814,0.0,8.777110207235882,0,0
3,385,15.399999999999848,to_table,-2.9705939292907715,3.9369888305664062,0.7413094267488776,0.24526214599609375,0.6057946681976318,0.0,-0.8073046207427979,0.0,-0.8073046207427979,0,nominal-sac-a-star,1.127102156251465,99.0,99.0,1.2042772197723388,99.0,waiter-1,0,,waiter-1,-4.423116207122803,2.200000047683716,-0.4741602244129517,0.0,2.264277147227928,0,0,waiter-2,5.494901180267334,2.549999952316284,0.500012796148912,0.0,8.578364972320875,0,0,customer-1,-6.646710395812988,-2.549999952316284,0.44899374840724704,0.0,7.456195795758158,0,0,customer-2,3.3239998817443848,-2.200000047683716,0.4152538178663079,0.0,8.791162820565194,0,0
3,386,15.439999999999847,to_table,-2.970379590988159,3.9456984996795654,0.7183854207921277,0.24901854991912842,0.5771884918212891,0.0,-0.8107373714447021,0.0,-0.8107373714447021,0,nominal-sac-a-star,1.1425133305228004,99.0,99.0,1.2232810878753662,99.0,waiter-1,0,,waiter-1,-4.442082405090332,2.200000047683716,-0.4741606613822391,0.0,2.283281029207084,0,0,waiter-2,5.514901638031006,2.549999952316284,0.5000120647840411,0.0,8.599300667534365,0,0,customer-1,-6.628750801086426,-2.549999952316284,0.44899321381937085,0.0,7.455050522306146,0,0,customer-2,3.3406100273132324,-2.200000047683716,0.4152519396872556,0.0,8.808984084295481,0,0
3,387,15.479999999999846,to_table,-2.9698195457458496,3.950413942337036,0.6941984783451877,0.7367854118347168,0.041727423667907715,0.0,-0.8749927282333374,0.0,-0.8749927282333374,0,nominal-sac-a-star,1.1615746075593512,99.0,99.0,1.2395028495788574,99.0,waiter-1,0,,waiter-1,-4.461048603057861,2.200000047683716,-0.47416109835152653,0.0,2.2995027514589053,0,0,waiter-2,5.534902095794678,2.549999952316284,0.5000113334191703,0.0,8.61924878069624,0,0,customer-1,-6.610791206359863,-2.549999952316284,0.44899267923149466,0.0,7.450641276775866,0,0,customer-2,3.357219696044922,-2.200000047683716,0.41525482987978535,0.0,8.823775712006926,0,0
3,388,15.519999999999845,to_table,-2.969594955444336,3.954993724822998,0.6709563026187797,0.6549861431121826,0.2323298454284668,0.0,-0.8521203994750977,0.0,-0.8521203994750977,0,nominal-sac-a-star,1.1778704531795499,99.0,99.0,1.2554635429382324,99.0,waiter-1,0,,waiter-1,-4.480014801025391,2.200000047683716,-0.47416153532081395,0.0,2.31546343454695,0,0,waiter-2,5.55490255355835,2.549999952316284,0.5000106020542994,0.0,8.639506078577389,0,0,customer-1,-6.592831611633301,-2.549999952316284,0.4489921446436185,0.0,7.445991311193791,0,0,customer-2,3.3738298416137695,-2.200000047683716,0.41525295170073306,0.0,8.838720863084664,0,0
3,389,15.559999999999844,to_table,-2.9703402519226074,3.9611406326293945,0.6467405449564365,0.5972639322280884,0.11805355548858643,0.0,-0.865833580493927,0.0,-0.865833580493927,0,nominal-sac-a-star,1.1939028844190989,99.0,99.0,1.272028865814209,99.0,waiter-1,0,,waiter-1,-4.49898099899292,2.200000047683716,-0.4741619722901014,0.0,2.332028879226518,0,0,waiter-2,5.5749030113220215,2.549999952316284,0.5000098706894285,0.0,8.660975721456692,0,0,customer-1,-6.574872016906738,-2.549999952316284,0.4489916100557423,0.0,7.442284660082976,0,0,customer-2,3.390439987182617,-2.200000047683716,0.4152510735216808,0.0,8.855460447249516,0,0
3,390,15.599999999999843,to_table,-2.9702587127685547,3.966886281967163,0.6210919060610168,0.39341938495635986,0.686112642288208,0.0,-0.7976664900779724,0.0,-0.7976664900779724,0,nominal-sac-a-star,1.2105280312289914,99.0,99.0,1.2888781452178955,99.0,waiter-1,0,,waiter-1,-4.517947673797607,2.200000047683716,-0.47415764088780676,0.0,2.3488780481309646,0,0,waiter-2,5.594902992248535,2.549999952316284,0.5000139076961396,0.0,8.681564484828918,0,0,customer-1,-6.556912422180176,-2.549999952316284,0.4489910754678661,0.0,7.438675353974606,0,0,customer-2,3.4070496559143066,-2.200000047683716,0.41525396371421053,0.0,8.87133299071269,0,0
3,391,15.639999999999842,to_table,-2.971266031265259,3.9724514484405518,0.5909771542428368,0.7512928247451782,0.056848764419555664,0.0,-0.8731781244277954,0.0,-0.8731781244277954,0,nominal-sac-a-star,1.227440886194965,99.0,99.0,1.3049179935455322,99.0,waiter-1,0,,waiter-1,-4.536913871765137,2.200000047683716,-0.4741580778570942,0.0,2.36491799614845,0,0,waiter-2,5.614903450012207,2.549999952316284,0.5000131763312687,0.0,8.703199102631556,0,0,customer-1,-6.538952827453613,-2.549999952316284,0.4489905408799899,0.0,7.434430802081054,0,0,customer-2,3.4236598014831543,-2.200000047683716,0.41525208553515824,0.0,8.887870041711889,0,0
3,392,15.679999999999842,to_table,-2.9712765216827393,3.9766807556152344,0.5590781965675462,0.6590111255645752,0.5155880451202393,0.0,-0.8181294202804565,0.0,-0.8181294202804565,0,nominal-sac-a-star,1.2435395268129739,99.0,99.0,1.3206643486022949,99.0,waiter-1,0,,waiter-1,-4.555880069732666,2.200000047683716,-0.4741585148263816,0.0,2.380664348964057,0,0,waiter-2,5.634903907775879,2.549999952316284,0.5000124449663979,0.0,8.723632253763238,0,0,customer-1,-6.520993232727051,-2.549999952316284,0.4489900062921137,0.0,7.429539002653712,0,0,customer-2,3.440269947052002,-2.200000047683716,0.41525020735610596,0.0,8.902770010877889,0,0
3,393,15.71999999999984,to_table,-2.9727094173431396,3.9816946983337402,0.5224711490618384,0.4811861515045166,-0.7102763056755066,0.0,-0.9652331471443176,0.0,-0.9652331471443176,0,nominal-sac-a-star,1.2593532370728036,99.0,99.0,1.3360964679718017,99.0,waiter-1,0,,waiter-1,-4.574846267700195,2.200000047683716,-0.474158951795669,0.0,2.396096474565859,0,0,waiter-2,5.654904365539551,2.549999952316284,0.500011713601527,0.0,8.745597145556234,0,0,customer-1,-6.503033638000488,-2.549999952316284,0.44898947170423753,0.0,7.424703638010749,0,0,customer-2,3.4568796157836914,-2.200000047683716,0.4152530975486357,0.0,8.919246889050926,0,0
3,394,15.75999999999984,to_table,-2.974578857421875,3.984401226043701,0.4860715742641499,-0.07621502876281738,-0.9894623160362244,0.0,-0.9987354874610901,0.0,-0.9987354874610901,0,nominal-sac-a-star,1.274842299681513,99.0,99.0,1.3495652103424072,99.0,waiter-1,0,,waiter-1,-4.593812465667725,2.200000047683716,-0.47415938876495645,0.0,2.4095653225022513,0,0,waiter-2,5.674904823303223,2.549999952316284,0.5000109822366561,0.0,8.767615123692453,0,0,customer-1,-6.485074043273926,-2.549999952316284,0.44898893711636134,0.0,7.417679907467212,0,0,customer-2,3.473489761352539,-2.200000047683716,0.4152512193695834,0.0,8.934450628153064,0,0
3,395,15.799999999999839,to_table,-2.976832866668701,3.98917293548584,0.451625360113696,0.17163491249084473,-0.2776503562927246,0.0,-0.9133180379867554,0.0,-0.9133180379867554,0,nominal-sac-a-star,1.2883742984656177,99.0,99.0,1.364346923828125,99.0,waiter-1,0,,waiter-1,-4.612778663635254,2.200000047683716,-0.47415982573424387,0.0,2.4243469786849245,0,0,waiter-2,5.6949052810668945,2.549999952316284,0.5000102508717852,0.0,8.79035046959892,0,0,customer-1,-6.4671149253845215,-2.549999952316284,0.4489931709000672,0.0,7.412344494555007,0,0,customer-2,3.4900994300842285,-2.200000047683716,0.41525410956211317,0.0,8.951372830263638,0,0
3,396,15.839999999999838,to_table,-2.9780869483947754,3.993590831756592,0.42071305681116195,0.18185174465179443,-0.07552379369735718,0.0,-0.8890628814697266,0.0,-0.8890628814697266,0,nominal-sac-a-star,1.303208492261116,99.0,99.0,1.3795804405212402,99.0,waiter-1,0,,waiter-1,-4.631744861602783,2.200000047683716,-0.4741602627035313,0.0,2.439580372651538,0,0,waiter-2,5.714905261993408,2.549999952316284,0.5000142878784963,0.0,8.81204109143125,0,0,customer-1,-6.449155330657959,-2.549999952316284,0.448992636312191,0.0,7.407219185615519,0,0,customer-2,3.506709575653076,-2.200000047683716,0.4152522313830609,0.0,8.967338174742228,0,0
3,397,15.879999999999837,to_table,-2.9789750576019287,3.996790647506714,0.38898703241884036,0.018042802810668945,0.8276443481445312,0.0,-0.7806826829910278,0.0,-0.7806826829910278,0,nominal-sac-a-star,1.3184991485712585,99.0,99.0,1.3942124271392822,99.0,waiter-1,0,,waiter-1,-4.6507110595703125,2.200000047683716,-0.4741606996728187,0.0,2.454212240188188,0,0,waiter-2,5.73490571975708,2.549999952316284,0.5000135565136254,0.0,8.833171656755939,0,0,customer-1,-6.4311957359313965,-2.549999952316284,0.4489921017243148,0.0,7.4012360298680075,0,0,customer-2,3.523319721221924,-2.200000047683716,0.4152503532040086,0.0,8.98220754106242,0,0
3,398,15.919999999999837,to_table,-2.9798529148101807,3.9987733364105225,0.36295408779970006,0.36193764209747314,0.9989714622497559,0.0,-0.7601234316825867,0.0,-0.7601234316825867,0,nominal-sac-a-star,1.3331935422822272,99.0,99.0,1.4080137634277343,99.0,waiter-1,0,,waiter-1,-4.669677257537842,2.200000047683716,-0.47416113664210613,0.0,2.4680137061029512,0,0,waiter-2,5.754906177520752,2.549999952316284,0.5000128251487546,0.0,8.854092879539822,0,0,customer-1,-6.413236141204834,-2.549999952316284,0.4489915671364386,0.0,7.394224230196828,0,0,customer-2,3.5399293899536133,-2.200000047683716,0.41525324339653835,0.0,8.996241035502896,0,0
3,399,15.959999999999836,to_table,-2.97991681098938,4.000253200531006,0.33698129811943306,0.3957782983779907,0.5828351974487305,0.0,-0.8100597858428955,0.0,-0.8100597858428955,0,nominal-sac-a-star,1.3470612324861784,99.0,99.0,1.422067346572876,99.0,waiter-1,0,,waiter-1,-4.688643455505371,2.200000047683716,-0.47416157361139355,0.0,2.482067315770361,0,0,waiter-2,5.774906635284424,2.549999952316284,0.5000120937838837,0.0,8.874129143717871,0,0,customer-1,-6.3952765464782715,-2.549999952316284,0.44899103254856243,0.0,7.387184747194604,0,0,customer-2,3.556539535522461,-2.200000047683716,0.41525136521748607,0.0,9.009350804128571,0,0
3,400,15.999999999999835,to_table,-2.98063063621521,4.001189231872559,0.3109911529801762,-0.9219967126846313,0.9941623210906982,0.0,-0.760700523853302,0.0,-0.760700523853302,0,nominal-sac-a-star,1.3611851970822775,99.0,99.0,1.4353439235687255,99.0,waiter-1,0,,waiter-1,-4.707610130310059,2.200000047683716,-0.47415724220909894,0.0,2.495343794001734,0,0,waiter-2,5.794907093048096,2.549999952316284,0.5000113624190128,0.0,8.894718250896025,0,0,customer-1,-6.377317428588867,-2.549999952316284,0.4489952663322683,0.0,7.379401120180317,0,0,customer-2,3.5731492042541504,-2.200000047683716,0.4152542554100158,0.0,9.02257051389604,0,0
3,401,16.039999999999836,to_table,-2.980219841003418,4.004972457885742,0.2867215497465205,-0.4482567310333252,0.9148471355438232,0.0,-0.7702183723449707,0.0,-0.7702183723449707,0,nominal-sac-a-star,1.3745300768937394,99.0,99.0,1.4515108489990234,99.0,waiter-1,0,,waiter-1,-4.726576328277588,2.200000047683716,-0.4741576791784041,0.0,2.5115107768502787,0,0,waiter-2,5.814907550811768,2.549999952316284,0.5000106310541419,0.0,8.914662687405556,0,0,customer-1,-6.359357833862305,-2.549999952316284,0.4489947317443921,0.0,7.374702493883543,0,0,customer-2,3.589759349822998,-2.200000047683716,0.41525237723096353,0.0,9.036941427428035,0,0
3,402,16.079999999999835,to_table,-2.9811134338378906,4.000821590423584,0.26010778023636505,0.4020576477050781,0.6316443681716919,0.0,-0.804202675819397,0.0,-0.804202675819397,0,nominal-sac-a-star,1.3907583628649194,99.0,99.0,1.461144151687622,99.0,waiter-1,0,,waiter-1,-4.745542526245117,2.200000047683716,-0.47415811614769154,0.0,2.5211442344556545,0,0,waiter-2,5.8349080085754395,2.549999952316284,0.5000098996892888,0.0,8.93460225744224,0,0,customer-1,-6.341398239135742,-2.549999952316284,0.4489941971565159,0.0,7.362389344332475,0,0,customer-2,3.6063694953918457,-2.200000047683716,0.41525049905191125,0.0,9.046829297080436,0,0
3,403,16.119999999999834,to_table,-2.9784252643585205,4.003884792327881,0.22751109281371107,0.5481646060943604,0.216536283493042,0.0,-0.8540156483650208,0.0,-0.8540156483650208,0,nominal-sac-a-star,1.4004768297938868,99.0,99.0,1.4785222434997558,99.0,waiter-1,0,,waiter-1,-4.7645087242126465,2.200000047683716,-0.47415855311697896,0.0,2.5385220695366093,0,0,waiter-2,5.854907989501953,2.549999952316284,0.5000139366959999,0.0,8.952181717423569,0,0,customer-1,-6.32343864440918,-2.549999952316284,0.4489936625686397,0.0,7.358160079720843,0,0,customer-2,3.622979164123535,-2.200000047683716,0.415253389244441,0.0,9.059068800738197,0,0
3,404,16.159999999999833,to_table,-2.977159261703491,4.001729965209961,0.19292872674017825,0.5092871189117432,0.0052422285079956055,0.0,-0.879370927810669,0.0,-0.879370927810669,0,nominal-sac-a-star,1.4179250006880615,99.0,99.0,1.4912754917144775,99.0,waiter-1,0,,waiter-1,-4.783474922180176,2.200000047683716,-0.4741589900862664,0.0,2.5512755556765034,0,0,waiter-2,5.874908447265625,2.549999952316284,0.500013205331129,0.0,8.970318988447959,0,0,customer-1,-6.305479049682617,-2.549999952316284,0.4489931279807635,0.0,7.348665016400045,0,0,customer-2,3.639589309692383,-2.200000047683716,0.4152515110653887,0.0,9.068782542871757,0,0
3,405,16.199999999999832,to_table,-2.975071430206299,4.000764846801758,0.1566037230313958,-0.7951745986938477,0.24463963508605957,0.0,-0.8506432175636292,0.0,-0.8506432175636292,0,nominal-sac-a-star,1.4307616033306552,99.0,99.0,1.5055474662780761,99.0,waiter-1,0,,waiter-1,-4.802441120147705,2.200000047683716,-0.4741594270555538,0.0,2.565547474801274,0,0,waiter-2,5.894908905029297,2.549999952316284,0.5000124739662581,0.0,8.98784011465144,0,0,customer-1,-6.287519454956055,-2.549999952316284,0.44899259339288733,0.0,7.340628812985479,0,0,customer-2,3.6561989784240723,-2.200000047683716,0.41525440125791846,0.0,9.078724167473107,0,0
3,406,16.23999999999983,to_table,-2.972109794616699,4.001376628875732,0.12027950233714402,-0.8350658416748047,-0.5543138980865479,0.0,-0.9465176463127136,0.0,-0.9465176463127136,0,nominal-sac-a-star,1.4451138832017354,99.0,99.0,1.5216388130187988,99.0,waiter-1,0,,waiter-1,-4.821407318115234,2.200000047683716,-0.4741598640248412,0.0,2.5816388046519703,0,0,waiter-2,5.914909362792969,2.549999952316284,0.5000117426013873,0.0,9.004754508670805,0,0,customer-1,-6.269559860229492,-2.549999952316284,0.44899205880501114,0.0,7.334419680097466,0,0,customer-2,3.67280912399292,-2.200000047683716,0.4152525230788662,0.0,9.089115475087306,0,0
3,407,16.27999999999983,to_table,-2.9748270511627197,3.9972832202911377,0.08094458647754402,0.6351220607757568,-0.10011214017868042,0.0,-0.892013430595398,0.0,-0.892013430595398,0,nominal-sac-a-star,1.461281522899665,99.0,99.0,1.530461492538452,99.0,waiter-1,0,,waiter-1,-4.840373516082764,2.200000047683716,-0.47416030099412865,0.0,2.5904614290341157,0,0,waiter-2,5.934909820556641,2.549999952316284,0.5000110112365164,0.0,9.026518707731983,0,0,customer-1,-6.25160026550293,-2.549999952316284,0.44899152421713495,0.0,7.321486163377336,0,0,customer-2,3.6894192695617676,-2.200000047683716,0.4152506448998139,0.0,9.100466962019638,0,0
3,408,16.31999999999983,to_table,-2.9726667404174805,3.9994261264801025,0.043048397864640355,0.4793717861175537,0.1185915470123291,0.0,-0.8657690286636353,0.0,-0.8657690286636353,0,nominal-sac-a-star,1.4701763810941428,99.0,99.0,1.5471956157684326,99.0,waiter-1,0,,waiter-1,-4.859339714050293,2.200000047683716,-0.47416073796341607,0.0,2.607195643308921,0,0,waiter-2,5.9549102783203125,2.549999952316284,0.5000102798716455,0.0,9.044471662836163,0,0,customer-1,-6.233640670776367,-2.549999952316284,0.44899098962925876,0.0,7.316346966628804,0,0,customer-2,3.706028938293457,-2.200000047683716,0.41525353509234364,0.0,9.1125112267552,0,0
3,409,16.35999999999983,to_table,-2.976044178009033,3.9948344230651855,0.00669339174859626,0.45229172706604004,0.35328853130340576,0.0,-0.837605357170105,0.0,-0.837605357170105,0,nominal-sac-a-star,1.4869760888288406,99.0,99.0,1.5553452396392822,99.0,waiter-1,0,,waiter-1,-4.878305912017822,2.200000047683716,-0.4741611749327035,0.0,2.61534512822402,0,0,waiter-2,5.974910259246826,2.549999952316284,0.5000143168783566,0.0,9.06681487545073,0,0,customer-1,-6.215681076049805,-2.549999952316284,0.4489904550413826,0.0,7.3027463486227004,0,0,customer-2,3.7226390838623047,-2.200000047683716,0.41525165691329136,0.0,9.12405236519684,0,0
3,410,16.399999999999828,to_table,-2.970810651779175,3.996459722518921,-0.028052851595949068,0.46195685863494873,-0.009650588035583496,0.20000000298023224,-0.8811580538749695,0.20000000298023224,-0.8811580538749695,0,nominal-sac-a-star,1.4951954189556722,99.0,99.0,1.5741071128845214,99.0,waiter-1,0,,waiter-1,-4.897272109985352,2.200000047683716,-0.4741616119019909,0.0,2.6341072706446256,0,0,waiter-2,5.994910717010498,2.549999952316284,0.5000135855134857,0.0,9.081652136565594,0,0,customer-1,-6.197721481323242,-2.549999952316284,0.4489899204535064,0.0,7.298567515346573,0,0,customer-2,3.739248752593994,-2.200000047683716,0.4152545471058211,0.0,9.13351032702961,0,0
3,411,16.439999999999827,to_table,-2.9690358638763428,3.9947702884674072,-0.06474590714636715,0.8197507858276367,0.38153743743896484,0.20000000298023224,-0.834215521812439,0.20000000298023224,-0.834215521812439,0,nominal-sac-a-star,1.5140329547043825,99.0,99.0,1.5881690406799316,99.0,waiter-1,0,,waiter-1,-4.916238784790039,2.200000047683716,-0.4741572804996963,0.0,2.6481690717206066,0,0,waiter-2,6.01491117477417,2.549999952316284,0.5000128541486148,0.0,9.09937721591426,0,0,customer-1,-6.17976188659668,-2.549999952316284,0.4489893858656302,0.0,7.289909402566082,0,0,customer-2,3.755858898162842,-2.200000047683716,0.4152526689267688,0.0,9.143270152312025,0,0
3,412,16.479999999999826,to_table,-2.9630162715911865,3.9963042736053467,-0.09216739783210691,0.9976589679718018,-0.9778181314468384,0.20000000298023224,-0.9973381757736206,0.20000000298023224,-0.9973381757736206,0,nominal-sac-a-star,1.528168774575422,99.0,99.0,1.6076275730133056,99.0,waiter-1,0,,waiter-1,-4.935204982757568,2.200000047683716,-0.4741577174689837,0.0,2.6676276322822914,0,0,waiter-2,6.034911632537842,2.549999952316284,0.500012122783744,0.0,9.113424315683059,0,0,customer-1,-6.161802291870117,-2.549999952316284,0.448988851277754,0.0,7.286036715653533,0,0,customer-2,3.7724690437316895,-2.200000047683716,0.41525079074771654,0.0,9.15210083395914,0,0
3,413,16.519999999999825,to_table,-2.9587295055389404,3.996166944503784,-0.11904873720439064,0.9795844554901123,-0.8570887446403503,0.20000000298023224,-0.9828506708145142,0.20000000298023224,-0.9828506708145142,0,nominal-sac-a-star,1.547702663492145,99.0,99.0,1.624772491455078,99.0,waiter-1,0,,waiter-1,-4.954171180725098,2.200000047683716,-0.47415815443827114,0.0,2.6847724298908413,0,0,waiter-2,6.054912090301514,2.549999952316284,0.5000113914188731,0.0,9.128917448830277,0,0,customer-1,-6.143843173980713,-2.549999952316284,0.44899308506145985,0.0,7.279921024428595,0,0,customer-2,3.789078712463379,-2.200000047683716,0.4152536809402463,0.0,9.16108078460252,0,0
3,414,16.559999999999825,to_table,-2.9489355087280273,3.998703956604004,-0.1482996791507057,0.9531798362731934,-0.6655693650245667,0.20000000298023224,-0.9490875601768494,0.20000000298023224,-0.9490875601768494,0,nominal-sac-a-star,1.5649216362091178,99.0,99.0,1.6479012393951415,99.0,waiter-1,0,,waiter-1,-4.973137378692627,2.200000047683716,-0.47415859140755856,0.0,2.70790120985484,0,0,waiter-2,6.0749125480651855,2.549999952316284,0.5000106600540022,0.0,9.13939697376856,0,0,customer-1,-6.12588357925415,-2.549999952316284,0.44899255047358366,0.0,7.278634619867075,0,0,customer-2,3.8056888580322266,-2.200000047683716,0.415251802761194,0.0,9.167817715727335,0,0
3,415,16.599999999999824,to_table,-2.940072536468506,3.9990687370300293,-0.17716707093653025,0.9067082405090332,-0.6459223628044128,0.20000000298023224,-0.9270592331886292,0.20000000298023224,-0.9270592331886292,0,nominal-sac-a-star,1.5881308104261964,99.0,99.0,1.6690070056915283,99.0,waiter-1,0,,waiter-1,-4.992103576660156,2.200000047683716,-0.474159028376846,0.0,2.729007060983223,0,0,waiter-2,6.094913005828857,2.549999952316284,0.5000099286891313,0.0,9.150451578602782,0,0,customer-1,-6.107923984527588,-2.549999952316284,0.4489920158857075,0.0,7.274997147404682,0,0,customer-2,3.822298526763916,-2.200000047683716,0.41525469295372375,0.0,9.173773280087946,0,0
3,416,16.639999999999823,to_table,-2.9294471740722656,3.997049570083618,-0.20988459188708147,0.8096141815185547,-0.3165355324745178,0.20000000298023224,-0.8646168112754822,0.20000000298023224,-0.8646168112754822,0,nominal-sac-a-star,1.609319797449419,99.0,99.0,1.690007390975952,99.0,waiter-1,0,,waiter-1,-5.0110697746276855,2.200000047683716,-0.4741594653461334,0.0,2.7500072067361616,0,0,waiter-2,6.114912986755371,2.549999952316284,0.5000139656958424,0.0,9.15938880684987,0,0,customer-1,-6.089964389801025,-2.549999952316284,0.4489914812978313,0.0,7.269988068743625,0,0,customer-2,3.8389086723327637,-2.200000047683716,0.41525281477467146,0.0,9.176822153045977,0,0
3,417,16.679999999999822,to_table,-2.9167091846466064,3.995058298110962,-0.2407030894232308,-0.28924041986465454,0.929394006729126,0.20000000298023224,-0.6872400641441345,0.20000000298023224,-0.6872400641441345,0,nominal-sac-a-star,1.6304144494547255,99.0,99.0,1.7127935314178466,99.0,waiter-1,0,,waiter-1,-5.030035972595215,2.200000047683716,-0.4741599023154208,0.0,2.7727935796030883,0,0,waiter-2,6.134913444519043,2.549999952316284,0.5000132343309716,0.0,9.166246006058016,0,0,customer-1,-6.072004795074463,-2.549999952316284,0.4489909467099551,0.0,7.2659258109803915,0,0,customer-2,3.8555188179016113,-2.200000047683716,0.4152509365956192,0.0,9.178334272965794,0,0
3,418,16.71999999999982,to_table,-2.9053966999053955,3.9918386936187744,-0.2673133989220775,0.04347383975982666,0.3566703796386719,0.20000000298023224,-0.7338714599609375,0.20000000298023224,-0.7338714599609375,0,nominal-sac-a-star,1.6532989991318194,99.0,99.0,1.7338737869262695,99.0,waiter-1,0,,waiter-1,-5.049002170562744,2.200000047683716,-0.47416033928470824,0.0,2.7938736812709513,0,0,waiter-2,6.154913902282715,2.549999952316284,0.5000125029661007,0.0,9.174318893740452,0,0,customer-1,-6.054045677185059,-2.549999952316284,0.44899518049366094,0.0,7.2601407184416,0,0,customer-2,3.872128486633301,-2.200000047683716,0.4152538267881489,0.0,9.180071603885276,0,0
3,419,16.75999999999982,to_table,-2.8958187103271484,3.9881680011749268,-0.29239560204107656,0.6551709175109863,0.6501188278198242,0.20000000298023224,-0.6785950660705566,0.20000000298023224,-0.6785950660705566,0,nominal-sac-a-star,1.674474913632729,99.0,99.0,1.7534994506835937,99.0,waiter-1,0,,waiter-1,-5.067968368530273,2.200000047683716,-0.47416077625399566,0.0,2.813499381113296,0,0,waiter-2,6.174914360046387,2.549999952316284,0.5000117716012298,0.0,9.184036463926196,0,0,customer-1,-6.036086082458496,-2.549999952316284,0.44899464590578475,0.0,7.253200628448945,0,0,customer-2,3.8887386322021484,-2.200000047683716,0.41525194860909664,0.0,9.182790541822413,0,0
3,420,16.79999999999982,to_table,-2.88218092918396,3.985243797302246,-0.31758505987398483,-0.18131732940673828,-0.1968599557876587,0.20000000298023224,-0.7592430710792542,0.20000000298023224,-0.7592430710792542,0,nominal-sac-a-star,1.6941909099300276,99.0,99.0,1.7769061946868896,99.0,waiter-1,0,,waiter-1,-5.086935043334961,2.200000047683716,-0.47415644485170105,0.0,2.8369060522720515,0,0,waiter-2,6.194914817810059,2.549999952316284,0.5000110402363589,0.0,9.189863551471642,0,0,customer-1,-6.018126487731934,-2.549999952316284,0.44899411131790856,0.0,7.248694048799744,0,0,customer-2,3.905348300933838,-2.200000047683716,0.4152548388016264,0.0,9.183016632438397,0,0
3,421,16.83999999999982,to_table,-2.8707337379455566,3.9818031787872314,-0.34324231087926105,-0.20689725875854492,-0.29557597637176514,0.20000000298023224,-0.7575116157531738,0.20000000298023224,-0.7575116157531738,0,nominal-sac-a-star,1.7176936972659909,99.0,99.0,1.7984604263305664,99.0,waiter-1,0,,waiter-1,-5.10590124130249,2.200000047683716,-0.4741568818209885,0.0,2.8584604538235543,0,0,waiter-2,6.2149152755737305,2.549999952316284,0.500010308871488,0.0,9.197775735263207,0,0,customer-1,-6.000166893005371,-2.549999952316284,0.4489935767300324,0.0,7.242775988216211,0,0,customer-2,3.9219584465026855,-2.200000047683716,0.4152529606225741,0.0,9.184517311403514,0,0
3,422,16.879999999999818,to_table,-2.860964298248291,3.976924419403076,-0.3657692703144437,-0.789807915687561,-0.6996415853500366,0.20000000298023224,-0.7883003354072571,0.20000000298023224,-0.7883003354072571,0,nominal-sac-a-star,1.739338127663498,99.0,99.0,1.8179711723327636,99.0,waiter-1,0,,waiter-1,-5.1248674392700195,2.200000047683716,-0.4741573187902759,0.0,2.8779711004001225,0,0,waiter-2,6.234915256500244,2.549999952316284,0.5000143458781992,0.0,9.207124323547681,0,0,customer-1,-5.982207298278809,-2.549999952316284,0.4489930421421562,0.0,7.234839294648062,0,0,customer-2,3.938568592071533,-2.200000047683716,0.4152510824435218,0.0,9.186296500692567,0,0
3,423,16.919999999999817,to_table,-2.8470048904418945,3.9743964672088623,-0.38203627311639055,-0.3806953430175781,0.2874072790145874,0.20000000298023224,-0.6519210934638977,0.20000000298023224,-0.6519210934638977,0,nominal-sac-a-star,1.758937018258695,99.0,99.0,1.8423964405059814,99.0,waiter-1,0,,waiter-1,-5.143833637237549,2.200000047683716,-0.4741577557595633,0.0,2.902396414298115,0,0,waiter-2,6.254915714263916,2.549999952316284,0.5000136145133283,0.0,9.212701239376338,0,0,customer-1,-5.964247703552246,-2.549999952316284,0.44899250755428,0.0,7.230833381775623,0,0,customer-2,3.9551782608032227,-2.200000047683716,0.41525397263605157,0.0,9.186559091749237,0,0
3,424,16.959999999999816,to_table,-2.836895704269409,3.9701292514801025,-0.401759760017547,0.1149139404296875,-0.0033614635467529297,0.20000000298023224,-0.6869065761566162,0.20000000298023224,-0.6869065761566162,0,nominal-sac-a-star,1.7834513114853676,99.0,99.0,1.862873020172119,99.0,waiter-1,0,,waiter-1,-5.162799835205078,2.200000047683716,-0.47415819272885074,0.0,2.9228731454574692,0,0,waiter-2,6.274916172027588,2.549999952316284,0.5000128831484574,0.0,9.221815596473968,0,0,customer-1,-5.946288108825684,-2.549999952316284,0.4489919729664038,0.0,7.223600622938034,0,0,customer-2,3.9717884063720703,-2.200000047683716,0.4152520944569993,0.0,9.188507761704376,0,0
3,425,16.999999999999815,to_table,-2.822629451751709,3.96297287940979,-0.42036910379034537,0.40727782249450684,-0.43365347385406494,0.7799999713897705,-0.5030992031097412,0.7799999713897705,-0.5030992031097412,0,nominal-sac-a-star,1.8040110078425355,99.0,99.0,1.8850974464416503,99.0,waiter-1,0,,waiter-1,-5.181766033172607,2.200000047683716,-0.47415862969813816,0.0,2.9450973863698526,0,0,waiter-2,6.29491662979126,2.549999952316284,0.5000121517835865,0.0,9.226382771257581,0,0,customer-1,-5.928328514099121,-2.549999952316284,0.4489914383785276,0.0,7.215551383828373,0,0,customer-2,3.988398551940918,-2.200000047683716,0.415250216277947,0.0,9.18544162069373,0,0
3,426,17.039999999999814,to_table,-2.7996103763580322,3.9510605335235596,-0.4278573268694682,0.5741704702377319,-0.688113808631897,0.7799999713897705,-0.5195740461349487,0.7799999713897705,-0.5195740461349487,0,nominal-sac-a-star,1.8263347271290127,99.0,99.0,1.9118005657196044,99.0,waiter-1,0,,waiter-1,-5.200732231140137,2.200000047683716,-0.4741590666674256,0.0,2.971800630355597,0,0,waiter-2,6.314917087554932,2.549999952316284,0.5000114204187156,0.0,9.22158238279291,0,0,customer-1,-5.910368919372559,-2.549999952316284,0.44899090379065143,0.0,7.206983152019022,0,0,customer-2,4.005008220672607,-2.200000047683716,0.41525310647047675,0.0,9.172697559864122,0,0
3,427,17.079999999999814,to_table,-2.770611047744751,3.939690589904785,-0.4329417058811134,0.43679964542388916,-0.6436623334884644,0.7799999713897705,-0.519713282585144,0.7799999713897705,-0.519713282585144,0,nominal-sac-a-star,1.8531685797098878,99.0,99.0,1.94408935546875,99.0,waiter-1,0,,waiter-1,-5.219698429107666,2.200000047683716,-0.474159503636713,0.0,3.004089243721714,0,0,waiter-2,6.3349175453186035,2.549999952316284,0.5000106890538447,0.0,9.210965803176963,0,0,customer-1,-5.892409324645996,-2.549999952316284,0.44899036920277524,0.0,7.201507329403837,0,0,customer-2,4.021618366241455,-2.200000047683716,0.41525122829142447,0.0,9.155882346202976,0,0
3,428,17.119999999999813,to_table,-2.739241361618042,3.9279351234436035,-0.44087289338680896,0.3866521120071411,-0.6289030909538269,0.7799999713897705,-0.537013053894043,0.7799999713897705,-0.537013053894043,0,nominal-sac-a-star,1.8855944243770235,99.0,99.0,1.9785646820068359,99.0,waiter-1,0,,waiter-1,-5.238664627075195,2.200000047683716,-0.4741599406060004,0.0,3.0385648398462437,0,0,waiter-2,6.354918003082275,2.549999952316284,0.5000099576889738,0.0,9.19795846296319,0,0,customer-1,-5.874449729919434,-2.549999952316284,0.44898983461489905,0.0,7.196747484692466,0,0,customer-2,4.0382280349731445,-2.200000047683716,0.4152541184839542,0.0,9.13704990044759,0,0
3,429,17.159999999999812,to_table,-2.7043871879577637,3.913146495819092,-0.4551679821752961,0.3865419626235962,-0.6408380270004272,0.7799999713897705,-0.5596479177474976,0.7799999713897705,-0.5596479177474976,0,nominal-sac-a-star,1.9202078807542349,99.0,99.0,2.014723482131958,99.0,waiter-1,0,,waiter-1,-5.257630825042725,2.200000047683716,-0.47416037757528784,0.0,3.074723373422997,0,0,waiter-2,6.374917984008789,2.549999952316284,0.500013994695685,0.0,9.181064802339773,0,0,customer-1,-5.856490135192871,-2.549999952316284,0.44898930002702286,0.0,7.190828533626231,0,0,customer-2,4.054838180541992,-2.200000047683716,0.41525224030490193,0.0,9.113599082937046,0,0
3,430,17.19999999999981,to_table,-2.6686484813690186,3.896702289581299,-0.4703701192558012,0.4284423589706421,-0.6732121706008911,0.7799999713897705,-0.5817622542381287,0.7799999713897705,-0.5817622542381287,0,nominal-sac-a-star,1.9565139975809496,99.0,99.0,2.0513014221191406,99.0,waiter-1,0,,waiter-1,-5.276597499847412,2.200000047683716,-0.47415604617299323,0.0,3.1113014287662164,0,0,waiter-2,6.394918441772461,2.549999952316284,0.5000132633308141,0.0,9.163070039864333,0,0,customer-1,-5.838530540466309,-2.549999952316284,0.4489887654391467,0.0,7.183879318604552,0,0,customer-2,4.07144832611084,-2.200000047683716,0.41525036212584965,0.0,9.088381834155784,0,0
3,431,17.23999999999981,to_table,-2.6340689659118652,3.8781497478485107,-0.4863280649891918,0.8116769790649414,-0.5183814167976379,0.8116769790649414,-0.5448430180549622,0.8116769790649414,-0.5448430180549622,0,nominal-sac-a-star,1.9932390498192731,99.0,99.0,2.0863851928710937,99.0,waiter-1,0,,waiter-1,-5.295563697814941,2.200000047683716,-0.47415648314228065,0.0,3.146385326706031,0,0,waiter-2,6.414918899536133,2.549999952316284,0.5000125319659432,0.0,9.145936981435932,0,0,customer-1,-5.820571422576904,-2.549999952316284,0.4489929992228525,0.0,7.174601485383079,0,0,customer-2,4.088057994842529,-2.200000047683716,0.4152532523183794,0.0,9.062609768352026,0,0
3,432,17.27999999999981,to_table,-2.5981898307800293,3.858612060546875,-0.5025175392674688,0.7203642129898071,-0.9477795958518982,0.7799999713897705,-0.6022650003433228,0.7799999713897705,-0.6022650003433228,0,nominal-sac-a-star,2.028467560569534,99.0,99.0,2.1226870441436767,99.0,waiter-1,0,,waiter-1,-5.314529895782471,2.200000047683716,-0.47415692011156807,0.0,3.1826870970850165,0,0,waiter-2,6.434919357299805,2.549999952316284,0.5000118006010723,0.0,9.12740528592765,0,0,customer-1,-5.802611827850342,-2.549999952316284,0.44899246463497633,0.0,7.165097924433558,0,0,customer-2,4.104668140411377,-2.200000047683716,0.4152513741393271,0.0,9.035213647720926,0,0
3,433,17.31999999999981,to_table,-2.561952590942383,3.838622570037842,-0.5182357746738224,0.5893447399139404,-0.7375887036323547,0.7799999713897705,-0.5863066911697388,0.7799999713897705,-0.5863066911697388,0,nominal-sac-a-star,2.0649123028774494,99.0,99.0,2.1597108268737792,99.0,waiter-1,0,,waiter-1,-5.33349609375,2.200000047683716,-0.4741573570808555,0.0,3.2197107259381728,0,0,waiter-2,6.454919815063477,2.549999952316284,0.5000110692362014,0.0,9.10848704435009,0,0,customer-1,-5.784652233123779,-2.549999952316284,0.44899193004710014,0.0,7.155437842427708,0,0,customer-2,4.121277809143066,-2.200000047683716,0.41525426433185686,0.0,9.007248841898656,0,0
3,434,17.359999999999808,to_table,-2.5279219150543213,3.8176369667053223,-0.5336761172519597,0.9400913715362549,-0.9323430061340332,0.8199999928474426,-0.623159646987915,0.8199999928474426,-0.623159646987915,0,nominal-sac-a-star,2.102074143815509,99.0,99.0,2.1949619674682617,99.0,waiter-1,0,,waiter-1,-5.352462291717529,2.200000047683716,-0.4741577940501429,0.0,3.2549619876708933,0,0,waiter-2,6.474920272827148,2.549999952316284,0.5000103378713305,0.0,9.091648423698947,0,0,customer-1,-5.766692638397217,-2.549999952316284,0.44899139545922395,0.0,7.143978984492469,0,0,customer-2,4.137887954711914,-2.200000047683716,0.4152523861528046,0.0,8.980254810238849,0,0
3,435,17.399999999999807,to_table,-2.492949962615967,3.7951741218566895,-0.5457920666412174,0.31108224391937256,-0.6067726612091064,0.7799999713897705,-0.5971127152442932,0.7799999713897705,-0.5971127152442932,0,nominal-sac-a-star,2.137456619990667,99.0,99.0,2.2309297943115234,99.0,waiter-1,0,,waiter-1,-5.371428489685059,2.200000047683716,-0.47415823101943033,0.0,3.290929801395261,0,0,waiter-2,6.494920253753662,2.549999952316284,0.5000143748780417,0.0,9.073713117505692,0,0,customer-1,-5.7487335205078125,-2.549999952316284,0.4489956292429298,0.0,7.1317151238251055,0,0,customer-2,4.154498100280762,-2.200000047683716,0.4152505079737523,0.0,8.951574111408226,0,0
3,436,17.439999999999806,to_table,-2.4545581340789795,3.7733922004699707,-0.5559589710177552,0.28083062171936035,-0.5714461803436279,0.7799999713897705,-0.5431427359580994,0.7799999713897705,-0.5431427359580994,0,nominal-sac-a-star,2.1735546480495453,99.0,99.0,2.2708706283569335,99.0,waiter-1,0,,waiter-1,-5.390394687652588,2.200000047683716,-0.47415866798871775,0.0,3.330870627290758,0,0,waiter-2,6.514920711517334,2.549999952316284,0.5000136435131708,0.0,9.052526683442712,0,0,customer-1,-5.73077392578125,-2.549999952316284,0.4489950946550536,0.0,7.1217187694908395,0,0,customer-2,4.171107769012451,-2.200000047683716,0.41525339816628204,0.0,8.920810703612702,0,0
3,437,17.479999999999805,to_table,-2.4178466796875,3.750770330429077,-0.5633487477448317,0.3030431270599365,-0.5569264888763428,0.7799999713897705,-0.5601174235343933,0.7799999713897705,-0.5601174235343933,0,nominal-sac-a-star,2.2136224040806725,99.0,99.0,2.3095764541625976,99.0,waiter-1,0,,waiter-1,-5.409360885620117,2.200000047683716,-0.4741591049580052,0.0,3.369576488839923,0,0,waiter-2,6.534921169281006,2.549999952316284,0.5000129121482999,0.0,9.032934277325243,0,0,customer-1,-5.7128143310546875,-2.549999952316284,0.4489945600671774,0.0,7.110310680939565,0,0,customer-2,4.187717914581299,-2.200000047683716,0.41525151998722976,0.0,8.89073403617959,0,0
3,438,17.519999999999804,to_table,-2.384032964706421,3.728058338165283,-0.5725129068809418,0.2667202949523926,-0.5438657402992249,0.7799999713897705,-0.5809884667396545,0.7799999713897705,-0.5809884667396545,0,nominal-sac-a-star,2.2524489340728002,99.0,99.0,2.3462719345092773,99.0,waiter-1,0,,waiter-1,-5.4283270835876465,2.200000047683716,-0.4741595419272926,0.0,3.4062719828816177,0,0,waiter-2,6.554921627044678,2.549999952316284,0.500012180783429,0.0,9.016248152854779,0,0,customer-1,-5.694854736328125,-2.549999952316284,0.44899402547930123,0.0,7.097574001173121,0,0,customer-2,4.204327583312988,-2.200000047683716,0.4152544101797595,0.0,8.86275188283714,0,0
3,439,17.559999999999803,to_table,-2.3468518257141113,3.7056076526641846,-0.5878169891086179,0.4299600124359131,0.4101487398147583,0.7799999713897705,-0.4857906401157379,0.7799999713897705,-0.4857906401157379,0,nominal-sac-a-star,2.289256276177652,99.0,99.0,2.386678400039673,99.0,waiter-1,0,,waiter-1,-5.447293281555176,2.200000047683716,-0.47415997889658,0.0,3.446678325761324,0,0,waiter-2,6.57492208480835,2.549999952316284,0.5000114494185581,0.0,8.996303622465318,0,0,customer-1,-5.6768951416015625,-2.549999952316284,0.44899349089142504,0.0,7.086735143433552,0,0,customer-2,4.220937728881836,-2.200000047683716,0.4152525320007072,0.0,8.832443713031408,0,0
3,440,17.599999999999802,to_table,-2.310638904571533,3.6832118034362793,-0.601775199077258,0.22051119804382324,-0.7458882927894592,0.7799999713897705,-0.6464752554893494,0.7799999713897705,-0.6464752554893494,0,nominal-sac-a-star,2.3297722426810146,99.0,99.0,2.426812114715576,99.0,waiter-1,0,,waiter-1,-5.466259479522705,2.200000047683716,-0.47416041586586744,0.0,3.4868120576620942,0,0,waiter-2,6.5949225425720215,2.549999952316284,0.5000107180536872,0.0,8.977371207005334,0,0,customer-1,-5.658935546875,-2.549999952316284,0.44899295630354885,0.0,7.075593204595119,0,0,customer-2,4.237547874450684,-2.200000047683716,0.41525065382165494,0.0,8.802893375369266,0,0
3,441,17.6399999999998,to_table,-2.272911310195923,3.6601486206054688,-0.6150434874443027,0.2460242509841919,-0.8609325885772705,0.7799999713897705,-0.4293440580368042,0.7799999713897705,-0.4293440580368042,0,nominal-sac-a-star,2.3700091637478318,99.0,99.0,2.468597593307495,99.0,waiter-1,0,,waiter-1,-5.485226154327393,2.200000047683716,-0.4741560844635728,0.0,3.528597527748499,0,0,waiter-2,6.614923000335693,2.549999952316284,0.5000099866888164,0.0,8.956898391584403,0,0,customer-1,-5.6409759521484375,-2.549999952316284,0.44899242171567266,0.0,7.064687164350082,0,0,customer-2,4.254157543182373,-2.200000047683716,0.4152535440141847,0.0,8.771771214024712,0,0
3,442,17.6799999999998,to_table,-2.23564076423645,3.635448932647705,-0.6287772719396171,0.4832545518875122,-0.8402435183525085,0.7799999713897705,-0.43925154209136963,0.7799999713897705,-0.43925154209136963,0,nominal-sac-a-star,2.411895107157773,99.0,99.0,2.5098659420013427,99.0,waiter-1,0,,waiter-1,-5.504192352294922,2.200000047683716,-0.47415652143286025,0.0,3.5698659617895903,0,0,waiter-2,6.634922981262207,2.549999952316284,0.5000140236955275,0.0,8.936727625471065,0,0,customer-1,-5.623016357421875,-2.549999952316284,0.4489918871277965,0.0,7.052240163083683,0,0,customer-2,4.270767688751221,-2.200000047683716,0.4152516658351324,0.0,8.739897926129368,0,0
3,443,17.7199999999998,to_table,-2.1983444690704346,3.609323740005493,-0.6419701266260086,0.5437984466552734,-0.8179233074188232,0.7799999713897705,-0.4496932923793793,0.7799999713897705,-0.4496932923793793,0,nominal-sac-a-star,2.4532621797173935,99.0,99.0,2.5511745834350585,99.0,waiter-1,0,,waiter-1,-5.523158550262451,2.200000047683716,-0.47415695840214767,0.0,3.611174593429706,0,0,waiter-2,6.654923439025879,2.549999952316284,0.5000132923306566,0.0,8.916418537714137,0,0,customer-1,-5.6050567626953125,-2.549999952316284,0.4489913525399203,0.0,7.038675798637926,0,0,customer-2,4.28737735748291,-2.200000047683716,0.41525455602766215,0.0,8.707056361460063,0,0
3,444,17.7599999999998,to_table,-2.1614060401916504,3.582995653152466,-0.6545480419688564,0.6174448728561401,-0.7969188094139099,0.7799999713897705,-0.40747499465942383,0.7799999713897705,-0.40747499465942383,0,nominal-sac-a-star,2.4946671459582803,99.0,99.0,2.5926615619659423,99.0,waiter-1,0,,waiter-1,-5.5421247482299805,2.200000047683716,-0.4741573953714351,0.0,3.652661471807404,0,0,waiter-2,6.674923896789551,2.549999952316284,0.5000125609657857,0.0,8.896505317996288,0,0,customer-1,-5.58709716796875,-2.549999952316284,0.4489908179520441,0.0,7.024883970545687,0,0,customer-2,4.303987503051758,-2.200000047683716,0.41525267784860986,0.0,8.674350289497381,0,0
3,445,17.799999999999798,to_table,-2.1236350536346436,3.554903268814087,-0.6675001826054247,0.7071512937545776,-0.7613224983215332,0.7799999713897705,-0.4103155732154846,0.7799999713897705,-0.4103155732154846,0,nominal-sac-a-star,2.5362454868073936,99.0,99.0,2.634843053817749,99.0,waiter-1,0,,waiter-1,-5.56109094619751,2.200000047683716,-0.4741578323407225,0.0,3.694843129544829,0,0,waiter-2,6.694924354553223,2.549999952316284,0.5000118296009148,0.0,8.87563072188377,0,0,customer-1,-5.5691375732421875,-2.549999952316284,0.4489902833641679,0.0,7.010087799164139,0,0,customer-2,4.3205976486206055,-2.200000047683716,0.4152507996695576,0.0,8.63985227321934,0,0
3,446,17.839999999999797,to_table,-2.085601568222046,3.5260913372039795,-0.6797562862220565,0.6857242584228516,-0.7376043796539307,0.7799999713897705,-0.4164923131465912,0.7799999713897705,-0.4164923131465912,0,nominal-sac-a-star,2.5785175116259618,99.0,99.0,2.6776112937927246,99.0,waiter-1,0,,waiter-1,-5.580057144165039,2.200000047683716,-0.4741582693100099,0.0,3.7376112532445895,0,0,waiter-2,6.7149248123168945,2.549999952316284,0.500011098236044,0.0,8.854491457233092,0,0,customer-1,-5.551177978515625,-2.549999952316284,0.4489897487762917,0.0,6.994934253741586,0,0,customer-2,4.337207317352295,-2.200000047683716,0.4152536898620873,0.0,8.604684568808887,0,0
3,447,17.879999999999797,to_table,-2.0491151809692383,3.4964330196380615,-0.690789951290019,0.8082811832427979,0.9168593883514404,0.8082811832427979,-0.23127338290214539,0.8082811832427979,-0.23127338290214539,0,nominal-sac-a-star,2.6213725264808194,99.0,99.0,2.719230833053589,99.0,waiter-1,0,,waiter-1,-5.599023342132568,2.200000047683716,-0.47415870627929735,0.0,3.779230927512156,0,0,waiter-2,6.734925270080566,2.549999952316284,0.5000103668711731,0.0,8.834879863167318,0,0,customer-1,-5.5332183837890625,-2.549999952316284,0.44898921418841553,0.0,6.978418646959784,0,0,customer-2,4.353817462921143,-2.200000047683716,0.41525181168303504,0.0,8.570116459691436,0,0
3,448,17.919999999999796,to_table,-2.011073112487793,3.466768741607666,-0.7005122190538839,0.8843852281570435,-0.44624388217926025,0.8199999928474426,-0.34256017208099365,0.8199999928474426,-0.34256017208099365,0,nominal-sac-a-star,2.663074797447275,99.0,99.0,2.7628979110717773,99.0,waiter-1,0,,waiter-1,-5.617989540100098,2.200000047683716,-0.47415914324858477,0.0,3.822897989704316,0,0,waiter-2,6.754925727844238,2.549999952316284,0.5000096355063022,0.0,8.813807388508176,0,0,customer-1,-5.5152587890625,-2.549999952316284,0.44898867960053934,0.0,6.962817157738286,0,0,customer-2,4.370427131652832,-2.200000047683716,0.4152547018755648,0.0,8.534390070605735,0,0
3,449,17.959999999999795,to_table,-1.9737052917480469,3.436340093612671,-0.7089266245876722,0.8683269023895264,-0.47473764419555664,0.8199999928474426,-0.17002424597740173,0.8199999928474426,-0.17002424597740173,0,nominal-sac-a-star,2.70682080413586,99.0,99.0,2.8062567138671874,99.0,waiter-1,0,,waiter-1,-5.636955738067627,2.200000047683716,-0.4741595802178722,0.0,3.8662566574954917,0,0,waiter-2,6.774925708770752,2.549999952316284,0.5000136725130133,0.0,8.793414764999536,0,0,customer-1,-5.497299671173096,-2.549999952316284,0.4489929133842452,0.0,6.946364840418942,0,0,customer-2,4.38703727722168,-2.200000047683716,0.4152528236965125,0.0,8.498669085044586,0,0
3,450,17.999999999999794,to_table,-1.9364402294158936,3.405444383621216,-0.7140914102849201,0.880142331123352,-0.46954870223999023,0.8199999928474426,-0.1710374653339386,0.8199999928474426,-0.1710374653339386,0,nominal-sac-a-star,2.7502547762378433,99.0,99.0,2.8499411964416503,99.0,waiter-1,0,,waiter-1,-5.655921936035156,2.200000047683716,-0.4741600171871596,0.0,3.9099412032560212,0,0,waiter-2,6.794926166534424,2.549999952316284,0.5000129411481424,0.0,8.773171850327625,0,0,customer-1,-5.479340076446533,-2.549999952316284,0.448992378796369,0.0,6.929607244609162,0,0,customer-2,4.403647422790527,-2.200000047683716,0.4152509455174602,0.0,8.462725253138483,0,0
3,451,18.039999999999793,to_table,-1.899557113647461,3.3740689754486084,-0.7188069655175123,0.8772408962249756,-0.48836541175842285,0.8199999928474426,-0.17005550861358643,0.8199999928474426,-0.17005550861358643,0,nominal-sac-a-star,2.794010969919908,99.0,99.0,2.89367693901062,99.0,waiter-1,0,,waiter-1,-5.6748881340026855,2.200000047683716,-0.47416045415644703,0.0,3.953677043006855,0,0,waiter-2,6.814926624298096,2.549999952316284,0.5000122097832715,0.0,8.753360301838592,0,0,customer-1,-5.461380481719971,-2.549999952316284,0.4489918442084928,0.0,6.912393099806816,0,0,customer-2,4.420257091522217,-2.200000047683716,0.41525383570998997,0.0,8.426760769269992,0,0
3,452,18.079999999999792,to_table,-1.862468957901001,3.342219829559326,-0.7237369058247437,0.8747720718383789,-0.4910315275192261,0.8199999928474426,-0.17365212738513947,0.8199999928474426,-0.17365212738513947,0,nominal-sac-a-star,2.83781482354803,99.0,99.0,2.9380225563049316,99.0,waiter-1,0,,waiter-1,-5.693854808807373,2.200000047683716,-0.4741561227541524,0.0,3.9980224572447702,0,0,waiter-2,6.834927082061768,2.549999952316284,0.5000114784184007,0.0,8.733401983755186,0,0,customer-1,-5.443420886993408,-2.549999952316284,0.4489913096206166,0.0,6.895032318734764,0,0,customer-2,4.4368672370910645,-2.200000047683716,0.4152519575309377,0.0,8.390341927790844,0,0
3,453,18.11999999999979,to_table,-1.8251051902770996,3.3102777004241943,-0.7281015161889861,0.8756972551345825,-0.4670032262802124,0.8199999928474426,-0.17487439513206482,0.8199999928474426,-0.17487439513206482,0,nominal-sac-a-star,2.8822245240108355,99.0,99.0,2.9831485176086425,99.0,waiter-1,0,,waiter-1,-5.712821006774902,2.200000047683716,-0.47415655972343984,0.0,4.043148616613305,0,0,waiter-2,6.8549275398254395,2.549999952316284,0.5000107470535298,0.0,8.713265200251818,0,0,customer-1,-5.425461769104004,-2.549999952316284,0.44899554340432246,0.0,6.877893693705335,0,0,customer-2,4.453476905822754,-2.200000047683716,0.41525484772346744,0.0,8.35366709887094,0,0
3,454,18.15999999999979,to_table,-1.7888556718826294,3.2781009674072266,-0.7318789936964187,0.8777056932449341,-0.4372839331626892,0.8199999928474426,-0.17820040881633759,0.8199999928474426,-0.17820040881633759,0,nominal-sac-a-star,2.9274117891801676,99.0,99.0,3.027665557861328,99.0,waiter-1,0,,waiter-1,-5.731787204742432,2.200000047683716,-0.47415699669272726,0.0,4.0876656744319035,0,0,waiter-2,6.874927997589111,2.549999952316284,0.5000100156886589,0.0,8.694324502776606,0,0,customer-1,-5.407502174377441,-2.549999952316284,0.4489950088164463,0.0,6.860128485713658,0,0,customer-2,4.470087051391602,-2.200000047683716,0.41525296954441515,0.0,8.317689267144322,0,0
3,455,18.19999999999979,to_table,-1.7521668672561646,3.245718240737915,-0.7369899127618087,0.8684555292129517,-0.4005333185195923,0.8199999928474426,-0.16151998937129974,0.8199999928474426,-0.16151998937129974,0,nominal-sac-a-star,2.971986177940666,99.0,99.0,3.073064270019531,99.0,waiter-1,0,,waiter-1,-5.750753402709961,2.200000047683716,-0.4741574336620147,0.0,4.133064337848727,0,0,waiter-2,6.894927978515625,2.549999952316284,0.50001405269537,0.0,8.675037360646776,0,0,customer-1,-5.389542579650879,-2.549999952316284,0.4489944742285701,0.0,6.8425763749057555,0,0,customer-2,4.486697196960449,-2.200000047683716,0.41525109136536287,0.0,8.281260320061389,0,0
3,456,18.23999999999979,to_table,-1.7160015106201172,3.213094711303711,-0.7415709662665851,0.8663957118988037,-0.3838071823120117,0.8199999928474426,-0.1622612476348877,0.8199999928474426,-0.1622612476348877,0,nominal-sac-a-star,3.0174390521084913,99.0,99.0,3.1183957481384277,99.0,waiter-1,0,,waiter-1,-5.76971960067749,2.200000047683716,-0.4741578706313021,0.0,4.178395762863268,0,0,waiter-2,6.914928436279297,2.549999952316284,0.5000133213304991,0.0,8.656364502935498,0,0,customer-1,-5.371582984924316,-2.549999952316284,0.4489939396406939,0.0,6.824700434240416,0,0,customer-2,4.503306865692139,-2.200000047683716,0.4152539815578926,0.0,8.245082870987103,0,0
3,457,18.279999999999788,to_table,-1.679908037185669,3.1804089546203613,-0.7462036977355301,0.8621625900268555,-0.38763755559921265,0.8199999928474426,-0.1664467751979828,0.8199999928474426,-0.1664467751979828,0,nominal-sac-a-star,3.0628214447853574,99.0,99.0,3.164128246307373,99.0,waiter-1,0,,waiter-1,-5.7886857986450195,2.200000047683716,-0.4741583076005895,0.0,4.224127876599336,0,0,waiter-2,6.934928894042969,2.549999952316284,0.5000125899656283,0.0,8.637871894271578,0,0,customer-1,-5.353623390197754,-2.549999952316284,0.4489934050528177,0.0,6.806891415004029,0,0,customer-2,4.519917011260986,-2.200000047683716,0.41525210337884033,0.0,8.208936085962744,0,0
3,458,18.319999999999787,to_table,-1.6439740657806396,3.1477770805358887,-0.7511723696243285,0.8574721813201904,-0.3875656723976135,0.8199999928474426,-0.17147743701934814,0.8199999928474426,-0.17147743701934814,0,nominal-sac-a-star,3.1086013733088516,99.0,99.0,3.2101869010925292,99.0,waiter-1,0,,waiter-1,-5.807651996612549,2.200000047683716,-0.47415874456987694,0.0,4.270186789321839,0,0,waiter-2,6.954929351806641,2.549999952316284,0.5000118586007574,0.0,8.619656459512566,0,0,customer-1,-5.335663795471191,-2.549999952316284,0.4489928704649415,0.0,6.789199965857568,0,0,customer-2,4.536527156829834,-2.200000047683716,0.41525022519978805,0.0,8.172962472433008,0,0
3,459,18.359999999999786,to_table,-1.6077646017074585,3.115125894546509,-0.7554607894571009,0.8526238203048706,-0.38606876134872437,0.8199999928474426,-0.15206676721572876,0.8199999928474426,-0.15206676721572876,0,nominal-sac-a-star,3.15470496667513,99.0,99.0,3.2569641494750976,99.0,waiter-1,0,,waiter-1,-5.826618194580078,2.200000047683716,-0.47415918153916436,0.0,4.316964321567942,0,0,waiter-2,6.9749298095703125,2.549999952316284,0.5000111272358865,0.0,8.601279595964794,0,0,customer-1,-5.317704200744629,-2.549999952316284,0.44899233587706533,0.0,6.771802026735347,0,0,customer-2,4.553136825561523,-2.200000047683716,0.4152531153923178,0.0,8.136785002585095,0,0
3,460,18.399999999999785,to_table,-1.5716853141784668,3.082073926925659,-0.7588917727437864,0.8483576774597168,-0.38734298944473267,0.8199999928474426,-0.15591838955879211,0.8199999928474426,-0.15591838955879211,0,nominal-sac-a-star,3.201524362988552,99.0,99.0,3.303973617553711,99.0,waiter-1,0,,waiter-1,-5.845584392547607,2.200000047683716,-0.4741596185084518,0.0,4.363973838203607,0,0,waiter-2,6.994930267333984,2.549999952316284,0.5000103958710156,0.0,8.583123279778086,0,0,customer-1,-5.299744606018066,-2.549999952316284,0.44899180128918914,0.0,6.754160367115292,0,0,customer-2,4.569746971130371,-2.200000047683716,0.4152512372132655,0.0,8.100462702110258,0,0
3,461,18.439999999999785,to_table,-1.536152720451355,3.048887014389038,-0.7629142114799302,0.8402996063232422,-0.3928701877593994,0.8199999928474426,-0.1619996428489685,0.8199999928474426,-0.1619996428489685,0,nominal-sac-a-star,3.248573303874431,99.0,99.0,3.3508543395996093,99.0,waiter-1,0,,waiter-1,-5.864550590515137,2.200000047683716,-0.4741600554777392,0.0,4.410854475474661,0,0,waiter-2,7.014930725097656,2.549999952316284,0.5000096645061447,0.0,8.565624109978556,0,0,customer-1,-5.281785011291504,-2.549999952316284,0.44899126670131295,0.0,6.736267254505803,0,0,customer-2,4.5863566398620605,-2.200000047683716,0.41525412740579526,0.0,8.064486112426515,0,0
3,462,18.479999999999784,to_table,-1.500579595565796,3.015562057495117,-0.7674739612018481,0.8331305980682373,-0.38930273056030273,0.8199999928474426,-0.16679994761943817,0.8199999928474426,-0.16679994761943817,0,nominal-sac-a-star,3.2954907300748104,99.0,99.0,3.398170413970947,99.0,waiter-1,0,,waiter-1,-5.883516788482666,2.200000047683716,-0.4741604924470266,0.0,4.458170008972473,0,0,waiter-2,7.03493070602417,2.549999952316284,0.5000137015128558,0.0,8.54819771544429,0,0,customer-1,-5.263825416564941,-2.549999952316284,0.44899073211343676,0.0,6.71844473031694,0,0,customer-2,4.602966785430908,-2.200000047683716,0.415252249226743,0.0,8.028409960755331,0,0
3,463,18.519999999999783,to_table,-1.4656469821929932,2.981992721557617,-0.7715423218279146,0.8250861167907715,-0.38508206605911255,0.8199999928474426,-0.1725386083126068,0.8199999928474426,-0.1725386083126068,0,nominal-sac-a-star,3.342840642710046,99.0,99.0,3.4452223205566406,99.0,waiter-1,0,,waiter-1,-5.9024834632873535,2.200000047683716,-0.474156161044732,0.0,4.5052225807347455,0,0,waiter-2,7.054931163787842,2.549999952316284,0.500012970147985,0.0,8.531522120609136,0,0,customer-1,-5.245865821838379,-2.549999952316284,0.4489901975255606,0.0,6.700223684281326,0,0,customer-2,4.619576930999756,-2.200000047683716,0.4152503710476907,0.0,7.992684100736269,0,0
3,464,18.559999999999782,to_table,-1.4313417673110962,2.948972702026367,-0.7726435908863128,0.17055344581604004,0.4920140504837036,0.7799999713897705,-0.039839524775743484,0.7799999713897705,-0.039839524775743484,0,nominal-sac-a-star,3.389924808168743,99.0,99.0,3.492145481109619,99.0,waiter-1,0,,waiter-1,-5.921449661254883,2.200000047683716,-0.47415659801401944,0.0,4.552145531088542,0,0,waiter-2,7.074931621551514,2.549999952316284,0.5000122387831141,0.0,8.515624828577373,0,0,customer-1,-5.227906227111816,-2.549999952316284,0.4489896629376844,0.0,6.682260242659679,0,0,customer-2,4.636186599731445,-2.200000047683716,0.41525326124022044,0.0,7.957815080920324,0,0
3,465,18.59999999999978,to_table,-1.3980222940444946,2.916497230529785,-0.7721680503189027,0.6266424655914307,-0.46569836139678955,0.7799999713897705,0.05797102674841881,0.7799999713897705,0.05797102674841881,0,nominal-sac-a-star,3.4368770871002976,99.0,99.0,3.538555088043213,99.0,waiter-1,0,,waiter-1,-5.940415859222412,2.200000047683716,-0.47415703498330686,0.0,4.5985549375859485,0,0,waiter-2,7.0949320793151855,2.549999952316284,0.5000115074182432,0.0,8.500858441528552,0,0,customer-1,-5.209946632385254,-2.549999952316284,0.4489891283498082,0.0,6.664334821368045,0,0,customer-2,4.652796745300293,-2.200000047683716,0.41525138306116816,0.0,7.9240744219664885,0,0
3,466,18.63999999999978,to_table,-1.3648020029067993,2.8841590881347656,-0.7714204642069034,0.6044857501983643,-0.46231043338775635,0.7799999713897705,0.0681862160563469,0.7799999713897705,0.0681862160563469,0,nominal-sac-a-star,3.483313261889368,99.0,99.0,3.585238399505615,99.0,waiter-1,0,,waiter-1,-5.959382057189941,2.200000047683716,-0.4741574719525943,0.0,4.645238365019321,0,0,waiter-2,7.114932537078857,2.549999952316284,0.5000107760533723,0.0,8.486316055667306,0,0,customer-1,-5.191987037658691,-2.549999952316284,0.448988593761932,0.0,6.646610396822181,0,0,customer-2,4.669406414031982,-2.200000047683716,0.4152542732536979,0.0,7.89052250091091,0,0
3,467,18.67999999999978,to_table,-1.331573247909546,2.851865768432617,-0.7704317650598254,0.5785722732543945,-0.4543682932853699,0.7799999713897705,0.08056832104921341,0.7799999713897705,0.08056832104921341,0,nominal-sac-a-star,3.530021420056184,99.0,99.0,3.6322755241394042,99.0,waiter-1,0,,waiter-1,-5.978348255157471,2.200000047683716,-0.4741579089218817,0.0,4.6922752355196975,0,0,waiter-2,7.134932994842529,2.549999952316284,0.5000100446885014,0.0,8.471885913390208,0,0,customer-1,-5.174027919769287,-2.549999952316284,0.44899282754563785,0.0,6.629073175814157,0,0,customer-2,4.68601655960083,-2.200000047683716,0.4152523950746456,0.0,7.857018220387268,0,0
3,468,18.71999999999978,to_table,-1.2983262538909912,2.819598436355591,-0.7705234449988355,-0.5313581824302673,-0.9492462873458862,0.7799999713897705,-0.021492192521691322,0.7799999713897705,-0.021492192521691322,0,nominal-sac-a-star,3.577081156736731,99.0,99.0,3.67966121673584,99.0,waiter-1,0,,waiter-1,-5.997314453125,2.200000047683716,-0.4741583458911691,0.0,4.739661618700776,0,0,waiter-2,7.154932975769043,2.549999952316284,0.5000140816952126,0.0,8.45755726829141,0,0,customer-1,-5.156068325042725,-2.549999952316284,0.44899229295776166,0.0,6.611713903607873,0,0,customer-2,4.702626705169678,-2.200000047683716,0.41525051689559334,0.0,7.823541740019587,0,0
3,469,18.759999999999778,to_table,-1.2650880813598633,2.7873342037200928,-0.7705258049611939,0.11262822151184082,-0.8252962827682495,0.7799999713897705,0.0008585130563005805,0.7799999713897705,0.0008585130563005805,0,nominal-sac-a-star,3.62448864626331,99.0,99.0,3.7273578071594238,99.0,waiter-1,0,,waiter-1,-6.016280651092529,2.200000047683716,-0.47415878286045654,0.0,4.787357543105576,0,0,waiter-2,7.174933433532715,2.549999952316284,0.5000133503303417,0.0,8.443357786967162,0,0,customer-1,-5.138108730316162,-2.549999952316284,0.4489917583698855,0.0,6.594499589842615,0,0,customer-2,4.719236373901367,-2.200000047683716,0.4152534070881231,0.0,7.790098980183962,0,0
3,470,18.799999999999777,to_table,-1.2318497896194458,2.755075216293335,-0.7703048039545497,0.30287694931030273,-0.6320632100105286,0.7799999713897705,0.032691940665245056,0.7799999713897705,0.032691940665245056,0,nominal-sac-a-star,3.6722040144135004,99.0,99.0,3.775362911224365,99.0,waiter-1,0,,waiter-1,-6.035246849060059,2.200000047683716,-0.47415921982974396,0.0,4.835362628950358,0,0,waiter-2,7.194933891296387,2.549999952316284,0.5000126189654708,0.0,8.429278680221971,0,0,customer-1,-5.1201491355896,-2.549999952316284,0.4489912237820093,0.0,6.577438281616202,0,0,customer-2,4.735846519470215,-2.200000047683716,0.4152515289090708,0.0,7.756685510525717,0,0
3,471,18.839999999999776,to_table,-1.1986029148101807,2.722825288772583,-0.7699236249759323,0.25263261795043945,-0.6137098670005798,0.7799999713897705,0.044885966926813126,0.7799999713897705,0.044885966926813126,0,nominal-sac-a-star,3.720226963119865,99.0,99.0,3.823676528930664,99.0,waiter-1,0,,waiter-1,-6.054213047027588,2.200000047683716,-0.4741596567990314,0.0,4.883676482816197,0,0,waiter-2,7.214934349060059,2.549999952316284,0.5000118876005999,0.0,8.415312108736927,0,0,customer-1,-5.102190017700195,-2.549999952316284,0.44899545756571513,0.0,6.560539481850035,0,0,customer-2,4.752456188201904,-2.200000047683716,0.41525441910160055,0.0,7.723296818121072,0,0
3,472,18.879999999999775,to_table,-1.1653465032577515,2.690584897994995,-0.7698426944582331,0.1975616216659546,-0.6099374890327454,0.7799999713897705,0.008834159933030605,0.7799999713897705,0.008834159933030605,0,nominal-sac-a-star,3.768557176298648,99.0,99.0,3.872291030883789,99.0,waiter-1,0,,waiter-1,-6.073179244995117,2.200000047683716,-0.4741600937683188,0.0,4.9322911224120025,0,0,waiter-2,7.2349348068237305,2.549999952316284,0.500011156235729,0.0,8.40145762445159,0,0,customer-1,-5.084230422973633,-2.549999952316284,0.44899492297783894,0.0,6.543804760956718,0,0,customer-2,4.769066333770752,-2.200000047683716,0.41525254092254826,0.0,7.689933473781677,0,0
3,473,18.919999999999774,to_table,-1.1320770978927612,2.658355236053467,-0.7678252684225021,0.12933897972106934,-0.6204578280448914,0.7799999713897705,0.2861349284648895,0.7799999713897705,0.2861349284648895,0,nominal-sac-a-star,3.8171867467087335,99.0,99.0,3.921201171875,99.0,waiter-1,0,,waiter-1,-6.0921454429626465,2.200000047683716,-0.4741605307376062,0.0,4.981201407940636,0,0,waiter-2,7.254935264587402,2.549999952316284,0.5000104248708581,0.0,8.387712276652607,0,0,customer-1,-5.06627082824707,-2.549999952316284,0.44899438838996275,0.0,6.527238625649996,0,0,customer-2,4.7856764793396,-2.200000047683716,0.415250662743496,0.0,7.656593463405472,0,0
3,474,18.959999999999773,to_table,-1.0987937450408936,2.6261579990386963,-0.7640944815432759,0.21105420589447021,-0.6139362454414368,0.7799999713897705,0.31872519850730896,0.7799999713897705,0.31872519850730896,0,nominal-sac-a-star,3.8661106060660995,99.0,99.0,3.970402660369873,99.0,waiter-1,0,,waiter-1,-6.111112117767334,2.200000047683716,-0.4741561993353116,0.0,5.030402177666723,0,0,waiter-2,7.274935722351074,2.549999952316284,0.5000096935059872,0.0,8.374075784296984,0,0,customer-1,-5.048311233520508,-2.549999952316284,0.44899385380208656,0.0,6.510860122071562,0,0,customer-2,4.802286148071289,-2.200000047683716,0.4152535529360257,0.0,7.623289670269416,0,0
3,475,18.999999999999773,to_table,-1.065506935119629,2.593999147415161,-0.7587945902460906,-0.6033210754394531,0.022047758102416992,0.7799999713897705,0.2833733558654785,0.7799999713897705,0.2833733558654785,0,nominal-sac-a-star,3.915323179253046,99.0,99.0,4.019874038696289,99.0,waiter-1,0,,waiter-1,-6.130078315734863,2.200000047683716,-0.47415663630459903,0.0,5.079873872443694,0,0,waiter-2,7.294935703277588,2.549999952316284,0.5000137305126984,0.0,8.360558416702773,0,0,customer-1,-5.030351638793945,-2.549999952316284,0.4489933192142104,0.0,6.4946686029613705,0,0,customer-2,4.818896293640137,-2.200000047683716,0.41525167475697344,0.0,7.590034890647542,0,0
3,476,19.03999999999977,to_table,-1.0322144031524658,2.5618655681610107,-0.7524917157286983,0.010761022567749023,-0.580868661403656,0.7799999713897705,0.22658124566078186,0.7799999713897705,0.22658124566078186,0,nominal-sac-a-star,3.964805922493528,99.0,99.0,4.069609584808349,99.0,waiter-1,0,,waiter-1,-6.149044513702393,2.200000047683716,-0.47415707327388645,0.0,5.129609832642311,0,0,waiter-2,7.31493616104126,2.549999952316284,0.5000129991478275,0.0,8.34715899777637,0,0,customer-1,-5.012392044067383,-2.549999952316284,0.4489927846263342,0.0,6.478655968075758,0,0,customer-2,4.835505962371826,-2.200000047683716,0.4152545649495032,0.0,7.556818538998591,0,0
3,477,19.07999999999977,to_table,-1.002800464630127,2.53183650970459,-0.7499678819276593,-0.08030426502227783,-0.6164504885673523,0.3400000035762787,0.24018779397010803,0.3400000035762787,0.24018779397010803,0,nominal-sac-a-star,4.0145517696169435,99.0,99.0,4.115858497619628,99.0,waiter-1,0,,waiter-1,-6.168010711669922,2.200000047683716,-0.4741575102431739,0.0,5.175858608351993,0,0,waiter-2,7.334936618804932,2.549999952316284,0.5000122677829566,0.0,8.337756867595484,0,0,customer-1,-4.99443244934082,-2.549999952316284,0.448992250038458,0.0,6.462057546021256,0,0,customer-2,4.852116107940674,-2.200000047683716,0.4152526867704509,0.0,7.5279695321913085,0,0
3,478,19.11999999999977,to_table,-0.9803794622421265,2.5088870525360107,-0.7457579804332793,-0.13175034523010254,0.0908811092376709,0.3400000035762787,0.35187608003616333,0.3400000035762787,0.35187608003616333,0,nominal-sac-a-star,4.06080878974679,99.0,99.0,4.155751647949218,99.0,waiter-1,0,,waiter-1,-6.186976909637451,2.200000047683716,-0.4741579472124613,0.0,5.21575192671106,0,0,waiter-2,7.3549370765686035,2.549999952316284,0.5000115364180857,0.0,8.335417930295998,0,0,customer-1,-4.976472854614258,-2.549999952316284,0.4489917154505818,0.0,6.446789908816917,0,0,customer-2,4.8687262535095215,-2.200000047683716,0.4152508085913986,0.0,7.509038247116227,0,0
3,479,19.15999999999977,to_table,-0.9608726501464844,2.485931873321533,-0.7388600131697288,-0.1868179440498352,0.0451277494430542,0.3400000035762787,0.3674931526184082,0.3400000035762787,0.3674931526184082,0,nominal-sac-a-star,4.100707860668743,99.0,99.0,4.192858161926269,99.0,waiter-1,0,,waiter-1,-6.2059431076049805,2.200000047683716,-0.4741583841817487,0.0,5.252858375457733,0,0,waiter-2,7.374937534332275,2.549999952316284,0.5000108050532148,0.0,8.336056390788507,0,0,customer-1,-4.958513259887695,-2.549999952316284,0.4489911808627056,0.0,6.429754256355675,0,0,customer-2,4.885335922241211,-2.200000047683716,0.41525369878392837,0.0,7.492403662387346,0,0
3,480,19.19999999999977,to_table,-0.9418638348579407,2.467926025390625,-0.7306236221949961,-0.2453237771987915,0.03404402732849121,0.3400000035762787,0.3908158540725708,0.3400000035762787,0.3908158540725708,0,nominal-sac-a-star,4.137819503014247,99.0,99.0,4.229834976196289,99.0,waiter-1,0,,waiter-1,-6.22490930557251,2.200000047683716,-0.47415882115103614,0.0,5.289834947819065,0,0,waiter-2,7.394937992095947,2.549999952316284,0.5000100736883439,0.0,8.337205816781944,0,0,customer-1,-4.940553665161133,-2.549999952316284,0.44899064627482943,0.0,6.416315256961429,0,0,customer-2,4.901946067810059,-2.200000047683716,0.4152518206048761,0.0,7.479281249037758,0,0
3,481,19.239999999999768,to_table,-0.9258720278739929,2.45139741897583,-0.7259639820984939,-0.1918877363204956,0.05571019649505615,0.3400000035762787,0.06707765907049179,0.3400000035762787,0.06707765907049179,0,nominal-sac-a-star,4.17479988126708,99.0,99.0,4.263942184448242,99.0,waiter-1,0,,waiter-1,-6.243875503540039,2.200000047683716,-0.47415925812032356,0.0,5.323942299226085,0,0,waiter-2,7.414937973022461,2.549999952316284,0.5000141106950551,0.0,8.341392805199588,0,0,customer-1,-4.92259407043457,-2.549999952316284,0.44899011168695324,0.0,6.402168597518911,0,0,customer-2,4.918556213378906,-2.200000047683716,0.4152499424258238,0.0,7.469460479847343,0,0
3,482,19.279999999999767,to_table,-0.9107456803321838,2.4374613761901855,-0.7239788625274232,-0.08289283514022827,0.1610863208770752,0.3400000035762787,0.08103996515274048,0.3400000035762787,0.08103996515274048,0,nominal-sac-a-star,4.208910450873293,99.0,99.0,4.297361316680908,99.0,waiter-1,0,,waiter-1,-6.262841701507568,2.200000047683716,-0.474159695089611,0.0,5.357361263011618,0,0,waiter-2,7.434938430786133,2.549999952316284,0.5000133793301842,0.0,8.34644284792565,0,0,customer-1,-4.904634952545166,-2.549999952316284,0.4489943454706591,0.0,6.389516571857801,0,0,customer-2,4.935165882110596,-2.200000047683716,0.41525283261835355,0.0,7.461952187854109,0,0
3,483,19.319999999999766,to_table,-0.8955379724502563,2.424062490463257,-0.722924182825259,-0.1296142339706421,0.09222114086151123,0.3400000035762787,0.07409534603357315,0.3400000035762787,0.07409534603357315,0,nominal-sac-a-star,4.242331965622882,99.0,99.0,4.330928268432617,99.0,waiter-1,0,,waiter-1,-6.281807899475098,2.200000047683716,-0.4741601320588984,0.0,5.390928278602538,0,0,waiter-2,7.454938888549805,2.549999952316284,0.5000126479653133,0.0,8.351426467999069,0,0,customer-1,-4.8866753578186035,-2.549999952316284,0.4489938108827829,0.0,6.377340732119843,0,0,customer-2,4.951776027679443,-2.200000047683716,0.41525095443930127,0.0,7.454732414567743,0,0
3,484,19.359999999999765,to_table,-0.8803739547729492,2.4106905460357666,-0.7220517856056887,-0.15487706661224365,0.06811165809631348,0.3400000035762787,0.07270050048828125,0.3400000035762787,0.07270050048828125,0,nominal-sac-a-star,4.275901267834949,99.0,99.0,4.364493312835693,99.0,waiter-1,0,,waiter-1,-6.300774097442627,2.200000047683716,-0.4741605690281858,0.0,5.42449335816252,0,0,waiter-2,7.474939346313477,2.549999952316284,0.5000119166004424,0.0,8.356474583817626,0,0,customer-1,-4.868715763092041,-2.549999952316284,0.4489932762949067,0.0,6.365164616914972,0,0,customer-2,4.968386173248291,-2.200000047683716,0.415249076260249,0.0,7.447581002321784,0,0
3,485,19.399999999999764,to_table,-0.8652030825614929,2.397336721420288,-0.7194696614483886,-0.1650528907775879,0.07509803771972656,0.3400000035762787,0.2860197126865387,0.3400000035762787,0.2860197126865387,0,nominal-sac-a-star,4.309468460873057,99.0,99.0,4.3981065177917475,99.0,waiter-1,0,,waiter-1,-6.3197407722473145,2.200000047683716,-0.4741562376258912,0.0,5.458106189055372,0,0,waiter-2,7.494939804077148,2.549999952316284,0.5000111852355715,0.0,8.36153664986779,0,0,customer-1,-4.8507561683654785,-2.549999952316284,0.4489927417070305,0.0,6.353012951589231,0,0,customer-2,4.9849958419799805,-2.200000047683716,0.41525196645277873,0.0,7.440452461057852,0,0
3,486,19.439999999999763,to_table,-0.8500270247459412,2.383995294570923,-0.7152304983011547,-0.24349147081375122,-0.05519217252731323,0.3400000035762787,0.2777283191680908,0.3400000035762787,0.2777283191680908,0,nominal-sac-a-star,4.343082763490546,99.0,99.0,4.431763114929199,99.0,waiter-1,0,,waiter-1,-6.338706970214844,2.200000047683716,-0.47415667459517863,0.0,5.491763086174567,0,0,waiter-2,7.51494026184082,2.549999952316284,0.5000104538707006,0.0,8.366614324328559,0,0,customer-1,-4.832796573638916,-2.549999952316284,0.44899220711915433,0.0,6.3408802524487635,0,0,customer-2,5.001605987548828,-2.200000047683716,0.41525008827372645,0.0,7.433345290539797,0,0
3,487,19.479999999999762,to_table,-0.8348523378372192,2.3706552982330322,-0.7092596319122566,-0.2425277829170227,-0.044198811054229736,0.3400000035762787,0.2851329743862152,0.3400000035762787,0.2851329743862152,0,nominal-sac-a-star,4.376741450215193,99.0,99.0,4.46545690536499,99.0,waiter-1,0,,waiter-1,-6.357673168182373,2.200000047683716,-0.47415711156446605,0.0,5.525456826239291,0,0,waiter-2,7.534940719604492,2.549999952316284,0.5000097225058298,0.0,8.37171430050905,0,0,customer-1,-4.8148369789123535,-2.549999952316284,0.44899167253127814,0.0,6.328753892983398,0,0,customer-2,5.018215656280518,-2.200000047683716,0.4152529784662562,0.0,7.426257148451215,0,0
3,488,19.51999999999976,to_table,-0.819678544998169,2.357325553894043,-0.7020138736920412,-0.24387526512145996,-0.03992491960525513,0.3400000035762787,0.29050612449645996,0.3400000035762787,0.29050612449645996,0,nominal-sac-a-star,4.410436828032515,99.0,99.0,4.499187889099121,99.0,waiter-1,0,,waiter-1,-6.376639366149902,2.200000047683716,-0.47415754853375347,0.0,5.559187430076421,0,0,waiter-2,7.554940700531006,2.549999952316284,0.5000137595125409,0.0,8.37683537688279,0,0,customer-1,-4.796877384185791,-2.549999952316284,0.44899113794340195,0.0,6.3166410559994475,0,0,customer-2,5.034825801849365,-2.200000047683716,0.4152511002872039,0.0,7.419193877103681,0,0
3,489,19.55999999999976,to_table,-0.8045036792755127,2.344007968902588,-0.6936356176959324,-0.24250757694244385,-0.032547175884246826,0.3400000035762787,0.2956793010234833,0.3400000035762787,0.2956793010234833,0,nominal-sac-a-star,4.444168922039272,99.0,99.0,4.532956066131591,99.0,waiter-1,0,,waiter-1,-6.395605564117432,2.200000047683716,-0.4741579855030409,0.0,5.5929561564575705,0,0,waiter-2,7.574941158294678,2.549999952316284,0.50001302814767,0.0,8.381976406737998,0,0,customer-1,-4.7789177894592285,-2.549999952316284,0.44899060335552576,0.0,6.304544476183865,0,0,customer-2,5.051435947418213,-2.200000047683716,0.4152492221081516,0.0,7.412154731674349,0,0
3,490,19.59999999999976,to_table,-0.7893499135971069,2.330718517303467,-0.6845959810817449,0.14322161674499512,-0.6662087440490723,0.3400000035762787,0.22365041077136993,0.3400000035762787,0.22365041077136993,0,nominal-sac-a-star,4.477938996033795,99.0,99.0,4.566740455627441,99.0,waiter-1,0,,waiter-1,-6.414571762084961,2.200000047683716,-0.4741584224723283,0.0,5.626740456339251,0,0,waiter-2,7.59494161605835,2.549999952316284,0.5000122967827991,0.0,8.387158565449536,0,0,customer-1,-4.760958194732666,-2.549999952316284,0.4489900687676496,0.0,6.292462563930906,0,0,customer-2,5.068045616149902,-2.200000047683716,0.4152521123006814,0.0,7.405166649510311,0,0
3,491,19.63999999999976,to_table,-0.7742509841918945,2.317335844039917,-0.6755197813704262,-0.24043166637420654,-0.1819416880607605,0.3400000035762787,0.28620877861976624,0.3400000035762787,0.28620877861976624,0,nominal-sac-a-star,4.511724504746597,99.0,99.0,4.600503387451171,99.0,waiter-1,0,,waiter-1,-6.43353796005249,2.200000047683716,-0.47415885944161573,0.0,5.660503225354784,0,0,waiter-2,7.6149420738220215,2.549999952316284,0.5000115654179282,0.0,8.392418766476618,0,0,customer-1,-4.742999076843262,-2.549999952316284,0.4489943025513554,0.0,6.280280183034378,0,0,customer-2,5.08465576171875,-2.200000047683716,0.4152502341216291,0.0,7.398183007734521,0,0
3,492,19.679999999999758,to_table,-0.7587964534759521,2.304039478302002,-0.6689451566707861,-0.18625682592391968,-0.216894268989563,0.3400000035762787,0.13561472296714783,0.3400000035762787,0.13561472296714783,0,nominal-sac-a-star,4.545488357498536,99.0,99.0,4.634658279418945,99.0,waiter-1,0,,waiter-1,-6.4525041580200195,2.200000047683716,-0.47415929641090315,0.0,5.694658166027866,0,0,waiter-2,7.634942531585693,2.549999952316284,0.5000108340530574,0.0,8.397341883246211,0,0,customer-1,-4.725039482116699,-2.549999952316284,0.44899376796347923,0.0,6.26839553284877,0,0,customer-2,5.1012654304504395,-2.200000047683716,0.41525312431415884,0.0,7.390987575086876,0,0
3,493,19.719999999999757,to_table,-0.7433523535728455,2.291154146194458,-0.6652136880177906,-0.3021047115325928,-0.09592372179031372,0.3400000035762787,0.14904001355171204,0.3400000035762787,0.14904001355171204,0,nominal-sac-a-star,4.579644248431752,99.0,99.0,4.668843212127685,99.0,waiter-1,0,,waiter-1,-6.471470355987549,2.200000047683716,-0.4741597333801906,0.0,5.728843244431,0,0,waiter-2,7.654942989349365,2.549999952316284,0.5000101026881865,0.0,8.402283369316685,0,0,customer-1,-4.707079887390137,-2.549999952316284,0.44899323337560304,0.0,6.256828986624827,0,0,customer-2,5.117875576019287,-2.200000047683716,0.41525124613510656,0.0,7.384067905688597,0,0
3,494,19.759999999999756,to_table,-0.728012204170227,2.2783703804016113,-0.6612281971241726,-0.3070636987686157,-0.09004902839660645,0.3400000035762787,0.1518981009721756,0.3400000035762787,0.1518981009721756,0,nominal-sac-a-star,4.613830132468588,99.0,99.0,4.702957572937011,99.0,waiter-1,0,,waiter-1,-6.490436553955078,2.200000047683716,-0.474160170349478,0.0,5.762957252664961,0,0,waiter-2,7.674942970275879,2.549999952316284,0.5000141396948976,0.0,8.407344306503044,0,0,customer-1,-4.689120292663574,-2.549999952316284,0.44899269878772685,0.0,6.245281207327476,0,0,customer-2,5.134485721588135,-2.200000047683716,0.41524936795605427,0.0,7.377308697666803,0,0
3,495,19.799999999999756,to_table,-0.7124190330505371,2.265805721282959,-0.6577891979251878,-0.31054508686065674,-0.0865788459777832,0.3400000035762787,0.15456028282642365,0.3400000035762787,0.15456028282642365,0,nominal-sac-a-star,4.6479448294511565,99.0,99.0,4.7139952278137205,99.0,customer-1,0,,waiter-1,-6.509402751922607,2.200000047683716,-0.4741606073187654,0.0,5.797357210276568,0,0,waiter-2,7.694943428039551,2.549999952316284,0.5000134083300267,0.0,8.412164401216812,0,0,customer-1,-4.671160697937012,-2.549999952316284,0.44899216419985066,0.0,6.234069285400893,0,0,customer-2,5.151095390319824,-2.200000047683716,0.415252258148584,0.0,7.370496764751226,0,0
3,496,19.839999999999755,to_table,-0.6986749172210693,2.2541704177856445,-0.6553798795459025,-0.3172265887260437,-0.08084332942962646,0.2199999988079071,0.15796591341495514,0.2199999988079071,0.15796591341495514,0,nominal-sac-a-star,4.68234536092644,99.0,99.0,4.683798084259033,99.0,customer-1,0,,waiter-1,-6.528369426727295,2.200000047683716,-0.4741562759164708,0.0,5.829946183556415,0,0,waiter-2,7.714943885803223,2.549999952316284,0.5000126769651558,0.0,8.418817997563822,0,0,customer-1,-4.653201103210449,-2.549999952316284,0.4489916296119745,0.0,6.222405507570285,0,0,customer-2,5.167705535888672,-2.200000047683716,0.41525037996953174,0.0,7.365735140234652,0,0
3,497,19.879999999999754,to_table,-0.6869295835494995,2.244293212890625,-0.6514715502638482,-0.3233867287635803,0.10642421245574951,0.2199999988079071,0.18520613014698029,0.2199999988079071,0.18520613014698029,0,nominal-sac-a-star,4.708192303695963,99.0,99.0,4.674793014526367,99.0,customer-1,0,,waiter-1,-6.547335624694824,2.200000047683716,-0.4741567128857582,0.0,5.860573423443875,0,0,waiter-2,7.7349443435668945,2.549999952316284,0.500011945600285,0.0,8.427420545740741,0,0,customer-1,-4.635241508483887,-2.549999952316284,0.4489910950240983,0.0,6.210830380112531,0,0,customer-2,5.184315204620361,-2.200000047683716,0.4152532701620615,0.0,7.363644338817449,0,0
3,498,19.919999999999753,to_table,-0.6762166023254395,2.234602928161621,-0.6470966594808425,-0.3165593147277832,0.08990752696990967,0.2199999988079071,0.18531201779842377,0.2199999988079071,0.18531201779842377,0,nominal-sac-a-star,4.6986697966483,99.0,99.0,4.665588150024414,99.0,customer-1,0,,waiter-1,-6.5663018226623535,2.200000047683716,-0.47415714985504565,0.0,5.8901868613965656,0,0,waiter-2,7.754944801330566,2.549999952316284,0.5000112142354141,0.0,8.437058604593448,0,0,customer-1,-4.617281913757324,-2.549999952316284,0.4489905604362221,0.0,6.198743462416328,0,0,customer-2,5.200925350189209,-2.200000047683716,0.4152513919830092,0.0,7.362506440294909,0,0
3,499,19.959999999999752,to_table,-0.6662795543670654,2.2260167598724365,-0.6424109275455548,-0.3127235174179077,0.09361100196838379,0.2199999988079071,0.18854574859142303,0.2199999988079071,0.18854574859142303,0,nominal-sac-a-star,4.688887911332447,99.0,99.0,4.6569554901123045,99.0,customer-1,0,,waiter-1,-6.585268020629883,2.200000047683716,-0.47415758682433307,0.0,5.919045643772767,0,0,waiter-2,7.774945259094238,2.549999952316284,0.5000104828705432,0.0,8.447439935292877,0,0,customer-1,-4.599322319030762,-2.549999952316284,0.4489900258483459,0.0,6.1870155183076285,0,0,customer-2,5.217535495758057,-2.200000047683716,0.4152495138039569,0.0,7.362669646592087,0,0
3,500,19.99999999999975,to_table,-0.6561414003372192,2.2180514335632324,-0.6368152180497169,-0.3100680708885193,0.09843242168426514,0.2199999988079071,0.19045265018939972,0.2199999988079071,0.19045265018939972,0,nominal-sac-a-star,4.6796378833615195,99.0,99.0,4.649530658721924,99.0,customer-1,0,,waiter-1,-6.604234218597412,2.200000047683716,-0.4741580237936205,0.0,5.94812020954273,0,0,waiter-2,7.79494571685791,2.549999952316284,0.5000097515056723,0.0,8.457603873528473,0,0,customer-1,-4.581363201141357,-2.549999952316284,0.44899425963205175,0.0,6.175895093336322,0,0,customer-2,5.234145164489746,-2.200000047683716,0.41525240399648666,0.0,7.363060145532522,0,0
3,501,20.03999999999975,to_table,-0.6458953619003296,2.210303783416748,-0.6321905158900285,-0.30500859022140503,0.1039203405380249,0.2199999988079071,0.18999725580215454,0.2199999988079071,0.18999725580215454,0,nominal-sac-a-star,4.6714763732708295,99.0,99.0,4.641701946258545,99.0,customer-1,0,,waiter-1,-6.623200416564941,2.200000047683716,-0.4741584607629079,0.0,5.977313935497213,0,0,waiter-2,7.814945697784424,2.549999952316284,0.5000137885123834,0.0,8.467657581906135,0,0,customer-1,-4.563403606414795,-2.549999952316284,0.44899372504417556,0.0,6.165011151836846,0,0,customer-2,5.250755310058594,-2.200000047683716,0.4152505258174344,0.0,7.363509287678875,0,0
3,502,20.07999999999975,to_table,-0.6354173421859741,2.202530860900879,-0.6285918820734613,-0.3050628900527954,0.11431121826171875,0.2199999988079071,0.19098655879497528,0.2199999988079071,0.19098655879497528,0,nominal-sac-a-star,4.663039333628702,99.0,99.0,4.633323440551758,99.0,customer-1,0,,waiter-1,-6.642166614532471,2.200000047683716,-0.47415889773219533,0.0,6.006749805498037,0,0,waiter-2,7.834946155548096,2.549999952316284,0.5000130571475125,0.0,8.477487396229781,0,0,customer-1,-4.545444011688232,-2.549999952316284,0.4489931904562994,0.0,6.154255250377377,0,0,customer-2,5.267364978790283,-2.200000047683716,0.4152534160099641,0.0,7.363770605462432,0,0
3,503,20.11999999999975,to_table,-0.6250858902931213,2.194929361343384,-0.623580715284572,-0.3064528703689575,0.12199640274047852,0.2199999988079071,0.34353405237197876,0.2199999988079071,0.34353405237197876,0,nominal-sac-a-star,4.654187446348079,99.0,99.0,4.625915775299072,99.0,customer-1,0,,waiter-1,-6.6611328125,2.200000047683716,-0.47415933470148275,0.0,6.036049052065688,0,0,waiter-2,7.854946613311768,2.549999952316284,0.5000123257826417,0.0,8.487462894573929,0,0,customer-1,-4.52748441696167,-2.549999952316284,0.4489926558684232,0.0,6.143538756496264,0,0,customer-2,5.283975124359131,-2.200000047683716,0.41525153783091184,0.0,7.364265515665116,0,0
3,504,20.159999999999748,to_table,-0.6144497394561768,2.187742233276367,-0.6140304887448704,-0.21165460348129272,-0.024762451648712158,0.2199999988079071,0.3273479640483856,0.2199999988079071,0.3273479640483856,0,nominal-sac-a-star,4.646120917348504,99.0,99.0,4.6220104789733885,99.0,customer-1,0,,waiter-1,-6.680099010467529,2.200000047683716,-0.47415977167077017,0.0,6.065661656648399,0,0,waiter-2,7.8749470710754395,2.549999952316284,0.5000115944177708,0.0,8.497122387118381,0,0,customer-1,-4.509524822235107,-2.549999952316284,0.448992121280547,0.0,6.133336034951087,0,0,customer-2,5.3005852699279785,-2.200000047683716,0.41524965965185956,0.0,7.364775725462725,0,0
3,505,20.199999999999747,to_table,-0.6034013628959656,2.180493116378784,-0.6040243878229421,0.018187522888183594,-0.5150561332702637,0.2199999988079071,0.26357725262641907,0.2199999988079071,0.26357725262641907,0,nominal-sac-a-star,4.640959353205376,99.0,99.0,4.618613491058349,99.0,customer-1,0,,waiter-1,-6.699065208435059,2.200000047683716,-0.4741602086400576,0.0,6.095695057840523,0,0,waiter-2,7.894947528839111,2.549999952316284,0.5000108630528999,0.0,8.506378147452613,0,0,customer-1,-4.491565227508545,-2.549999952316284,0.4489915866926708,0.0,6.123347361619387,0,0,customer-2,5.317194938659668,-2.200000047683716,0.4152525498443893,0.0,7.364929118898059,0,0
3,506,20.239999999999746,to_table,-0.5922093987464905,2.173001766204834,-0.5934369503664082,0.401278018951416,0.42848658561706543,0.2199999988079071,0.3714372515678406,0.2199999988079071,0.3714372515678406,0,nominal-sac-a-star,4.636246147494686,99.0,99.0,4.615495452880859,99.0,customer-1,0,,waiter-1,-6.718031406402588,2.200000047683716,-0.474160645609345,0.0,6.125881502011493,0,0,waiter-2,7.914947986602783,2.549999952316284,0.500010131688029,0.0,8.515506703152433,0,0,customer-1,-4.473605632781982,-2.549999952316284,0.4489910521047946,0.0,6.113262791565428,0,0,customer-2,5.333805084228516,-2.200000047683716,0.415250671665337,0.0,7.364834860110719,0,0
3,507,20.279999999999745,to_table,-0.5810805559158325,2.1662843227386475,-0.5839133128859256,0.3769357204437256,0.363858699798584,0.2199999988079071,0.3583703637123108,0.2199999988079071,0.3583703637123108,0,nominal-sac-a-star,4.631736967400932,99.0,99.0,4.612234840393066,99.0,customer-1,0,,waiter-1,-6.736998081207275,2.200000047683716,-0.4741563142070504,0.0,6.156009854467332,0,0,waiter-2,7.934947967529297,2.549999952316284,0.5000141686947401,0.0,8.52466887899543,0,0,customer-1,-4.45564603805542,-2.549999952316284,0.44899051751691843,0.0,6.103736154071373,0,0,customer-2,5.350414752960205,-2.200000047683716,0.41525356185786677,0.0,7.365261421199729,0,0
3,508,20.319999999999744,to_table,-0.5698464512825012,2.159400701522827,-0.5755541836730615,0.3839763402938843,0.3873302936553955,0.2199999988079071,0.35586094856262207,0.2199999988079071,0.35586094856262207,0,nominal-sac-a-star,4.627225815127891,99.0,99.0,4.608141670227051,99.0,customer-1,0,,waiter-1,-6.755964279174805,2.200000047683716,-0.4741567511763378,0.0,6.186251052735871,0,0,waiter-2,7.954948425292969,2.549999952316284,0.5000134373298692,0.0,8.533738656790925,0,0,customer-1,-4.437686443328857,-2.549999952316284,0.44898998292904224,0.0,6.094148071917305,0,0,customer-2,5.367024898529053,-2.200000047683716,0.4152516836788145,0.0,7.3655153462874425,0,0
3,509,20.359999999999744,to_table,-0.5578306913375854,2.151822566986084,-0.564675223404591,0.38412392139434814,0.4000774621963501,0.2199999988079071,0.354134202003479,0.2199999988079071,0.354134202003479,0,nominal-sac-a-star,4.622035944129849,99.0,99.0,4.605647811889648,99.0,customer-1,0,,waiter-1,-6.774930477142334,2.200000047683716,-0.47415718814562524,0.0,6.217286451201989,0,0,waiter-2,7.974948883056641,2.549999952316284,0.5000127059649984,0.0,8.54206488475636,0,0,customer-1,-4.419727325439453,-2.549999952316284,0.4489942167127481,0.0,6.084519752248833,0,0,customer-2,5.3836350440979,-2.200000047683716,0.4152498054997622,0.0,7.364738634527734,0,0
3,510,20.399999999999743,to_table,-0.5456933379173279,2.1443867683410645,-0.5540524684528567,0.39120256900787354,0.40869569778442383,0.2199999988079071,0.3502352833747864,0.2199999988079071,0.3502352833747864,0,nominal-sac-a-star,4.618115522817754,99.0,99.0,4.603164443969726,99.0,customer-1,0,,waiter-1,-6.793896675109863,2.200000047683716,-0.47415762511491266,0.0,6.248450830385335,0,0,waiter-2,7.9949493408203125,2.549999952316284,0.5000119746001275,0.0,8.550268967751212,0,0,customer-1,-4.401767730712891,-2.549999952316284,0.4489936821248719,0.0,6.075078304504208,0,0,customer-2,5.40024471282959,-2.200000047683716,0.41525269569229195,0.0,7.363957910700602,0,0
3,511,20.439999999999742,to_table,-0.5342849493026733,2.1366708278656006,-0.5455711610342766,0.4007246494293213,-0.35861706733703613,0.2199999988079071,0.25358423590660095,0.2199999988079071,0.25358423590660095,0,nominal-sac-a-star,4.614240898786982,99.0,99.0,4.598595390319824,99.0,customer-1,0,,waiter-1,-6.812862873077393,2.200000047683716,-0.4741580620842001,0.0,6.278897302472309,0,0,waiter-2,8.014949798583984,2.549999952316284,0.5000112432352566,0.0,8.559220510045982,0,0,customer-1,-4.383808135986328,-2.549999952316284,0.4489931475369957,0.0,6.064957688774569,0,0,customer-2,5.4168548583984375,-2.200000047683716,0.41525081751323967,0.0,7.363611837518494,0,0
3,512,20.47999999999974,to_table,-0.522824227809906,2.1286351680755615,-0.5372191144790608,0.5340534448623657,0.4712916612625122,0.2199999988079071,0.3530732989311218,0.2199999988079071,0.3530732989311218,0,nominal-sac-a-star,4.608562469553442,99.0,99.0,4.593719730377197,99.0,customer-1,0,,waiter-1,-6.831829071044922,2.200000047683716,-0.4741584990534875,0.0,6.309408455473807,0,0,waiter-2,8.034950256347656,2.549999952316284,0.5000105118703857,0.0,8.568141712360765,0,0,customer-1,-4.365848541259766,-2.549999952316284,0.4489926129491195,0.0,6.054623230518211,0,0,customer-2,5.433464527130127,-2.200000047683716,0.4152537077057694,0.0,7.363046826099672,0,0
3,513,20.51999999999974,to_table,-0.5116559267044067,2.1214165687561035,-0.5291339461445149,-0.10603070259094238,-0.9708507657051086,0.2199999988079071,0.18150334060192108,0.2199999988079071,0.18150334060192108,0,nominal-sac-a-star,4.602595677847231,99.0,99.0,4.5891149139404295,99.0,customer-1,0,,waiter-1,-6.850795269012451,2.200000047683716,-0.4741589360227749,0.0,6.33962640574017,0,0,waiter-2,8.054950714111328,2.549999952316284,0.5000097805055148,0.0,8.57732085532144,0,0,customer-1,-4.347888946533203,-2.549999952316284,0.44899207836124333,0.0,6.044734576122662,0,0,customer-2,5.450074672698975,-2.200000047683716,0.41525182952671713,0.0,7.363210801865228,0,0
3,514,20.55999999999974,to_table,-0.5002228617668152,2.1151318550109863,-0.5219815956887074,0.8561669588088989,-0.2943379878997803,0.2199999988079071,0.2632172107696533,0.2199999988079071,0.2632172107696533,0,nominal-sac-a-star,4.596936467552192,99.0,99.0,4.584789047241211,99.0,customer-1,0,,waiter-1,-6.8697614669799805,2.200000047683716,-0.47415937299206234,0.0,6.370103975087723,0,0,waiter-2,8.074950218200684,2.549999952316284,0.500018585883808,0.0,8.586192614509251,0,0,customer-1,-4.329929351806641,-2.549999952316284,0.44899154377336714,0.0,6.035735794382468,0,0,customer-2,5.466684818267822,-2.200000047683716,0.41524995134766485,0.0,7.363718530722772,0,0
3,515,20.59999999999974,to_table,-0.48890915513038635,2.108438730239868,-0.5147441102204309,0.8637042045593262,-0.2689403295516968,0.2199999988079071,0.26571759581565857,0.2199999988079071,0.26571759581565857,0,nominal-sac-a-star,4.5916790799486025,99.0,99.0,4.58012128829956,99.0,customer-1,0,,waiter-1,-6.88872766494751,2.200000047683716,-0.47415980996134977,0.0,6.400473453850888,0,0,waiter-2,8.094950675964355,2.549999952316284,0.5000178545189371,0.0,8.595209474627334,0,0,customer-1,-4.311969757080078,-2.549999952316284,0.44899100918549095,0.0,6.026345768815082,0,0,customer-2,5.483294486999512,-2.200000047683716,0.4152528415401946,0.0,7.364092683160994,0,0
3,516,20.639999999999738,to_table,-0.47762706875801086,2.1018788814544678,-0.508190050988403,0.8578025102615356,-0.23300206661224365,0.2199999988079071,0.27119719982147217,0.2199999988079071,0.27119719982147217,0,nominal-sac-a-star,4.586069486768175,99.0,99.0,4.575087795257568,99.0,customer-1,0,,waiter-1,-6.907693862915039,2.200000047683716,-0.4741602469306372,0.0,6.430815402465152,0,0,waiter-2,8.114951133728027,2.549999952316284,0.5000171231540662,0.0,8.60425549713562,0,0,customer-1,-4.294010162353516,-2.549999952316284,0.44899047459761476,0.0,6.017038856544465,0,0,customer-2,5.499904632568359,-2.200000047683716,0.4152509633611423,0.0,7.36458061000929,0,0
3,517,20.679999999999737,to_table,-0.4662940502166748,2.0953311920166016,-0.5018821458469959,0.8399887084960938,-0.16169500350952148,0.2199999988079071,0.2820383310317993,0.2199999988079071,0.2820383310317993,0,nominal-sac-a-star,4.580184150255046,99.0,99.0,4.5699312782287596,99.0,customer-1,0,,waiter-1,-6.926660060882568,2.200000047683716,-0.4741606838999246,0.0,6.461213861273578,0,0,waiter-2,8.1349515914917,2.549999952316284,0.5000163917891953,0.0,8.613254336811362,0,0,customer-1,-4.276050567626953,-2.549999952316284,0.4489899400097386,0.0,6.007773810860323,0,0,customer-2,5.516514778137207,-2.200000047683716,0.41524908518209,0.0,7.365043919446415,0,0
3,518,20.719999999999736,to_table,-0.4548489451408386,2.088836669921875,-0.4947471736928361,0.8394260406494141,-0.1521364450454712,0.2199999988079071,0.37511324882507324,0.2199999988079071,0.37511324882507324,0,nominal-sac-a-star,4.5742089270854285,99.0,99.0,4.565419921875,99.0,customer-1,0,,waiter-1,-6.945626735687256,2.200000047683716,-0.47415635249763,0.0,6.491729632602243,0,0,waiter-2,8.154952049255371,2.549999952316284,0.5000156604243244,0.0,8.622142699824375,0,0,customer-1,-4.258091449737549,-2.549999952316284,0.4489941737934444,0.0,5.998621404671993,0,0,customer-2,5.5331244468688965,-2.200000047683716,0.4152519753746198,0.0,7.36545624749061,0,0
3,519,20.759999999999735,to_table,-0.44330039620399475,2.082430839538574,-0.48682822979576434,0.8329558372497559,-0.12002569437026978,0.2199999988079071,0.3805312216281891,0.2199999988079071,0.3805312216281891,0,nominal-sac-a-star,4.568771633421283,99.0,99.0,4.561544189453125,99.0,customer-1,0,,waiter-1,-6.964592933654785,2.200000047683716,-0.4741567894669174,0.0,6.522352250355331,0,0,waiter-2,8.174952507019043,2.549999952316284,0.5000149290594536,0.0,8.630927179575556,0,0,customer-1,-4.240131855010986,-2.549999952316284,0.44899363920556823,0.0,5.989603005868708,0,0,customer-2,5.549734592437744,-2.200000047683716,0.4152500971955675,0.0,7.365845686607857,0,0
3,520,20.799999999999734,to_table,-0.43167904019355774,2.0760135650634766,-0.47842349135390383,0.828101396560669,-0.10418790578842163,0.2199999988079071,0.38328641653060913,0.2199999988079071,0.38328641653060913,0,nominal-sac-a-star,4.563870377293226,99.0,99.0,4.558012733459472,99.0,customer-1,0,,waiter-1,-6.9835591316223145,2.200000047683716,-0.47415722643620484,0.0,6.5530531342522345,0,0,waiter-2,8.194952964782715,2.549999952316284,0.5000141976945827,0.0,8.639643675787903,0,0,customer-1,-4.222172260284424,-2.549999952316284,0.44899310461769204,0.0,5.980622034080994,0,0,customer-2,5.566344261169434,-2.200000047683716,0.41525298738809724,0.0,7.366177837935539,0,0
3,521,20.839999999999733,to_table,-0.42000365257263184,2.0696423053741455,-0.46965308356445085,0.8233568668365479,-0.08944684267044067,0.2199999988079071,0.38585299253463745,0.2199999988079071,0.38585299253463745,0,nominal-sac-a-star,4.559251571404171,99.0,99.0,4.554777870178222,99.0,customer-1,0,,waiter-1,-7.002525329589844,2.200000047683716,-0.47415766340549226,0.0,6.583812327928366,0,0,waiter-2,8.214953422546387,2.549999952316284,0.5000134663297118,0.0,8.648307762685356,0,0,customer-1,-4.204212665557861,-2.549999952316284,0.44899257002981585,0.0,5.971711014692336,0,0,customer-2,5.582954406738281,-2.200000047683716,0.41525110920904496,0.0,7.366501970736946,0,0
3,522,20.879999999999733,to_table,-0.408260703086853,2.063314437866211,-0.46064512508881894,0.8185341358184814,-0.07478725910186768,0.2199999988079071,0.3884064853191376,0.2199999988079071,0.3884064853191376,0,nominal-sac-a-star,4.554884647522979,99.0,99.0,4.5517637825012205,99.0,customer-1,0,,waiter-1,-7.021491527557373,2.200000047683716,-0.4741581003747797,0.0,6.614643217412275,0,0,waiter-2,8.234953880310059,2.549999952316284,0.5000127349648409,0.0,8.656905978732851,0,0,customer-1,-4.186253070831299,-2.549999952316284,0.44899203544193966,0.0,5.962876486512208,0,0,customer-2,5.599564552307129,-2.200000047683716,0.41524923102999267,0.0,7.366804918148003,0,0
3,523,20.91999999999973,to_table,-0.39642196893692017,2.0570266246795654,-0.45142781817364364,0.8140913248062134,-0.06280249357223511,0.2199999988079071,0.39083316922187805,0.2199999988079071,0.39083316922187805,0,nominal-sac-a-star,4.550708644731526,99.0,99.0,4.54896427154541,99.0,customer-1,0,,waiter-1,-7.040457725524902,2.200000047683716,-0.4741585373440671,0.0,6.645573905578446,0,0,waiter-2,8.25495433807373,2.549999952316284,0.50001200359997,0.0,8.665410244602759,0,0,customer-1,-4.168293476104736,-2.549999952316284,0.4489915008540635,0.0,5.954133736130765,0,0,customer-2,5.616174221038818,-2.200000047683716,0.4152521212225224,0.0,7.367061085190156,0,0
3,524,20.95999999999973,to_table,-0.3844909369945526,2.0507936477661133,-0.4420071322970108,0.8100097179412842,-0.055009663105010986,0.2199999988079071,0.3930280804634094,0.2199999988079071,0.3930280804634094,0,nominal-sac-a-star,4.546723057129513,99.0,99.0,4.546384582519531,99.0,customer-1,0,,waiter-1,-7.059423923492432,2.200000047683716,-0.4741589743133545,0.0,6.676600401702491,0,0,waiter-2,8.274954795837402,2.549999952316284,0.5000112722350991,0.0,8.67382310946933,0,0,customer-1,-4.150333881378174,-2.549999952316284,0.4489909662661873,0.0,5.945491975633559,0,0,customer-2,5.632784366607666,-2.200000047683716,0.41525024304347014,0.0,7.367282342941472,0,0
3,525,20.99999999999973,to_table,-0.37248262763023376,2.0445756912231445,-0.4323076478368248,0.8054623603820801,-0.04682272672653198,0.2199999988079071,0.3955593407154083,0.2199999988079071,0.3955593407154083,0,nominal-sac-a-star,4.542933120351422,99.0,99.0,4.544030437469482,99.0,customer-1,0,,waiter-1,-7.078390121459961,2.200000047683716,-0.47415941128264194,0.0,6.7077084049907,0,0,waiter-2,8.294955253601074,2.549999952316284,0.5000105408702282,0.0,8.682161776234363,0,0,customer-1,-4.132374286651611,-2.549999952316284,0.4489904316783111,0.0,5.9369108660804635,0,0,customer-2,5.6493940353393555,-2.200000047683716,0.4152531332359999,0.0,7.367456938953527,0,0
3,526,21.03999999999973,to_table,-0.36039024591445923,2.0384137630462646,-0.42247480984190455,0.8270366191864014,-0.09553641080856323,0.2199999988079071,0.39163079857826233,0.2199999988079071,0.39163079857826233,0,nominal-sac-a-star,4.539335935066737,99.0,99.0,4.541844139099121,99.0,customer-1,0,,waiter-1,-7.09735631942749,2.200000047683716,-0.47415984825192936,0.0,6.7389036202522234,0,0,waiter-2,8.314955711364746,2.549999952316284,0.5000098095053573,0.0,8.690417015743979,0,0,customer-1,-4.114414691925049,-2.549999952316284,0.4489898970904349,0.0,5.9284264324163,0,0,customer-2,5.666004180908203,-2.200000047683716,0.4152512550569476,0.0,7.367603505796568,0,0
3,527,21.07999999999973,to_table,-0.3484002649784088,2.0323524475097656,-0.41577560523010443,0.8582668304443359,-0.1775774359703064,0.2199999988079071,0.09958634525537491,0.2199999988079071,0.09958634525537491,0,nominal-sac-a-star,4.535891959718141,99.0,99.0,4.537658939361572,99.0,customer-1,0,,waiter-1,-7.1163225173950195,2.200000047683716,-0.4741602852212168,0.0,6.769998325893442,0,0,waiter-2,8.334955215454102,2.549999952316284,0.5000186148836505,0.0,8.698771254538755,0,0,customer-1,-4.0964555740356445,-2.549999952316284,0.44899413087414075,0.0,5.919955415030056,0,0,customer-2,5.682614326477051,-2.200000047683716,0.4152493768778953,0.0,7.367899608838272,0,0
3,528,21.119999999999727,to_table,-0.3364330232143402,2.026942729949951,-0.41309307653408567,0.8304557800292969,-0.14824652671813965,0.2199999988079071,0.09895464032888412,0.2199999988079071,0.09895464032888412,0,nominal-sac-a-star,4.530851810509071,99.0,99.0,4.531402359008789,99.0,customer-1,0,,waiter-1,-7.135288715362549,2.200000047683716,-0.4741607221905042,0.0,6.8010578263882815,0,0,waiter-2,8.354955673217773,2.549999952316284,0.5000178835187796,0.0,8.707113547573472,0,0,customer-1,-4.078495979309082,-2.549999952316284,0.44899359628626456,0.0,5.9119742458951015,0,0,customer-2,5.69922399520874,-2.200000047683716,0.41525226707042506,0.0,7.3685955846028905,0,0
3,529,21.159999999999727,to_table,-0.3248116374015808,2.0213124752044678,-0.40511037968120805,0.8295035362243652,-0.139590322971344,0.2199999988079071,0.40642160177230835,0.2199999988079071,0.40642160177230835,0,nominal-sac-a-star,4.524253204214685,99.0,99.0,4.528131256103515,99.0,customer-1,0,,waiter-1,-7.154255390167236,2.200000047683716,-0.4741563907882096,0.0,6.831780969904433,0,0,waiter-2,8.374956130981445,2.549999952316284,0.5000171521539087,0.0,8.715817211957296,0,0,customer-1,-4.0605363845825195,-2.549999952316284,0.4489930616983884,0.0,5.903603704239111,0,0,customer-2,5.715834140777588,-2.200000047683716,0.4152503888913728,0.0,7.369455938760094,0,0
3,530,21.199999999999726,to_table,-0.31277137994766235,2.0162510871887207,-0.39903245203967835,0.8624095916748047,-0.1680881381034851,0.2199999988079071,0.09020276367664337,0.2199999988079071,0.09020276367664337,0,nominal-sac-a-star,4.519965843332236,99.0,99.0,4.524346599578857,99.0,customer-1,0,,waiter-1,-7.173221588134766,2.200000047683716,-0.474156827757497,0.0,6.862910515189416,0,0,waiter-2,8.394956588745117,2.549999952316284,0.5000164207890379,0.0,8.724070966457084,0,0,customer-1,-4.042576789855957,-2.549999952316284,0.4489925271105122,0.0,5.8959390220355665,0,0,customer-2,5.732443809509277,-2.200000047683716,0.4152532790839025,0.0,7.3703053070516695,0,0
3,531,21.239999999999725,to_table,-0.3008233606815338,2.011516809463501,-0.3971183805266593,0.8333241939544678,-0.12398552894592285,0.2199999988079071,0.09046465158462524,0.2199999988079071,0.09046465158462524,0,nominal-sac-a-star,4.515408810721733,99.0,99.0,4.5181124305725096,99.0,customer-1,0,,waiter-1,-7.192187786102295,2.200000047683716,-0.47415726472678443,0.0,6.89394151230229,0,0,waiter-2,8.414957046508789,2.549999952316284,0.500015689424167,0.0,8.732398994634826,0,0,customer-1,-4.0246171951293945,-2.549999952316284,0.448991992522636,0.0,5.88846972391553,0,0,customer-2,5.749053955078125,-2.200000047683716,0.41525140090485024,0.0,7.371423863391554,0,0
3,532,21.279999999999724,to_table,-0.2886672914028168,2.006329298019409,-0.39562973881325636,0.8319218158721924,-0.11769348382949829,0.2199999988079071,0.09077794849872589,0.2199999988079071,0.09077794849872589,0,nominal-sac-a-star,4.5089316696415445,99.0,99.0,4.511383304595947,99.0,customer-1,0,,waiter-1,-7.211153984069824,2.200000047683716,-0.47415770169607185,0.0,6.92519533077785,0,0,waiter-2,8.434957504272461,2.549999952316284,0.5000149580592961,0.0,8.74054960263164,0,0,customer-1,-4.006657600402832,-2.549999952316284,0.4489914579347598,0.0,5.880781255520618,0,0,customer-2,5.765664100646973,-2.200000047683716,0.41524952272579796,0.0,7.372118770698341,0,0
3,533,21.319999999999723,to_table,-0.2765651345252991,2.001215696334839,-0.3935161758989264,0.8308463096618652,-0.11622613668441772,0.2199999988079071,0.09201590716838837,0.2199999988079071,0.09201590716838837,0,nominal-sac-a-star,4.502013890221048,99.0,99.0,4.505075225830078,99.0,customer-1,0,,waiter-1,-7.2301201820373535,2.200000047683716,-0.4741581386653593,0.0,6.956395835281483,0,0,waiter-2,8.454957962036133,2.549999952316284,0.5000142266944252,0.0,8.748751896436362,0,0,customer-1,-3.9886980056762695,-2.549999952316284,0.4489909233468836,0.0,5.873116237024975,0,0,customer-2,5.782273769378662,-2.200000047683716,0.4152524129183277,0.0,7.372905980090179,0,0
3,534,21.359999999999722,to_table,-0.26462528109550476,1.9965835809707642,-0.3916307101026322,0.8309476375579834,-0.11225742101669312,0.2199999988079071,0.09280312806367874,0.2199999988079071,0.09280312806367874,0,nominal-sac-a-star,4.4954376555192415,99.0,99.0,4.498897800445556,99.0,customer-1,0,,waiter-1,-7.249086380004883,2.200000047683716,-0.4741585756346467,0.0,6.98742263650256,0,0,waiter-2,8.474958419799805,2.549999952316284,0.5000134953295543,0.0,8.757088154462544,0,0,customer-1,-3.970738410949707,-2.549999952316284,0.44899038875900743,0.0,5.865722151315612,0,0,customer-2,5.79888391494751,-2.200000047683716,0.4152505347392754,0.0,7.374107262766728,0,0
3,535,21.39999999999972,to_table,-0.25248873233795166,1.9913524389266968,-0.38977902660771724,0.8310133218765259,-0.10663408041000366,0.2199999988079071,0.09318830072879791,0.2199999988079071,0.09318830072879791,0,nominal-sac-a-star,4.489021239506085,99.0,99.0,4.49235273361206,99.0,customer-1,0,,waiter-1,-7.268052577972412,2.200000047683716,-0.4741590126039341,0.0,7.018665820283325,0,0,waiter-2,8.494958877563477,2.549999952316284,0.5000127639646834,0.0,8.765268206517504,0,0,customer-1,-3.9527788162231445,-2.549999952316284,0.44898985417113124,0.0,5.857988412957765,0,0,customer-2,5.815493583679199,-2.200000047683716,0.41525342493180517,0.0,7.374811526711185,0,0
3,536,21.43999999999972,to_table,-0.24032962322235107,1.9863929748535156,-0.3880426855804578,0.830089807510376,-0.10549414157867432,0.2199999988079071,0.09451910108327866,0.2199999988079071,0.09451910108327866,0,nominal-sac-a-star,4.482241553043724,99.0,99.0,4.485961685180664,99.0,customer-1,0,,waiter-1,-7.287018775939941,2.200000047683716,-0.47415944957322154,0.0,7.049925956816201,0,0,waiter-2,8.514959335327148,2.549999952316284,0.5000120325998125,0.0,8.77341082890477,0,0,customer-1,-3.9348196983337402,-2.549999952316284,0.4489940879548371,0.0,5.850480126004424,0,0,customer-2,5.832103729248047,-2.200000047683716,0.4152515467527529,0.0,7.375658164485614,0,0
3,537,21.47999999999972,to_table,-0.22825782001018524,1.9815536737442017,-0.386235373920461,0.8299766778945923,-0.10083413124084473,0.2199999988079071,0.09590114653110504,0.2199999988079071,0.09590114653110504,0,nominal-sac-a-star,4.475630056381597,99.0,99.0,4.479655036926269,99.0,customer-1,0,,waiter-1,-7.305984973907471,2.200000047683716,-0.47415988654250896,0.0,7.081097406709096,0,0,waiter-2,8.53495979309082,2.549999952316284,0.5000113012349416,0.0,8.781635047426313,0,0,customer-1,-3.9168601036071777,-2.549999952316284,0.4489935533669609,0.0,5.8430099325962885,0,0,customer-2,5.8487138748168945,-2.200000047683716,0.4152496685737006,0.0,7.376650764738505,0,0
3,538,21.51999999999972,to_table,-0.21615803241729736,1.976622462272644,-0.38452142099399506,0.8298416137695312,-0.0966985821723938,0.2199999988079071,0.09706041216850281,0.2199999988079071,0.09706041216850281,0,nominal-sac-a-star,4.469094394313536,99.0,99.0,4.473234424591064,99.0,customer-1,0,,waiter-1,-7.324951171875,2.200000047683716,-0.4741603235117964,0.0,7.1123018387344175,0,0,waiter-2,8.554960250854492,2.549999952316284,0.5000105698700708,0.0,8.789839457307137,0,0,customer-1,-3.8989005088806152,-2.549999952316284,0.4489930187790847,0.0,5.835486494903923,0,0,customer-2,5.865323543548584,-2.200000047683716,0.41525255876623035,0.0,7.377573703426258,0,0
3,539,21.559999999999718,to_table,-0.2040519267320633,1.971717119216919,-0.3827701185156873,0.829392671585083,-0.09350287914276123,0.2199999988079071,0.09862000495195389,0.2199999988079071,0.09862000495195389,0,nominal-sac-a-star,4.4624570026185095,99.0,99.0,4.466861972808838,99.0,customer-1,0,,waiter-1,-7.343917369842529,2.200000047683716,-0.4741607604810838,0.0,7.143513956110983,0,0,waiter-2,8.574960708618164,2.549999952316284,0.5000098385051999,0.0,8.798038070314107,0,0,customer-1,-3.8809409141540527,-2.549999952316284,0.4489924841912085,0.0,5.827987465739773,0,0,customer-2,5.881933689117432,-2.200000047683716,0.41525068058717807,0.0,7.3785123864462285,0,0
3,540,21.599999999999717,to_table,-0.19192971289157867,1.9668376445770264,-0.3823871211190339,0.7313970327377319,-0.7324448823928833,0.2199999988079071,0.023202192038297653,0.2199999988079071,0.023202192038297653,0,nominal-sac-a-star,4.455862848121125,99.0,99.0,4.459654102325439,99.0,customer-1,0,,waiter-1,-7.362884044647217,2.200000047683716,-0.4741564290787892,0.0,7.1747439490442755,0,0,waiter-2,8.59496021270752,2.549999952316284,0.500018643883493,0.0,8.806220122263735,0,0,customer-1,-3.8629813194274902,-2.549999952316284,0.44899194960333233,0.0,5.820519029653527,0,0,customer-2,5.898543357849121,-2.200000047683716,0.4152535707797078,0.0,7.379457878398824,0,0
3,541,21.639999999999716,to_table,-0.17980612814426422,1.9619652032852173,-0.38134696513653704,0.7818166017532349,-0.2716503143310547,0.2199999988079071,0.08156703412532806,0.2199999988079071,0.08156703412532806,0,nominal-sac-a-star,4.448606510411939,99.0,99.0,4.452869186401367,99.0,customer-1,0,,waiter-1,-7.381850242614746,2.200000047683716,-0.4741568660480766,0.0,7.205976687023538,0,0,waiter-2,8.614960670471191,2.549999952316284,0.5000179125186222,0.0,8.814403434611828,0,0,customer-1,-3.8450217247009277,-2.549999952316284,0.44899141501545614,0.0,5.813057279487645,0,0,customer-2,5.915153503417969,-2.200000047683716,0.41525169260065553,0.0,7.3804124316088275,0,0
3,542,21.679999999999715,to_table,-0.16769050061702728,1.9571082592010498,-0.3801749256466149,0.7839772701263428,-0.2816094756126404,0.2199999988079071,0.08284234255552292,0.2199999988079071,0.08284234255552292,0,nominal-sac-a-star,4.441689635537561,99.0,99.0,4.446174392700195,99.0,customer-1,0,,waiter-1,-7.400816440582275,2.200000047683716,-0.47415730301736403,0.0,7.237203001457846,0,0,waiter-2,8.634961128234863,2.549999952316284,0.5000171811537513,0.0,8.822595777813573,0,0,customer-1,-3.8270621299743652,-2.549999952316284,0.44899088042757995,0.0,5.8056029102990125,0,0,customer-2,5.931763648986816,-2.200000047683716,0.41524981442160325,0.0,7.381388107821581,0,0
3,543,21.719999999999715,to_table,-0.1555566042661667,1.9522656202316284,-0.3769057060752172,0.783017635345459,-0.28054434061050415,0.2199999988079071,0.18336035311222076,0.2199999988079071,0.18336035311222076,0,nominal-sac-a-star,4.434847074555304,99.0,99.0,4.44082857131958,99.0,customer-1,0,,waiter-1,-7.419782638549805,2.200000047683716,-0.47415773998665145,0.0,7.268449093424897,0,0,waiter-2,8.654961585998535,2.549999952316284,0.5000164497888804,0.0,8.8307710372729,0,0,customer-1,-3.8091025352478027,-2.549999952316284,0.44899034583970376,0.0,5.798171535539687,0,0,customer-2,5.948373317718506,-2.200000047683716,0.415252704614133,0.0,7.382362133453511,0,0
3,544,21.759999999999714,to_table,-0.14339439570903778,1.9474468231201172,-0.37239045364920054,0.7891850471496582,-0.2862957715988159,0.2199999988079071,0.1840974986553192,0.2199999988079071,0.1840974986553192,0,nominal-sac-a-star,4.429088047768067,99.0,99.0,4.436304817199707,99.0,customer-1,0,,waiter-1,-7.438748836517334,2.200000047683716,-0.47415817695593887,0.0,7.299724621399002,0,0,waiter-2,8.674962043762207,2.549999952316284,0.5000157184240095,0.0,8.838918517956145,0,0,customer-1,-3.7911429405212402,-2.549999952316284,0.4489898112518276,0.0,5.790776886054481,0,0,customer-2,5.9649834632873535,-2.200000047683716,0.4152508264350807,0.0,7.3833322838957915,0,0
3,545,21.799999999999713,to_table,-0.13119813799858093,1.9426534175872803,-0.36762346020912434,0.7901031970977783,-0.2844545841217041,0.2199999988079071,0.184418722987175,0.2199999988079071,0.184418722987175,0,nominal-sac-a-star,4.423993741593475,99.0,99.0,4.43197847366333,99.0,customer-1,0,,waiter-1,-7.457715034484863,2.200000047683716,-0.4741586139252263,0.0,7.331035201287809,0,0,waiter-2,8.694962501525879,2.549999952316284,0.5000149870591386,0.0,8.84703235259927,0,0,customer-1,-3.773183822631836,-2.549999952316284,0.4489940450355334,0.0,5.783424074817566,0,0,customer-2,5.981593608856201,-2.200000047683716,0.4152489482560284,0.0,7.384294189273456,0,0
3,546,21.839999999999712,to_table,-0.11896376311779022,1.9378864765167236,-0.36283994553438687,0.7907592058181763,-0.2793274521827698,0.2199999988079071,0.185042604804039,0.2199999988079071,0.185042604804039,0,nominal-sac-a-star,4.4190652015071095,99.0,99.0,4.427703151702881,99.0,customer-1,0,,waiter-1,-7.476681232452393,2.200000047683716,-0.4741590508945137,0.0,7.3623847958892705,0,0,waiter-2,8.71496295928955,2.549999952316284,0.5000142556942677,0.0,8.855108369981584,0,0,customer-1,-3.7552242279052734,-2.549999952316284,0.44899351044765723,0.0,5.776115889235601,0,0,customer-2,5.998203277587891,-2.200000047683716,0.4152518384485582,0.0,7.385244578959825,0,0
3,547,21.87999999999971,to_table,-0.10907936096191406,1.932875633239746,-0.3579313635194865,0.7913501262664795,-0.273465633392334,0.10000000149011612,0.18596656620502472,0.10000000149011612,0.18596656620502472,0,nominal-sac-a-star,4.334633695495606,99.0,99.0,4.323398838043213,99.0,customer-1,0,,waiter-1,-7.495647430419922,2.200000047683716,-0.47415948786380113,0.0,7.391396572876376,0,0,waiter-2,8.734963417053223,2.549999952316284,0.5000135243293968,0.0,8.865547647187814,0,0,customer-1,-3.737264633178711,-2.549999952316284,0.44899297585978104,0.0,5.767139835750924,0,0,customer-2,6.014813423156738,-2.200000047683716,0.4152499602695059,0.0,7.388012197157573,0,0
3,548,21.91999999999971,to_table,-0.10213728994131088,1.9291502237319946,-0.35293452592254165,0.7658642530441284,-0.2612888813018799,0.10000000149011612,0.18957902491092682,0.10000000149011612,0.18957902491092682,0,nominal-sac-a-star,4.3270148765990575,99.0,99.0,4.315544376373291,99.0,customer-1,0,,waiter-1,-7.514613628387451,2.200000047683716,-0.47415992483308855,0.0,7.417423076457118,0,0,waiter-2,8.754963874816895,2.549999952316284,0.5000127929645259,0.0,8.878834125505687,0,0,customer-1,-3.7193050384521484,-2.549999952316284,0.44899244127190485,0.0,5.757316112604926,0,0,customer-2,6.031423091888428,-2.200000047683716,0.41525285046203564,0.0,7.393946505181371,0,0
3,549,21.95999999999971,to_table,-0.09601127356290817,1.9262588024139404,-0.3475136007135109,0.7689491510391235,-0.2528327703475952,0.10000000149011612,0.19096754491329193,0.10000000149011612,0.19096754491329193,0,nominal-sac-a-star,4.318769084140696,99.0,99.0,4.308048973083496,99.0,customer-1,0,,waiter-1,-7.5335798263549805,2.200000047683716,-0.474160361802376,0.0,7.442604399458795,0,0,waiter-2,8.774964332580566,2.549999952316284,0.500012061599655,0.0,8.892876993800943,0,0,customer-1,-3.701345443725586,-2.549999952316284,0.44899190668402866,0.0,5.747636637596499,0,0,customer-2,6.048033237457275,-2.200000047683716,0.41525097228298335,0.0,7.401033377266074,0,0
3,550,21.99999999999971,to_table,-0.08985099196434021,1.9233826398849487,-0.34315434352632146,0.771855354309082,-0.2456013560295105,0.10000000149011612,0.19003528356552124,0.10000000149011612,0.19003528356552124,0,nominal-sac-a-star,4.310841361116071,99.0,99.0,4.300288925170898,99.0,customer-1,0,,waiter-1,-7.55254602432251,2.200000047683716,-0.4741607987716634,0.0,7.46781991857601,0,0,waiter-2,8.794964790344238,2.549999952316284,0.5000113302347842,0.0,8.906885019006268,0,0,customer-1,-3.6833858489990234,-2.549999952316284,0.4489913720961525,0.0,5.738000050970051,0,0,customer-2,6.064643383026123,-2.200000047683716,0.41524909410393107,0.0,7.408109461929557,0,0
3,551,22.039999999999708,to_table,-0.08408982306718826,1.9213863611221313,-0.33787376090486027,0.7727534770965576,-0.23954278230667114,0.10000000149011612,0.19035586714744568,0.10000000149011612,0.19035586714744568,0,nominal-sac-a-star,4.302711326684527,99.0,99.0,4.2933127975463865,99.0,customer-1,0,,waiter-1,-7.571512699127197,2.200000047683716,-0.4741564673693688,0.0,7.492604814834837,0,0,waiter-2,8.81496524810791,2.549999952316284,0.5000105988699133,0.0,8.92122952326871,0,0,customer-1,-3.665426254272461,-2.549999952316284,0.4489908375082763,0.0,5.728810190387049,0,0,customer-2,6.0812530517578125,-2.200000047683716,0.4152519842964608,0.0,7.416015014470033,0,0
3,552,22.079999999999707,to_table,-0.07834591716527939,1.9193854331970215,-0.3330255997908028,0.775809645652771,-0.23259669542312622,0.10000000149011612,0.18754303455352783,0.10000000149011612,0.18754303455352783,0,nominal-sac-a-star,4.2952980987257705,99.0,99.0,4.286211261749267,99.0,customer-1,0,,waiter-1,-7.590478897094727,2.200000047683716,-0.4741569043386562,0.0,7.517372311519976,0,0,waiter-2,8.834965705871582,2.549999952316284,0.5000098675050424,0.0,8.935591685002624,0,0,customer-1,-3.6474666595458984,-2.549999952316284,0.4489903029204001,0.0,5.719617871670406,0,0,customer-2,6.09786319732666,-2.200000047683716,0.41525010611740854,0.0,7.4239407167638625,0,0
3,553,22.119999999999706,to_table,-0.07276272028684616,1.917521357536316,-0.32806477885772883,0.777208685874939,-0.22699648141860962,0.10000000149011612,0.1852015107870102,0.10000000149011612,0.1852015107870102,0,nominal-sac-a-star,4.287785296491614,99.0,99.0,4.279181728363037,99.0,customer-1,0,,waiter-1,-7.609445095062256,2.200000047683716,-0.4741573413079436,0.0,7.541974239457312,0,0,waiter-2,8.854965209960938,2.549999952316284,0.5000186728833356,0.0,8.950103640147482,0,0,customer-1,-3.629507064819336,-2.549999952316284,0.4489897683325239,0.0,5.710444552427679,0,0,customer-2,6.11447286605835,-2.200000047683716,0.4152529963099383,0.0,7.432083605785226,0,0
3,554,22.159999999999705,to_table,-0.06714725494384766,1.915651798248291,-0.323139464317088,0.7790043354034424,-0.22165334224700928,0.10000000149011612,0.1824571043252945,0.10000000149011612,0.1824571043252945,0,nominal-sac-a-star,4.28033352420555,99.0,99.0,4.2721712684631346,99.0,customer-1,0,,waiter-1,-7.628411293029785,2.200000047683716,-0.47415777827723105,0.0,7.566608737116559,0,0,waiter-2,8.87496566772461,2.549999952316284,0.5000179415184647,0.0,8.964584825987409,0,0,customer-1,-3.6115479469299316,-2.549999952316284,0.44899400211622975,0.0,5.701300011635231,0,0,customer-2,6.131083011627197,-2.200000047683716,0.415251118130886,0.0,7.4402048731443475,0,0
3,555,22.199999999999704,to_table,-0.06151643395423889,1.9137784242630005,-0.3183173802565986,0.7805179357528687,-0.21644443273544312,0.10000000149011612,0.17981646955013275,0.10000000149011612,0.17981646955013275,0,nominal-sac-a-star,4.2729024299977905,99.0,99.0,4.265151748657226,99.0,customer-1,0,,waiter-1,-7.6473774909973145,2.200000047683716,-0.47415821524651847,0.0,7.59125884122497,0,0,waiter-2,8.894966125488281,2.549999952316284,0.5000172101535938,0.0,8.979051045091374,0,0,customer-1,-3.593588352203369,-2.549999952316284,0.44899346752835356,0.0,5.692174402712981,0,0,customer-2,6.147693157196045,-2.200000047683716,0.4152492399518337,0.0,7.448319076347692,0,0
3,556,22.239999999999704,to_table,-0.055877652019262314,1.911916732788086,-0.3135948725679358,0.7820339202880859,-0.21094149351119995,0.10000000149011612,0.17742106318473816,0.10000000149011612,0.17742106318473816,0,nominal-sac-a-star,4.26546813142972,99.0,99.0,4.2581331825256346,99.0,customer-1,0,,waiter-1,-7.666343688964844,2.200000047683716,-0.4741586522158059,0.0,7.615916576212179,0,0,waiter-2,8.914966583251953,2.549999952316284,0.5000164787887229,0.0,8.993508574996872,0,0,customer-1,-3.5756287574768066,-2.549999952316284,0.4489929329404774,0.0,5.68307560649886,0,0,customer-2,6.164302825927734,-2.200000047683716,0.41525213014436346,0.0,7.456440490459138,0,0
3,557,22.279999999999703,to_table,-0.05023173242807388,1.9100772142410278,-0.30896166523999535,0.7835383415222168,-0.20554286241531372,0.10000000149011612,0.17517979443073273,0.10000000149011612,0.17517979443073273,0,nominal-sac-a-star,4.258040118946346,99.0,99.0,4.251127014160156,99.0,customer-1,0,,waiter-1,-7.685309886932373,2.200000047683716,-0.4741590891850933,0.0,7.640580715805587,0,0,waiter-2,8.934967041015625,2.549999952316284,0.500015747423852,0.0,9.007957488187868,0,0,customer-1,-3.557669162750244,-2.549999952316284,0.4489923983526012,0.0,5.67401142572615,0,0,customer-2,6.180912971496582,-2.200000047683716,0.4152502519653112,0.0,7.464576305473679,0,0
3,558,22.319999999999702,to_table,-0.04457918182015419,1.9082642793655396,-0.3044123828049812,0.785017728805542,-0.20025300979614258,0.10000000149011612,0.17305025458335876,0.10000000149011612,0.17305025458335876,0,nominal-sac-a-star,4.250629083011482,99.0,99.0,4.244138011932373,99.0,customer-1,0,,waiter-1,-7.704276084899902,2.200000047683716,-0.47415952615438073,0.0,7.6652505768282415,0,0,waiter-2,8.954967498779297,2.549999952316284,0.40063500835508137,0.0,9.022397970064619,0,0,customer-1,-3.5397095680236816,-2.549999952316284,0.448991863764725,0.0,5.66498511701988,0,0,customer-2,6.1975226402282715,-2.200000047683716,0.4152531421578409,0.0,7.4727284801286435,0,0
3,559,22.3599999999997,to_table,-0.03891958296298981,1.9064786434173584,-0.2999430468842531,0.7864634990692139,-0.1950625777244568,0.10000000149011612,0.17101441323757172,0.10000000149011612,0.17101441323757172,0,nominal-sac-a-star,4.243239779933625,99.0,99.0,4.237169036865234,99.0,customer-1,0,,waiter-1,-7.723242282867432,2.200000047683716,-0.47415996312366815,0.0,7.68992653872774,0,0,waiter-2,8.974967956542969,2.549999952316284,0.0006265844465147552,0.0,9.036829546354616,0,0,customer-1,-3.521749973297119,-2.549999952316284,0.4489913291768488,0.0,5.655997613336402,0,0,customer-2,6.214132785797119,-2.200000047683716,0.41525126397878864,0.0,7.480897751401472,0,0
3,560,22.3999999999997,to_table,-0.03325205296278,1.904719591140747,-0.29554944089337554,0.7878718376159668,-0.18997156620025635,0.10000000149011612,0.16906508803367615,0.10000000149011612,0.16906508803367615,0,nominal-sac-a-star,4.235874122117278,99.0,99.0,4.230221042633056,99.0,customer-1,0,,waiter-1,-7.742208480834961,2.200000047683716,-0.47416040009295557,0.0,7.714609501124995,0,0,waiter-2,8.99496841430664,2.549999952316284,-0.39938183946205186,0.0,9.051251380341908,0,0,customer-1,-3.5037903785705566,-2.549999952316284,0.4489907945889726,0.0,5.647049006372306,0,0,customer-2,6.230742931365967,-2.200000047683716,0.41524938579973636,0.0,7.48908248566184,0,0
3,561,22.4399999999997,to_table,-0.024889938533306122,1.9029783010482788,-0.2914708102935009,0.7892435789108276,-0.18497896194458008,0.2199999988079071,0.1671990603208542,0.2199999988079071,0.1671990603208542,0,nominal-sac-a-star,4.32036116338888,99.0,99.0,4.33773208618164,99.0,customer-1,0,,waiter-1,-7.761175155639648,2.200000047683716,-0.47415606869066096,0.0,7.74198494434034,0,0,waiter-2,8.985031127929688,2.549999952316284,-0.5000056694069954,0.0,9.033123194172834,0,0,customer-1,-3.485830783843994,-2.549999952316284,0.44899026000109643,0.0,5.6397807457096745,0,0,customer-2,6.247352600097656,-2.200000047683716,0.4152522759922661,0.0,7.495028872097512,0,0
3,562,22.4799999999997,to_table,-0.013715595938265324,1.900571584701538,-0.28537217900190515,0.8120439052581787,-0.16508251428604126,0.2199999988079071,0.21535341441631317,0.2199999988079071,0.21535341441631317,0,nominal-sac-a-star,4.315222781144608,99.0,99.0,4.335514316558838,99.0,customer-1,0,,waiter-1,-7.780141353607178,2.200000047683716,-0.4741565056599484,0.0,7.772195729253543,0,0,waiter-2,8.965030670166016,2.549999952316284,-0.5000049380421423,0.0,9.00220204815157,0,0,customer-1,-3.4678711891174316,-2.549999952316284,0.44898972541322024,0.0,5.63371794359676,0,0,customer-2,6.263962745666504,-2.200000047683716,0.4152503978132138,0.0,7.498262003489627,0,0
3,563,22.519999999999698,to_table,-0.0017506652511656284,1.8973621129989624,-0.27628084687040644,0.9616895914077759,0.5183652639389038,0.2199999988079071,0.2928904592990875,0.2199999988079071,0.2928904592990875,0,nominal-sac-a-star,4.312244577607118,99.0,99.0,4.334968814849853,99.0,customer-1,0,,waiter-1,-7.799107551574707,2.200000047683716,-0.4741569426292358,0.0,7.803227802147481,0,0,waiter-2,8.94503116607666,2.549999952316284,-0.5000137434204355,0.0,8.970554123725382,0,0,customer-1,-3.4499120712280273,-2.549999952316284,0.4489939591969261,0.0,5.6275080116934015,0,0,customer-2,6.280572414398193,-2.200000047683716,0.41525328800574357,0.0,7.500397319668421,0,0
3,564,22.559999999999697,to_table,0.010759422555565834,1.894182801246643,-0.2694151079610131,0.9086709022521973,-0.05504047870635986,0.2199999988079071,0.21782369911670685,0.2199999988079071,0.21782369911670685,0,nominal-sac-a-star,4.310571492570672,99.0,99.0,4.333390960693359,99.0,customer-1,0,,waiter-1,-7.818073749542236,2.200000047683716,-0.4741573795985232,0.0,7.834803955732223,0,0,waiter-2,8.925030708312988,2.549999952316284,-0.5000130120555646,0.0,8.938362752300693,0,0,customer-1,-3.431952476501465,-2.549999952316284,0.4489934246090499,0.0,5.621656834686285,0,0,customer-2,6.297182559967041,-2.200000047683716,0.4152514098266913,0.0,7.502096311235803,0,0
3,565,22.599999999999696,to_table,0.023626267910003662,1.890804648399353,-0.2627940854528843,0.9024473428726196,0.023290276527404785,0.2199999988079071,0.22375468909740448,0.2199999988079071,0.22375468909740448,0,nominal-sac-a-star,4.308142937784177,99.0,99.0,4.331707248687744,99.0,customer-1,0,,waiter-1,-7.837039947509766,2.200000047683716,-0.47415781656781064,0.0,7.8667448887821685,0,0,waiter-2,8.905030250549316,2.549999952316284,-0.5000122806906937,0.0,8.905833770711622,0,0,customer-1,-3.4139928817749023,-2.549999952316284,0.4489928900211737,0.0,5.615867779784131,0,0,customer-2,6.313792705535889,-2.200000047683716,0.415249531647639,0.0,7.503391025031975,0,0
3,566,22.639999999999695,to_table,0.036483194679021835,1.8873599767684937,-0.25668524318041064,0.9025938510894775,0.02460038661956787,0.2199999988079071,0.22144220769405365,0.2199999988079071,0.22144220769405365,0,nominal-sac-a-star,4.305641883450591,99.0,99.0,4.329642543792724,99.0,customer-1,0,,waiter-1,-7.856006145477295,2.200000047683716,-0.47415825353709806,0.0,7.898679117322273,0,0,waiter-2,8.885029792785645,2.549999952316284,-0.5000115493258228,0.0,8.873323426769604,0,0,customer-1,-3.39603328704834,-2.549999952316284,0.4489923554332975,0.0,5.610020725235982,0,0,customer-2,6.330402374267578,-2.200000047683716,0.41525242184016875,0.0,7.504660592504011,0,0
3,567,22.679999999999694,to_table,0.04925473406910896,1.8834991455078125,-0.25056110322520986,0.9021167755126953,0.03279411792755127,0.2199999988079071,0.22108519077301025,0.2199999988079071,0.22108519077301025,0,nominal-sac-a-star,4.302824372250286,99.0,99.0,4.327196369171142,99.0,customer-1,0,,waiter-1,-7.874972343444824,2.200000047683716,-0.4741586905063855,0.0,7.930545226974194,0,0,waiter-2,8.865029335021973,2.549999952316284,-0.5000108179609697,0.0,8.84093349936996,0,0,customer-1,-3.3780736923217773,-2.549999952316284,0.44899182084542133,0.0,5.603792857766435,0,0,customer-2,6.347012519836426,-2.200000047683716,0.41525054366111647,0.0,7.505779026123053,0,0
3,568,22.719999999999693,to_table,0.06200089305639267,1.8801823854446411,-0.24445416143968343,0.9017720222473145,0.03747451305389404,0.2199999988079071,0.2217947244644165,0.2199999988079071,0.2217947244644165,0,nominal-sac-a-star,4.299624092185376,99.0,99.0,4.325154075622558,99.0,customer-1,0,,waiter-1,-7.8939385414123535,2.200000047683716,-0.4741591274756729,0.0,7.962364951571545,0,0,waiter-2,8.8450288772583,2.549999952316284,-0.5000100865960988,0.0,8.808532008465638,0,0,customer-1,-3.360114097595215,-2.549999952316284,0.44899128625754514,0.0,5.5979805783024394,0,0,customer-2,6.363622188568115,-2.200000047683716,0.4152534338536462,0.0,7.507217836166477,0,0
3,569,22.759999999999692,to_table,0.07472092658281326,1.8769984245300293,-0.23831626334896322,0.901799201965332,0.04437589645385742,0.2199999988079071,0.22172994911670685,0.2199999988079071,0.22172994911670685,0,nominal-sac-a-star,4.296831187113033,99.0,99.0,4.32321382522583,99.0,customer-1,0,,waiter-1,-7.912904739379883,2.200000047683716,-0.4741595644449603,0.0,7.9941537280756565,0,0,waiter-2,8.825028419494629,2.549999952316284,-0.5000093552312279,0.0,8.776150196806759,0,0,customer-1,-3.3421545028686523,-2.549999952316284,0.44899075166966895,0.0,5.592258249490007,0,0,customer-2,6.380232334136963,-2.200000047683716,0.41525155567459393,0.0,7.50875426773501,0,0
3,570,22.79999999999969,to_table,0.08743178099393845,1.8739171028137207,-0.23218472077520813,0.9016797542572021,0.05070936679840088,0.2199999988079071,0.22158333659172058,0.2199999988079071,0.22158333659172058,0,nominal-sac-a-star,4.294139036464009,99.0,99.0,4.321341285705566,99.0,customer-1,0,,waiter-1,-7.931870937347412,2.200000047683716,-0.47416000141424774,0.0,8.025929614401814,0,0,waiter-2,8.805027961730957,2.549999952316284,-0.500008623866357,0.0,8.74377328101502,0,0,customer-1,-3.32419490814209,-2.549999952316284,0.44899021708179276,0.0,5.586612459862899,0,0,customer-2,6.3968424797058105,-2.200000047683716,0.41524967749554165,0.0,7.510357136257702,0,0
3,571,22.83999999999969,to_table,0.1001502275466919,1.8709192276000977,-0.22606169102653034,0.9015527963638306,0.057091474533081055,0.2199999988079071,0.22156186401844025,0.2199999988079071,0.22156186401844025,0,nominal-sac-a-star,4.291515423842931,99.0,99.0,4.319528827667236,99.0,customer-1,0,,waiter-1,-7.950837135314941,2.200000047683716,-0.47416043838353517,0.0,8.05771007812422,0,0,waiter-2,8.785027503967285,2.549999952316284,-0.5000078925014861,0.0,8.711385879248366,0,0,customer-1,-3.3062357902526855,-2.549999952316284,0.4489944508654986,0.0,5.581038621763124,0,0,customer-2,6.4134521484375,-2.200000047683716,0.4152525676880714,0.0,7.5120013904552,0,0
3,572,22.87999999999969,to_table,0.11288424581289291,1.867998719215393,-0.21994054031818605,0.9014768600463867,0.06332707405090332,0.2199999988079071,0.22171060740947723,0.2199999988079071,0.22171060740947723,0,nominal-sac-a-star,4.2889539466174575,99.0,99.0,4.317779312133789,99.0,customer-1,0,,waiter-1,-7.969803810119629,2.200000047683716,-0.47415610698124055,0.0,8.08950376052938,0,0,waiter-2,8.765027046203613,2.549999952316284,-0.5000071611366153,0.0,8.678980396354408,0,0,customer-1,-3.288276195526123,-2.549999952316284,0.4489939162776224,0.0,5.575536262045569,0,0,customer-2,6.430062294006348,-2.200000047683716,0.4152506895090191,0.0,7.513677692054001,0,0
3,573,22.91999999999969,to_table,0.12563610076904297,1.865155577659607,-0.21381259408336165,0.9014061689376831,0.06941986083984375,0.2199999988079071,0.2220573127269745,0.2199999988079071,0.2220573127269745,0,nominal-sac-a-star,4.286457711341615,99.0,99.0,4.316099891662597,99.0,customer-1,0,,waiter-1,-7.988770008087158,2.200000047683716,-0.474156543950528,0.0,8.121311921022894,0,0,waiter-2,8.745026588439941,2.549999952316284,-0.5000064297717621,0.0,8.646554469639943,0,0,customer-1,-3.2703166007995605,-2.549999952316284,0.44899338168974623,0.0,5.5701070999728355,0,0,customer-2,6.446671962738037,-2.200000047683716,0.41525357970154886,0.0,7.515383198916644,0,0
3,574,22.959999999999688,to_table,0.13839352130889893,1.86238694190979,-0.20732605386169478,0.9013466835021973,0.07527124881744385,0.2199999988079071,0.23685139417648315,0.2199999988079071,0.23685139417648315,0,nominal-sac-a-star,4.284032249594488,99.0,99.0,4.31469274520874,99.0,customer-1,0,,waiter-1,-8.007736206054688,2.200000047683716,-0.4741569809198154,0.0,8.153122846138592,0,0,waiter-2,8.72502613067627,2.549999952316284,-0.5000056984068912,0.0,8.614120455411067,0,0,customer-1,-3.252357006072998,-2.549999952316284,0.44899284710187004,0.0,5.564741435437826,0,0,customer-2,6.463282108306885,-2.200000047683716,0.4152517015224966,0.0,7.517127356321427,0,0
3,575,22.999999999999687,to_table,0.15118247270584106,1.8597033023834229,-0.2006743843721026,0.902522087097168,0.0685499906539917,0.2199999988079071,0.2338285744190216,0.2199999988079071,0.2338285744190216,0,nominal-sac-a-star,4.281836985411657,99.0,99.0,4.313463935852051,99.0,customer-1,0,,waiter-1,-8.026701927185059,2.200000047683716,-0.47416218626068485,0.0,8.184961522990863,0,0,waiter-2,8.705026626586914,2.549999952316284,-0.5000145037851844,0.0,8.581652479202006,0,0,customer-1,-3.2343974113464355,-2.549999952316284,0.44899231251399385,0.0,5.5594634584471025,0,0,customer-2,6.479892253875732,-2.200000047683716,0.4152498233434443,0.0,7.51889345481247,0,0
3,576,23.039999999999687,to_table,0.16399286687374115,1.8571027517318726,-0.1940878886076861,0.9022301435470581,0.07749462127685547,0.2199999988079071,0.2325676679611206,0.2199999988079071,0.2325676679611206,0,nominal-sac-a-star,4.279801722146739,99.0,99.0,4.3122665977478025,99.0,customer-1,0,,waiter-1,-8.045668601989746,2.200000047683716,-0.47415785485839024,0.0,8.216819335297137,0,0,waiter-2,8.685026168823242,2.549999952316284,-0.5000137724203135,0.0,8.549158734256261,0,0,customer-1,-3.216437816619873,-2.549999952316284,0.44899177792611766,0.0,5.554265554502565,0,0,customer-2,6.496501922607422,-2.200000047683716,0.41525271353597404,0.0,7.520688403728403,0,0
3,577,23.079999999999686,to_table,0.17682185769081116,1.8545860052108765,-0.18756621075550456,0.9020462036132812,0.08518242835998535,0.2199999988079071,0.23133444786071777,0.2199999988079071,0.23133444786071777,0,nominal-sac-a-star,4.277808231504324,99.0,99.0,4.311101684570312,99.0,customer-1,0,,waiter-1,-8.064634323120117,2.200000047683716,-0.4741630601992597,0.0,8.248691462345048,0,0,waiter-2,8.66502571105957,2.549999952316284,-0.5000130410554426,0.0,8.51664283706749,0,0,customer-1,-3.1984782218933105,-2.549999952316284,0.4489912433382415,0.0,5.549146608667502,0,0,customer-2,6.5131120681762695,-2.200000047683716,0.41525083535692175,0.0,7.522515649157614,0,0
3,578,23.119999999999685,to_table,0.18959836661815643,1.852355718612671,-0.18355774692588947,0.8880602121353149,-0.8064475655555725,0.2199999988079071,0.12236785143613815,0.2199999988079071,0.12236785143613815,0,nominal-sac-a-star,4.2758558183552156,99.0,99.0,4.308633575439453,99.0,customer-1,0,,waiter-1,-8.083600997924805,2.200000047683716,-0.4741587287969651,0.0,8.280500244852924,0,0,waiter-2,8.645025253295898,2.549999952316284,-0.5000123096905895,0.0,8.484158845328908,0,0,customer-1,-3.180518627166748,-2.549999952316284,0.4489907087503653,0.0,5.54422438264886,0,0,customer-2,6.529722213745117,-2.200000047683716,0.41524895717786947,0.0,7.524543684074374,0,0
3,579,23.159999999999684,to_table,0.20246891677379608,1.8499799966812134,-0.17770686314597406,0.9346611499786377,0.37020444869995117,0.2199999988079071,0.2642640769481659,0.2199999988079071,0.2642640769481659,0,nominal-sac-a-star,4.272902006921491,99.0,99.0,4.307196865081787,99.0,customer-1,0,,waiter-1,-8.102566719055176,2.200000047683716,-0.47416393413783453,0.0,8.3124082520346,0,0,waiter-2,8.625024795532227,2.549999952316284,-0.5000115783257186,0.0,8.451596030874613,0,0,customer-1,-3.1625590324401855,-2.549999952316284,0.4489901741624891,0.0,5.539245133641521,0,0,customer-2,6.546331882476807,-2.200000047683716,0.4152518473703992,0.0,7.526415859316594,0,0
3,580,23.199999999999683,to_table,0.21532154083251953,1.8476612567901611,-0.17051721601649683,0.9408004283905029,0.2173905372619629,0.2199999988079071,0.24507685005664825,0.2199999988079071,0.24507685005664825,0,nominal-sac-a-star,4.270760117938901,99.0,99.0,4.306582221984863,99.0,customer-1,0,,waiter-1,-8.121533393859863,2.200000047683716,-0.4741596027355399,0.0,8.344297024056194,0,0,waiter-2,8.605024337768555,2.549999952316284,-0.5000108469608477,0.0,8.419049391953326,0,0,customer-1,-3.1445999145507812,-2.549999952316284,0.44899440794619494,0.0,5.534301789424263,0,0,customer-2,6.562942028045654,-2.200000047683716,0.41524996919134693,0.0,7.5283363291914025,0,0
3,581,23.239999999999682,to_table,0.22820806503295898,1.8454334735870361,-0.1634098099683885,0.940443754196167,0.24250829219818115,0.2199999988079071,0.24580685794353485,0.2199999988079071,0.24580685794353485,0,nominal-sac-a-star,4.269282474388614,99.0,99.0,4.306001434326172,99.0,customer-1,0,,waiter-1,-8.140499114990234,2.200000047683716,-0.47416480807640937,0.0,8.37621497577745,0,0,waiter-2,8.585023880004883,2.549999952316284,-0.5000101155959769,0.0,8.38646436159564,0,0,customer-1,-3.1266403198242188,-2.549999952316284,0.44899387335831875,0.0,5.529452295383966,0,0,customer-2,6.579551696777344,-2.200000047683716,0.4152528593838767,0.0,7.530278766654062,0,0
3,582,23.27999999999968,to_table,0.2411125898361206,1.8432981967926025,-0.15635483096978334,0.9407424926757812,0.2530481815338135,0.2199999988079071,0.24502445757389069,0.2199999988079071,0.24502445757389069,0,nominal-sac-a-star,4.267851107730447,99.0,99.0,4.305465469360351,99.0,customer-1,0,,waiter-1,-8.159465789794922,2.200000047683716,-0.47416047667411476,0.0,8.408148031686505,0,0,waiter-2,8.565023422241211,2.549999952316284,-0.500009384231106,0.0,8.353856529597037,0,0,customer-1,-3.1086807250976562,-2.549999952316284,0.44899333877044256,0.0,5.524688577624859,0,0,customer-2,6.596161842346191,-2.200000047683716,0.4152509812048244,0.0,7.532258074151077,0,0
3,583,23.31999999999968,to_table,0.2540314793586731,1.8412562608718872,-0.14933297973617485,0.9409201145172119,0.2656799554824829,0.2199999988079071,0.24470190703868866,0.2199999988079071,0.24470190703868866,0,nominal-sac-a-star,4.266472262066918,99.0,99.0,4.304983863830566,99.0,customer-1,0,,waiter-1,-8.17843246459961,2.200000047683716,-0.47415614527182015,0.0,8.440091543978214,0,0,waiter-2,8.545022964477539,2.549999952316284,-0.5000086528662351,0.0,8.321229321829543,0,0,customer-1,-3.0907211303710938,-2.549999952316284,0.4489928041825664,0.0,5.520009162144372,0,0,customer-2,6.612771987915039,-2.200000047683716,0.4152491030257721,0.0,7.534277231864787,0,0
3,584,23.35999999999968,to_table,0.26696354150772095,1.8393065929412842,-0.1423336559290036,0.9410686492919922,0.27734148502349854,0.2199999988079071,0.24445977807044983,0.2199999988079071,0.24445977807044983,0,nominal-sac-a-star,4.265153753800066,99.0,99.0,4.30456090927124,99.0,customer-1,0,,waiter-1,-8.19739818572998,2.200000047683716,-0.4741613506126896,0.0,8.472043390931164,0,0,waiter-2,8.525022506713867,2.549999952316284,-0.500007921501382,0.0,8.288583891346056,0,0,customer-1,-3.0727615356445312,-2.549999952316284,0.4489922695946902,0.0,5.515412544787611,0,0,customer-2,6.6293816566467285,-2.200000047683716,0.41525199321830186,0.0,7.536336139587076,0,0
3,585,23.39999999999968,to_table,0.27990853786468506,1.8374481201171875,-0.13535149272714803,0.9412147998809814,0.2885711193084717,0.2199999988079071,0.24436905980110168,0.2199999988079071,0.24436905980110168,0,nominal-sac-a-star,4.263899126413175,99.0,99.0,4.30419994354248,99.0,customer-1,0,,waiter-1,-8.216364860534668,2.200000047683716,-0.474157019210395,0.0,8.504005265786864,0,0,waiter-2,8.505022048950195,2.549999952316284,-0.5000071901365111,0.0,8.255920444372736,0,0,customer-1,-3.0548019409179688,-2.549999952316284,0.448991735006814,0.0,5.510897800322831,0,0,customer-2,6.645991802215576,-2.200000047683716,0.4152501150392496,0.0,7.5384351052673635,0,0
3,586,23.439999999999678,to_table,0.29285621643066406,1.8356770277023315,-0.12866313549649933,0.9413554668426514,0.29952168464660645,0.2199999988079071,0.23242299258708954,0.2199999988079071,0.23242299258708954,0,nominal-sac-a-star,4.26270998716605,99.0,99.0,4.30373025894165,99.0,customer-1,0,,waiter-1,-8.235330581665039,2.200000047683716,-0.47416222455126444,0.0,8.53596516664063,0,0,waiter-2,8.485021591186523,2.549999952316284,-0.5000064587716402,0.0,8.223249404461587,0,0,customer-1,-3.0368423461914062,-2.549999952316284,0.4489912004189378,0.0,5.506455764917456,0,0,customer-2,6.662601470947266,-2.200000047683716,0.4152530052317793,0.0,7.540579822814241,0,0
3,587,23.479999999999677,to_table,0.30582302808761597,1.833997368812561,-0.12218988752988524,0.9410996437072754,0.3216860294342041,0.2199999988079071,0.23190079629421234,0.2199999988079071,0.23190079629421234,0,nominal-sac-a-star,4.261448922125649,99.0,99.0,4.303212890625,99.0,customer-1,0,,waiter-1,-8.254297256469727,2.200000047683716,-0.47415789314896983,0.0,8.56794124904174,0,0,waiter-2,8.465021133422852,2.549999952316284,-0.5000057274067693,0.0,8.190553914216675,0,0,customer-1,-3.0188827514648438,-2.549999952316284,0.4489906658310616,0.0,5.502099693049411,0,0,customer-2,6.679211616516113,-2.200000047683716,0.41525112705272704,0.0,7.5427592600724855,0,0
3,588,23.519999999999676,to_table,0.3187987506389618,1.8324052095413208,-0.11577598361419117,0.9411897659301758,0.3324441909790039,0.2199999988079071,0.23031246662139893,0.2199999988079071,0.23031246662139893,0,nominal-sac-a-star,4.260166587784516,99.0,99.0,4.302729377746582,99.0,customer-1,0,,waiter-1,-8.273262977600098,2.200000047683716,-0.4741630984898393,0.0,8.599921552368912,0,0,waiter-2,8.44502067565918,2.549999952316284,-0.5000049960418984,0.0,8.15784438375344,0,0,customer-1,-3.0009231567382812,-2.549999952316284,0.44899013124318543,0.0,5.4978203449182095,0,0,customer-2,6.695821762084961,-2.200000047683716,0.41524924887367476,0.0,7.544979433173288,0,0
3,589,23.559999999999675,to_table,0.3317831754684448,1.8308974504470825,-0.10942007141897353,0.9412059783935547,0.3438408374786377,0.2199999988079071,0.22892414033412933,0.2199999988079071,0.22892414033412933,0,nominal-sac-a-star,4.2589266363022755,99.0,99.0,4.302278289794922,99.0,customer-1,0,,waiter-1,-8.292229652404785,2.200000047683716,-0.4741587670875447,0.0,8.631907899335399,0,0,waiter-2,8.425021171569824,2.549999952316284,-0.5000138014202093,0.0,8.125122132604139,0,0,customer-1,-2.982964038848877,-2.549999952316284,0.4489943650268913,0.0,5.493615489671921,0,0,customer-2,6.71243143081665,-2.200000047683716,0.4152521390662045,0.0,7.547238355777246,0,0
3,590,23.599999999999675,to_table,0.3447766900062561,1.829472303390503,-0.10312324650853394,0.9412175416946411,0.3548469543457031,0.2199999988079071,0.2276231348514557,0.2199999988079071,0.2276231348514557,0,nominal-sac-a-star,4.257727350715641,99.0,99.0,4.301857242584228,99.0,customer-1,0,,waiter-1,-8.311195373535156,2.200000047683716,-0.4741639724284141,0.0,8.663898843713515,0,0,waiter-2,8.405020713806152,2.549999952316284,-0.5000130700553385,0.0,8.092384927576571,0,0,customer-1,-2.9650044441223145,-2.549999952316284,0.4489938304390151,0.0,5.489483436020087,0,0,customer-2,6.729041576385498,-2.200000047683716,0.4152502608871522,0.0,7.549535453756512,0,0
3,591,23.639999999999674,to_table,0.35777902603149414,1.8281292915344238,-0.09688192819348226,0.9412224292755127,0.365581750869751,0.2199999988079071,0.22643552720546722,0.2199999988079071,0.22643552720546722,0,nominal-sac-a-star,4.25656729451039,99.0,99.0,4.301469097137451,99.0,customer-1,0,,waiter-1,-8.330162048339844,2.200000047683716,-0.4741596410261195,0.0,8.695896041870995,0,0,waiter-2,8.38502025604248,2.549999952316284,-0.5000123386904676,0.0,8.059633925662252,0,0,customer-1,-2.947044849395752,-2.549999952316284,0.4489932958511389,0.0,5.485424005804359,0,0,customer-2,6.7456512451171875,-2.200000047683716,0.41525315107968197,0.0,7.551869798985993,0,0
3,592,23.679999999999673,to_table,0.3707895576953888,1.8268678188323975,-0.09069353142614896,0.9412564039230347,0.37542247772216797,0.2199999988079071,0.22529011964797974,0.2199999988079071,0.22529011964797974,0,nominal-sac-a-star,4.255447858799227,99.0,99.0,4.301115283966064,99.0,customer-1,0,,waiter-1,-8.349127769470215,2.200000047683716,-0.47416484636698897,0.0,8.727896989126904,0,0,waiter-2,8.365019798278809,2.549999952316284,-0.5000116073255967,0.0,8.02686970256372,0,0,customer-1,-2.9290852546691895,-2.549999952316284,0.4489927612632627,0.0,5.48143642336552,0,0,customer-2,6.762261390686035,-2.200000047683716,0.4152512729006297,0.0,7.554242318478594,0,0
3,593,23.719999999999672,to_table,0.38380759954452515,1.825687289237976,-0.08455653392578989,0.94132399559021,0.38433969020843506,0.2199999988079071,0.2241893857717514,0.2199999988079071,0.2241893857717514,0,nominal-sac-a-star,4.254369658839062,99.0,99.0,4.300794849395752,99.0,customer-1,0,,waiter-1,-8.368094444274902,2.200000047683716,-0.47416051496469436,0.0,8.759902934721705,0,0,waiter-2,8.345019340515137,2.549999952316284,-0.5000108759607258,0.0,7.994092895286113,0,0,customer-1,-2.911125659942627,-2.549999952316284,0.4489922266753865,0.0,5.4775198785924415,0,0,customer-2,6.778871536254883,-2.200000047683716,0.4152493947215774,0.0,7.5566527834263395,0,0
3,594,23.75999999999967,to_table,0.3968326449394226,1.8245869874954224,-0.07846712426695032,0.9413845539093018,0.39308881759643555,0.2199999988079071,0.2232324182987213,0.2199999988079071,0.2232324182987213,0,nominal-sac-a-star,4.253332781435015,99.0,99.0,4.300509700775146,99.0,customer-1,0,,waiter-1,-8.38706111907959,2.200000047683716,-0.47415618356239975,0.0,8.79191245539513,0,0,waiter-2,8.325018882751465,2.549999952316284,-0.5000101445958549,0.0,7.961303975540845,0,0,customer-1,-2.8931660652160645,-2.549999952316284,0.44899169208751033,0.0,5.473673575104376,0,0,customer-2,6.795481204986572,-2.200000047683716,0.41525228491410715,0.0,7.559100753312226,0,0
3,595,23.79999999999967,to_table,0.4098641872406006,1.8235665559768677,-0.07242000158654789,0.941441535949707,0.4015834331512451,0.2199999988079071,0.22241613268852234,0.2199999988079071,0.22241613268852234,0,nominal-sac-a-star,4.252338351921045,99.0,99.0,4.300263175964355,99.0,customer-1,0,,waiter-1,-8.406026840209961,2.200000047683716,-0.4741613889032692,0.0,8.823924114676073,0,0,waiter-2,8.305018424987793,2.549999952316284,-0.5000094132310018,0.0,7.928503384443666,0,0,customer-1,-2.875206470489502,-2.549999952316284,0.44899115749963414,0.0,5.469897003485792,0,0,customer-2,6.81209135055542,-2.200000047683716,0.41525040673505487,0.0,7.561587192169306,0,0
3,596,23.83999999999967,to_table,0.4229017198085785,1.8226251602172852,-0.06640969300782301,0.941495418548584,0.4098395109176636,0.2199999988079071,0.22174838185310364,0.2199999988079071,0.22174838185310364,0,nominal-sac-a-star,4.251388441485969,99.0,99.0,4.3000571823120115,99.0,customer-1,0,,waiter-1,-8.424993515014648,2.200000047683716,-0.4741570575009746,0.0,8.855939356843963,0,0,waiter-2,8.285017967224121,2.549999952316284,-0.5000086818661309,0.0,7.895691608469553,0,0,customer-1,-2.8572468757629395,-2.549999952316284,0.44899062291175795,0.0,5.466189274420436,0,0,customer-2,6.828701019287109,-2.200000047683716,0.4152532969275846,0.0,7.5641111988415535,0,0
3,597,23.87999999999967,to_table,0.44640108942985535,1.8218998908996582,-0.060475313036394786,0.9966354370117188,0.06756389141082764,0.8199999928474426,0.17920292913913727,0.8199999928474426,0.17920292913913727,0,nominal-sac-a-star,4.016426256664114,99.0,99.0,3.3903183364868164,99.0,waiter-2,0,,waiter-1,-8.44395923614502,2.200000047683716,-0.47416226284184404,0.0,8.898396847023397,0,0,waiter-2,8.26501750946045,2.549999952316284,-0.50000795050126,0.0,7.852444996496755,0,0,customer-1,-2.839287281036377,-2.549999952316284,0.44899008832388176,0.0,5.4689355734849014,0,0,customer-2,6.845311164855957,-2.200000047683716,0.41525141874853233,0.0,7.557891853510913,0,0
3,598,23.919999999999668,to_table,0.4774588644504547,1.8222966194152832,-0.056567400725302044,0.9742608070373535,0.14980363845825195,0.8199999928474426,0.16115473210811615,0.8199999928474426,0.16115473210811615,0,nominal-sac-a-star,3.9709845832396287,99.0,99.0,3.337740364074707,99.0,waiter-2,0,,waiter-1,-8.462925910949707,2.200000047683716,-0.47415793143954943,0.0,8.948359615702351,0,0,waiter-2,8.245017051696777,2.549999952316284,-0.5000072191363891,0.0,7.801571145158685,0,0,customer-1,-2.8213281631469727,-2.549999952316284,0.4489943221075876,0.0,5.477131837432863,0,0,customer-2,6.861921310424805,-2.200000047683716,0.41524954056948005,0.0,7.545875111755594,0,0
3,599,23.959999999999667,to_table,0.5221738219261169,1.8216352462768555,-0.050806212673315206,0.973822832107544,0.19031643867492676,0.8199999928474426,0.16467420756816864,0.8199999928474426,0.16467420756816864,0,nominal-sac-a-star,3.9188508915467626,99.0,99.0,3.27089017868042,99.0,waiter-2,0,,waiter-1,-8.481891632080078,2.200000047683716,-0.4741631367804189,0.0,9.012011685687687,0,0,waiter-2,8.225016593933105,2.549999952316284,-0.5000064877715182,0.0,7.737202460532115,0,0,customer-1,-2.80336856842041,-2.549999952316284,0.4489937875197114,0.0,5.492761281866359,0,0,customer-2,6.878530979156494,-2.200000047683716,0.4152524307620098,0.0,7.521756892369174,0,0
3,600,23.999999999999666,to_table,0.5698057413101196,1.820175290107727,-0.04653771101329768,0.9735593795776367,0.18648183345794678,0.8199999928474426,0.16653302311897278,0.8199999928474426,0.16653302311897278,0,nominal-sac-a-star,3.852663874311806,99.0,99.0,3.202306213378906,99.0,waiter-2,0,,waiter-1,-8.500858306884766,2.200000047683716,-0.47415880537812427,0.0,9.078612951419554,0,0,waiter-2,8.205016136169434,2.549999952316284,-0.5000057564066651,0.0,7.670011852098767,0,0,customer-1,-2.7854089736938477,-2.549999952316284,0.44899325293183523,0.0,5.509618628659784,0,0,customer-2,6.895141124725342,-2.200000047683716,0.4152505525829575,0.0,7.494776678412181,0,0
3,601,24.039999999999665,to_table,0.6177215576171875,1.8186043500900269,-0.0419389259043717,0.9733895063400269,0.19309580326080322,0.8199999928474426,0.17695395648479462,0.8199999928474426,0.17695395648479462,0,nominal-sac-a-star,3.784418928817563,99.0,99.0,3.1333202743530273,99.0,waiter-2,0,,waiter-1,-8.519824028015137,2.200000047683716,-0.4741640107189937,0.0,9.145501736244531,0,0,waiter-2,8.185016632080078,2.549999952316284,-0.5000145617849583,0.0,7.60255840299476,0,0,customer-1,-2.767449378967285,-2.549999952316284,0.44899271834395904,0.0,5.526670410011722,0,0,customer-2,6.911750793457031,-2.200000047683716,0.41525344277548726,0.0,7.4675287296007875,0,0
3,602,24.079999999999664,to_table,0.666143000125885,1.8165730237960815,-0.037846941544590285,0.9733772277832031,0.18929851055145264,0.8199999928474426,0.15447309613227844,0.8199999928474426,0.15447309613227844,0,nominal-sac-a-star,3.7158159577269227,99.0,99.0,3.0642804527282714,99.0,waiter-2,0,,waiter-1,-8.538790702819824,2.200000047683716,-0.4741596793166991,0.0,9.212915974775475,0,0,waiter-2,8.165016174316406,2.549999952316284,-0.5000138304200874,0.0,7.53465420189094,0,0,customer-1,-2.7494897842407227,-2.549999952316284,0.44899218375608285,0.0,5.543780918592905,0,0,customer-2,6.928360939025879,-2.200000047683716,0.415251564596435,0.0,7.439639289160297,0,0
3,603,24.119999999999663,to_table,0.7150399088859558,1.8143006563186646,-0.033574458464725836,0.9726481437683105,0.2212820053100586,0.8199999928474426,0.16791494190692902,0.8199999928474426,0.16791494190692902,0,nominal-sac-a-star,3.647041713856253,99.0,99.0,2.9947680854797363,99.0,waiter-2,0,,waiter-1,-8.557756423950195,2.200000047683716,-0.47416488465756856,0.0,9.280814395879219,0,0,waiter-2,8.145015716552734,2.549999952316284,-0.5000130990552165,0.0,7.4663105987257845,0,0,customer-1,-2.73153018951416,-2.549999952316284,0.44899164916820666,0.0,5.5611118713542504,0,0,customer-2,6.944971084594727,-2.200000047683716,0.4152496864173827,0.0,7.411251756364917,0,0
3,604,24.159999999999663,to_table,0.7638688683509827,1.8124470710754395,-0.02885088089535916,0.9727213382720947,0.21338963508605957,0.8199999928474426,0.18089446425437927,0.8199999928474426,0.18089446425437927,0,nominal-sac-a-star,3.5778067647598215,99.0,99.0,2.925032320022583,99.0,waiter-2,0,,waiter-1,-8.576723098754883,2.200000047683716,-0.47416055325527395,0.0,9.34862854143005,0,0,waiter-2,8.125015258789062,2.549999952316284,-0.5000123676903456,0.0,7.398003814143802,0,0,customer-1,-2.7135705947875977,-2.549999952316284,0.4489911145803305,0.0,5.578846587933105,0,0,customer-2,6.961580753326416,-2.200000047683716,0.41525257660991244,0.0,7.383181190381581,0,0
3,605,24.199999999999662,to_table,0.8128786087036133,1.8106129169464111,-0.02471403577316167,0.9727959632873535,0.2097640037536621,0.8199999928474426,0.15569761395454407,0.8199999928474426,0.15569761395454407,0,nominal-sac-a-star,3.508431812360733,99.0,99.0,2.8555027866363525,99.0,waiter-2,0,,waiter-1,-8.59568977355957,2.200000047683716,-0.47415622185297934,0.0,9.416622607989888,0,0,waiter-2,8.10501480102539,2.549999952316284,-0.5000116363254925,0.0,7.329525457725227,0,0,customer-1,-2.695611000061035,-2.549999952316284,0.4489905799924543,0.0,5.596824450560241,0,0,customer-2,6.978190898895264,-2.200000047683716,0.41525069843086015,0.0,7.35500455388353,0,0
3,606,24.23999999999966,to_table,0.8614398241043091,1.8095818758010864,-0.020695318109020807,0.9718983173370361,0.2524223327636719,0.8199999928474426,0.17144955694675446,0.8199999928474426,0.17144955694675446,0,nominal-sac-a-star,3.43914935571041,99.0,99.0,2.7863635444641113,99.0,waiter-2,0,,waiter-1,-8.614655494689941,2.200000047683716,-0.4741614271938488,0.0,9.484134585707357,0,0,waiter-2,8.085014343261719,2.549999952316284,-0.5000109049606216,0.0,7.26142188292697,0,0,customer-1,-2.6776514053344727,-2.549999952316284,0.4489900454045781,0.0,5.61525782545572,0,0,customer-2,6.994800567626953,-2.200000047683716,0.4152535886233899,0.0,7.32767775023716,0,0
3,607,24.27999999999966,to_table,0.9100475907325745,1.8085200786590576,-0.015682753296740955,0.9720461368560791,0.2491229772567749,0.8199999928474426,0.18308517336845398,0.8199999928474426,0.18308517336845398,0,nominal-sac-a-star,3.370254502768641,99.0,99.0,2.716686191558838,99.0,waiter-2,0,,waiter-1,-8.633622169494629,2.200000047683716,-0.4741570957915542,0.0,9.55169561169234,0,0,waiter-2,8.065013885498047,2.549999952316284,-0.5000101735957507,0.0,7.193284026247587,0,0,customer-1,-2.6596922874450684,-2.549999952316284,0.44899427918828394,0.0,5.633803303121704,0,0,customer-2,7.011410713195801,-2.200000047683716,0.4152517104443376,0.0,7.300333249616027,0,0
3,608,24.31999999999966,to_table,0.9586426019668579,1.8078231811523438,-0.00866661594226238,0.995072603225708,0.8863425254821777,0.8199999928474426,0.22973670065402985,0.8199999928474426,0.22973670065402985,0,nominal-sac-a-star,3.300984098104732,99.0,99.0,2.645944061279297,99.0,waiter-2,0,,waiter-1,-8.652587890625,2.200000047683716,-0.47416230113242364,0.0,9.619228361795445,0,0,waiter-2,8.045013427734375,2.549999952316284,-0.5000094422308798,0.0,7.125130022669365,0,0,customer-1,-2.641732692718506,-2.549999952316284,0.44899374460040775,0.0,5.65272719359205,0,0,customer-2,7.028020858764648,-2.200000047683716,0.41524983226528533,0.0,7.273238581105922,0,0
3,609,24.35999999999966,to_table,1.0073997974395752,1.8069605827331543,-0.0026741066710082137,0.9607977867126465,0.4212808609008789,0.8199999928474426,0.17860651016235352,0.8199999928474426,0.17860651016235352,0,nominal-sac-a-star,3.2309883953608614,99.0,99.0,2.575720729827881,99.0,waiter-2,0,,waiter-1,-8.671554565429688,2.200000047683716,-0.474157969730129,0.0,9.686931277732622,0,0,waiter-2,8.025012969970703,2.549999952316284,-0.5000087108660178,0.0,7.0568408047817615,0,0,customer-1,-2.6237730979919434,-2.549999952316284,0.44899321001253156,0.0,5.671730044747793,0,0,customer-2,7.044630527496338,-2.200000047683716,0.4152527224578151,0.0,7.245956691952586,0,0
3,610,24.399999999999658,to_table,1.0559736490249634,1.8068524599075317,-0.0005837373699858713,0.9980425834655762,-0.6215401887893677,0.8199999928474426,0.06323252618312836,0.8199999928474426,0.06323252618312836,0,nominal-sac-a-star,3.1613120103202768,99.0,99.0,2.5075854682922363,99.0,waiter-2,0,,waiter-1,-8.690520286560059,2.200000047683716,-0.4741631750709985,0.0,9.754419975691524,0,0,waiter-2,8.005012512207031,2.549999952316284,-0.500007979501147,0.0,6.988662913425439,0,0,customer-1,-2.605813503265381,-2.549999952316284,0.4489926754246554,0.0,5.691295818227964,0,0,customer-2,7.0612406730651855,-2.200000047683716,0.4152508442787628,0.0,7.219286602401596,0,0
3,611,24.439999999999657,to_table,1.1047842502593994,1.806883692741394,0.0032834724178897735,0.9705793857574463,0.44933021068573,0.8199999928474426,0.16196759045124054,0.8199999928474426,0.16196759045124054,0,nominal-sac-a-star,3.0930895544630364,99.0,99.0,2.4383136653900146,99.0,waiter-2,0,,waiter-1,-8.709486961364746,2.200000047683716,-0.47415884366870387,0.0,9.8221413084845,0,0,waiter-2,7.985012054443359,2.549999952316284,-0.5000072481362849,0.0,6.920242511119867,0,0,customer-1,-2.5878539085388184,-2.549999952316284,0.4489921408367792,0.0,5.711218054704598,0,0,customer-2,7.077850818634033,-2.200000047683716,0.4152489660997105,0.0,7.192540687373123,0,0
3,612,24.479999999999656,to_table,1.1534502506256104,1.8070600032806396,0.00814882232032688,0.9725717306137085,0.37580108642578125,0.8199999928474426,0.15999141335487366,0.8199999928474426,0.15999141335487366,0,nominal-sac-a-star,3.0240207392172866,99.0,99.0,2.3686963939666748,99.0,waiter-2,0,,waiter-1,-8.728452682495117,2.200000047683716,-0.4741640490095733,0.0,9.889712202997393,0,0,waiter-2,7.965012073516846,2.549999952316284,-0.5000112851429961,0.0,6.851958423322667,0,0,customer-1,-2.569894313812256,-2.549999952316284,0.448991606248903,0.0,5.7312534582057415,0,0,customer-2,7.094460487365723,-2.200000047683716,0.41525185629224026,0.0,7.16604025142793,0,0
3,613,24.519999999999655,to_table,1.2020927667617798,1.8074816465377808,0.012730057219805626,0.9726157188415527,0.38076114654541016,0.8199999928474426,0.16854019463062286,0.8199999928474426,0.16854019463062286,0,nominal-sac-a-star,2.954767681785884,99.0,99.0,2.299248399734497,99.0,waiter-2,0,,waiter-1,-8.747419357299805,2.200000047683716,-0.4741597176072787,0.0,9.95725173941518,0,0,waiter-2,7.945011615753174,2.549999952316284,-0.5000105537781252,0.0,6.783678061236368,0,0,customer-1,-2.5519347190856934,-2.549999952316284,0.4489910716610268,0.0,5.751553550898233,0,0,customer-2,7.11107063293457,-2.200000047683716,0.415249978113188,0.0,7.139742919212171,0,0
3,614,24.559999999999654,to_table,1.2509281635284424,1.807918667793274,0.016830045299489088,0.9725183248519897,0.38976502418518066,0.8199999928474426,0.1360393762588501,0.8199999928474426,0.1360393762588501,0,nominal-sac-a-star,2.885634202485603,99.0,99.0,2.22989315032959,99.0,waiter-2,0,,waiter-1,-8.766385078430176,2.200000047683716,-0.47416492294814816,0.0,10.024983411256912,0,0,waiter-2,7.925011157989502,2.549999952316284,-0.5000098224132543,0.0,6.71521172039971,0,0,customer-1,-2.533975124359131,-2.549999952316284,0.4489905370731506,0.0,5.772083471170506,0,0,customer-2,7.12768030166626,-2.200000047683716,0.4152528683057177,0.0,7.11334155815522,0,0
3,615,24.599999999999653,to_table,1.2997556924819946,1.8085157871246338,0.02291792597306407,0.9858839511871338,0.9992052316665649,0.8199999928474426,0.2142813801765442,0.8199999928474426,0.2142813801765442,0,nominal-sac-a-star,2.8165050287115934,99.0,99.0,2.1596197509765624,99.0,waiter-2,0,,waiter-1,-8.785351753234863,2.200000047683716,-0.47416059154585355,0.0,10.092702914379235,0,0,waiter-2,7.90501070022583,2.549999952316284,-0.5000090910483834,0.0,6.646742998232666,0,0,customer-1,-2.5160155296325684,-2.549999952316284,0.44899000248527443,0.0,5.7928205108109365,0,0,customer-2,7.144290447235107,-2.200000047683716,0.41525099012666544,0.0,7.087085839569485,0,0
3,616,24.639999999999652,to_table,1.3480257987976074,1.8099793195724487,0.0293356930047802,0.843653678894043,0.8697230815887451,0.8199999928474426,0.20337098836898804,0.8199999928474426,0.20337098836898804,0,nominal-sac-a-star,2.7467719135912874,99.0,99.0,2.089646759033203,99.0,waiter-2,0,,waiter-1,-8.80431842803955,2.200000047683716,-0.4741562601435234,0.0,10.159833141767153,0,0,waiter-2,7.885010242462158,2.549999952316284,-0.5000083596835214,0.0,6.578738188558572,0,0,customer-1,-2.498056411743164,-2.549999952316284,0.4489942362689803,0.0,5.813928759585689,0,0,customer-2,7.160900592803955,-2.200000047683716,0.41524911194761316,0.0,7.061830350313897,0,0
3,617,24.67999999999965,to_table,1.396664023399353,1.8113553524017334,0.034732701825528484,0.8426066637039185,0.8756611347198486,0.8199999928474426,0.16695362329483032,0.8199999928474426,0.16695362329483032,0,nominal-sac-a-star,2.677406278065421,99.0,99.0,2.01987904548645,99.0,waiter-2,0,,waiter-1,-8.823284149169922,2.200000047683716,-0.47416146548439286,0.0,10.227335202738438,0,0,waiter-2,7.8650102615356445,2.549999952316284,-0.5000123966902326,0.0,6.510383928878146,0,0,customer-1,-2.4800968170166016,-2.549999952316284,0.4489937016811041,0.0,5.835297311000923,0,0,customer-2,7.1775102615356445,-2.200000047683716,0.4152520021401429,0.0,7.0362742538057175,0,0
3,618,24.71999999999965,to_table,1.445183515548706,1.8131693601608276,0.04052719982527737,0.8394601345062256,0.8868361711502075,0.8199999928474426,0.16839832067489624,0.8199999928474426,0.16839832067489624,0,nominal-sac-a-star,2.6080644222343303,99.0,99.0,1.9500364685058593,99.0,waiter-2,0,,waiter-1,-8.84225082397461,2.200000047683716,-0.47415713408209825,0.0,10.2947046228055,0,0,waiter-2,7.845009803771973,2.549999952316284,-0.5000116653253617,0.0,6.4421033708696225,0,0,customer-1,-2.462137222290039,-2.549999952316284,0.4489931670932279,0.0,5.856995970434563,0,0,customer-2,7.194120407104492,-2.200000047683716,0.4152501239610906,0.0,7.011120030291196,0,0
3,619,24.75999999999965,to_table,1.494088888168335,1.8148964643478394,0.04606233910414057,0.8348038196563721,0.8826733827590942,0.8199999928474426,0.1677723079919815,0.8199999928474426,0.1677723079919815,0,nominal-sac-a-star,2.5387087734445175,99.0,99.0,1.8800229454040527,99.0,waiter-2,0,,waiter-1,-8.86121654510498,2.200000047683716,-0.4741623394229677,0.0,10.362463770082769,0,0,waiter-2,7.825009346008301,2.549999952316284,-0.5000109339604997,0.0,6.373455183926532,0,0,customer-1,-2.4441776275634766,-2.549999952316284,0.4489926325053517,0.0,5.878967926187529,0,0,customer-2,7.210730075836182,-2.200000047683716,0.41525301415362037,0.0,6.98565533581951,0,0
3,620,24.79999999999965,to_table,1.5424433946609497,1.8173789978027344,0.05020559828665439,0.8308594226837158,0.884937047958374,0.8199999928474426,0.13479140400886536,0.8199999928474426,0.13479140400886536,0,nominal-sac-a-star,2.469122583088358,99.0,99.0,1.811016263961792,99.0,waiter-2,0,,waiter-1,-8.880183219909668,2.200000047683716,-0.4741580080206731,0.0,10.429647377287873,0,0,waiter-2,7.805008888244629,2.549999952316284,-0.5000102025956288,0.0,6.305272398906913,0,0,customer-1,-2.426218032836914,-2.549999952316284,0.4489920979174755,0.0,5.901209403169157,0,0,customer-2,7.227340221405029,-2.200000047683716,0.4152511359745681,0.0,6.961133982752991,0,0
3,621,24.839999999999648,to_table,1.5913541316986084,1.8194669485092163,0.05442391403439711,0.8239140510559082,0.8977329730987549,0.8199999928474426,0.13356046378612518,0.8199999928474426,0.13356046378612518,0,nominal-sac-a-star,2.400355626637807,99.0,99.0,1.741563024520874,99.0,waiter-2,0,,waiter-1,-8.899148941040039,2.200000047683716,-0.47416321336154255,0.0,10.497402543425032,0,0,waiter-2,7.785008430480957,2.549999952316284,-0.5000094712307579,0.0,6.236588173230332,0,0,customer-1,-2.4082584381103516,-2.549999952316284,0.44899156332959933,0.0,5.923608841406009,0,0,customer-2,7.243950366973877,-2.200000047683716,0.4152492577955158,0.0,6.935990133537704,0,0
3,622,24.879999999999647,to_table,1.6399433612823486,1.8220616579055786,0.05828862555166728,0.8200984001159668,0.9011490345001221,0.8199999928474426,0.13296908140182495,0.8199999928474426,0.13296908140182495,0,nominal-sac-a-star,2.3311282054699984,99.0,99.0,1.6724979305267333,99.0,waiter-2,0,,waiter-1,-8.918115615844727,2.200000047683716,-0.47415888195924794,0.0,10.56482119067624,0,0,waiter-2,7.765007972717285,2.549999952316284,-0.500008739865887,0.0,6.168169149328039,0,0,customer-1,-2.390298843383789,-2.549999952316284,0.44899102874172314,0.0,5.9462404048144535,0,0,customer-2,7.260560035705566,-2.200000047683716,0.41525214798804555,0.0,6.911462375241015,0,0
3,623,24.919999999999646,to_table,1.6872738599777222,1.8246233463287354,0.061581787146691463,0.7624726295471191,0.9487605094909668,0.7799999713897705,0.10945512354373932,0.7799999713897705,0.10945512354373932,0,nominal-sac-a-star,2.357538312787587,99.0,99.0,1.7235385799407958,99.0,waiter-2,0,,waiter-1,-8.937081336975098,2.200000047683716,-0.4741640873001174,0.0,10.63098448023223,0,0,waiter-2,7.745007514953613,2.549999952316284,-0.5000080085010161,0.0,6.1010087899577385,0,0,customer-1,-2.3723392486572266,-2.549999952316284,0.44899049415384695,0.0,5.968063973923917,0,0,customer-2,7.277170181274414,-2.200000047683716,0.41525026980899327,0.0,6.887999299250733,0,0
3,624,24.959999999999646,to_table,1.733919620513916,1.8271939754486084,0.06426213174373631,0.7484555244445801,0.9569864273071289,0.7799999713897705,0.10646692663431168,0.7799999713897705,0.10646692663431168,0,nominal-sac-a-star,2.290093763432811,99.0,99.0,1.6569089317321777,99.0,waiter-2,0,,waiter-1,-8.956048011779785,2.200000047683716,-0.4048800085064741,0.0,10.696466348611693,0,0,waiter-2,7.725007057189941,2.549999952316284,-0.5000072771361541,0.0,6.0345320575909565,0,0,customer-1,-2.354379653930664,-2.549999952316284,0.44898995956597076,0.0,5.9894922688560115,0,0,customer-2,7.2937798500061035,-2.200000047683716,0.415253160001523,0.0,6.865153856356144,0,0
3,625,24.999999999999645,to_table,1.7802010774612427,1.8301430940628052,0.06698741809387282,0.7347445487976074,0.9597086906433105,0.7799999713897705,0.10345452278852463,0.7799999713897705,0.10345452278852463,0,nominal-sac-a-star,2.223477176364965,99.0,99.0,1.5905663394927978,99.0,waiter-2,0,,waiter-1,-8.975013732910156,2.200000047683716,-0.02556038055818277,0.0,10.761572365754645,0,0,waiter-2,7.705007076263428,2.549999952316284,-0.5000113141428653,0.0,5.968376665377021,0,0,customer-1,-2.3364205360412598,-2.549999952316284,0.4489941933496766,0.0,6.011008785178993,0,0,customer-2,7.310389995574951,-2.200000047683716,0.41525128182247073,0.0,6.8428826683638375,0,0
3,626,25.039999999999644,to_table,1.8262382745742798,1.8333971500396729,0.06887868299551889,0.7183629274368286,0.9624744653701782,0.7799999713897705,0.08000941574573517,0.7799999713897705,0.08000941574573517,0,nominal-sac-a-star,2.157160111075793,99.0,99.0,1.5247086906433105,99.0,waiter-2,0,,waiter-1,-8.993980407714844,2.200000047683716,0.3537687841332726,0.0,10.826427389361626,0,0,waiter-2,7.685006618499756,2.549999952316284,-0.5000105827779944,0.0,5.902430523438117,0,0,customer-1,-2.3184609413146973,-2.549999952316284,0.4489936587618004,0.0,6.03263638446188,0,0,customer-2,7.327000141143799,-2.200000047683716,0.41524940364341845,0.0,6.821046405597038,0,0
3,627,25.079999999999643,to_table,1.8725303411483765,1.8364903926849365,0.07038404220179661,0.7001767158508301,0.9659936428070068,0.7799999713897705,0.07421820610761642,0.7799999713897705,0.07421820610761642,0,nominal-sac-a-star,2.0912236597808245,99.0,99.0,1.458796443939209,99.0,waiter-2,0,,waiter-1,-8.987053871154785,2.200000047683716,0.4741586826199118,0.0,10.86566650203205,0,0,waiter-2,7.665006160736084,2.549999952316284,-0.5000098514131324,0.0,5.8362549646321655,0,0,customer-1,-2.3005013465881348,-2.549999952316284,0.44899312417392423,0.0,6.054377838691765,0,0,customer-2,7.343609809875488,-2.200000047683716,0.4152522938359482,0.0,6.7989679825922735,0,0
3,628,25.119999999999642,to_table,1.9187875986099243,1.8396720886230469,0.07182698581801153,0.6817194223403931,0.9681177139282227,0.7799999713897705,0.06838382035493851,0.7799999713897705,0.06838382035493851,0,nominal-sac-a-star,2.025164260997312,99.0,99.0,1.3929519081115722,99.0,waiter-2,0,,waiter-1,-8.968087196350098,2.200000047683716,0.4741543512175994,0.0,10.892836133864158,0,0,waiter-2,7.645005702972412,2.549999952316284,-0.5000091200482615,0.0,5.770107403910929,0,0,customer-1,-2.2825417518615723,-2.549999952316284,0.44899258958604804,0.0,6.076215017437889,0,0,customer-2,7.360219955444336,-2.200000047683716,0.4152504156568959,0.0,6.777030106385668,0,0
3,629,25.15999999999964,to_table,1.9648611545562744,1.8431257009506226,0.07268689985231142,0.6621109247207642,0.970125675201416,0.7799999713897705,0.0612938366830349,0.7799999713897705,0.0612938366830349,0,nominal-sac-a-star,1.9591531151314046,99.0,99.0,1.3274650001525878,99.0,waiter-2,0,,waiter-1,-8.949121475219727,2.200000047683716,0.47415955655846886,0.0,10.919815755881984,0,0,waiter-2,7.62500524520874,2.549999952316284,-0.5000083886833906,0.0,5.704112756090275,0,0,customer-1,-2.2645821571350098,-2.549999952316284,0.44899205499817185,0.0,6.098175442884693,0,0,customer-2,7.376829624176025,-2.200000047683716,0.41525330584942566,0.0,6.755462125970978,0,0
3,630,25.19999999999964,to_table,2.011035680770874,1.8464752435684204,0.06647491168259878,0.6461271047592163,0.9714525938034058,0.7799999713897705,-0.32641419768333435,0.7799999713897705,-0.32641419768333435,0,nominal-sac-a-star,1.893415781110182,99.0,99.0,1.2646541023254394,99.0,waiter-2,0,,waiter-1,-8.930154800415039,2.200000047683716,0.47415522515617425,0.0,10.946900425815427,0,0,waiter-2,7.605005264282227,2.549999952316284,-0.5000124256901017,0.0,5.638035359685937,0,0,customer-1,-2.2466225624084473,-2.549999952316284,0.44899152041029566,0.0,6.120183646243165,0,0,customer-2,7.393439769744873,-2.200000047683716,0.4152514276703734,0.0,6.733812891647501,0,0
3,631,25.23999999999964,to_table,2.0572242736816406,1.849642038345337,0.0563452090684882,0.6788903474807739,0.976611852645874,0.7799999713897705,-0.3614886403083801,0.7799999713897705,-0.3614886403083801,0,nominal-sac-a-star,1.8292628829114244,99.0,99.0,1.2040330791473388,99.0,waiter-2,0,,waiter-1,-8.911189079284668,2.200000047683716,0.4741604304970437,0.0,10.974007573181147,0,0,waiter-2,7.585004806518555,2.549999952316284,-0.5000116943252308,0.0,5.571970820712586,0,0,customer-1,-2.2286629676818848,-2.549999952316284,0.4489909858224195,0.0,6.142123337387129,0,0,customer-2,7.410049915313721,-2.200000047683716,0.4152495494913211,0.0,6.712104243428556,0,0
3,632,25.27999999999964,to_table,2.103893518447876,1.8527247905731201,0.044218607240524954,0.6861122846603394,0.9758933782577515,0.7799999713897705,-0.40076810121536255,0.7799999713897705,-0.40076810121536255,0,nominal-sac-a-star,1.7664307626609475,99.0,99.0,1.1448542499542236,99.0,waiter-2,0,,waiter-1,-8.89222240447998,2.200000047683716,0.4741560990947491,0.0,11.001598315457112,0,0,waiter-2,7.565004348754883,2.549999952316284,-0.5000109629603688,0.0,5.505444954958722,0,0,customer-1,-2.2107033729553223,-2.549999952316284,0.4489904512345433,0.0,6.164392224457876,0,0,customer-2,7.42665958404541,-2.200000047683716,0.41525243968385084,0.0,6.690023707259979,0,0
3,633,25.319999999999638,to_table,2.142177104949951,1.8564846515655518,0.020631662082079005,0.9588463306427002,-0.5725191235542297,0.20000000298023224,-0.7981761693954468,0.20000000298023224,-0.7981761693954468,0,nominal-sac-a-star,3.0821428195323817,99.0,99.0,2.803452672958374,99.0,waiter-2,0,,waiter-1,-8.873255729675293,2.200000047683716,0.4741517676924545,0.0,11.020787783162788,0,0,waiter-2,7.545003890991211,2.549999952316284,-0.500010231595498,0.0,5.447155289905026,0,0,customer-1,-2.1927437782287598,-2.549999952316284,0.4489899166466671,0.0,6.181314231428989,0,0,customer-2,7.443269729614258,-2.200000047683716,0.41525056150479855,0.0,6.67507686326635,0,0
3,634,25.359999999999637,to_table,2.1739535331726074,1.8591974973678589,0.001454675448717119,0.7548083066940308,0.9374712705612183,0.20000000298023224,-0.6397029161453247,0.20000000298023224,-0.6397029161453247,0,nominal-sac-a-star,3.0254964837018514,99.0,99.0,2.753953161239624,99.0,waiter-2,0,,waiter-1,-8.854290008544922,2.200000047683716,0.4741569730333062,0.0,11.033508145360486,0,0,waiter-2,7.525003433227539,2.549999952316284,-0.5000095002306271,0.0,5.395455779138651,0,0,customer-1,-2.1747846603393555,-2.549999952316284,0.44899415043037294,0.0,6.192943244210368,0,0,customer-2,7.459879398345947,-2.200000047683716,0.4152534516973283,0.0,6.66469031252475,0,0
3,635,25.399999999999636,to_table,2.198707103729248,1.8631527423858643,-0.021374426195764122,0.5127854347229004,0.2971227169036865,0.20000000298023224,-0.7395759224891663,0.20000000298023224,-0.7395759224891663,0,nominal-sac-a-star,2.9754174551653065,99.0,99.0,2.7118751430511474,99.0,waiter-2,0,,waiter-1,-8.835323333740234,2.200000047683716,0.47415264163101156,0.0,11.039170883815931,0,0,waiter-2,7.505002975463867,2.549999952316284,-0.5000087688657651,0.0,5.3505639859903615,0,0,customer-1,-2.156825065612793,-2.549999952316284,0.44899361584249675,0.0,6.200530395452491,0,0,customer-2,7.476489543914795,-2.200000047683716,0.415251573518276,0.0,6.660645470326514,0,0
3,636,25.439999999999635,to_table,2.2212986946105957,1.8707211017608643,-0.04796615381733371,0.3734896183013916,0.9402989149093628,0.20000000298023224,-0.6772156357765198,0.20000000298023224,-0.6772156357765198,0,nominal-sac-a-star,2.9326080198695648,99.0,99.0,2.672154130935669,99.0,waiter-2,0,,waiter-1,-8.816357612609863,2.200000047683716,0.474157846971881,0.0,11.04256679312159,0,0,waiter-2,7.485002517700195,2.549999952316284,-0.5000080375008942,0.0,5.307353172158412,0,0,customer-1,-2.1388654708862305,-2.549999952316284,0.44899308125462056,0.0,6.20917113534839,0,0,customer-2,7.493099689483643,-2.200000047683716,0.41524969533922373,0.0,6.6605297391483695,0,0
3,637,25.479999999999634,to_table,2.2421610355377197,1.8767138719558716,-0.07450754400004393,0.3245347738265991,0.9523863792419434,0.20000000298023224,-0.6923336386680603,0.20000000298023224,-0.6923336386680603,0,nominal-sac-a-star,2.89199057088896,99.0,99.0,2.634909334182739,99.0,waiter-2,0,,waiter-1,-8.797390937805176,2.200000047683716,0.4741535155695864,0.0,11.044284572735155,0,0,waiter-2,7.465002059936523,2.549999952316284,-0.5000073061360233,0.0,5.266059486195559,0,0,customer-1,-2.120905876159668,-2.549999952316284,0.4489925466667444,0.0,6.215476502887835,0,0,customer-2,7.509709358215332,-2.200000047683716,0.4152525855317535,0.0,6.660830407263564,0,0
3,638,25.519999999999634,to_table,2.258988380432129,1.8790172338485718,-0.09434179978782757,0.2924625873565674,0.9592044353485107,0.20000000298023224,-0.7217779755592346,0.20000000298023224,-0.7217779755592346,0,nominal-sac-a-star,2.8537180245248868,99.0,99.0,2.60166090965271,99.0,waiter-2,0,,waiter-1,-8.778425216674805,2.200000047683716,0.47415872091045586,0.0,11.042079916409705,0,0,waiter-2,7.44500207901001,2.549999952316284,-0.5000113431427344,0.0,5.229240469735519,0,0,customer-1,-2.1029462814331055,-2.549999952316284,0.4489920120788682,0.0,6.216322645240113,0,0,customer-2,7.52631950378418,-2.200000047683716,0.4152507073527012,0.0,6.662068683680185,0,0
3,639,25.559999999999633,to_table,2.2748656272888184,1.8808915615081787,-0.12029658505678148,0.2568807601928711,0.961566686630249,0.20000000298023224,-0.7207605838775635,0.20000000298023224,-0.7207605838775635,0,nominal-sac-a-star,2.8195672010547486,99.0,99.0,2.570892753601074,99.0,waiter-2,0,,waiter-1,-8.759458541870117,2.200000047683716,0.47415438950816124,0.0,11.038937453216876,0,0,waiter-2,7.425001621246338,2.549999952316284,-0.5000106117778635,0.0,5.193419566615682,0,0,customer-1,-2.084986686706543,-2.549999952316284,0.448991477490992,0.0,6.2161975360450334,0,0,customer-2,7.542929172515869,-2.200000047683716,0.41525359754523095,0.0,6.663795453232566,0,0
3,640,25.599999999999632,to_table,2.288945198059082,1.8812097311019897,-0.14784230703125503,-0.44844508171081543,0.9763368368148804,0.20000000298023224,-0.7096637487411499,0.20000000298023224,-0.7096637487411499,0,nominal-sac-a-star,2.7875349021489297,99.0,99.0,2.5430397415161132,99.0,waiter-2,0,,waiter-1,-8.740492820739746,2.200000047683716,0.47415959484901293,0.0,11.034044148745794,0,0,waiter-2,7.405001163482666,2.549999952316284,-0.5000098804130015,0.0,5.159584188802244,0,0,customer-1,-2.0670270919799805,-2.549999952316284,0.4489909429031158,0.0,6.213703714372615,0,0,customer-2,7.559539318084717,-2.200000047683716,0.41525171936617866,0.0,6.6659909718289345,0,0
3,641,25.63999999999963,to_table,2.3005597591400146,1.8796699047088623,-0.17501167363710463,0.2700430154800415,0.9646375179290771,0.20000000298023224,-0.6960606575012207,0.20000000298023224,-0.6960606575012207,0,nominal-sac-a-star,2.758195319107001,99.0,99.0,2.5184730911254882,99.0,waiter-2,0,,waiter-1,-8.721526145935059,2.200000047683716,0.4741552634467183,0.0,11.026739731187677,0,0,waiter-2,7.385000705718994,2.549999952316284,-0.5000091490481307,0.0,5.128438564707031,0,0,customer-1,-2.049067497253418,-2.549999952316284,0.4489904083152396,0.0,6.208158528243125,0,0,customer-2,7.5761494636535645,-2.200000047683716,0.4152498411871264,0.0,6.668999449004643,0,0
3,642,25.67999999999963,to_table,2.316047191619873,1.8794437646865845,-0.20115616182792517,0.24835777282714844,0.9664440155029297,0.20000000298023224,-0.6760932803153992,0.20000000298023224,-0.6760932803153992,0,nominal-sac-a-star,2.7320026318810635,99.0,99.0,2.490145626068115,99.0,waiter-2,0,,waiter-1,-8.702560424804688,2.200000047683716,0.4741604687875878,0.0,11.023269484835172,0,0,waiter-2,7.365000247955322,2.549999952316284,-0.5000084176832598,0.0,5.0932870099619905,0,0,customer-1,-2.0311079025268555,-2.549999952316284,0.44898987372736343,0.0,6.206265306499718,0,0,customer-2,7.592759132385254,-2.200000047683716,0.4152527313796561,0.0,6.669748925117218,0,0
3,643,25.71999999999963,to_table,2.3267178535461426,1.8773566484451294,-0.21831069619512916,0.27459120750427246,0.9760949611663818,0.20000000298023224,-0.6639628410339355,0.20000000298023224,-0.6639628410339355,0,nominal-sac-a-star,2.7019915480257812,99.0,99.0,2.4650871181488037,99.0,waiter-2,0,,waiter-1,-8.68359375,2.200000047683716,0.47415613738529316,0.0,11.015037919601324,0,0,waiter-2,7.345000267028809,2.549999952316284,-0.5000124546899798,0.0,5.063161798294828,0,0,customer-1,-2.013148784637451,-2.549999952316284,0.4489941075110693,0.0,6.199671677397491,0,0,customer-2,7.609369277954102,-2.200000047683716,0.41525085320060384,0.0,6.67317343542532,0,0
3,644,25.75999999999963,to_table,2.342482566833496,1.877876877784729,-0.23360638041964776,0.18264782428741455,0.9704229831695557,0.20000000298023224,-0.6560817956924438,0.20000000298023224,-0.6560817956924438,0,nominal-sac-a-star,2.6756774020158827,99.0,99.0,2.4342176342010498,99.0,waiter-2,0,,waiter-1,-8.664627075195312,2.200000047683716,0.47415180598299855,0.0,11.011822102096879,0,0,waiter-2,7.324999809265137,2.549999952316284,-0.5000117233251089,0.0,5.027646317954988,0,0,customer-1,-1.9951891899108887,-2.549999952316284,0.4489935729231931,0.0,6.198507037327885,0,0,customer-2,7.625979423522949,-2.200000047683716,0.41524897502155156,0.0,6.674160565488015,0,0
3,645,25.799999999999628,to_table,2.3534302711486816,1.87784743309021,-0.25333912647915674,0.1620345115661621,0.9714958667755127,0.20000000298023224,-0.6609258055686951,0.20000000298023224,-0.6609258055686951,0,nominal-sac-a-star,2.6436501364621994,99.0,99.0,2.40960973739624,99.0,waiter-2,0,,waiter-1,-8.645661354064941,2.200000047683716,0.474157011323868,0.0,11.003808381053075,0,0,waiter-2,7.304999351501465,2.549999952316284,-0.500010991960238,0.0,4.996981625602366,0,0,customer-1,-1.9772295951843262,-2.549999952316284,0.4489930383353169,0.0,6.193581140690623,0,0,customer-2,7.642589092254639,-2.200000047683716,0.4152518652140813,0.0,6.678625690315127,0,0
3,646,25.839999999999627,to_table,2.3653807640075684,1.8772486448287964,-0.2764998299912988,0.14847302436828613,0.9721436500549316,0.20000000298023224,-0.6530267000198364,0.20000000298023224,-0.6530267000198364,0,nominal-sac-a-star,2.6175501139308155,99.0,99.0,2.3854855918884277,99.0,waiter-2,0,,waiter-1,-8.626694679260254,2.200000047683716,0.4741526799215734,0.0,10.996812766367185,0,0,waiter-2,7.284998893737793,2.549999952316284,-0.5000102605953671,0.0,4.965403998074723,0,0,customer-1,-1.9592700004577637,-2.549999952316284,0.4489925037474407,0.0,6.1889526073087415,0,0,customer-2,7.659199237823486,-2.200000047683716,0.415249987035029,0.0,6.681951132289856,0,0
3,647,25.879999999999626,to_table,2.3797719478607178,1.877327799797058,-0.29578524027870273,0.1056298017501831,0.9797272682189941,0.20000000298023224,-0.6412985920906067,0.20000000298023224,-0.6412985920906067,0,nominal-sac-a-star,2.59159786573914,99.0,99.0,2.358015718460083,99.0,waiter-2,0,,waiter-1,-8.607728958129883,2.200000047683716,0.4741578852624251,0.0,10.992237876733768,0,0,waiter-2,7.264998435974121,2.549999952316284,-0.5000095292304962,0.0,4.931320884402035,0,0,customer-1,-1.9413104057312012,-2.549999952316284,0.4489919691595645,0.0,6.186516283915889,0,0,customer-2,7.675808906555176,-2.200000047683716,0.41525287722755877,0.0,6.6837571652252485,0,0
3,648,25.919999999999625,to_table,2.3919289112091064,1.8751988410949707,-0.31340694397541224,-0.2843271493911743,0.9819449186325073,0.20000000298023224,-0.640228271484375,0.20000000298023224,-0.640228271484375,0,nominal-sac-a-star,2.562498658018518,99.0,99.0,2.333017292022705,99.0,waiter-2,0,,waiter-1,-8.588762283325195,2.200000047683716,0.47415355386013047,0.0,10.985493841130888,0,0,waiter-2,7.244997978210449,2.549999952316284,-0.5000087978656342,0.0,4.899758760264714,0,0,customer-1,-1.9233508110046387,-2.549999952316284,0.44899143457168833,0.0,6.1809403364017,0,0,customer-2,7.692419052124023,-2.200000047683716,0.4152509990485065,0.0,6.685988462227502,0,0
3,649,25.959999999999624,to_table,2.407813310623169,1.8707963228225708,-0.33387879978975227,-0.5291157960891724,0.9765030145645142,0.7799999713897705,-0.42314037680625916,0.7799999713897705,-0.42314037680625916,0,nominal-sac-a-star,1.4428320077531551,99.0,99.0,1.1013693237304687,99.0,waiter-2,0,,waiter-1,-8.569796562194824,2.200000047683716,0.4741587592009999,0.0,10.982544951524375,0,0,waiter-2,7.224997520446777,2.549999952316284,-0.5000080665007633,0.0,4.864831064044397,0,0,customer-1,-1.9053912162780762,-2.549999952316284,0.44899089998381214,0.0,6.176339773455066,0,0,customer-2,7.709029197692871,-2.200000047683716,0.4152491208694542,0.0,6.683881579699581,0,0
3,650,25.999999999999623,to_table,2.4362404346466064,1.8618848323822021,-0.34930690245335627,0.024074077606201172,0.8035380840301514,0.7799999713897705,-0.43248575925827026,0.7799999713897705,-0.43248575925827026,0,nominal-sac-a-star,1.4423417955518802,99.0,99.0,1.1038152599334716,99.0,waiter-2,0,,waiter-1,-8.550829887390137,2.200000047683716,0.4741544277987053,0.0,10.992271656040847,0,0,waiter-2,7.2049970626831055,2.549999952316284,-0.5000073351358925,0.0,4.818147174560355,0,0,customer-1,-1.8874316215515137,-2.549999952316284,0.44899036539593595,0.0,6.177286410957686,0,0,customer-2,7.7256388664245605,-2.200000047683716,0.41525201106198395,0.0,6.669081237247242,0,0
3,651,26.039999999999623,to_table,2.4674742221832275,1.8488270044326782,-0.36267326276626444,0.7467660903930664,0.8150203227996826,0.7799999713897705,-0.4369666874408722,0.7799999713897705,-0.4369666874408722,0,nominal-sac-a-star,1.4274472815820296,99.0,99.0,1.1044983291625976,99.0,waiter-2,0,,waiter-1,-8.531864166259766,2.200000047683716,0.47415963313957477,0.0,11.004942866266136,0,0,waiter-2,7.184997081756592,2.549999952316284,-0.5000113721426125,0.0,4.769346436718666,0,0,customer-1,-1.8694720268249512,-2.549999952316284,0.44898983080805976,0.0,6.177279446666424,0,0,customer-2,7.742249011993408,-2.200000047683716,0.41525013288293167,0.0,6.649530027089626,0,0
3,652,26.07999999999962,to_table,2.5044445991516113,1.8362034559249878,-0.3731814391530839,0.7481513023376465,0.7605283260345459,0.7799999713897705,-0.45231765508651733,0.7799999713897705,-0.45231765508651733,0,nominal-sac-a-star,1.4106002731403064,99.0,99.0,1.096461238861084,99.0,waiter-2,0,,waiter-1,-8.512897491455078,2.200000047683716,0.47415530173728015,0.0,11.023346801295379,0,0,waiter-2,7.16499662399292,2.549999952316284,-0.5000106407777416,0.0,4.714896670608266,0,0,customer-1,-1.8515129089355469,-2.549999952316284,0.4489940645917656,0.0,6.181678263281602,0,0,customer-2,7.758858680725098,-2.200000047683716,0.4152530230754614,0.0,6.625692874196699,0,0
3,653,26.11999999999962,to_table,2.538297176361084,1.823358416557312,-0.3822314066031674,0.735142707824707,0.7625586986541748,0.20000000298023224,-0.47650381922721863,0.20000000298023224,-0.47650381922721863,0,nominal-sac-a-star,2.3740559190620396,99.0,99.0,2.134636344909668,99.0,waiter-2,0,,waiter-1,-8.493931770324707,2.200000047683716,0.47416050707813184,0.0,11.03865636979381,0,0,waiter-2,7.144996166229248,2.549999952316284,-0.5000099094128707,0.0,4.6636555945676905,0,0,customer-1,-1.8335533142089844,-2.549999952316284,0.4489935300038894,0.0,6.1837965793268515,0,0,customer-2,7.775468826293945,-2.200000047683716,0.41525114489640913,0.0,6.604194138775783,0,0
3,654,26.15999999999962,to_table,2.5641331672668457,1.8133317232131958,-0.3890645622536668,0.525322437286377,0.8060038089752197,0.20000000298023224,-0.49653905630111694,0.20000000298023224,-0.49653905630111694,0,nominal-sac-a-star,2.3279135255878827,99.0,99.0,2.096571388244629,99.0,waiter-2,0,,waiter-1,-8.47496509552002,2.200000047683716,0.47415617567583723,0.0,11.045868134674288,0,0,waiter-2,7.124995708465576,2.549999952316284,-0.5000091780479998,0.0,4.619972640555312,0,0,customer-1,-1.8155937194824219,-2.549999952316284,0.44899299541601323,0.0,6.1822868675914195,0,0,customer-2,7.792078971862793,-2.200000047683716,0.41524926671735685,0.0,6.5907700035036045,0,0
3,655,26.19999999999962,to_table,2.5870234966278076,1.8060145378112793,-0.39724317531855663,0.5072574615478516,0.7986524105072021,0.20000000298023224,-0.48324158787727356,0.20000000298023224,-0.48324158787727356,0,nominal-sac-a-star,2.2883685978794173,99.0,99.0,2.0612317943572998,99.0,waiter-2,0,,waiter-1,-8.455998420715332,2.200000047683716,0.4741518442735426,0.0,11.050047857313125,0,0,waiter-2,7.104995250701904,2.549999952316284,-0.5000084466831289,0.0,4.578818959907408,0,0,customer-1,-1.7976341247558594,-2.549999952316284,0.44899246082813704,0.0,6.180621707802474,0,0,customer-2,7.808688640594482,-2.200000047683716,0.4152521569098866,0.0,6.581332671649045,0,0
3,656,26.23999999999962,to_table,2.6052093505859375,1.8001554012298584,-0.40994060803730953,0.510746955871582,0.7974903583526611,0.20000000298023224,-0.49468377232551575,0.20000000298023224,-0.49468377232551575,0,nominal-sac-a-star,2.2515080906522162,99.0,99.0,2.0319137001037597,99.0,waiter-2,0,,waiter-1,-8.437032699584961,2.200000047683716,0.4741570496144121,0.0,11.049478957664032,0,0,waiter-2,7.084995269775391,2.549999952316284,-0.500012483689849,0.0,4.5421084016745015,0,0,customer-1,-1.7796745300292969,-2.549999952316284,0.44899192624026085,0.0,6.176654292290081,0,0,customer-2,7.82529878616333,-2.200000047683716,0.4152502787308343,0.0,6.576517112491966,0,0
3,657,26.279999999999617,to_table,2.627322196960449,1.7914103269577026,-0.41639545739592815,0.5000674724578857,0.7947831153869629,0.7799999713897705,-0.30216845870018005,0.7799999713897705,-0.30216845870018005,0,nominal-sac-a-star,1.3180828407787981,99.0,99.0,1.0826458358764648,99.0,waiter-2,0,,waiter-1,-8.418066024780273,2.200000047683716,0.47415271821211746,0.0,11.052942889966076,0,0,waiter-2,7.064994812011719,2.549999952316284,-0.5000117523249781,0.0,4.502043586870039,0,0,customer-1,-1.7617149353027344,-2.549999952316284,0.44899139165238466,0.0,6.173450425926402,0,0,customer-2,7.8419084548950195,-2.200000047683716,0.41525316892336406,0.0,6.566830789675885,0,0
3,658,26.319999999999617,to_table,2.6572420597076416,1.7783331871032715,-0.4171494446803595,0.7478675842285156,0.6960196495056152,0.7799999713897705,-0.3237937092781067,0.7799999713897705,-0.3237937092781067,0,nominal-sac-a-star,1.3009487846923502,99.0,99.0,1.065080108642578,99.0,waiter-2,0,,waiter-1,-8.399100303649902,2.200000047683716,0.4741579235529869,0.0,11.064380208447577,0,0,waiter-2,7.044994354248047,2.549999952316284,-0.5000110209601072,0.0,4.455091446286922,0,0,customer-1,-1.7437553405761719,-2.549999952316284,0.4489908570645085,0.0,6.172782669356052,0,0,customer-2,7.858518600463867,-2.200000047683716,0.4152512907443118,0.0,6.548313750915708,0,0
3,659,26.359999999999616,to_table,2.6914620399475098,1.7639343738555908,-0.42063140722014114,0.7233736515045166,0.692103385925293,0.7799999713897705,-0.34758585691452026,0.7799999713897705,-0.34758585691452026,0,nominal-sac-a-star,1.2716375821951917,99.0,99.0,1.0535411262512206,99.0,waiter-2,0,,waiter-1,-8.380133628845215,2.200000047683716,0.47415359215067454,0.0,11.080179778555987,0,0,waiter-2,7.024993896484375,2.549999952316284,-0.5000102895952452,0.0,4.404247659392078,0,0,customer-1,-1.7257957458496094,-2.549999952316284,0.4489903224766323,0.0,6.174317429215091,0,0,customer-2,7.875128746032715,-2.200000047683716,0.4152494125652595,0.0,6.52557864239183,0,0
3,660,26.399999999999615,to_table,2.7279677391052246,1.748245120048523,-0.4262780601381618,0.71047043800354,0.7098275423049927,0.7799999713897705,-0.370715469121933,0.7799999713897705,-0.370715469121933,0,nominal-sac-a-star,1.2452854603598618,99.0,99.0,1.0482489490509033,99.0,waiter-2,0,,waiter-1,-8.361167907714844,2.200000047683716,0.474158797491544,0.0,11.09833374467619,0,0,waiter-2,7.004993438720703,2.549999952316284,-0.5000095582303743,0.0,4.351523830365172,0,0,customer-1,-1.7078361511230469,-2.549999952316284,0.4489897878887561,0.0,6.176671179095793,0,0,customer-2,7.891738414764404,-2.200000047683716,0.41525230275778924,0.0,6.500243648919526,0,0
3,661,26.439999999999614,to_table,2.7648684978485107,1.7305415868759155,-0.4340215075541852,0.6951625347137451,0.7214175462722778,0.7799999713897705,-0.3891412317752838,0.7799999713897705,-0.3891412317752838,0,nominal-sac-a-star,1.2228242528093851,99.0,99.0,1.0509473705291748,99.0,waiter-2,0,,waiter-1,-8.342201232910156,2.200000047683716,0.4741544660892494,0.0,11.116986518403243,0,0,waiter-2,6.984992980957031,2.549999952316284,-0.5000088268655034,0.0,4.298949018727968,0,0,customer-1,-1.6898770332336426,-2.549999952316284,0.44899402167246194,0.0,6.178008871428265,0,0,customer-2,7.908348560333252,-2.200000047683716,0.41525042457873695,0.0,6.473371972487348,0,0
3,662,26.479999999999613,to_table,2.802859306335449,1.7117934226989746,-0.4432802089914176,0.6838953495025635,0.7215684652328491,0.7799999713897705,-0.4073551297187805,0.7799999713897705,-0.4073551297187805,0,nominal-sac-a-star,1.2063465748156554,99.0,99.0,1.0592622184753417,99.0,waiter-2,0,,waiter-1,-8.323235511779785,2.200000047683716,0.47415967143011883,0.0,11.136800779863563,0,0,waiter-2,6.964992523193359,2.549999952316284,-0.5000080955006325,0.0,4.2456970100520675,0,0,customer-1,-1.67191743850708,-2.549999952316284,0.44899348708458575,0.0,6.179523419124443,0,0,customer-2,7.924958229064941,-2.200000047683716,0.4152533147712667,0.0,6.445000041051612,0,0
3,663,26.519999999999612,to_table,2.8433988094329834,1.6933183670043945,-0.44919089544823787,0.6732752323150635,0.7249252796173096,0.7799999713897705,-0.4270573854446411,0.7799999713897705,-0.4270573854446411,0,nominal-sac-a-star,1.1939445458489666,99.0,99.0,1.0600973987579345,99.0,waiter-2,0,,waiter-1,-8.304268836975098,2.200000047683716,0.4741553400278242,0.0,11.159176505473399,0,0,waiter-2,6.9449920654296875,2.549999952316284,-0.5000073641357705,0.0,4.190103886092818,0,0,customer-1,-1.6539578437805176,-2.549999952316284,0.44899295249670956,0.0,6.183200403131554,0,0,customer-2,7.941568374633789,-2.200000047683716,0.4152514365922144,0.0,6.414768989892724,0,0
3,664,26.55999999999961,to_table,2.882547378540039,1.6751607656478882,-0.46034892131297583,0.6535155773162842,0.7258498668670654,0.7799999713897705,-0.4601436257362366,0.7799999713897705,-0.4601436257362366,0,nominal-sac-a-star,1.1752216799249036,99.0,99.0,1.0753983879089355,99.0,waiter-2,0,,waiter-1,-8.285303115844727,2.200000047683716,0.4741605453686759,0.0,11.180176248024802,0,0,waiter-2,6.924991607666016,2.549999952316284,-0.5000066327709085,0.0,4.136024534274976,0,0,customer-1,-1.635998249053955,-2.549999952316284,0.4489924179088334,0.0,6.186213517271799,0,0,customer-2,7.958178520202637,-2.200000047683716,0.41524955841316213,0.0,6.385836109343554,0,0
3,665,26.59999999999961,to_table,2.9227802753448486,1.6549841165542603,-0.46978594940920687,0.642357587814331,0.7404277324676514,0.7799999713897705,-0.2532811462879181,0.7799999713897705,-0.2532811462879181,0,nominal-sac-a-star,1.1682183112338436,99.0,99.0,1.0898019695281982,99.0,waiter-2,0,,waiter-1,-8.266336441040039,2.200000047683716,0.4741562139663813,0.0,11.202382570599374,0,0,waiter-2,6.904991626739502,2.549999952316284,-0.5000106697776197,0.0,4.08155124841539,0,0,customer-1,-1.6180386543273926,-2.549999952316284,0.4489918833209572,0.0,6.188774319000882,0,0,customer-2,7.974788188934326,-2.200000047683716,0.4152524486056919,0.0,6.354816037108885,0,0
3,666,26.63999999999961,to_table,2.9630069732666016,1.6345124244689941,-0.47730497400968264,-0.1799827218055725,0.9262123107910156,0.7799999713897705,-0.24477900564670563,0.7799999713897705,-0.24477900564670563,0,nominal-sac-a-star,1.1606286180215215,99.0,99.0,1.1018008613586425,99.0,waiter-2,0,,waiter-1,-8.247369766235352,2.200000047683716,0.4741518825640867,0.0,11.224630189613174,0,0,waiter-2,6.88499116897583,2.549999952316284,-0.5000099384127488,0.0,4.027415727862833,0,0,customer-1,-1.60007905960083,-2.549999952316284,0.448991348733081,0.0,6.191275956926732,0,0,customer-2,7.991398334503174,-2.200000047683716,0.4152505704266396,0.0,6.323622820887824,0,0
3,667,26.67999999999961,to_table,3.0037076473236084,1.6137797832489014,-0.4835502720345835,0.3808528184890747,0.7080254554748535,0.7799999713897705,-0.2906467020511627,0.7799999713897705,-0.2906467020511627,0,nominal-sac-a-star,1.1515263126783917,99.0,99.0,1.1126818084716796,99.0,waiter-2,0,,waiter-1,-8.22840404510498,2.200000047683716,0.47415708790495614,0.0,11.247399133560837,0,0,waiter-2,6.864990711212158,2.549999952316284,-0.5000092070478868,0.0,3.973161852283532,0,0,customer-1,-1.5821194648742676,-2.549999952316284,0.4489908141452048,0.0,6.194099772305286,0,0,customer-2,8.008008003234863,-2.200000047683716,0.41525346061916935,0.0,6.291894678950207,0,0
3,668,26.719999999999608,to_table,3.0444798469543457,1.5930415391921997,-0.48990844868940303,0.2646491527557373,0.7320506572723389,0.7799999713897705,-0.30535805225372314,0.7799999713897705,-0.30535805225372314,0,nominal-sac-a-star,1.14172442705997,99.0,99.0,1.1255874061584472,99.0,waiter-2,0,,waiter-1,-8.209437370300293,2.200000047683716,0.47415275650266153,0.0,11.270272905473524,0,0,waiter-2,6.844990253448486,2.549999952316284,-0.5000084756830248,0.0,3.9191387771191804,0,0,customer-1,-1.564159870147705,-2.549999952316284,0.4489902795573286,0.0,6.197124562441142,0,0,customer-2,8.024618148803711,-2.200000047683716,0.41525158244011706,0.0,6.260107186408012,0,0
3,669,26.759999999999607,to_table,3.0852534770965576,1.5723443031311035,-0.4994744439106712,0.1865074634552002,0.747870922088623,0.7799999713897705,-0.3230064809322357,0.7799999713897705,-0.3230064809322357,0,nominal-sac-a-star,1.1338382045568176,99.0,99.0,1.146162929534912,99.0,waiter-2,0,,waiter-1,-8.190471649169922,2.200000047683716,0.4741579618435132,0.0,11.293180635090678,0,0,waiter-2,6.824990272521973,2.549999952316284,-0.5000125126897359,0.0,3.8654161312131,0,0,customer-1,-1.5462002754211426,-2.549999952316284,0.44898974496945243,0.0,6.200329509157587,0,0,customer-2,8.041228294372559,-2.200000047683716,0.4152497042610648,0.0,6.228343944468575,0,0
3,670,26.799999999999606,to_table,3.127140998840332,1.551267147064209,-0.5071744718518577,0.0711740255355835,0.7805562019348145,0.7799999713897705,-0.3384714424610138,0.7799999713897705,-0.3384714424610138,0,nominal-sac-a-star,1.1336531202642437,99.0,99.0,1.1616293811798095,99.0,waiter-2,0,,waiter-1,-8.171504974365234,2.200000047683716,0.4741536304412186,0.0,11.317254755645495,0,0,waiter-2,6.804989814758301,2.549999952316284,-0.500011781324865,0.0,3.811041738033826,0,0,customer-1,-1.5282411575317383,-2.549999952316284,0.4489939787531583,0.0,6.204270693830851,0,0,customer-2,8.05783748626709,-2.200000047683716,0.41525736282517656,0.0,6.195463938843848,0,0
3,671,26.839999999999606,to_table,3.1682627201080322,1.5290762186050415,-0.5167099980253734,-0.012525081634521484,0.7874563932418823,0.7799999713897705,-0.3651386797428131,0.7799999713897705,-0.3651386797428131,0,nominal-sac-a-star,1.131503287292197,99.0,99.0,1.1815790557861328,99.0,waiter-2,0,,waiter-1,-8.152539253234863,2.200000047683716,0.47415883578208806,0.0,11.340665593520955,0,0,waiter-2,6.784989356994629,2.549999952316284,-0.500011049960003,0.0,3.758057588172371,0,0,customer-1,-1.5102815628051758,-2.549999952316284,0.4489934441652821,0.0,6.207063638739179,0,0,customer-2,8.074447631835938,-2.200000047683716,0.4152554846461243,0.0,6.16252060344342,0,0
3,672,26.879999999999605,to_table,3.208463668823242,1.50645112991333,-0.5272298323521096,-0.13187718391418457,0.8094688653945923,0.7799999713897705,-0.3906586766242981,0.7799999713897705,-0.3906586766242981,0,nominal-sac-a-star,1.1359737651360944,99.0,99.0,1.203352632522583,99.0,waiter-2,0,,waiter-1,-8.133572578430176,2.200000047683716,0.47415450437979345,0.0,11.363221212990217,0,0,waiter-2,6.764988899230957,2.549999952316284,-0.500010318595141,0.0,3.7064627152131506,0,0,customer-1,-1.4923219680786133,-2.549999952316284,0.4489929095774059,0.0,6.209040262925067,0,0,customer-2,8.091057777404785,-2.200000047683716,0.415253606467072,0.0,6.130049393036383,0,0
3,673,26.919999999999604,to_table,3.2483572959899902,1.4831050634384155,-0.5353833405216374,-0.23010557889938354,0.8296154737472534,0.7799999713897705,-0.16756482422351837,0.7799999713897705,-0.16756482422351837,0,nominal-sac-a-star,1.1449395488549285,99.0,99.0,1.2200145149230956,99.0,waiter-2,0,,waiter-1,-8.114606857299805,2.200000047683716,0.4741597097206629,0.0,11.38555632226133,0,0,waiter-2,6.744988441467285,2.549999952316284,-0.5000095872302701,0.0,3.655775440509931,0,0,customer-1,-1.4743623733520508,-2.549999952316284,0.4489923749895297,0.0,6.210476402281544,0,0,customer-2,8.107667922973633,-2.200000047683716,0.4152517282880197,0.0,6.097389853789089,0,0
3,674,26.959999999999603,to_table,3.2891218662261963,1.4595379829406738,-0.5392869921815197,-0.21639132499694824,0.8257167339324951,0.7799999713897705,-0.17983466386795044,0.7799999713897705,-0.17983466386795044,0,nominal-sac-a-star,1.152016210615439,99.0,99.0,1.227304401397705,99.0,waiter-2,0,,waiter-1,-8.095640182495117,2.200000047683716,0.47415537831835053,0.0,11.408816370479833,0,0,waiter-2,6.724987983703613,2.549999952316284,-0.5000088558653992,0.0,3.604758422402793,0,0,customer-1,-1.4564027786254883,-2.549999952316284,0.4489918404016535,0.0,6.212599987860102,0,0,customer-2,8.12427806854248,-2.200000047683716,0.4152498501089674,0.0,6.063905845112032,0,0
3,675,26.999999999999602,to_table,3.3286099433898926,1.4357733726501465,-0.5426505803393444,-0.01903378963470459,0.7347939014434814,0.7799999713897705,-0.2134157419204712,0.7799999713897705,-0.2134157419204712,0,nominal-sac-a-star,1.1527141130839729,99.0,99.0,1.2338284873962402,99.0,waiter-2,0,,waiter-1,-8.07667350769043,2.200000047683716,0.4741510469160559,0.0,11.430858804583298,0,0,waiter-2,6.704987525939941,2.549999952316284,-0.5000081245005372,0.0,3.555478371581103,0,0,customer-1,-1.4384431838989258,-2.549999952316284,0.44899130581377733,0.0,6.213789867416508,0,0,customer-2,8.140887260437012,-2.200000047683716,0.4152575086730792,0.0,6.0313233489983284,0,0
3,676,27.0399999999996,to_table,3.368335723876953,1.4120681285858154,-0.5459373937478524,0.0341571569442749,0.7081344127655029,0.7799999713897705,-0.2326008677482605,0.7799999713897705,-0.2326008677482605,0,nominal-sac-a-star,1.1549254807939198,99.0,99.0,1.2397446060180664,99.0,waiter-2,0,,waiter-1,-8.057707786560059,2.200000047683716,0.47415625225692537,0.0,11.453178904196557,0,0,waiter-2,6.6849870681762695,2.549999952316284,-0.5000073931356752,0.0,3.5064319436003624,0,0,customer-1,-1.4204835891723633,-2.549999952316284,0.44899077122590114,0.0,6.215365949864688,0,0,customer-2,8.15749740600586,-2.200000047683716,0.4152556304940269,0.0,5.998592012096744,0,0
3,677,27.0799999999996,to_table,3.4078733921051025,1.3883594274520874,-0.5491649557410877,0.1411527395248413,0.6667821407318115,0.7799999713897705,-0.25689709186553955,0.7799999713897705,-0.25689709186553955,0,nominal-sac-a-star,1.158593219170422,99.0,99.0,1.2453128719329833,99.0,waiter-2,0,,waiter-1,-8.038741111755371,2.200000047683716,0.47415192085463076,0.0,11.475353767810338,0,0,waiter-2,6.664986610412598,2.549999952316284,-0.5000066617708043,0.0,3.4580623513580804,0,0,customer-1,-1.4025239944458008,-2.549999952316284,0.44899023663802495,0.0,6.216960480873694,0,0,customer-2,8.174107551574707,-2.200000047683716,0.41525375231497463,0.0,5.966013056111412,0,0
3,678,27.1199999999996,to_table,3.4428746700286865,1.367990493774414,-0.5518902290148711,0.16961288452148438,0.6780998706817627,0.3400000035762787,-0.44817444682121277,0.3400000035762787,-0.44817444682121277,0,nominal-sac-a-star,1.2222381813005527,99.0,99.0,1.113861265182495,99.0,waiter-2,0,,waiter-1,-8.019775390625,2.200000047683716,0.4741571261955002,0.0,11.492805850217792,0,0,waiter-2,6.644986629486084,2.549999952316284,-0.5000106987775155,0.0,3.413307393274526,0,0,customer-1,-1.3845648765563965,-2.549999952316284,0.4489944704217308,0.0,6.217300194746236,0,0,customer-2,8.190717697143555,-2.200000047683716,0.41525187413592235,0.0,5.939071469014155,0,0
3,679,27.1599999999996,to_table,3.471280813217163,1.3501827716827393,-0.5569712971124913,-0.01973283290863037,0.8527340888977051,0.3400000035762787,-0.4530881941318512,0.3400000035762787,-0.4530881941318512,0,nominal-sac-a-star,1.198052692282784,99.0,99.0,1.1039549732208251,99.0,waiter-2,0,,waiter-1,-8.000808715820312,2.200000047683716,0.4741527947931967,0.0,11.503522398154445,0,0,waiter-2,6.624986171722412,2.549999952316284,-0.5000099674126535,0.0,3.374228616322277,0,0,customer-1,-1.366605281829834,-2.549999952316284,0.4489939358338546,0.0,6.214222972281371,0,0,customer-2,8.207327842712402,-2.200000047683716,0.41524999595687007,0.0,5.918947500739927,0,0
3,680,27.199999999999598,to_table,3.5001211166381836,1.3342441320419312,-0.5624863155821159,0.5119624137878418,0.40229976177215576,0.3400000035762787,-0.4525872766971588,0.3400000035762787,-0.4525872766971588,0,nominal-sac-a-star,1.1798201695282984,99.0,99.0,1.0938665294647216,99.0,waiter-2,0,,waiter-1,-7.981842994689941,2.200000047683716,0.47415800013406617,0.0,11.514557445221062,0,0,waiter-2,6.60498571395874,2.549999952316284,-0.5000092360477915,0.0,3.334403452227326,0,0,customer-1,-1.3486456871032715,-2.549999952316284,0.4489934012459784,0.0,6.212720146919295,0,0,customer-2,8.223937034606934,-2.200000047683716,0.41525765452098184,0.0,5.899603270456375,0,0
3,681,27.239999999999597,to_table,3.523653030395508,1.3191531896591187,-0.5700350262551465,0.2070317268371582,0.9126429557800293,0.3400000035762787,-0.45272961258888245,0.3400000035762787,-0.45272961258888245,0,nominal-sac-a-star,1.161276485803823,99.0,99.0,1.089247646331787,99.0,waiter-2,0,,waiter-1,-7.962876319885254,2.200000047683716,0.4741536687317627,0.0,11.520253803721218,0,0,waiter-2,6.584985256195068,2.549999952316284,-0.5000085046829206,0.0,3.2995058341913137,0,0,customer-1,-1.330686092376709,-2.549999952316284,0.44899286665810223,0.0,6.207652886150696,0,0,customer-2,8.240547180175781,-2.200000047683716,0.41525577634192956,0.0,5.885025907175933,0,0
3,682,27.279999999999596,to_table,3.5469017028808594,1.303731083869934,-0.5767008336213773,0.17621541023254395,0.9111999273300171,0.3400000035762787,-0.44767022132873535,0.3400000035762787,-0.44767022132873535,0,nominal-sac-a-star,1.1483285423386134,99.0,99.0,1.0850917720794677,99.0,waiter-2,0,,waiter-1,-7.943910598754883,2.200000047683716,0.47415887407263213,0.0,11.525713227688737,0,0,waiter-2,6.564985275268555,2.549999952316284,-0.5000125416896317,0.0,3.2652740378680347,0,0,customer-1,-1.3127264976501465,-2.549999952316284,0.44899233207022604,0.0,6.202195510193235,0,0,customer-2,8.257157325744629,-2.200000047683716,0.4152538981628773,0.0,5.870488895734152,0,0
3,683,27.319999999999595,to_table,3.572192668914795,1.2892262935638428,-0.5841391006997287,0.11512959003448486,0.9104317426681519,0.3400000035762787,-0.4437395930290222,0.3400000035762787,-0.4437395930290222,0,nominal-sac-a-star,1.135932106405349,99.0,99.0,1.080801429748535,99.0,waiter-2,0,,waiter-1,-7.924943923950195,2.200000047683716,0.4741545426703375,0.0,11.533154757749017,0,0,waiter-2,6.544984817504883,2.549999952316284,-0.5000118103247697,0.0,3.2290932747944723,0,0,customer-1,-1.294766902923584,-2.549999952316284,0.44899179748234985,0.0,6.198947784984483,0,0,customer-2,8.273767471313477,-2.200000047683716,0.415252019983825,0.0,5.854870287462057,0,0
3,684,27.359999999999594,to_table,3.594827175140381,1.2749820947647095,-0.5880938070391338,0.07463836669921875,0.9116286039352417,0.3400000035762787,-0.4404006004333496,0.3400000035762787,-0.4404006004333496,0,nominal-sac-a-star,1.122966322496012,99.0,99.0,1.0750674629211425,99.0,waiter-2,0,,waiter-1,-7.905977725982666,2.200000047683716,0.47415497963962494,0.0,11.537944859762433,0,0,waiter-2,6.524984359741211,2.549999952316284,-0.5000110789599077,0.0,3.195542467804687,0,0,customer-1,-1.2768073081970215,-2.549999952316284,0.44899126289447366,0.0,6.193812250927048,0,0,customer-2,8.290377616882324,-2.200000047683716,0.4152501418047727,0.0,5.841549010431943,0,0
3,685,27.399999999999594,to_table,3.6168124675750732,1.259151816368103,-0.5958355026970966,-0.0027756094932556152,0.9077186584472656,0.3400000035762787,-0.44092491269111633,0.3400000035762787,-0.44092491269111633,0,nominal-sac-a-star,1.1095505876416043,99.0,99.0,1.0757789039611816,99.0,waiter-2,0,,waiter-1,-7.887011528015137,2.200000047683716,0.47415541660891236,0.0,11.542233835609414,0,0,waiter-2,6.504983901977539,2.549999952316284,-0.5000103475950368,0.0,3.1635143661091996,0,0,customer-1,-1.258847713470459,-2.549999952316284,0.4489907283065975,0.0,6.187220652110635,0,0,customer-2,8.306986808776855,-2.200000047683716,0.4152578003688845,0.0,5.8278183713496725,0,0
3,686,27.439999999999593,to_table,3.6383259296417236,1.244118332862854,-0.6060861970015208,0.012867927551269531,0.9156478643417358,0.3400000035762787,-0.43501147627830505,0.3400000035762787,-0.43501147627830505,0,nominal-sac-a-star,1.1016575721948425,99.0,99.0,1.0794407749176025,99.0,waiter-2,0,,waiter-1,-7.868045330047607,2.200000047683716,0.4741558535781909,0.0,11.54600750989421,0,0,waiter-2,6.484983444213867,2.549999952316284,-0.5000096162301659,0.0,3.13189811604662,0,0,customer-1,-1.2408881187438965,-2.549999952316284,0.4489901937187213,0.0,6.180781770285558,0,0,customer-2,8.323596954345703,-2.200000047683716,0.4152559221898322,0.0,5.814956233210135,0,0
3,687,27.479999999999592,to_table,3.660499334335327,1.2311017513275146,-0.6185177646392761,-0.20414841175079346,0.8665938377380371,0.3400000035762787,-0.425697922706604,0.3400000035762787,-0.425697922706604,0,nominal-sac-a-star,1.096301611590131,99.0,99.0,1.0840386772155761,99.0,waiter-2,0,,waiter-1,-7.849079132080078,2.200000047683716,0.4741562905474783,0.0,11.550288324680693,0,0,waiter-2,6.464982986450195,2.549999952316284,-0.5000088848653039,0.0,3.099132301072505,0,0,customer-1,-1.2229290008544922,-2.549999952316284,0.44899442750242713,0.0,6.176131669437824,0,0,customer-2,8.34020709991455,-2.200000047683716,0.4152540440107799,0.0,5.802768677657295,0,0
3,688,27.51999999999959,to_table,3.6816184520721436,1.2182869911193848,-0.6272319022583659,0.07416999340057373,0.8896646499633789,0.3400000035762787,-0.4147093594074249,0.3400000035762787,-0.4147093594074249,0,nominal-sac-a-star,1.0915232348577266,99.0,99.0,1.0859677219390869,99.0,waiter-2,0,,waiter-1,-7.830112934112549,2.200000047683716,0.47415672751676574,0.0,11.553515483743405,0,0,waiter-2,6.444982528686523,2.549999952316284,-0.5000081535004419,0.0,3.0675137213943575,0,0,customer-1,-1.2049694061279297,-2.549999952316284,0.44899389291455094,0.0,6.170796333049416,0,0,customer-2,8.356817245483398,-2.200000047683716,0.41525216583172764,0.0,5.7915602420732295,0,0
3,689,27.55999999999959,to_table,3.7032790184020996,1.2046908140182495,-0.635656421076015,0.028050780296325684,0.903043270111084,0.3400000035762787,-0.40874555706977844,0.3400000035762787,-0.40874555706977844,0,nominal-sac-a-star,1.0849449101711102,99.0,99.0,1.0888609313964843,99.0,waiter-2,0,,waiter-1,-7.8111467361450195,2.200000047683716,0.4741571644860443,0.0,11.557363061165713,0,0,waiter-2,6.424982070922852,2.549999952316284,-0.500007422135571,0.0,3.036037579426345,0,0,customer-1,-1.1870098114013672,-2.549999952316284,0.44899335832667475,0.0,6.1654381506668585,0,0,customer-2,8.373427391052246,-2.200000047683716,0.41525028765267535,0.0,5.779464134876492,0,0
3,690,27.59999999999959,to_table,3.7237155437469482,1.1912612915039062,-0.6468019490800009,0.02669060230255127,0.9040286540985107,0.3400000035762787,-0.4033292531967163,0.3400000035762787,-0.4033292531967163,0,nominal-sac-a-star,1.0792242331671011,99.0,99.0,1.095592918395996,99.0,waiter-2,0,,waiter-1,-7.79218053817749,2.200000047683716,0.4741576014553317,0.0,11.55999206089268,0,0,waiter-2,6.40498161315918,2.549999952316284,-0.5000066907707001,0.0,3.005887303836844,0,0,customer-1,-1.1690502166748047,-2.549999952316284,0.44899282373879856,0.0,6.15923635533387,0,0,customer-2,8.390036582946777,-2.200000047683716,0.41525794621678713,0.0,5.768466478323992,0,0
3,691,27.63999999999959,to_table,3.7439184188842773,1.177585244178772,-0.6574925536121752,0.04888904094696045,0.8953208923339844,0.3400000035762787,-0.39345794916152954,0.3400000035762787,-0.39345794916152954,0,nominal-sac-a-star,1.0770373924145233,99.0,99.0,1.1028999710083007,99.0,waiter-2,0,,waiter-1,-7.773214340209961,2.200000047683716,0.4741580384246191,0.0,11.56242530877617,0,0,waiter-2,6.384981632232666,2.549999952316284,-0.5000107277774202,0.0,2.9763630537980896,0,0,customer-1,-1.1510906219482422,-2.549999952316284,0.4489922891509224,0.0,6.152723373186966,0,0,customer-2,8.406646728515625,-2.200000047683716,0.41525606803773485,0.0,5.757527046679278,0,0
3,692,27.679999999999588,to_table,3.7632572650909424,1.1636945009231567,-0.6678830226833374,0.046202898025512695,0.890655517578125,0.3400000035762787,-0.3841386139392853,0.3400000035762787,-0.3841386139392853,0,nominal-sac-a-star,1.0755519154560091,99.0,99.0,1.1111246967315673,99.0,waiter-2,0,,waiter-1,-7.754247665405273,2.200000047683716,0.4741537070223245,0.0,11.564032558335839,0,0,waiter-2,6.364981174468994,2.549999952316284,-0.5000099964125582,0.0,2.9480179960766377,0,0,customer-1,-1.1331310272216797,-2.549999952316284,0.4489917545630462,0.0,6.14541656855884,0,0,customer-2,8.423256874084473,-2.200000047683716,0.41525418985868257,0.0,5.7471764695498475,0,0
3,693,27.719999999999587,to_table,3.780911684036255,1.1500858068466187,-0.6767764271708109,0.05492806434631348,0.8666456937789917,0.3393973112106323,-0.3747510612010956,0.3393973112106323,-0.3747510612010956,0,nominal-sac-a-star,1.075005878446344,99.0,99.0,1.118323745727539,99.0,waiter-2,0,,waiter-1,-7.735281944274902,2.200000047683716,0.47415891236319396,0.0,11.56395415062975,0,0,waiter-2,6.344980716705322,2.549999952316284,-0.5000092650476873,0.0,2.9213369574526236,0,0,customer-1,-1.1151714324951172,-2.549999952316284,0.44899121997517,0.0,6.136958897462462,0,0,customer-2,8.43986701965332,-2.200000047683716,0.4152523116796303,0.0,5.738374338782628,0,0
3,694,27.759999999999586,to_table,3.800098419189453,1.136673092842102,-0.6857803226012629,0.07898390293121338,0.8716650009155273,0.337249755859375,-0.36671292781829834,0.337249755859375,-0.36671292781829834,0,nominal-sac-a-star,1.073933201832181,99.0,99.0,1.1239027404785156,99.0,waiter-2,0,,waiter-1,-7.716315269470215,2.200000047683716,0.47415458096089047,0.0,11.565398759283681,0,0,waiter-2,6.32498025894165,2.549999952316284,-0.5000085336828164,0.0,2.8935309081503857,0,0,customer-1,-1.0972118377685547,-2.549999952316284,0.4489906853872938,0.0,6.129861816942003,0,0,customer-2,8.456477165222168,-2.200000047683716,0.415250433500578,0.0,5.728459712105133,0,0
3,695,27.799999999999585,to_table,3.818512439727783,1.1237913370132446,-0.6945608874624127,0.08100533485412598,0.8746680021286011,0.33502882719039917,-0.35975030064582825,0.33502882719039917,-0.35975030064582825,0,nominal-sac-a-star,1.0723945344159245,99.0,99.0,1.1290091896057128,99.0,waiter-2,0,,waiter-1,-7.6973490715026855,2.200000047683716,0.4741550179301779,0.0,11.566040443244278,0,0,waiter-2,6.304980278015137,2.549999952316284,-0.5000125706895364,0.0,2.86646006865646,0,0,customer-1,-1.0792522430419922,-2.549999952316284,0.4489901507994176,0.0,6.122486531250227,0,0,customer-2,8.4730863571167,-2.200000047683716,0.4152580920646898,0.0,5.719497138859581,0,0
3,696,27.839999999999584,to_table,3.836482524871826,1.1110743284225464,-0.7016669744197505,0.06631338596343994,0.8819694519042969,0.3328996002674103,-0.3530086278915405,0.3328996002674103,-0.3530086278915405,0,nominal-sac-a-star,1.0710514692512914,99.0,99.0,1.132340612411499,99.0,waiter-2,0,,waiter-1,-7.678382873535156,2.200000047683716,0.4741554548994653,0.0,11.56623898964131,0,0,waiter-2,6.284979820251465,2.549999952316284,-0.5000118393246744,0.0,2.8400080909355503,0,0,customer-1,-1.061293125152588,-2.549999952316284,0.44899438458312346,0.0,6.11487295101537,0,0,customer-2,8.489696502685547,-2.200000047683716,0.4152562138856375,0.0,5.711008128818279,0,0
3,697,27.879999999999583,to_table,3.853393077850342,1.0982929468154907,-0.7083357529714962,0.025925636291503906,0.8805899620056152,0.33081281185150146,-0.3486216366291046,0.33081281185150146,-0.3486216366291046,0,nominal-sac-a-star,1.0689028506475005,99.0,99.0,1.1354936981201171,99.0,waiter-2,0,,waiter-1,-7.659416675567627,2.200000047683716,0.47415589186874385,0.0,11.565403017383327,0,0,waiter-2,6.264979362487793,2.549999952316284,-0.5000111079598035,0.0,2.814818224694367,0,0,customer-1,-1.0433335304260254,-2.549999952316284,0.4489938499952473,0.0,6.106387848315656,0,0,customer-2,8.506306648254395,-2.200000047683716,0.4152543357065852,0.0,5.703362286512468,0,0
3,698,27.919999999999582,to_table,3.870941162109375,1.0854049921035767,-0.7145686876085497,0.012955784797668457,0.887540340423584,0.3287856876850128,-0.34424424171447754,0.3287856876850128,-0.34424424171447754,0,nominal-sac-a-star,1.0674171170372775,99.0,99.0,1.1379784965515136,99.0,waiter-2,0,,waiter-1,-7.640450477600098,2.200000047683716,0.47415632883803127,0.0,11.565226310829235,0,0,waiter-2,6.244978904724121,2.549999952316284,-0.5000103765949326,0.0,2.7894611667560065,0,0,customer-1,-1.025373935699463,-2.549999952316284,0.4489933154073711,0.0,6.098366227682882,0,0,customer-2,8.522916793823242,-2.200000047683716,0.4152524575275329,0.0,5.695152636542709,0,0
3,699,27.95999999999958,to_table,3.8884294033050537,1.072263479232788,-0.7207849112374723,-0.02249133586883545,0.8887817859649658,0.3267150819301605,-0.3410243093967438,0.3267150819301605,-0.3410243093967438,0,nominal-sac-a-star,1.0658065187516934,99.0,99.0,1.1404542350769042,99.0,waiter-2,0,,waiter-1,-7.621484279632568,2.200000047683716,0.4741567658073187,0.0,11.565029302016324,0,0,waiter-2,6.224978446960449,2.549999952316284,-0.5000096452300706,0.0,2.7646277357518123,0,0,customer-1,-1.0074143409729004,-2.549999952316284,0.4489927808194949,0.0,6.0901624227867055,0,0,customer-2,8.53952693939209,-2.200000047683716,0.41525057934848064,0.0,5.686863536237083,0,0
3,700,27.99999999999958,to_table,3.9043216705322266,1.059054970741272,-0.7265973708706807,-0.04433661699295044,0.8908367156982422,0.3246300220489502,-0.3378026485443115,0.3246300220489502,-0.3378026485443115,0,nominal-sac-a-star,1.0648662663005464,99.0,99.0,1.1430067443847656,99.0,waiter-2,0,,waiter-1,-7.602518081665039,2.200000047683716,0.4741572027766061,0.0,11.563265834155436,0,0,waiter-2,6.204977989196777,2.549999952316284,-0.5000089138652086,0.0,2.7415208251433794,0,0,customer-1,-0.9894542694091797,-2.549999952316284,0.4489874778600367,0.0,6.080651312811431,0,0,customer-2,8.556136131286621,-2.200000047683716,0.4152582379125924,0.0,5.679860684066537,0,0
3,701,28.03999999999958,to_table,3.9209136962890625,1.0458238124847412,-0.7320789677171011,-0.08231031894683838,0.8895800113677979,0.3226340711116791,-0.33411669731140137,0.3226340711116791,-0.33411669731140137,0,nominal-sac-a-star,1.064845411836035,99.0,99.0,1.1449813270568847,99.0,waiter-2,0,,waiter-1,-7.58355188369751,2.200000047683716,0.47415763974589353,0.0,11.562216528978942,0,0,waiter-2,6.1849775314331055,2.549999952316284,-0.5000081825003377,0.0,2.7181852234985153,0,0,customer-1,-0.9714956283569336,-2.549999952316284,0.44899648001532455,0.0,6.071706312676109,0,0,customer-2,8.572746276855469,-2.200000047683716,0.41525635973354014,0.0,5.672293970595844,0,0
3,702,28.07999999999958,to_table,3.9375391006469727,1.0323628187179565,-0.7376309064273353,-0.11422902345657349,0.8893215656280518,0.32059791684150696,-0.3315342664718628,0.32059791684150696,-0.3315342664718628,0,nominal-sac-a-star,1.0647073125017141,99.0,99.0,1.147010269165039,99.0,waiter-2,0,,waiter-1,-7.5645856857299805,2.200000047683716,0.47415807671517207,0.0,11.561239176656363,0,0,waiter-2,6.164977073669434,2.549999952316284,-0.5000074511354669,0.0,2.69531118666082,0,0,customer-1,-0.9535360336303711,-2.549999952316284,0.44899594542744836,0.0,6.062667646542919,0,0,customer-2,8.589356422424316,-2.200000047683716,0.41525448155448785,0.0,5.664589490446786,0,0
3,703,28.119999999999578,to_table,3.9524896144866943,1.0189800262451172,-0.7427315543549959,-0.13222748041152954,0.8938738107681274,0.3185432255268097,-0.32889288663864136,0.3185432255268097,-0.32889288663864136,0,nominal-sac-a-star,1.065237373971411,99.0,99.0,1.14904803276062,99.0,waiter-2,0,,waiter-1,-7.545619010925293,2.200000047683716,0.47415374531287746,0.0,11.55860330026134,0,0,waiter-2,6.144976615905762,2.549999952316284,-0.5000067197706048,0.0,2.674139350411368,0,0,customer-1,-0.9355764389038086,-2.549999952316284,0.2625338440737579,0.0,6.052339037899376,0,0,customer-2,8.605966567993164,-2.200000047683716,0.41525260337543557,0.0,5.658328416870722,0,0
3,704,28.159999999999577,to_table,3.968438148498535,1.0056045055389404,-0.7476628905658372,0.2002352476119995,0.9095535278320312,0.3165922164916992,-0.3258110582828522,0.3165922164916992,-0.3258110582828522,0,nominal-sac-a-star,1.066514545376711,99.0,99.0,1.1505617523193359,99.0,waiter-2,0,,waiter-1,-7.526653289794922,2.200000047683716,0.4741589506537469,0.0,11.55697658930842,0,0,waiter-2,6.124976634979248,2.549999952316284,-0.5000107567773249,0.0,2.6525111761685594,0,0,customer-1,-0.9176168441772461,-2.549999952316284,-0.0966575158696159,0.0,6.042835133624934,0,0,customer-2,8.622576713562012,-2.200000047683716,0.4152507251963833,0.0,5.6512747530493455,0,0
3,705,28.199999999999577,to_table,3.9841244220733643,0.9921430349349976,-0.7533185578059438,-0.36238527297973633,0.9002017974853516,0.314586877822876,-0.323859840631485,0.314586877822876,-0.323859840631485,0,nominal-sac-a-star,1.0676664714549915,99.0,99.0,1.152569236755371,99.0,waiter-2,0,,waiter-1,-7.507686614990234,2.200000047683716,0.4741546192514434,0.0,11.555113131199668,0,0,waiter-2,6.104976177215576,2.549999952316284,-0.500010025412454,0.0,2.6315262381976217,0,0,customer-1,-0.900342583656311,-2.549999952316284,-0.44898838119933226,0.0,6.033638609677849,0,0,customer-2,8.639185905456543,-2.200000047683716,0.41525838376049506,0.0,5.6444109412752805,0,0
3,706,28.239999999999576,to_table,3.9997735023498535,0.9778280854225159,-0.7602757879277301,-0.3322184085845947,0.9185326099395752,0.31259119510650635,-0.3207428753376007,0.31259119510650635,-0.3207428753376007,0,nominal-sac-a-star,1.0696794042331947,99.0,99.0,1.1561028385162353,99.0,waiter-2,0,,waiter-1,-7.488720417022705,2.200000047683716,0.47415505622073084,0.0,11.553319732475062,0,0,waiter-2,6.084975719451904,2.549999952316284,-0.5000092940475831,0.0,2.61147327485072,0,0,customer-1,-0.9183021187782288,-2.549999952316284,-0.4489884426579016,0.0,6.0525233150307125,0,0,customer-2,8.65579605102539,-2.200000047683716,0.4152565055814428,0.0,5.637121394589306,0,0
3,707,28.279999999999575,to_table,4.015259742736816,0.9635605812072754,-0.7676064919126699,0.18782174587249756,0.9920428991317749,0.3105287551879883,-0.3153843283653259,0.3105287551879883,-0.3153843283653259,0,nominal-sac-a-star,1.073141450735589,99.0,99.0,1.1596171283721923,99.0,waiter-2,0,,waiter-1,-7.469754219055176,2.200000047683716,0.47415549319001826,0.0,11.551377764440808,0,0,waiter-2,6.064975261688232,2.549999952316284,-0.5000085626827211,0.0,2.5919343330483935,0,0,customer-1,-0.9362616539001465,-2.549999952316284,-0.44898850411646984,0.0,6.071463725008,0,0,customer-2,8.672406196594238,-2.200000047683716,0.4152546274023905,0.0,5.630020332587256,0,0
3,708,28.319999999999574,to_table,4.030248641967773,0.949630081653595,-0.7757060827837029,-0.08296394348144531,0.9585024118423462,0.3084809184074402,-0.3095092475414276,0.3084809184074402,-0.3095092475414276,0,nominal-sac-a-star,1.0766543592935935,99.0,99.0,1.163259449005127,99.0,waiter-2,0,,waiter-1,-7.4507880210876465,2.200000047683716,0.4741559301593057,0.0,11.548923235971953,0,0,waiter-2,6.044975280761719,2.549999952316284,-0.5000125996894411,0.0,2.5729957543670494,0,0,customer-1,-0.9542211890220642,-2.549999952316284,-0.4489885655750381,0.0,6.090348912066687,0,0,customer-2,8.689016342163086,-2.200000047683716,0.4152527492233382,0.0,5.623547495666102,0,0
3,709,28.359999999999573,to_table,4.045591831207275,0.9351269006729126,-0.7851680837612467,-0.22168785333633423,0.8669779300689697,0.30649033188819885,-0.30242666602134705,0.30649033188819885,-0.30242666602134705,0,nominal-sac-a-star,1.0803248184200709,99.0,99.0,1.1679074192047119,99.0,waiter-2,0,,waiter-1,-7.431821823120117,2.200000047683716,0.4741563671285931,0.0,11.546901241050339,0,0,waiter-2,6.024974822998047,2.549999952316284,-0.5000118683245702,0.0,2.554559061974211,0,0,customer-1,-0.9721807241439819,-2.549999952316284,-0.4489886270336063,0.0,6.109349441525069,0,0,customer-2,8.705626487731934,-2.200000047683716,0.41525087104428593,0.0,5.616488581161973,0,0
3,710,28.399999999999572,to_table,4.05985689163208,0.9208945631980896,-0.7938865136928343,0.4640003442764282,0.028959155082702637,0.30443400144577026,-0.293477326631546,0.30443400144577026,-0.293477326631546,0,nominal-sac-a-star,1.084886066961399,99.0,99.0,1.171903076171875,99.0,waiter-2,0,,waiter-1,-7.412855625152588,2.200000047683716,0.47415680409787164,0.0,11.5437967468779,0,0,waiter-2,6.004974365234375,2.549999952316284,-0.5000111369596993,0.0,2.53721626097716,0,0,customer-1,-0.9901402592658997,-2.549999952316284,-0.44898868849217566,0.0,6.127771206719901,0,0,customer-2,8.722236633300781,-2.200000047683716,0.41524899286523365,0.0,5.610505149071142,0,0
3,711,28.43999999999957,to_table,4.074038505554199,0.9071707129478455,-0.8025627197269855,-0.025211691856384277,0.8520181179046631,0.30246102809906006,-0.2849769592285156,0.30246102809906006,-0.2849769592285156,0,nominal-sac-a-star,1.0889284162956763,99.0,99.0,1.1752309226989746,99.0,waiter-2,0,,waiter-1,-7.393889427185059,2.200000047683716,0.47415724106715906,0.0,11.54057098930789,0,0,waiter-2,5.984973907470703,2.549999952316284,-0.5000104055948373,0.0,2.5200321466246565,0,0,customer-1,-1.0080997943878174,-2.549999952316284,-0.4489887499507428,0.0,6.146556654623819,0,0,customer-2,8.738845825195312,-2.200000047683716,0.4152566514293454,0.0,5.604902984450402,0,0
3,712,28.47999999999957,to_table,4.088054656982422,0.8938338160514832,-0.8102541328278714,-0.01818138360977173,0.8560798168182373,0.3005363941192627,-0.2768683135509491,0.3005363941192627,-0.2768683135509491,0,nominal-sac-a-star,1.0922742915687027,99.0,99.0,1.1775164031982421,99.0,waiter-2,0,,waiter-1,-7.374923229217529,2.200000047683716,0.4741576780364465,0.0,11.537154425774384,0,0,waiter-2,5.964973449707031,2.549999952316284,-0.5000096742299753,0.0,2.5031401130166655,0,0,customer-1,-1.0260593891143799,-2.549999952316284,-0.4489882153628644,0.0,6.165561896586128,0,0,customer-2,8.75545597076416,-2.200000047683716,0.41525477325029314,0.0,5.599682401733706,0,0
3,713,28.51999999999957,to_table,4.101550102233887,0.880827009677887,-0.8175373391604671,-0.007346749305725098,0.8536033630371094,0.29865461587905884,-0.2703862488269806,0.29865461587905884,-0.2703862488269806,0,nominal-sac-a-star,1.0945827771411807,99.0,99.0,1.1793012046813964,99.0,waiter-2,0,,waiter-1,-7.35595703125,2.200000047683716,0.474158115005725,0.0,11.533199348751225,0,0,waiter-2,5.944972991943359,2.549999952316284,-0.5000089428651044,0.0,2.486834586927918,0,0,customer-1,-1.0440188646316528,-2.549999952316284,-0.44898887286788147,0.0,6.1844525736653395,0,0,customer-2,8.772066116333008,-2.200000047683716,0.41525289507124086,0.0,5.5951063613954375,0,0
3,714,28.55999999999957,to_table,4.114949703216553,0.8672308325767517,-0.8260303123128739,0.0031104087829589844,0.850383996963501,0.2968302071094513,-0.2643491327762604,0.2968302071094513,-0.2643491327762604,0,nominal-sac-a-star,1.0964051120206397,99.0,99.0,1.1821021461486816,99.0,waiter-2,0,,waiter-1,-7.3369903564453125,2.200000047683716,0.4741537836034304,0.0,11.52923262454293,0,0,waiter-2,5.9249725341796875,2.549999952316284,-0.5000082115002336,0.0,2.4714154970293363,0,0,customer-1,-1.0619784593582153,-2.549999952316284,-0.44898833828000084,0.0,6.20306790529335,0,0,customer-2,8.788676261901855,-2.200000047683716,0.41525101689220634,0.0,5.590315305793025,0,0
3,715,28.599999999999568,to_table,4.1277055740356445,0.8540244698524475,-0.8353047810617574,0.01802694797515869,0.8446239233016968,0.29496267437934875,-0.25625288486480713,0.29496267437934875,-0.25625288486480713,0,nominal-sac-a-star,1.0991567047526973,99.0,99.0,1.1848723316192626,99.0,waiter-2,0,,waiter-1,-7.318024635314941,2.200000047683716,0.47415898894429986,0.0,11.524599354483383,0,0,waiter-2,5.904972076416016,2.549999952316284,-0.5000074801353716,0.0,2.4566255428131085,0,0,customer-1,-1.0799379348754883,-2.549999952316284,-0.44898899578501794,0.0,6.221489627301923,0,0,customer-2,8.805286407470703,-2.200000047683716,0.4152491387131363,0.0,5.586307206646535,0,0
3,716,28.639999999999567,to_table,4.141031742095947,0.8415402173995972,-0.8444753829712052,0.02200329303741455,0.8210880756378174,0.2931636869907379,-0.24677695333957672,0.2931636869907379,-0.24677695333957672,0,nominal-sac-a-star,1.1019557745924784,99.0,99.0,1.1864926242828369,99.0,waiter-2,0,,waiter-1,-7.299057960510254,2.200000047683716,0.47415465754200525,0.0,11.520462903641155,0,0,waiter-2,5.884971618652344,2.549999952316284,-0.5000067487705095,0.0,2.441344088586272,0,0,customer-1,-1.0978975296020508,-2.549999952316284,-0.4489884611971373,0.0,6.240907356839272,0,0,customer-2,8.821895599365234,-2.200000047683716,0.4152567972772303,0.0,5.582244497907,0,0
3,717,28.679999999999566,to_table,4.153372287750244,0.8287912011146545,-0.851703879608255,0.023203730583190918,0.8113584518432617,0.29139643907546997,-0.2385178506374359,0.29139643907546997,-0.2385178506374359,0,nominal-sac-a-star,1.103579511206929,99.0,99.0,1.1876806640625,99.0,waiter-2,0,,waiter-1,-7.280091762542725,2.200000047683716,0.4741550945112927,0.0,11.515394647611993,0,0,waiter-2,5.86497163772583,2.549999952316284,-0.5000107857772207,0.0,2.427371397221678,0,0,customer-1,-1.1158571243286133,-2.549999952316284,-0.4489879266092589,0.0,6.259473480702676,0,0,customer-2,8.838505744934082,-2.200000047683716,0.41525491909816026,0.0,5.578893433327166,0,0
3,718,28.719999999999565,to_table,4.165589332580566,0.8167305588722229,-0.8587728741050814,-0.0410541296005249,0.8375821113586426,0.28966060280799866,-0.2321203202009201,0.28966060280799866,-0.2321203202009201,0,nominal-sac-a-star,1.1047871377017664,99.0,99.0,1.1880623722076415,99.0,waiter-2,0,,waiter-1,-7.261125564575195,2.200000047683716,0.4741555314805712,0.0,11.510136742000862,0,0,waiter-2,5.844971179962158,2.549999952316284,-0.5000100544123498,0.0,2.413409658463468,0,0,customer-1,-1.1338165998458862,-2.549999952316284,-0.448988584114276,0.0,6.27842158281875,0,0,customer-2,8.85511589050293,-2.200000047683716,0.4152530409190902,0.0,5.576049039417653,0,0
3,719,28.759999999999565,to_table,4.177176475524902,0.804345428943634,-0.8668599739293918,-0.16200268268585205,0.7985121011734009,0.2879908084869385,-0.22635774314403534,0.2879908084869385,-0.22635774314403534,0,nominal-sac-a-star,1.1052139852428589,99.0,99.0,1.1892556571960449,99.0,waiter-2,0,,waiter-1,-7.242159366607666,2.200000047683716,0.47415596844985863,0.0,11.50430714516194,0,0,waiter-2,5.824970722198486,2.549999952316284,-0.5000093230474878,0.0,2.40052819069928,0,0,customer-1,-1.1517760753631592,-2.549999952316284,-0.4489892416192909,0.0,6.296774430325111,0,0,customer-2,8.871726036071777,-2.200000047683716,0.41525116274002016,0.0,5.573588370104315,0,0
3,720,28.799999999999564,to_table,4.189022064208984,0.7914817333221436,-0.873778705635059,-0.2227068543434143,0.7804164886474609,0.2863277494907379,-0.21842661499977112,0.2863277494907379,-0.21842661499977112,0,nominal-sac-a-star,1.1064021612846702,99.0,99.0,1.1901659393310546,99.0,waiter-2,0,,waiter-1,-7.223193168640137,2.200000047683716,0.47415640541914605,0.0,11.498807780059874,0,0,waiter-2,5.8049702644348145,2.549999952316284,-0.5000085916826258,0.0,2.3882367789537584,0,0,customer-1,-1.1697356700897217,-2.549999952316284,-0.44898870703141247,0.0,6.315202634149061,0,0,customer-2,8.888336181640625,-2.200000047683716,0.4152492845609501,0.0,5.570683658257962,0,0
3,721,28.839999999999563,to_table,4.201114177703857,0.7788648009300232,-0.8803068837995307,-0.324865460395813,0.7711533308029175,0.2846112847328186,-0.2122558057308197,0.2846112847328186,-0.2122558057308197,0,nominal-sac-a-star,1.1072808643638168,99.0,99.0,1.1904279613494873,99.0,waiter-2,0,,waiter-1,-7.204226970672607,2.200000047683716,0.4741568423884246,0.0,11.493538710963437,0,0,waiter-2,5.784970283508301,2.549999952316284,-0.5000126286893369,0.0,2.3760302793462142,0,0,customer-1,-1.1876952648162842,-2.549999952316284,-0.44898817244353184,0.0,6.33408302386382,0,0,customer-2,8.904945373535156,-2.200000047683716,0.41525694312504413,0.0,5.567734162581962,0,0
3,722,28.879999999999562,to_table,4.212219715118408,0.7664819359779358,-0.8858680102504014,-0.401908278465271,0.7649314403533936,0.2829039394855499,-0.20715907216072083,0.2829039394855499,-0.20715907216072083,0,nominal-sac-a-star,1.1075583058621747,99.0,99.0,1.1904167556762695,99.0,waiter-2,0,,waiter-1,-7.185260772705078,2.200000047683716,0.474157279357712,0.0,11.487277120662911,0,0,waiter-2,5.764969825744629,2.549999952316284,-0.500011897324466,0.0,2.3647345349220954,0,0,customer-1,-1.2056547403335571,-2.549999952316284,-0.44898882994854894,0.0,6.352355132580555,0,0,customer-2,8.921555519104004,-2.200000047683716,0.4152550649459741,0.0,5.56577569383548,0,0
3,723,28.91999999999956,to_table,4.2231292724609375,0.7540286183357239,-0.8912039975375451,-0.4702874422073364,0.7602708339691162,0.2812688946723938,-0.202723428606987,0.2812688946723938,-0.202723428606987,0,nominal-sac-a-star,1.107607639805802,99.0,99.0,1.1904239082336425,99.0,waiter-2,0,,waiter-1,-7.166294574737549,2.200000047683716,0.47415771632699943,0.0,11.480845306231778,0,0,waiter-2,5.744969367980957,2.549999952316284,-0.500011165959604,0.0,2.3540412716883905,0,0,customer-1,-1.2236143350601196,-2.549999952316284,-0.4489882953606683,0.0,6.3705275073384815,0,0,customer-2,8.938165664672852,-2.200000047683716,0.41525318676690404,0.0,5.563978211634849,0,0
3,724,28.95999999999956,to_table,4.233902931213379,0.7415788769721985,-0.8964839562915012,-0.5118054747581482,0.7541582584381104,0.27963870763778687,-0.1984659731388092,0.27963870763778687,-0.1984659731388092,0,nominal-sac-a-star,1.1076359892035552,99.0,99.0,1.1903793239593505,99.0,waiter-2,0,,waiter-1,-7.1473283767700195,2.200000047683716,0.47415815329628686,0.0,11.474293808204541,0,0,waiter-2,5.724968910217285,2.549999952316284,-0.500010434594742,0.0,2.3438567659930793,0,0,customer-1,-1.2415738105773926,-2.549999952316284,-0.4489889528656854,0.0,6.388688186107679,0,0,customer-2,8.954774856567383,-2.200000047683716,0.41526084533099805,0.0,5.56233029454162,0,0
3,725,28.99999999999956,to_table,4.244133949279785,0.728997528553009,-0.9011979042712662,0.23501789569854736,-0.3464600443840027,0.2780165374279022,-0.19424493610858917,0.2780165374279022,-0.19424493610858917,0,nominal-sac-a-star,1.1076159179521365,99.0,99.0,1.1904348754882812,99.0,waiter-2,0,,waiter-1,-7.128361701965332,2.200000047683716,0.47415382189399224,0.0,11.467236186146947,0,0,waiter-2,5.704968452453613,2.549999952316284,-0.5000097032298711,0.0,2.334542197737031,0,0,customer-1,-1.259533405303955,-2.549999952316284,-0.4489884182778048,0.0,6.406417004024789,0,0,customer-2,8.97138500213623,-2.200000047683716,0.15704099012346262,0.0,5.561108641119411,0,0
3,726,29.03999999999956,to_table,4.253960132598877,0.7161442041397095,-0.9055806367919688,-0.8631129264831543,0.8165206909179688,0.2764115631580353,-0.19027593731880188,0.2764115631580353,-0.19027593731880188,0,nominal-sac-a-star,1.1077056333602107,99.0,99.0,1.1907615089416503,99.0,waiter-2,0,,waiter-1,-7.109395503997803,2.200000047683716,0.4741542588632708,0.0,11.459828946724869,0,0,waiter-2,5.684967994689941,2.549999952316284,-0.5000089718650003,0.0,2.326114873880201,0,0,customer-1,-1.2774930000305176,-2.549999952316284,-0.44898788368992637,0.0,6.42375835545105,0,0,customer-2,8.987995147705078,-2.200000047683716,-0.17516004307442046,0.0,5.560124532930389,0,0
3,727,29.079999999999558,to_table,4.263534069061279,0.703341543674469,-0.9101359020742956,-0.866761326789856,0.8174154758453369,0.27480435371398926,-0.18625223636627197,0.27480435371398926,-0.18625223636627197,0,nominal-sac-a-star,1.1080590911685144,99.0,99.0,1.1911329650878906,99.0,waiter-2,0,,waiter-1,-7.090429306030273,2.200000047683716,0.4741546958325582,0.0,11.452181931865367,0,0,waiter-2,5.6649675369262695,2.549999952316284,-0.5000082405001383,0.0,2.318224114070858,0,0,customer-1,-1.2954524755477905,-2.549999952316284,-0.44898854119494125,0.0,6.441006310560488,0,0,customer-2,8.995394706726074,-2.200000047683716,-0.4152480582363971,0.0,5.551567120227563,0,0
3,728,29.119999999999557,to_table,4.273645401000977,0.6902534365653992,-0.9146573258262369,-0.8695626854896545,0.8170229196548462,0.2732146978378296,-0.1817997545003891,0.2732146978378296,-0.1817997545003891,0,nominal-sac-a-star,1.1084668000323892,99.0,99.0,1.1915008449554443,99.0,waiter-2,0,,waiter-1,-7.071463108062744,2.200000047683716,0.4741551328018456,0.0,11.445122188610014,0,0,waiter-2,5.644967079162598,2.549999952316284,-0.5000075091352763,0.0,2.3106666241246403,0,0,customer-1,-1.3134119510650635,-2.549999952316284,-0.44898919869995835,0.0,6.4586726097112575,0,0,customer-2,8.978784561157227,-2.200000047683716,-0.4152461800573448,0.0,5.5219470949702165,0,0
3,729,29.159999999999556,to_table,4.283143520355225,0.6773754954338074,-0.9189098067959375,-0.8721593618392944,0.817083477973938,0.27157336473464966,-0.17787015438079834,0.27157336473464966,-0.17787015438079834,0,nominal-sac-a-star,1.108841181281198,99.0,99.0,1.1917900466918945,99.0,waiter-2,0,,waiter-1,-7.052496910095215,2.200000047683716,0.47415556977112416,0.0,11.437444185462802,0,0,waiter-2,5.624966621398926,2.549999952316284,-0.5000067777704054,0.0,2.303738611693811,0,0,customer-1,-1.331371545791626,-2.549999952316284,-0.4489886641120777,0.0,6.476012021972324,0,0,customer-2,8.962174415588379,-2.200000047683716,-0.41524430187827477,0.0,5.4929609624206535,0,0
3,730,29.199999999999555,to_table,4.293277263641357,0.6645172238349915,-0.923047956888121,-0.8753702640533447,0.8171420097351074,0.26998165249824524,-0.17385251820087433,0.26998165249824524,-0.17385251820087433,0,nominal-sac-a-star,1.1091852549843866,99.0,99.0,1.1917695426940917,99.0,waiter-2,0,,waiter-1,-7.0335307121276855,2.200000047683716,0.4741560067404116,0.0,11.430410597274257,0,0,waiter-2,5.604966163635254,2.549999952316284,-0.5000060464055345,0.0,2.2968615303862916,0,0,customer-1,-1.3493311405181885,-2.549999952316284,-0.4489881295241993,0.0,6.494008798767022,0,0,customer-2,8.945565223693848,-2.200000047683716,-0.41525196044238655,0.0,5.4634460244499845,0,0
3,731,29.239999999999554,to_table,4.302651405334473,0.6517695188522339,-0.9270714383243353,-0.8778342008590698,0.8174582719802856,0.2683597207069397,-0.170810729265213,0.2683597207069397,-0.170810729265213,0,nominal-sac-a-star,1.1091875971406968,99.0,99.0,1.1918839836120605,99.0,waiter-2,0,,waiter-1,-7.014564514160156,2.200000047683716,0.474156443709699,0.0,11.42262640284048,0,0,waiter-2,5.58496618270874,2.549999952316284,-0.5000100834122545,0.0,2.290766240104287,0,0,customer-1,-1.3672906160354614,-2.549999952316284,-0.4489887870292142,0.0,6.51149524089539,0,0,customer-2,8.928955078125,-2.200000047683716,-0.4152500822633165,0.0,5.434636633069019,0,0
3,732,29.279999999999553,to_table,4.3125810623168945,0.6390049457550049,-0.9309513870364494,-0.8809032440185547,0.8176860809326172,0.2667860686779022,-0.1672096848487854,0.2667860686779022,-0.1672096848487854,0,nominal-sac-a-star,1.1093571297294664,99.0,99.0,1.1917595291137695,99.0,waiter-2,0,,waiter-1,-6.995598316192627,2.200000047683716,0.4741568806789864,0.0,11.415411800053182,0,0,waiter-2,5.564965724945068,2.549999952316284,-0.5000093520473925,0.0,2.284812740311212,0,0,customer-1,-1.385250210762024,-2.549999952316284,-0.44898825244133356,0.0,6.529550785191796,0,0,customer-2,8.912344932556152,-2.200000047683716,-0.4152482040842642,0.0,5.40534707625037,0,0
3,733,29.319999999999553,to_table,4.3213791847229,0.6263353824615479,-0.9346169393031503,-0.8916765451431274,0.8215882778167725,0.26518329977989197,-0.1645338237285614,0.26518329977989197,-0.1645338237285614,0,nominal-sac-a-star,1.1092611649994817,99.0,99.0,1.191934289932251,99.0,waiter-2,0,,waiter-1,-6.976632118225098,2.200000047683716,0.47415731764826496,0.0,11.40708025219905,0,0,waiter-2,5.5449652671813965,2.549999952316284,-0.5000086206825216,0.0,2.2798351428339148,0,0,customer-1,-1.4032096862792969,-2.549999952316284,-0.44898890994635066,0.0,6.546756746738068,0,0,customer-2,8.895734786987305,-2.200000047683716,-0.41524632590521193,0.0,5.377071799749577,0,0
3,734,29.359999999999552,to_table,4.330770969390869,0.61367267370224,-0.9381523097920119,-0.8987910151481628,0.8224191665649414,0.2636459171772003,-0.1609562635421753,0.2636459171772003,-0.1609562635421753,0,nominal-sac-a-star,1.1094976646758044,99.0,99.0,1.1918563270568847,99.0,waiter-2,0,,waiter-1,-6.95766544342041,2.200000047683716,0.47415298624596147,0.0,11.399352226487546,0,0,waiter-2,5.524965286254883,2.549999952316284,-0.5000126576892328,0.0,2.2749644824337762,0,0,customer-1,-1.4211692810058594,-2.549999952316284,-0.44898837535847225,0.0,6.56457471042511,0,0,customer-2,8.879124641418457,-2.200000047683716,-0.4152444477261419,0.0,5.348296486631822,0,0
3,735,29.39999999999955,to_table,4.339828968048096,0.600785493850708,-0.9419152794708123,-0.8979579210281372,0.818878173828125,0.2620795667171478,-0.15835481882095337,0.2620795667171478,-0.15835481882095337,0,nominal-sac-a-star,1.109451863978634,99.0,99.0,1.192126932144165,99.0,waiter-2,0,,waiter-1,-6.938699722290039,2.200000047683716,0.4741581915868309,0.0,11.391343055494893,0,0,waiter-2,5.504964828491211,2.549999952316284,-0.5000119263243707,0.0,2.2708981875860856,0,0,customer-1,-1.4391288757324219,-2.549999952316284,-0.4489878407705916,0.0,6.582081941754455,0,0,customer-2,8.862515449523926,-2.200000047683716,-0.41525210629025366,0.0,5.319689150635824,0,0
3,736,29.43999999999955,to_table,4.349061965942383,0.5881870985031128,-0.9454925545943487,-0.8973860144615173,0.8149735927581787,0.26051074266433716,-0.1549231857061386,0.26051074266433716,-0.1549231857061386,0,nominal-sac-a-star,1.109763172382547,99.0,99.0,1.1920287036895751,99.0,waiter-2,0,,waiter-1,-6.919733047485352,2.200000047683716,0.4741538601845363,0.0,11.383482860609929,0,0,waiter-2,5.484964370727539,2.549999952316284,-0.5000111949595087,0.0,2.2669327177010086,0,0,customer-1,-1.4570883512496948,-2.549999952316284,-0.4489884982756065,0.0,6.599969656881781,0,0,customer-2,8.845905303955078,-2.200000047683716,-0.4152502281111836,0.0,5.291085670142812,0,0
3,737,29.47999999999955,to_table,4.358497619628906,0.5753215551376343,-0.9488232763422363,-0.8964715003967285,0.8110575675964355,0.2589584290981293,-0.15225793421268463,0.2589584290981293,-0.15225793421268463,0,nominal-sac-a-star,1.1097130178548595,99.0,99.0,1.1920689964294433,99.0,waiter-2,0,,waiter-1,-6.9007673263549805,2.200000047683716,0.4741590655253969,0.0,11.375879189232071,0,0,waiter-2,5.464963912963867,2.549999952316284,-0.5000104635946379,0.0,2.2635420098974195,0,0,customer-1,-1.4750478267669678,-2.549999952316284,-0.4489891557806236,0.0,6.617997204602014,0,0,customer-2,8.82929515838623,-2.200000047683716,-0.41524834993213133,0.0,5.262170714794933,0,0
3,738,29.51999999999955,to_table,4.367578983306885,0.5627850890159607,-0.9520417166555603,-0.8962163329124451,0.808012843132019,0.25737321376800537,-0.15009550750255585,0.25737321376800537,-0.15009550750255585,0,nominal-sac-a-star,1.1097932541979043,99.0,99.0,1.1919352436065673,99.0,waiter-2,0,,waiter-1,-6.881800651550293,2.200000047683716,0.4741547341230934,0.0,11.367894043754317,0,0,waiter-2,5.444963455200195,2.549999952316284,-0.500009732229767,0.0,2.260482296590387,0,0,customer-1,-1.4930074214935303,-2.549999952316284,-0.4489886211927452,0.0,6.635955373695127,0,0,customer-2,8.812685012817383,-2.200000047683716,-0.4152464717530613,0.0,5.233731873640379,0,0
3,739,29.559999999999548,to_table,4.376944541931152,0.5503441691398621,-0.9551526902306039,-0.8960040807723999,0.8048923015594482,0.2558344602584839,-0.1479639708995819,0.2558344602584839,-0.1479639708995819,0,nominal-sac-a-star,1.1097172343474981,99.0,99.0,1.1916100406646728,99.0,waiter-2,0,,waiter-1,-6.862834453582764,2.200000047683716,0.4741551710923808,0.0,11.360193501239761,0,0,waiter-2,5.424962997436523,2.549999952316284,-0.500009000864905,0.0,2.257646104745111,0,0,customer-1,-1.5109670162200928,-2.549999952316284,-0.44898808660486456,0.0,6.6542945672744835,0,0,customer-2,8.796074867248535,-2.200000047683716,-0.415244593574009,0.0,5.205103855174709,0,0
3,740,29.599999999999547,to_table,4.386103630065918,0.5378821492195129,-0.9579640874153492,-0.8957297801971436,0.8025312423706055,0.25429031252861023,-0.14652371406555176,0.25429031252861023,-0.14652371406555176,0,nominal-sac-a-star,1.1094405773416467,99.0,99.0,1.1913799667358398,99.0,waiter-2,0,,waiter-1,-6.843868255615234,2.200000047683716,0.47415560806166823,0.0,11.35230833185851,0,0,waiter-2,5.404962539672852,2.549999952316284,-0.500008269500043,0.0,2.2553694888475384,0,0,customer-1,-1.5289264917373657,-2.549999952316284,-0.44898874410987943,0.0,6.672525549956725,0,0,customer-2,8.779465675354004,-2.200000047683716,-0.4152522521381208,0.0,5.17664263640997,0,0
3,741,29.639999999999546,to_table,4.394632816314697,0.5253391861915588,-0.9609841139194347,-0.895682156085968,0.800505518913269,0.25275489687919617,-0.14532259106636047,0.25275489687919617,-0.14532259106636047,0,nominal-sac-a-star,1.1092639509658966,99.0,99.0,1.1915053749084472,99.0,waiter-2,0,,waiter-1,-6.824902057647705,2.200000047683716,0.47415604503094677,0.0,11.343828797591764,0,0,waiter-2,5.38496208190918,2.549999952316284,-0.5000075381351721,0.0,2.25388625981385,0,0,customer-1,-1.5468859672546387,-2.549999952316284,-0.44898940161489653,0.0,6.690243364209213,0,0,customer-2,8.762855529785156,-2.200000047683716,-0.41525037395905073,0.0,5.148673966583929,0,0
3,742,29.679999999999545,to_table,4.402950286865234,0.5131014585494995,-0.9640487311256003,-0.8956970572471619,0.7977821826934814,0.25124359130859375,-0.14297953248023987,0.25124359130859375,-0.14297953248023987,0,nominal-sac-a-star,1.109442407505763,99.0,99.0,1.1914541149139404,99.0,waiter-2,0,,waiter-1,-6.805935859680176,2.200000047683716,0.4741564820002253,0.0,11.335111622575255,0,0,waiter-2,5.364961624145508,2.549999952316284,-0.5000068067703012,0.0,2.2526476171308234,0,0,customer-1,-1.5648455619812012,-2.549999952316284,-0.4489888670270181,0.0,6.7079935559567065,0,0,customer-2,8.746245384216309,-2.200000047683716,-0.41524849577999845,0.0,5.121047948008183,0,0
3,743,29.719999999999544,to_table,4.411808490753174,0.5008174180984497,-0.967051389151129,-0.8953157067298889,0.7945804595947266,0.2497694343328476,-0.14058247208595276,0.2497694343328476,-0.14058247208595276,0,nominal-sac-a-star,1.1094436886142072,99.0,99.0,1.1912462139129638,99.0,waiter-2,0,,waiter-1,-6.7869696617126465,2.200000047683716,0.47415691896951273,0.0,11.326952534412337,0,0,waiter-2,5.344961166381836,2.549999952316284,-0.5000060754054392,0.0,2.251648945678779,0,0,customer-1,-1.5828051567077637,-2.549999952316284,-0.4489883324391375,0.0,6.726282733423358,0,0,customer-2,8.729635238647461,-2.200000047683716,-0.4152466176009284,0.0,5.092940487410525,0,0
3,744,29.759999999999543,to_table,4.420105934143066,0.48849695920944214,-0.9700094971924074,-0.8950319886207581,0.7921097278594971,0.2482651174068451,-0.13908255100250244,0.2482651174068451,-0.13908255100250244,0,nominal-sac-a-star,1.1092860991522353,99.0,99.0,1.1913113021850585,99.0,waiter-2,0,,waiter-1,-6.768003463745117,2.200000047683716,0.47415735593880015,0.0,11.318261117370056,0,0,waiter-2,5.324961185455322,2.549999952316284,-0.5000101124121592,0.0,2.2513457345365313,0,0,customer-1,-1.6007647514343262,-2.549999952316284,-0.44898779785125686,0.0,6.744134287942119,0,0,customer-2,8.713025093078613,-2.200000047683716,-0.4152447394218761,0.0,5.065290817043909,0,0
3,745,29.799999999999542,to_table,4.428835391998291,0.4764472544193268,-0.9729903411994844,-0.8950594663619995,0.789263129234314,0.24678516387939453,-0.13689708709716797,0.24678516387939453,-0.13689708709716797,0,nominal-sac-a-star,1.1094046346557325,99.0,99.0,1.1910478496551513,99.0,waiter-2,0,,waiter-1,-6.74903678894043,2.200000047683716,0.47415302453649666,0.0,11.309971738451571,0,0,waiter-2,5.30496072769165,2.549999952316284,-0.5000093810472883,0.0,2.2510478437384562,0,0,customer-1,-1.6187242269515991,-2.549999952316284,-0.44898845535627396,0.0,6.762570520143292,0,0,customer-2,8.696415901184082,-2.200000047683716,-0.41525239798597013,0.0,5.03742132080662,0,0
3,746,29.83999999999954,delivered,4.4370269775390625,0.46429920196533203,-0.9762216518750657,-0.8948051929473877,0.7865407466888428,0.24530820548534393,-0.13561691343784332,0.24530820548534393,-0.13561691343784332,0,nominal-sac-a-star,1.109361869616016,99.0,99.0,1.1914748573303222,99.0,waiter-2,0,,waiter-1,-6.730071067810059,2.200000047683716,0.47415822987735723,0.0,11.301182954906432,0,0,waiter-2,5.2849602699279785,2.549999952316284,-0.5000086496824174,0.0,2.251474736335283,0,0,customer-1,-1.636683702468872,-2.549999952316284,-0.44898911286129106,0.0,6.780557559371155,0,0,customer-2,8.679805755615234,-2.200000047683716,-0.41525051980691785,0.0,5.009956312321896,0,0
