episode,step,sim_time,phase,robot_x,robot_y,robot_yaw,sac_linear,sac_turn,proposed_linear,proposed_turn,final_linear,final_turn,dwa_intervened,dwa_reason,pred_dynamic_clearance,pred_static_clearance,pred_ttc,env_dynamic_clearance,env_dynamic_ttc,env_dynamic_person,collision,collision_type,p0_type,p0_x,p0_y,p0_vx,p0_vy,p0_distance,p0_cooperative,p0_reciprocal,p1_type,p1_x,p1_y,p1_vx,p1_vy,p1_distance,p1_cooperative,p1_reciprocal,p2_type,p2_x,p2_y,p2_vx,p2_vy,p2_distance,p2_cooperative,p2_reciprocal,p3_type,p3_x,p3_y,p3_vx,p3_vy,p3_distance,p3_cooperative,p3_reciprocal
1,1,0.04,to_table,-8.300000190734863,5.499999523162842,0.011059124102688342,0.5941907167434692,-0.6046110391616821,0.0,0.75,0.0,0.75,0,nominal-sac-a-star,2.266115769314542,99.0,99.0,2.324080476760864,99.0,customer-2,0,,waiter-1,-6.543807029724121,-2.549999952316284,0.46875455314341785,0.0,8.239338928214757,0,0,waiter-2,3.94107723236084,-2.200000047683716,-0.470987582268636,0.0,14.46146499733898,0,0,customer-1,2.6407947540283203,2.549999952316284,-0.4304694091453154,0.0,11.33152644136484,0,0,customer-2,-7.208693027496338,2.200000047683716,-0.39306248271925526,0.0,3.475765795144751,0,0
1,2,0.08,to_table,-8.300000190734863,5.499999523162842,0.0017803505125528341,0.6046087741851807,0.9646599292755127,0.0,-0.7642408013343811,0.0,-0.7642408013343811,0,nominal-sac-a-star,2.266115769314542,99.0,99.0,2.32266975402832,99.0,customer-2,0,,waiter-1,-6.525056838989258,-2.549999952316284,0.46875480747369913,0.0,8.243355837104215,0,0,waiter-2,3.9222378730773926,-2.200000047683716,-0.47098874754307296,0.0,14.44552168249864,0,0,customer-1,2.6235761642456055,2.549999952316284,-0.43047167430604105,0.0,11.314902467590397,0,0,customer-2,-7.224415302276611,2.200000047683716,-0.39306580494030463,0.0,3.47086147670031,0,0
1,3,0.12,to_table,-8.299997329711914,5.499999523162842,-0.02001220518891811,0.4516533613204956,0.961908221244812,0.0,-0.7645710110664368,0.0,-0.7645710110664368,0,nominal-sac-a-star,2.264043295706932,99.0,99.0,2.3213327026367185,99.0,customer-2,0,,waiter-1,-6.5063066482543945,-2.549999952316284,0.4687550618039804,0.0,8.247412795292941,0,0,waiter-2,3.903398036956787,-2.200000047683716,-0.4709851444459279,0.0,14.429582525709755,0,0,customer-1,2.6063570976257324,2.549999952316284,-0.4304691710951847,0.0,11.298277052838737,0,0,customer-2,-7.240138053894043,2.200000047683716,-0.393064358789772,0.0,3.4660205167741993,0,0
1,4,0.16,to_table,-8.299993515014648,5.499999523162842,-0.04494452191492168,0.5832209587097168,0.9591360092163086,0.0,-0.7649036645889282,0.0,-0.7649036645889282,0,nominal-sac-a-star,2.2620434974924706,99.0,99.0,2.3200697994232176,99.0,customer-2,0,,waiter-1,-6.487556457519531,-2.549999952316284,0.4687553161342617,0.0,8.251510143155357,0,0,waiter-2,3.88455867767334,-2.200000047683716,-0.4709863097203648,0.0,14.413649972417634,0,0,customer-1,2.5891385078430176,2.549999952316284,-0.43047143625591033,0.0,11.281652967505211,0,0,customer-2,-7.255860805511475,2.200000047683716,-0.3930629126392393,0.0,3.461243945927092,0,0
1,5,0.2,to_table,-8.299989700317383,5.499999523162842,-0.0705697230381329,-0.8386853933334351,0.9966259002685547,0.0,-0.7604048848152161,0.0,-0.7604048848152161,0,nominal-sac-a-star,2.260116775675664,99.0,99.0,2.318881044387817,99.0,customer-2,0,,waiter-1,-6.468806266784668,-2.549999952316284,0.46875557046455185,0.0,8.255648025591865,0,0,waiter-2,3.8657193183898926,-2.200000047683716,-0.47098747499480176,0.0,14.39772444933201,0,0,customer-1,2.5719194412231445,2.549999952316284,-0.43046893304505396,0.0,11.265030219662412,0,0,customer-2,-7.271583080291748,2.200000047683716,-0.3930662348602887,0.0,3.456532469726714,0,0
1,6,0.24000000000000002,to_table,-8.299667358398438,5.498871326446533,-0.0973278869609558,0.10833513736724854,0.9864985942840576,0.20000000298023224,-0.7616201639175415,0.20000000298023224,-0.7616201639175415,0,nominal-sac-a-star,2.2035588349760014,99.0,99.0,2.263312587738037,99.0,customer-2,0,,waiter-1,-6.450056076049805,-2.549999952316284,0.46875582479482425,0.0,8.258655505461185,0,0,waiter-2,3.8468799591064453,-2.200000047683716,-0.4709886402692387,0.0,14.380932938157637,0,0,customer-1,2.5547008514404297,2.549999952316284,-0.4304711982057796,0.0,11.247806524648503,0,0,customer-2,-7.28730583190918,2.200000047683716,-0.39306478870975603,0.0,3.450714067285478,0,0
1,7,0.28,to_table,-8.288629531860352,5.498339653015137,-0.12595722476670826,0.12575829029083252,0.9788440465927124,0.20000000298023224,-0.762538731098175,0.20000000298023224,-0.762538731098175,0,nominal-sac-a-star,2.190109802249715,99.0,99.0,2.2497410869598387,99.0,customer-2,0,,waiter-1,-6.431305885314941,-2.549999952316284,0.46875607912510553,0.0,8.259868130349483,0,0,waiter-2,3.82804012298584,-2.200000047683716,-0.4709850371720936,0.0,14.35542119451835,0,0,customer-1,2.5374817848205566,2.549999952316284,-0.43046869499492324,0.0,11.220400760751971,0,0,customer-2,-7.303028583526611,2.200000047683716,-0.39306334255922337,0.0,3.442448747832595,0,0
1,8,0.32,to_table,-8.281133651733398,5.495266914367676,-0.1533758638714679,0.13234758377075195,0.9811458587646484,0.20000000298023224,-0.7622625231742859,0.20000000298023224,-0.7622625231742859,0,nominal-sac-a-star,2.1768848306920727,99.0,99.0,2.23418475151062,99.0,customer-2,0,,waiter-1,-6.412555694580078,-2.549999952316284,0.4687563334553957,0.0,8.259412965709005,0,0,waiter-2,3.8092007637023926,-2.200000047683716,-0.47098620244653056,0.0,14.331549807829953,0,0,customer-1,2.520263195037842,2.549999952316284,-0.4304709601556489,0.0,11.195747912452795,0,0,customer-2,-7.318751335144043,2.200000047683716,-0.3930618964086907,0.0,3.4329234547174248,0,0
1,9,0.36,to_table,-8.269960403442383,5.49433708190918,-0.17599818921866878,0.20093846321105957,0.9802055358886719,0.20000000298023224,-0.7623753547668457,0.20000000298023224,-0.7623753547668457,0,nominal-sac-a-star,2.1617613612817497,99.0,99.0,2.223618755340576,99.0,customer-2,0,,waiter-1,-6.393805503845215,-2.549999952316284,0.4687565877856681,0.0,8.260224907803286,0,0,waiter-2,3.7903614044189453,-2.200000047683716,-0.4709873677209675,0.0,14.305739616426946,0,0,customer-1,2.5030441284179688,2.549999952316284,-0.4304684569447925,0.0,11.16811299084062,0,0,customer-2,-7.334473609924316,2.200000047683716,-0.3930652186297401,0.0,3.4245864036283473,0,0
1,10,0.39999999999999997,to_table,-8.259856224060059,5.49199914932251,-0.19642682287053584,0.31200480461120605,0.9622023105621338,0.20000000298023224,-0.7645357251167297,0.20000000298023224,-0.7645357251167297,0,nominal-sac-a-star,2.1514553743750415,99.0,99.0,2.2129054164886472,99.0,customer-2,0,,waiter-1,-6.375055313110352,-2.549999952316284,0.46875684211595825,0.0,8.259916708095549,0,0,waiter-2,3.771522045135498,-2.200000047683716,-0.47098853299540444,0.0,14.280088049561021,0,0,customer-1,2.485825538635254,2.549999952316284,-0.4304707221055182,0.0,11.141141585147723,0,0,customer-2,-7.350196361541748,2.200000047683716,-0.39306377247920743,0.0,3.415368084213978,0,0
1,11,0.43999999999999995,to_table,-8.24916934967041,5.4891839027404785,-0.21462966855728263,0.2486557960510254,0.9344562292098999,0.20000000298023224,-0.7678652405738831,0.20000000298023224,-0.7678652405738831,0,nominal-sac-a-star,2.1409523565544912,99.0,99.0,2.2031238174438474,99.0,customer-2,0,,waiter-1,-6.356305122375488,-2.549999952316284,0.46875709644623065,0.0,8.259020041044707,0,0,waiter-2,3.7526822090148926,-2.200000047683716,-0.47098492989825935,0.0,14.25370094607635,0,0,customer-1,2.468606472015381,2.549999952316284,-0.4304682188946618,0.0,11.113483740859285,0,0,customer-2,-7.36591911315918,2.200000047683716,-0.39306232632867477,0.0,3.4057101187069945,0,0
1,12,0.4799999999999999,to_table,-8.237431526184082,5.486421585083008,-0.2322181883275701,0.547935962677002,0.9773919582366943,0.20000000298023224,-0.7627129554748535,0.20000000298023224,-0.7627129554748535,0,nominal-sac-a-star,2.1312882676152265,99.0,99.0,2.1940369701385496,99.0,customer-2,0,,waiter-1,-6.337554931640625,-2.549999952316284,0.4687573507765208,0.0,8.257941765432186,0,0,waiter-2,3.7338428497314453,-2.200000047683716,-0.4709860951726963,0.0,14.226471372062573,0,0,customer-1,2.451387882232666,2.549999952316284,-0.43047048405538746,0.0,11.08482892746329,0,0,customer-2,-7.381641387939453,2.200000047683716,-0.39306564854972414,0.0,3.396018739965769,0,0
1,13,0.5199999999999999,to_table,-8.229437828063965,5.482948303222656,-0.2513639166236692,-0.7425485849380493,0.9993845224380493,0.20000000298023224,-0.7600738406181335,0.20000000298023224,-0.7600738406181335,0,nominal-sac-a-star,2.1222755986998445,99.0,99.0,2.1832831001281736,99.0,customer-2,0,,waiter-1,-6.318804740905762,-2.549999952316284,0.4687576051067932,0.0,8.257044051590727,0,0,waiter-2,3.715003490447998,-2.200000047683716,-0.47098726044713324,0.0,14.202020059627811,0,0,customer-1,2.434169292449951,2.549999952316284,-0.4304727492161131,0.0,11.059597770703938,0,0,customer-2,-7.397364139556885,2.200000047683716,-0.3930642023991915,0.0,3.386752998323313,0,0
1,14,0.5599999999999999,to_table,-8.219690322875977,5.481721878051758,-0.26838666918798876,0.8061751127243042,0.9323282241821289,0.20000000298023224,-0.7681205868721008,0.20000000298023224,-0.7681205868721008,0,nominal-sac-a-star,2.1117275681992353,99.0,99.0,2.176232109069824,99.0,customer-2,0,,waiter-1,-6.300054550170898,-2.549999952316284,0.4687578594370745,0.0,8.257939032244037,0,0,waiter-2,3.696164131164551,-2.200000047683716,-0.4709884257215702,0.0,14.17732129544233,0,0,customer-1,2.416950225830078,2.549999952316284,-0.43047024600525674,0.0,11.033273114185834,0,0,customer-2,-7.413086891174316,2.200000047683716,-0.39306275624865883,0.0,3.3793945120312703,0,0
1,15,0.6,to_table,-8.210770606994629,5.480631351470947,-0.287693819628643,0.8083151578903198,0.932488203048706,0.20000000298023224,-0.7681013941764832,0.20000000298023224,-0.7681013941764832,0,nominal-sac-a-star,2.1047729886848803,99.0,99.0,2.168255100250244,99.0,customer-2,0,,waiter-1,-6.281304359436035,-2.549999952316284,0.46875811376735577,0.0,8.25916939757475,0,0,waiter-2,3.6773242950439453,-2.200000047683716,-0.4709848226244251,0.0,14.153405918348984,0,0,customer-1,2.3997316360473633,2.549999952316284,-0.4304725111659824,0.0,11.00778625552433,0,0,customer-2,-7.42880916595459,2.200000047683716,-0.3930660784697082,0.0,3.3725369451886102,0,0
1,16,0.64,to_table,-8.202903747558594,5.4789323806762695,-0.3037612385102359,0.7264878749847412,0.9326280355453491,0.20000000298023224,-0.7617322206497192,0.20000000298023224,-0.7617322206497192,0,nominal-sac-a-star,2.096997601938461,99.0,99.0,2.161384592056274,99.0,customer-2,0,,waiter-1,-6.262554168701172,-2.549999952316284,0.46875836809763705,0.0,8.260067245243553,0,0,waiter-2,3.658484935760498,-2.200000047683716,-0.47098598789886204,0.0,14.130058200024825,0,0,customer-1,2.3825125694274902,2.549999952316284,-0.430470007955126,0.0,10.983154545658271,0,0,customer-2,-7.4445319175720215,2.200000047683716,-0.39306463231917554,0.0,3.3654903174517043,0,0
1,17,0.68,to_table,-8.19218921661377,5.475866794586182,-0.3225734014357372,0.8087279796600342,0.8862144947052002,0.20000000298023224,-0.521435022354126,0.20000000298023224,-0.521435022354126,0,nominal-sac-a-star,2.0902268255736534,99.0,99.0,2.1523375606536863,99.0,customer-2,0,,waiter-1,-6.243803977966309,-2.549999952316284,0.4687586224279183,0.0,8.258979481583308,0,0,waiter-2,3.639645576477051,-2.200000047683716,-0.470987153173299,0.0,14.103589839159849,0,0,customer-1,2.3652939796447754,2.549999952316284,-0.4304722731158517,0.0,10.955416387247723,0,0,customer-2,-7.460254669189453,2.200000047683716,-0.3930631861686429,0.0,3.3566398563406503,0,0
1,18,0.7200000000000001,to_table,-8.182992935180664,5.472236156463623,-0.3326878218193682,0.8514062166213989,0.909433126449585,0.20000000298023224,-0.506242036819458,0.20000000298023224,-0.506242036819458,0,nominal-sac-a-star,2.081319988151532,99.0,99.0,2.1471400356292722,99.0,customer-2,0,,waiter-1,-6.225053787231445,-2.549999952316284,0.4687588767581996,0.0,8.257711419763002,0,0,waiter-2,3.6208062171936035,-2.200000047683716,-0.4709883184477359,0.0,14.078099403038062,0,0,customer-1,2.3480749130249023,2.549999952316284,-0.4304697699049953,0.0,10.928991465654024,0,0,customer-2,-7.475977420806885,2.200000047683716,-0.39306174001811023,0.0,3.347745523358711,0,0
1,19,0.7600000000000001,to_table,-8.172706604003906,5.469222545623779,-0.34155439502431967,0.8811657428741455,0.9042172431945801,0.20000000298023224,-0.5026089549064636,0.20000000298023224,-0.5026089549064636,0,nominal-sac-a-star,2.0759743574420035,99.0,99.0,2.143496522903442,99.0,customer-2,0,,waiter-1,-6.206303119659424,-2.549999952316284,0.46875436271689885,0.0,8.256795512467908,0,0,waiter-2,3.601966381072998,-2.200000047683716,-0.47098471535059083,0.0,14.052042523818308,0,0,customer-1,2.3308563232421875,2.549999952316284,-0.43047203506572096,0.0,10.901683113900141,0,0,customer-2,-7.491699695587158,2.200000047683716,-0.3930650622391596,0.0,3.3393990702443466,0,0
1,20,0.8000000000000002,to_table,-8.164151191711426,5.465908527374268,-0.35060821196045033,0.8836243152618408,0.9052668809890747,0.20000000298023224,-0.5023766756057739,0.20000000298023224,-0.5023766756057739,0,nominal-sac-a-star,2.072166832449665,99.0,99.0,2.139357814788818,99.0,customer-2,0,,waiter-1,-6.1875529289245605,-2.549999952316284,0.46875461704718013,0.0,8.256011715545645,0,0,waiter-2,3.583127021789551,-2.200000047683716,-0.4709858806250278,0.0,14.0272841172674,0,0,customer-1,2.3136372566223145,2.549999952316284,-0.4304695318548646,0.0,10.875963110737947,0,0,customer-2,-7.50742244720459,2.200000047683716,-0.39306361608862694,0.0,3.331283662730656,0,0
1,21,0.8400000000000002,to_table,-8.15253734588623,5.462434768676758,-0.3618680232090357,0.88340163230896,0.9033493995666504,0.20000000298023224,-0.49963128566741943,0.20000000298023224,-0.49963128566741943,0,nominal-sac-a-star,2.0679429215733958,99.0,99.0,2.1346078014373777,99.0,customer-2,0,,waiter-1,-6.168802738189697,-2.549999952316284,0.4687548713774614,0.0,8.254351164806824,0,0,waiter-2,3.5642876625061035,-2.200000047683716,-0.4709870458994647,0.0,13.99988912785602,0,0,customer-1,2.2964186668395996,2.549999952316284,-0.43047179701559024,0.0,10.847255796533423,0,0,customer-2,-7.5231451988220215,2.200000047683716,-0.3930621699380943,0.0,3.322591576394403,0,0
1,22,0.8800000000000002,to_table,-8.142117500305176,5.458365440368652,-0.374932763121654,0.8778772354125977,0.9072494506835938,0.20000000298023224,-0.4980965256690979,0.20000000298023224,-0.4980965256690979,0,nominal-sac-a-star,2.063164480423862,99.0,99.0,2.1284029579162596,99.0,customer-2,0,,waiter-1,-6.150052547454834,-2.549999952316284,0.4687551257077427,0.0,8.252408075169841,0,0,waiter-2,3.5454483032226562,-2.200000047683716,-0.47098821117390166,0.0,13.973179894368524,0,0,customer-1,2.2791996002197266,2.549999952316284,-0.43046929380473387,0.0,10.819539727815913,0,0,customer-2,-7.538867473602295,2.200000047683716,-0.39306549215914366,0.0,3.3137374106835753,0,0
1,23,0.9200000000000003,to_table,-8.131769180297852,5.4544243812561035,-0.38844762064604704,-0.13872259855270386,0.988667368888855,0.20000000298023224,-0.48282590508461,0.20000000298023224,-0.48282590508461,0,nominal-sac-a-star,2.0570006361761086,99.0,99.0,2.1222994422912596,99.0,customer-2,0,,waiter-1,-6.131302356719971,-2.549999952316284,0.46875538003802397,0.0,8.250616729925197,0,0,waiter-2,3.526608467102051,-2.200000047683716,-0.4709846080767566,0.0,13.946611871983258,0,0,customer-1,2.2619810104370117,2.549999952316284,-0.4304715589654595,0.0,10.791928664090742,0,0,customer-2,-7.554590225219727,2.200000047683716,-0.393064046008611,0.0,3.305210021940082,0,0
1,24,0.9600000000000003,to_table,-8.120128631591797,5.451199531555176,-0.4012641608396333,0.8055689334869385,0.8909744024276733,0.20000000298023224,-0.4889039993286133,0.20000000298023224,-0.4889039993286133,0,nominal-sac-a-star,2.0509604644682167,99.0,99.0,2.117659816741943,99.0,customer-2,0,,waiter-1,-6.112552165985107,-2.549999952316284,0.46875563436830525,0.0,8.249215504880617,0,0,waiter-2,3.5077691078186035,-2.200000047683716,-0.4709857733511935,0.0,13.919369987162884,0,0,customer-1,2.2447619438171387,2.549999952316284,-0.43046905575460315,0.0,10.763266959375155,0,0,customer-2,-7.570312976837158,2.200000047683716,-0.39306259985807834,0.0,3.297361875520993,0,0
1,25,1.0000000000000002,to_table,-8.099588394165039,5.4430365562438965,-0.4050885873269786,0.8021228313446045,0.8909082412719727,0.8021228313446045,-0.279062956571579,0.8021228313446045,-0.279062956571579,0,nominal-sac-a-star,1.8790395891075826,99.0,99.0,1.947103033065796,99.0,customer-2,0,,waiter-1,-6.093801975250244,-2.549999952316284,0.4687558886985954,0.0,8.240862320502567,0,0,waiter-2,3.4889297485351562,-2.200000047683716,-0.47098693862563934,0.0,13.881994138907743,0,0,customer-1,2.227543354034424,2.549999952316284,-0.4304713209153288,0.0,10.724705634017853,0,0,customer-2,-7.586035251617432,2.200000047683716,-0.3930659220791277,0.0,3.2834467600487645,0,0
1,26,1.0400000000000003,to_table,-8.073436737060547,5.4313788414001465,-0.4063707046922565,0.8720002174377441,0.7609894275665283,0.8199999928474426,-0.3033984303474426,0.8199999928474426,-0.3033984303474426,0,nominal-sac-a-star,1.8754626666512884,99.0,99.0,1.9448556995391846,99.0,customer-2,0,,waiter-1,-6.075051784515381,-2.549999952316284,0.4687561430288767,0.0,8.227754849735454,0,0,waiter-2,3.470090389251709,-2.200000047683716,-0.4709881039000763,0.0,13.83802595259388,0,0,customer-1,2.210324287414551,2.549999952316284,-0.43046881770447243,0.0,10.679797990176183,0,0,customer-2,-7.601758003234863,2.200000047683716,-0.39306447592859506,0.0,3.2656224117958974,0,0
1,27,1.0800000000000003,to_table,-8.03916072845459,5.415832996368408,-0.40937817891932904,0.8836593627929688,0.7191911935806274,0.8199999928474426,-0.3234337866306305,0.8199999928474426,-0.3234337866306305,0,nominal-sac-a-star,1.8756599565144996,99.0,99.0,1.9420666790008545,99.0,customer-2,0,,waiter-1,-6.056301593780518,-2.549999952316284,0.468756397359158,0.0,8.208911311149066,0,0,waiter-2,3.4512510299682617,-2.200000047683716,-0.4709892691745132,0.0,13.78515416428044,0,0,customer-1,2.193105697631836,2.549999952316284,-0.4304710828651981,0.0,10.62601878648803,0,0,customer-2,-7.617480754852295,2.200000047683716,-0.3930630297780624,0.0,3.2433617673616544,0,0
1,28,1.1200000000000003,to_table,-8.00074577331543,5.397459030151367,-0.4183350134245966,0.8826278448104858,0.693943977355957,0.8199999928474426,-0.34637755155563354,0.8199999928474426,-0.34637755155563354,0,nominal-sac-a-star,1.8729055552140392,99.0,99.0,1.9319694137573242,99.0,customer-2,0,,waiter-1,-6.037550926208496,-2.549999952316284,0.4687518833178572,0.0,8.186344622950648,0,0,waiter-2,3.4324111938476562,-2.200000047683716,-0.47098566607736814,0.0,13.72728897762295,0,0,customer-1,2.175886631011963,2.549999952316284,-0.4304685796543417,0.0,10.567491201451352,0,0,customer-2,-7.633203029632568,2.200000047683716,-0.3930663519991118,0.0,3.218513882678929,0,0
1,29,1.1600000000000004,to_table,-7.960975170135498,5.378929615020752,-0.42616835213500814,0.9875611066818237,-0.7499857544898987,0.8199999928474426,-0.5371469855308533,0.8199999928474426,-0.5371469855308533,0,nominal-sac-a-star,1.862910905636703,99.0,99.0,1.9239282703399658,99.0,customer-2,0,,waiter-1,-6.018800735473633,-2.549999952316284,0.4687521376481385,0.0,8.163330546930316,0,0,waiter-2,3.413571834564209,-2.200000047683716,-0.4709868313518051,0.0,13.668229380367624,0,0,customer-1,2.158668041229248,2.549999952316284,-0.43047084481506737,0.0,10.507617320870121,0,0,customer-2,-7.64892578125,2.200000047683716,-0.3930649058485791,0.0,3.1942085115398227,0,0
1,30,1.2000000000000004,to_table,-7.921001434326172,5.36020565032959,-0.4337497756182987,0.8531029224395752,0.5129721164703369,0.8199999928474426,-0.40228331089019775,0.8199999928474426,-0.40228331089019775,0,nominal-sac-a-star,1.8549595064422972,99.0,99.0,1.9166083431243897,99.0,customer-2,0,,waiter-1,-6.0000505447387695,-2.549999952316284,0.4687523919784198,0.0,8.140110871255796,0,0,waiter-2,3.3947324752807617,-2.200000047683716,-0.470987996626242,0.0,13.608914141447917,0,0,customer-1,2.141448974609375,2.549999952316284,-0.430468341604211,0.0,10.44749559930195,0,0,customer-2,-7.664648532867432,2.200000047683716,-0.39306345969804646,0.0,3.170586106870571,0,0
1,31,1.2400000000000004,to_table,-7.880374431610107,5.34026575088501,-0.4430276664586315,0.8806393146514893,0.5230834484100342,0.8199999928474426,-0.41965916752815247,0.8199999928474426,-0.41965916752815247,0,nominal-sac-a-star,1.847725861424195,99.0,99.0,1.9073422050476074,99.0,customer-2,0,,waiter-1,-5.981300354003906,-2.549999952316284,0.46875264630870106,0.0,8.115588408695357,0,0,waiter-2,3.3758931159973145,-2.200000047683716,-0.47098916190067897,0.0,13.548400917318075,0,0,customer-1,2.12423038482666,2.549999952316284,-0.43047060676493665,0.0,10.38641905373224,0,0,customer-2,-7.680371284484863,2.200000047683716,-0.3930620135475138,0.0,3.1466283456363766,0,0
1,32,1.2800000000000005,to_table,-7.839541435241699,5.319687843322754,-0.45080465583455603,0.8383370637893677,-0.8962754607200623,0.8199999928474426,-0.6093870997428894,0.8199999928474426,-0.6093870997428894,0,nominal-sac-a-star,1.8385653119626315,99.0,99.0,1.8996112442016602,99.0,customer-2,0,,waiter-1,-5.962550163269043,-2.549999952316284,0.46875290063898234,0.0,8.090431523465949,0,0,waiter-2,3.357053279876709,-2.200000047683716,-0.4709855588035339,0.0,13.48738073877826,0,0,customer-1,2.107011318206787,2.549999952316284,-0.4304681035540803,0.0,10.32497373801607,0,0,customer-2,-7.696093559265137,2.200000047683716,-0.3930653357685632,0.0,3.1229840273977305,0,0
1,33,1.3200000000000005,to_table,-7.798196315765381,5.299037933349609,-0.45829832450691577,0.8337415456771851,0.10776066780090332,0.8199999928474426,-0.5138735771179199,0.8199999928474426,-0.5138735771179199,0,nominal-sac-a-star,1.83092280365051,99.0,99.0,1.8928480243682861,99.0,customer-2,0,,waiter-1,-5.94379997253418,-2.549999952316284,0.4687531549692636,0.0,8.06512129657129,0,0,waiter-2,3.3382139205932617,-2.200000047683716,-0.4709867240779708,0.0,13.425915372646065,0,0,customer-1,2.0897927284240723,2.549999952316284,-0.43047036871480593,0.0,10.263017936220049,0,0,customer-2,-7.711816310882568,2.200000047683716,-0.3930638896180305,0.0,3.100241494147849,0,0
1,34,1.3600000000000005,to_table,-7.758333206176758,5.277942657470703,-0.4644971362184886,0.8508368730545044,0.13425028324127197,0.8199999928474426,-0.541888415813446,0.8199999928474426,-0.541888415813446,0,nominal-sac-a-star,1.824245037429858,99.0,99.0,1.8868436908721924,99.0,customer-2,0,,waiter-1,-5.925049781799316,-2.549999952316284,0.4687534092995449,0.0,8.039752086738483,0,0,waiter-2,3.3193745613098145,-2.200000047683716,-0.47098788935240776,0.0,13.365449355835535,0,0,customer-1,2.0725741386413574,2.549999952316284,-0.4304726338755316,0.0,10.202372793865354,0,0,customer-2,-7.7275390625,2.200000047683716,-0.39306244346749786,0.0,3.078096650273853,0,0
1,35,1.4000000000000006,to_table,-7.716384410858154,5.257002830505371,-0.47042020980840127,0.06233203411102295,-0.7986062169075012,0.7799999713897705,-0.6327571868896484,0.7799999713897705,-0.6327571868896484,0,nominal-sac-a-star,1.8229657188939556,99.0,99.0,1.8870043849945068,99.0,customer-2,0,,waiter-1,-5.906299591064453,-2.549999952316284,0.4687536636298262,0.0,8.014093804406876,0,0,waiter-2,3.300535202026367,-2.200000047683716,-0.4709890546268447,0.0,13.30336084160991,0,0,customer-1,2.0553550720214844,2.549999952316284,-0.4304701306646752,0.0,10.139761195599867,0,0,customer-2,-7.743261337280273,2.200000047683716,-0.39306576568854723,0.0,3.057120930443093,0,0
1,36,1.4400000000000006,to_table,-7.679696559906006,5.2403435707092285,-0.4751240022535967,0.730514645576477,0.2946584224700928,0.20000000298023224,-0.5294498801231384,0.20000000298023224,-0.5294498801231384,0,nominal-sac-a-star,1.938818087018621,99.0,99.0,2.0027897453308103,99.0,customer-2,0,,waiter-1,-5.88754940032959,-2.549999952316284,0.46875391796010746,0.0,7.9938253451225325,0,0,waiter-2,3.2816953659057617,-2.200000047683716,-0.4709854515296996,0.0,13.248049898419467,0,0,customer-1,2.0381364822387695,2.549999952316284,-0.43047239582540087,0.0,10.08336391389443,0,0,customer-2,-7.758984088897705,2.200000047683716,-0.3930643195380146,0.0,3.041377196313669,0,0
1,37,1.4800000000000006,to_table,-7.652778148651123,5.227838516235352,-0.48225780701720955,0.7980599403381348,0.45135509967803955,0.20000000298023224,-0.5410665273666382,0.20000000298023224,-0.5410665273666382,0,nominal-sac-a-star,1.9320140056652935,99.0,99.0,1.997694263458252,99.0,customer-2,0,,waiter-1,-5.868799209594727,-2.549999952316284,0.46875417229038874,0.0,7.979809026403981,0,0,waiter-2,3.2628560066223145,-2.200000047683716,-0.47098661680413656,0.0,13.203175933971922,0,0,customer-1,2.0209174156188965,2.549999952316284,-0.4304698926145445,0.0,10.037489987272195,0,0,customer-2,-7.774706840515137,2.200000047683716,-0.3930628733874819,0.0,3.0302924607273116,0,0
1,38,1.5200000000000007,to_table,-7.624655723571777,5.217400550842285,-0.48742442398718433,0.8093609809875488,0.42699098587036133,0.20000000298023224,-0.5639916062355042,0.20000000298023224,-0.5639916062355042,0,nominal-sac-a-star,1.9269655147862605,99.0,99.0,1.995511302947998,99.0,customer-2,0,,waiter-1,-5.850049018859863,-2.549999952316284,0.46875442662067,0.0,7.967542879261867,0,0,waiter-2,3.244016647338867,-2.200000047683716,-0.4709877820785735,0.0,13.15849044325413,0,0,customer-1,2.0036988258361816,2.549999952316284,-0.43047215777527015,0.0,9.991007821142059,0,0,customer-2,-7.79042911529541,2.200000047683716,-0.3930661956085313,0.0,3.02195079606951,0,0
1,39,1.5600000000000007,to_table,-7.603663444519043,5.207150459289551,-0.4982493312613532,0.8828353881835938,0.268216609954834,0.20000000298023224,-0.612144410610199,0.20000000298023224,-0.612144410610199,0,nominal-sac-a-star,1.9248168355760542,99.0,99.0,1.9911263084411621,99.0,customer-2,0,,waiter-1,-5.831298828125,-2.549999952316284,0.4687546809509513,0.0,7.957050888471318,0,0,waiter-2,3.22517728805542,-2.200000047683716,-0.47098894735301045,0.0,13.119819748930171,0,0,customer-1,1.9864797592163086,2.549999952316284,-0.4304696545644138,0.0,9.951446904086845,0,0,customer-2,-7.806151866912842,2.200000047683716,-0.39306474945799863,0.0,3.013960046056462,0,0
1,40,1.6000000000000008,to_table,-7.5807600021362305,5.198432445526123,-0.5095080502575344,0.8449279069900513,0.5008704662322998,0.20000000298023224,-0.59659743309021,0.20000000298023224,-0.59659743309021,0,nominal-sac-a-star,1.9205028109753288,99.0,99.0,1.9888644313812256,99.0,customer-2,0,,waiter-1,-5.812548637390137,-2.549999952316284,0.4687549352812326,0.0,7.94762707066399,0,0,waiter-2,3.2063374519348145,-2.200000047683716,-0.47098534425586536,0.0,13.080453923324265,0,0,customer-1,1.9692611694335938,2.549999952316284,-0.43047191972513943,0.0,9.910454028374359,0,0,customer-2,-7.821874618530273,2.200000047683716,-0.39306330330746597,0.0,3.0081112184674645,0,0
1,41,1.6400000000000008,to_table,-7.557305335998535,5.190741062164307,-0.5254048989284338,0.8504936695098877,0.4897807836532593,0.8199999928474426,-0.37069085240364075,0.8199999928474426,-0.37069085240364075,0,nominal-sac-a-star,1.8085327081785538,99.0,99.0,1.8733601665496826,99.0,customer-2,0,,waiter-1,-5.793798446655273,-2.549999952316284,0.46875518961151386,0.0,7.9390823148537235,0,0,waiter-2,3.187498092651367,-2.200000047683716,-0.4709865095303023,0.0,13.041236707963101,0,0,customer-1,1.9520421028137207,2.549999952316284,-0.43046941651428305,0.0,9.86920474614275,0,0,customer-2,-7.837597370147705,2.200000047683716,-0.3930618571569333,0.0,3.0038467737392787,0,0
1,42,1.6800000000000008,to_table,-7.534780979156494,5.175870418548584,-0.53084808572849,0.8646824359893799,0.3776623010635376,0.8199999928474426,-0.389127641916275,0.8199999928474426,-0.389127641916275,0,nominal-sac-a-star,1.8055124687138961,99.0,99.0,1.8709123229980469,99.0,customer-2,0,,waiter-1,-5.77504825592041,-2.549999952316284,0.46875544394179514,0.0,7.923744837173617,0,0,waiter-2,3.16865873336792,-2.200000047683716,-0.47098767480473924,0.0,12.998734046601715,0,0,customer-1,1.9348235130310059,2.549999952316284,-0.4304716816750087,0.0,9.826932631492328,0,0,customer-2,-7.8533196449279785,2.200000047683716,-0.3930651793779827,0.0,2.9928700850158676,0,0
1,43,1.7200000000000009,to_table,-7.504366397857666,5.15838623046875,-0.537847827477727,0.6673128604888916,-0.6276139616966248,0.7799999713897705,-0.518828272819519,0.7799999713897705,-0.518828272819519,0,nominal-sac-a-star,1.807377960397713,99.0,99.0,1.872694263458252,99.0,customer-2,0,,waiter-1,-5.756298065185547,-2.549999952316284,0.4687556982720764,0.0,7.9041103508644355,0,0,waiter-2,3.1498193740844727,-2.200000047683716,-0.4709888400791762,0.0,12.948263322992656,0,0,customer-1,1.9176044464111328,2.549999952316284,-0.43046917846415234,0.0,9.776359934367463,0,0,customer-2,-7.86904239654541,2.200000047683716,-0.39306373322745003,0.0,2.98077798410286,0,0
1,44,1.760000000000001,to_table,-7.473325252532959,5.139772891998291,-0.5444553760609169,0.921919584274292,-0.04672718048095703,0.8199999928474426,-0.46741417050361633,0.8199999928474426,-0.46741417050361633,0,nominal-sac-a-star,1.8007742384231025,99.0,99.0,1.8659658527374268,99.0,customer-2,0,,waiter-1,-5.737547874450684,-2.549999952316284,0.4687559526023577,0.0,7.8832435902628335,0,0,waiter-2,3.130979537963867,-2.200000047683716,-0.4709852369820311,0.0,12.896648669163714,0,0,customer-1,1.900385856628418,2.549999952316284,-0.430471443624878,0.0,9.724884772434304,0,0,customer-2,-7.884765148162842,2.200000047683716,-0.39306228707691737,0.0,2.968425030868278,0,0
1,45,1.800000000000001,to_table,-7.438052654266357,5.119899749755859,-0.5519463336647595,0.9205808639526367,-0.1279391050338745,0.8199999928474426,-0.4987567663192749,0.8199999928474426,-0.4987567663192749,0,nominal-sac-a-star,1.798330414737647,99.0,99.0,1.8639361953735352,99.0,customer-2,0,,waiter-1,-5.71879768371582,-2.549999952316284,0.468756206932639,0.0,7.860228946640746,0,0,waiter-2,3.11214017868042,-2.200000047683716,-0.47098640225646804,0.0,12.84085284772462,0,0,customer-1,1.883166790008545,2.549999952316284,-0.4304689404140216,0.0,9.668997719371356,0,0,customer-2,-7.900487422943115,2.200000047683716,-0.39306560929796674,0.0,2.9562916272658417,0,0
1,46,1.840000000000001,to_table,-7.404364585876465,5.099821090698242,-0.5580747314679401,0.9147871732711792,-0.14722371101379395,0.8199999928474426,-0.46552354097366333,0.8199999928474426,-0.46552354097366333,0,nominal-sac-a-star,1.796383977299379,99.0,99.0,1.8623705005645752,99.0,customer-2,0,,waiter-1,-5.700047492980957,-2.549999952316284,0.46875646126292025,0.0,7.837375756162496,0,0,waiter-2,3.0933008193969727,-2.200000047683716,-0.470987567530905,0.0,12.78625698214465,0,0,customer-1,1.86594820022583,2.549999952316284,-0.4304712055747473,0.0,9.614587198102223,0,0,customer-2,-7.916210174560547,2.200000047683716,-0.3930641631474341,0.0,2.9446473452970916,0,0
1,47,1.880000000000001,to_table,-7.369444370269775,5.079128265380859,-0.5640582335107911,0.9170100688934326,-0.18614202737808228,0.8199999928474426,-0.48877114057540894,0.8199999928474426,-0.48877114057540894,0,nominal-sac-a-star,1.7948861008577104,99.0,99.0,1.8612775897979736,99.0,customer-2,0,,waiter-1,-5.681297302246094,-2.549999952316284,0.46875671559320153,0.0,7.81366993706157,0,0,waiter-2,3.0744614601135254,-2.200000047683716,-0.4709887328053419,0.0,12.73031335010936,0,0,customer-1,1.848729133605957,2.549999952316284,-0.4304687023638909,0.0,9.558829048136673,0,0,customer-2,-7.9319329261779785,2.200000047683716,-0.39306271699690143,0.0,2.93355972658946,0,0
1,48,1.920000000000001,to_table,-7.333035469055176,5.0578508377075195,-0.5726216219251598,0.9124882221221924,-0.2063840627670288,0.8199999928474426,-0.5141314268112183,0.8199999928474426,-0.5141314268112183,0,nominal-sac-a-star,1.793859230386355,99.0,99.0,1.8594277000427246,99.0,customer-2,0,,waiter-1,-5.6625471115112305,-2.549999952316284,0.46875696992347393,0.0,7.789090126321282,0,0,waiter-2,3.05562162399292,-2.200000047683716,-0.47098512970818796,0.0,12.672829031889954,0,0,customer-1,1.8315105438232422,2.549999952316284,-0.43047096752461655,0.0,9.501485130521614,0,0,customer-2,-7.947655200958252,2.200000047683716,-0.3930660392179508,0.0,2.923194922150127,0,0
1,49,1.960000000000001,to_table,-7.298025131225586,5.034717082977295,-0.5814451954980606,0.9094895124435425,-0.511850118637085,0.8199999928474426,-0.3544096350669861,0.8199999928474426,-0.3544096350669861,0,nominal-sac-a-star,1.7921042308906017,99.0,99.0,1.855794677734375,99.0,customer-2,0,,waiter-1,-5.643796920776367,-2.549999952316284,0.4687572242537552,0.0,7.763015102247235,0,0,waiter-2,3.0367822647094727,-2.200000047683716,-0.4709862949826249,0.0,12.61544196101563,0,0,customer-1,1.8142914772033691,2.549999952316284,-0.4304684643137602,0.0,9.445005727454614,0,0,customer-2,-7.963377952575684,2.200000047683716,-0.39306459306741814,0.0,2.9117546337324085,0,0
1,50,2.000000000000001,to_table,-7.260659694671631,5.009801864624023,-0.5893295922444696,0.9202451705932617,-0.32439398765563965,0.8199999928474426,-0.3386360704898834,0.8199999928474426,-0.3386360704898834,0,nominal-sac-a-star,1.7885682982428583,99.0,99.0,1.8526291942596436,99.0,customer-2,0,,waiter-1,-5.625046730041504,-2.549999952316284,0.4687574785840454,0.0,7.734716108654546,0,0,waiter-2,3.0179429054260254,-2.200000047683716,-0.4709874602570707,0.0,12.555115094074234,0,0,customer-1,1.7970728874206543,2.549999952316284,-0.43047072947448584,0.0,9.385794850543505,0,0,customer-2,-7.979100704193115,2.200000047683716,-0.39306314691689437,0.0,2.9001971889241087,0,0
1,51,2.040000000000001,to_table,-7.224119186401367,4.984750747680664,-0.5950340744717544,0.9219220876693726,-0.3878556489944458,0.8199999928474426,-0.35757794976234436,0.8199999928474426,-0.35757794976234436,0,nominal-sac-a-star,1.7854892918515104,99.0,99.0,1.8504855728149414,99.0,customer-2,0,,waiter-1,-5.606296539306641,-2.549999952316284,0.46875773291432665,0.0,7.706478977364247,0,0,waiter-2,2.999103546142578,-2.200000047683716,-0.47098862553150767,0.0,12.495396233441035,0,0,customer-1,1.7798538208007812,2.549999952316284,-0.4304682262636206,0.0,9.327354466833153,0,0,customer-2,-7.994823455810547,2.200000047683716,-0.39306170076635283,0.0,2.8894327353338807,0,0
1,52,2.080000000000001,to_table,-7.187912464141846,4.959197521209717,-0.6016570004527176,0.9180628061294556,-0.40947461128234863,0.8199999928474426,-0.3758414089679718,0.8199999928474426,-0.3758414089679718,0,nominal-sac-a-star,1.7834082311197423,99.0,99.0,1.8478541469573975,99.0,customer-2,0,,waiter-1,-5.587546348571777,-2.549999952316284,0.46875798724460793,0.0,7.677839435692446,0,0,waiter-2,2.9802637100219727,-2.200000047683716,-0.4709850224343626,0.0,12.435671133448423,0,0,customer-1,1.7626352310180664,2.549999952316284,-0.43047049142434624,0.0,9.26911737811613,0,0,customer-2,-8.01054573059082,2.200000047683716,-0.3930650229873933,0.0,2.8792179821925217,0,0
1,53,2.120000000000001,to_table,-7.150576114654541,4.933496475219727,-0.6082780784720715,0.9206385612487793,-0.2803291082382202,0.8199999928474426,-0.34375104308128357,0.8199999928474426,-0.34375104308128357,0,nominal-sac-a-star,1.7808494023443855,99.0,99.0,1.846116075515747,99.0,customer-2,0,,waiter-1,-5.568796157836914,-2.549999952316284,0.4687582415748892,0.0,7.648839559876662,0,0,waiter-2,2.9614243507385254,-2.200000047683716,-0.4709861877087995,0.0,12.374947517237603,0,0,customer-1,1.7454166412353516,2.549999952316284,-0.4304727565850719,0.0,9.209763449054392,0,0,customer-2,-8.026268005371094,2.200000047683716,-0.3930683452084516,0.0,2.870337786188041,0,0
1,54,2.160000000000001,to_table,-7.113053321838379,4.907675266265869,-0.6151319371911528,0.9299228191375732,-0.24154233932495117,0.8199999928474426,-0.35076335072517395,0.8199999928474426,-0.35076335072517395,0,nominal-sac-a-star,1.7791834288622665,99.0,99.0,1.844812879562378,99.0,customer-2,0,,waiter-1,-5.550045967102051,-2.549999952316284,0.4687584959051705,0.0,7.619705483600677,0,0,waiter-2,2.942584991455078,-2.200000047683716,-0.47098735298323646,0.0,12.31401276011616,0,0,customer-1,1.7281975746154785,2.549999952316284,-0.4304702533742155,0.0,9.150210396491078,0,0,customer-2,-8.041991233825684,2.200000047683716,-0.39306213068634577,0.0,2.8625916113988814,0,0
1,55,2.200000000000001,to_table,-7.076485633850098,4.881815433502197,-0.6198144758203438,0.9301115274429321,-0.3053232431411743,0.8199999928474426,-0.3725743293762207,0.8199999928474426,-0.3725743293762207,0,nominal-sac-a-star,1.7779549286594747,99.0,99.0,1.8441805934906006,99.0,customer-2,0,,waiter-1,-5.5312957763671875,-2.549999952316284,0.46875875023545177,0.0,7.590750399305484,0,0,waiter-2,2.923745632171631,-2.200000047683716,-0.4709885182576734,0.0,12.253845758923319,0,0,customer-1,1.7109789848327637,2.549999952316284,-0.4304725185349412,0.0,9.091583902868708,0,0,customer-2,-8.057713508605957,2.200000047683716,-0.39306545290738626,0.0,2.855685890606779,0,0
1,56,2.240000000000001,to_table,-7.039930820465088,4.85563850402832,-0.6250476077606231,0.49100184440612793,0.9641368389129639,0.7799999713897705,-0.23873981833457947,0.7799999713897705,-0.23873981833457947,0,nominal-sac-a-star,1.7792738818763307,99.0,99.0,1.8452410793304443,99.0,customer-2,0,,waiter-1,-5.512545108795166,-2.549999952316284,0.468754236194151,0.0,7.561506996512239,0,0,waiter-2,2.9049057960510254,-2.200000047683716,-0.4709849151605283,0.0,12.19351510851587,0,0,customer-1,1.6937599182128906,2.549999952316284,-0.4304700153240848,0.0,9.032902249554695,0,0,customer-2,-8.07343578338623,2.200000047683716,-0.39306877512842675,0.0,2.849657544197019,0,0
1,57,2.280000000000001,to_table,-7.0026445388793945,4.82949686050415,-0.6295155315883274,0.9489694833755493,-0.8258523941040039,0.8199999928474426,-0.25199374556541443,0.8199999928474426,-0.25199374556541443,0,nominal-sac-a-star,1.7767675889099948,99.0,99.0,1.8438046073913574,99.0,customer-2,0,,waiter-1,-5.493794918060303,-2.549999952316284,0.4687544905244323,0.0,7.532171027577166,0,0,waiter-2,2.886066436767578,-2.200000047683716,-0.47098608043496526,0.0,12.132618494871734,0,0,customer-1,1.6765413284301758,2.549999952316284,-0.43047228048481045,0.0,8.97353740025327,0,0,customer-2,-8.08915901184082,2.200000047683716,-0.39306256060632094,0.0,2.845130434371589,0,0
1,58,2.320000000000001,to_table,-6.965773582458496,4.802659511566162,-0.634107374228197,0.9421257972717285,-0.8590322136878967,0.8199999928474426,-0.26281073689460754,0.8199999928474426,-0.26281073689460754,0,nominal-sac-a-star,1.7771027510341109,99.0,99.0,1.8436384296417236,99.0,customer-2,0,,waiter-1,-5.4750447273254395,-2.549999952316284,0.4687547448547136,0.0,7.502257907546662,0,0,waiter-2,2.867227077484131,-2.200000047683716,-0.4709872457094022,0.0,12.071666947078429,0,0,customer-1,1.6593222618103027,2.549999952316284,-0.4304697772739541,0.0,8.914412679066567,0,0,customer-2,-8.104881286621094,2.200000047683716,-0.3930658828273792,0.0,2.8410214090392643,0,0
1,59,2.360000000000001,to_table,-6.929256916046143,4.7751383781433105,-0.6397116030901125,0.9402494430541992,-0.8556268215179443,0.8199999928474426,-0.26932647824287415,0.8199999928474426,-0.26932647824287415,0,nominal-sac-a-star,1.7769863227170253,99.0,99.0,1.8429634666442871,99.0,customer-2,0,,waiter-1,-5.456294536590576,-2.549999952316284,0.46875499918499486,0.0,7.4717648338033085,0,0,waiter-2,2.8483877182006836,-2.200000047683716,-0.47098841098383915,0.0,12.010615748289696,0,0,customer-1,1.642103672027588,2.549999952316284,-0.43047204243467974,0.0,8.855476460635849,0,0,customer-2,-8.120603561401367,2.200000047683716,-0.3930692050484197,0.0,2.8373657237658625,0,0
1,60,2.4000000000000012,to_table,-6.892205238342285,4.747560024261475,-0.6442573249507425,0.8976408243179321,-0.9246010780334473,0.8199999928474426,-0.283712238073349,0.8199999928474426,-0.283712238073349,0,nominal-sac-a-star,1.776372347336627,99.0,99.0,1.8430433368682861,99.0,customer-2,0,,waiter-1,-5.437544345855713,-2.549999952316284,0.46875525351527614,0.0,7.441130285371934,0,0,waiter-2,2.829547882080078,-2.200000047683716,-0.47098480788669406,0.0,11.94910350979223,0,0,customer-1,1.6248846054077148,2.549999952316284,-0.43046953922382336,0.0,8.796026925624838,0,0,customer-2,-8.136326789855957,2.200000047683716,-0.3930629905262961,0.0,2.8351190925958747,0,0
1,61,2.4400000000000013,to_table,-6.855435848236084,4.719733238220215,-0.648147260029046,0.8933864831924438,-0.5145832300186157,0.8199999928474426,-0.2423008680343628,0.8199999928474426,-0.2423008680343628,0,nominal-sac-a-star,1.7765008658158312,99.0,99.0,1.8431854343414307,99.0,customer-2,0,,waiter-1,-5.41879415512085,-2.549999952316284,0.4687555078455574,0.0,7.410327929045043,0,0,waiter-2,2.810708522796631,-2.200000047683716,-0.470985973161131,0.0,11.887685045865501,0,0,customer-1,1.607666015625,2.549999952316284,-0.430471804384549,0.0,8.736809239650848,0,0,customer-2,-8.15204906463623,2.200000047683716,-0.3930663127473544,0.0,2.8337715476789547,0,0
1,62,2.4800000000000013,to_table,-6.819601535797119,4.690647602081299,-0.6533637401545979,0.902868390083313,-0.5541136860847473,0.8199999928474426,-0.25462445616722107,0.8199999928474426,-0.25462445616722107,0,nominal-sac-a-star,1.7766848994264548,99.0,99.0,1.842099437713623,99.0,customer-2,0,,waiter-1,-5.400043964385986,-2.549999952316284,0.4687557621758387,0.0,7.378490408312149,0,0,waiter-2,2.7918691635131836,-2.200000047683716,-0.47098713843556794,0.0,11.82630094479726,0,0,customer-1,1.590446949005127,2.549999952316284,-0.43046930117369264,0.0,8.678207641971298,0,0,customer-2,-8.167771339416504,2.200000047683716,-0.39306963496841263,0.0,2.8321170631910313,0,0
1,63,2.5200000000000014,to_table,-6.78299617767334,4.6616644859313965,-0.6578129365471335,0.9020822048187256,-0.5857753157615662,0.8199999928474426,-0.26309454441070557,0.8199999928474426,-0.26309454441070557,0,nominal-sac-a-star,1.7756580280216612,99.0,99.0,1.8421702480316162,99.0,customer-2,0,,waiter-1,-5.381293773651123,-2.549999952316284,0.46875601650612,0.0,7.34662327871301,0,0,waiter-2,2.7730298042297363,-2.200000047683716,-0.4709883037100049,0.0,11.764356027368356,0,0,customer-1,1.573228359222412,2.549999952316284,-0.4304715663344183,0.0,8.618910349548054,0,0,customer-2,-8.183494567871094,2.200000047683716,-0.39306342044628906,0.0,2.8321701127368337,0,0
1,64,2.5600000000000014,to_table,-6.745900630950928,4.6316094398498535,-0.6637875393183645,0.903980016708374,-0.04794645309448242,0.8199999928474426,-0.20736528933048248,0.8199999928474426,-0.20736528933048248,0,nominal-sac-a-star,1.776000350271657,99.0,99.0,1.8428168392181397,99.0,customer-2,0,,waiter-1,-5.36254358291626,-2.549999952316284,0.46875627083640126,0.0,7.313630438024338,0,0,waiter-2,2.754189968109131,-2.200000047683716,-0.4709847006128598,0.0,11.7013934888332,0,0,customer-1,1.556009292602539,2.549999952316284,-0.4304690631235619,0.0,8.558902174775998,0,0,customer-2,-8.199216842651367,2.200000047683716,-0.39306674266732955,0.0,2.8328170161981676,0,0
1,65,2.6000000000000014,to_table,-6.7093071937561035,4.602121353149414,-0.6677125491110731,0.39774978160858154,-0.9962608814239502,0.7799999713897705,-0.10981212556362152,0.7799999713897705,-0.10981212556362152,0,nominal-sac-a-star,1.776937971356895,99.0,99.0,1.8449804878234863,99.0,customer-2,0,,waiter-1,-5.3437933921813965,-2.549999952316284,0.46875652516668254,0.0,7.281309436522209,0,0,waiter-2,2.7353506088256836,-2.200000047683716,-0.47098586588729674,0.0,11.639175939882561,0,0,customer-1,1.5387907028198242,2.549999952316284,-0.4304713282842876,0.0,8.499548291248045,0,0,customer-2,-8.21493911743164,2.200000047683716,-0.3930700648883878,0.0,2.834980468321277,0,0
1,66,2.6400000000000015,to_table,-6.671970367431641,4.572501182556152,-0.6698504854842423,0.9579548835754395,-0.7663587331771851,0.8199999928474426,-0.07514718174934387,0.8199999928474426,-0.07514718174934387,0,nominal-sac-a-star,1.7793847405079195,99.0,99.0,1.8487115001678467,99.0,customer-2,0,,waiter-1,-5.325042724609375,-2.549999952316284,0.4687520111253818,0.0,7.248740338242079,0,0,waiter-2,2.7165112495422363,-2.200000047683716,-0.4709870311617337,0.0,11.57628437737502,0,0,customer-1,1.5215716361999512,2.549999952316284,-0.4304688250734312,0.0,8.439469283764055,0,0,customer-2,-8.23066234588623,2.200000047683716,-0.393063850366282,0.0,2.8387113834748474,0,0
1,67,2.6800000000000015,to_table,-6.633630752563477,4.542511940002441,-0.6723476588643099,0.9610309600830078,-0.7964435815811157,0.8199999928474426,-0.12095250934362411,0.8199999928474426,-0.12095250934362411,0,nominal-sac-a-star,1.7833973391880769,99.0,99.0,1.8540001010894775,99.0,customer-2,0,,waiter-1,-5.306292533874512,-2.549999952316284,0.46875226545566306,0.0,7.215646311279049,0,0,waiter-2,2.697671890258789,-2.200000047683716,-0.4709881964361706,0.0,11.5123706036608,0,0,customer-1,1.5043530464172363,2.549999952316284,-0.43047109023415686,0.0,8.37835809294074,0,0,customer-2,-8.246384620666504,2.200000047683716,-0.3930671725873225,0.0,2.844000176641333,0,0
1,68,2.7200000000000015,to_table,-6.595615386962891,4.512216091156006,-0.6754641338565032,0.955341100692749,-0.7828347682952881,0.8199999928474426,-0.118548683822155,0.8199999928474426,-0.118548683822155,0,nominal-sac-a-star,1.7889682089478163,99.0,99.0,1.8601818180084229,99.0,customer-2,0,,waiter-1,-5.287542343139648,-2.549999952316284,0.46875251978594434,0.0,7.182336008058549,0,0,waiter-2,2.6788320541381836,-2.200000047683716,-0.47098459333902554,0.0,11.448546668998938,0,0,customer-1,1.4871339797973633,2.549999952316284,-0.4304685870233005,0.0,8.317519431981289,0,0,customer-2,-8.262106895446777,2.200000047683716,-0.393070494808363,0.0,2.850181920428861,0,0
1,69,2.7600000000000016,to_table,-6.55763578414917,4.481814861297607,-0.678581741944377,0.9556434154510498,-0.7905929088592529,0.8199999928474426,-0.11744716018438339,0.8199999928474426,-0.11744716018438339,0,nominal-sac-a-star,1.7954263060434348,99.0,99.0,1.8675773239135742,99.0,customer-2,0,,waiter-1,-5.268792152404785,-2.549999952316284,0.4687527741162256,0.0,7.148953593362306,0,0,waiter-2,2.6599926948547363,-2.200000047683716,-0.4709857586134625,0.0,11.384696976855771,0,0,customer-1,1.4699153900146484,2.549999952316284,-0.43047085218402614,0.0,8.256723726538354,0,0,customer-2,-8.277830123901367,2.200000047683716,-0.3930642802862572,0.0,2.8575771923332702,0,0
1,70,2.8000000000000016,to_table,-6.519725799560547,4.4513115882873535,-0.6816480110860977,0.9557454586029053,-0.7957484722137451,0.8199999928474426,-0.11611200869083405,0.8199999928474426,-0.11611200869083405,0,nominal-sac-a-star,1.8030919368659746,99.0,99.0,1.8761584854125977,99.0,customer-2,0,,waiter-1,-5.250041961669922,-2.549999952316284,0.4687530284465069,0.0,7.115508438389371,0,0,waiter-2,2.641153335571289,-2.200000047683716,-0.4709869238878994,0.0,11.320850365908823,0,0,customer-1,1.4526963233947754,2.549999952316284,-0.43046834897316977,0.0,8.196005151515367,0,0,customer-2,-8.29355239868164,2.200000047683716,-0.39306760250731543,0.0,2.866158484209244,0,0
1,71,2.8400000000000016,to_table,-6.481953144073486,4.4206461906433105,-0.6807253057013962,0.8634368181228638,0.9578380584716797,0.8199999928474426,0.09615027904510498,0.8199999928474426,0.09615027904510498,0,nominal-sac-a-star,1.8119383302387055,99.0,99.0,1.8858256435394287,99.0,customer-2,0,,waiter-1,-5.231291770935059,-2.549999952316284,0.4687532827767882,0.0,7.081953227790902,0,0,waiter-2,2.622313976287842,-2.200000047683716,-0.47098808916233637,0.0,11.257026090933882,0,0,customer-1,1.4354777336120605,2.549999952316284,-0.4304706141338954,0.0,8.135418185434329,0,0,customer-2,-8.309274673461914,2.200000047683716,-0.3930709247283559,0.0,2.875825666483938,0,0
1,72,2.8800000000000017,to_table,-6.444003105163574,4.389927387237549,-0.6821503108949368,0.9837064743041992,-0.8170841336250305,0.8199999928474426,-0.1517661064863205,0.8199999928474426,-0.1517661064863205,0,nominal-sac-a-star,1.8218645059844742,99.0,99.0,1.8968534564971924,99.0,customer-2,0,,waiter-1,-5.212541580200195,-2.549999952316284,0.46875353710706946,0.0,7.048339447398364,0,0,waiter-2,2.6034746170043945,-2.200000047683716,-0.4709892544367733,0.0,11.193033401658983,0,0,customer-1,1.4182586669921875,2.549999952316284,-0.43046811092303905,0.0,8.074682231498512,0,0,customer-2,-8.324997901916504,2.200000047683716,-0.39306471020623235,0.0,2.886853508222564,0,0
1,73,2.9200000000000017,to_table,-6.40629768371582,4.3591132164001465,-0.6847862861880546,0.9719809293746948,-0.655977189540863,0.8199999928474426,-0.13466356694698334,0.8199999928474426,-0.13466356694698334,0,nominal-sac-a-star,1.8331451195895558,99.0,99.0,1.9089238739013672,99.0,customer-2,0,,waiter-1,-5.193791389465332,-2.549999952316284,0.46875379143735074,0.0,7.014700014378937,0,0,waiter-2,2.584634780883789,-2.200000047683716,-0.4709856513396282,0.0,11.129188352888635,0,0,customer-1,1.4010400772094727,2.549999952316284,-0.4304703760837647,0.0,8.014200753378601,0,0,customer-2,-8.340720176696777,2.200000047683716,-0.3930680324272906,0.0,2.898923948066828,0,0
1,74,2.9600000000000017,to_table,-6.368412971496582,4.328331470489502,-0.6875057446960198,0.9745132923126221,-0.6291238069534302,0.8199999928474426,-0.13234293460845947,0.8199999928474426,-0.13234293460845947,0,nominal-sac-a-star,1.8454619119846114,99.0,99.0,1.9223976230621338,99.0,customer-2,0,,waiter-1,-5.175041198730469,-2.549999952316284,0.468754045767632,0.0,6.981087261307683,0,0,waiter-2,2.565795421600342,-2.200000047683716,-0.47098681661406516,0.0,11.06522444519122,0,0,customer-1,1.3838214874267578,2.549999952316284,-0.43047264124449036,0.0,7.95359051590203,0,0,customer-2,-8.356443405151367,2.200000047683716,-0.3930618179051848,0.0,2.9123975776737856,0,0
1,75,3.0000000000000018,to_table,-6.3311028480529785,4.297460079193115,-0.6903625970065742,0.9748799800872803,-0.636618435382843,0.8199999928474426,-0.13507179915905,0.8199999928474426,-0.13507179915905,0,nominal-sac-a-star,1.8591750009439758,99.0,99.0,1.9366493320465088,99.0,customer-2,0,,waiter-1,-5.1562910079956055,-2.549999952316284,0.4687543000979133,0.0,6.947509751173992,0,0,waiter-2,2.5469560623168945,-2.200000047683716,-0.4709879818885021,0.0,11.001677968217038,0,0,customer-1,1.3666024208068848,2.549999952316284,-0.430470138033634,0.0,7.893559609026671,0,0,customer-2,-8.37216567993164,2.200000047683716,-0.3930651401262253,0.0,2.9266492901364103,0,0
1,76,3.040000000000002,to_table,-6.293289661407471,4.266779899597168,-0.6932788098786982,0.9749147891998291,-0.6447917819023132,0.8199999928474426,-0.15417657792568207,0.8199999928474426,-0.15417657792568207,0,nominal-sac-a-star,1.873658609501682,99.0,99.0,1.9526043033599854,99.0,customer-2,0,,waiter-1,-5.137540817260742,-2.549999952316284,0.4687545544281946,0.0,6.914061247935231,0,0,waiter-2,2.5281167030334473,-2.200000047683716,-0.47098914716293905,0.0,10.937844994931721,0,0,customer-1,1.34938383102417,2.549999952316284,-0.43047240319435964,0.0,7.833121440352052,0,0,customer-2,-8.387887954711914,2.200000047683716,-0.3930684623472658,0.0,2.942604452961573,0,0
1,77,3.080000000000002,to_table,-6.2555766105651855,4.235957622528076,-0.6967489351030949,0.9727065563201904,-0.6502020359039307,0.8199999928474426,-0.1575058400630951,0.8199999928474426,-0.1575058400630951,0,nominal-sac-a-star,1.889839632517228,99.0,99.0,1.9695906734466553,99.0,customer-2,0,,waiter-1,-5.118790626525879,-2.549999952316284,0.46875480875847586,0.0,6.880516156589981,0,0,waiter-2,2.509276866912842,-2.200000047683716,-0.47098554406579396,0.0,10.874015248031276,0,0,customer-1,1.3321647644042969,2.549999952316284,-0.43046989998350327,0.0,7.772790518158183,0,0,customer-2,-8.403611183166504,2.200000047683716,-0.39306224782515997,0.0,2.9595904736393273,0,0
1,78,3.120000000000002,to_table,-6.217833042144775,4.20487642288208,-0.7005660683065988,0.9724218845367432,-0.6810836791992188,0.8199999928474426,-0.16383935511112213,0.8199999928474426,-0.16383935511112213,0,nominal-sac-a-star,1.9070438941181804,99.0,99.0,1.9876051044464111,99.0,customer-2,0,,waiter-1,-5.100040435791016,-2.549999952316284,0.46875506308875714,0.0,6.846737555583106,0,0,waiter-2,2.4904375076293945,-2.200000047683716,-0.4709867093402309,0.0,10.810014735016392,0,0,customer-1,1.314946174621582,2.549999952316284,-0.4304721651442289,0.0,7.712417186678861,0,0,customer-2,-8.419333457946777,2.200000047683716,-0.3930655700462182,0.0,2.9776053063837926,0,0
1,79,3.160000000000002,to_table,-6.180637359619141,4.173541069030762,-0.700806413930407,0.9809255599975586,0.8816903829574585,0.8199999928474426,0.02069016732275486,0.8199999928474426,0.02069016732275486,0,nominal-sac-a-star,1.9252713030050506,99.0,99.0,2.0062086677551267,99.0,customer-2,0,,waiter-1,-5.081290245056152,-2.549999952316284,0.4687553174190384,0.0,6.8128237863630705,0,0,waiter-2,2.4715981483459473,-2.200000047683716,-0.47098787461466785,0.0,10.746311257903425,0,0,customer-1,1.297727108001709,2.549999952316284,-0.43046966193337255,0.0,7.652569559843058,0,0,customer-2,-8.43505573272705,2.200000047683716,-0.3930688922672587,0.0,2.9962086649541044,0,0
1,80,3.200000000000002,to_table,-6.143504619598389,4.1422624588012695,-0.7027971727852429,0.958551287651062,-0.7872867584228516,0.8199999928474426,-0.18709991872310638,0.8199999928474426,-0.18709991872310638,0,nominal-sac-a-star,1.944079504957003,99.0,99.0,2.0259406661987303,99.0,customer-2,0,,waiter-1,-5.062540054321289,-2.549999952316284,0.4687555717493197,0.0,6.779001443475407,0,0,waiter-2,2.4527587890625,-2.200000047683716,-0.4709890398891048,0.0,10.682698081114495,0,0,customer-1,1.2805085182189941,2.549999952316284,-0.4304719270940982,0.0,7.592843404156506,0,0,customer-2,-8.45077896118164,2.200000047683716,-0.39306267774513515,0.0,3.015940675969705,0,0
1,81,3.240000000000002,to_table,-6.105855941772461,4.1110663414001465,-0.7059248548543857,0.9307043552398682,-0.731548547744751,0.8199999928474426,-0.18799780309200287,0.8199999928474426,-0.18799780309200287,0,nominal-sac-a-star,1.9640082939157073,99.0,99.0,2.047239074707031,99.0,customer-2,0,,waiter-1,-5.043789863586426,-2.549999952316284,0.4687558260795921,0.0,6.7452048540958796,0,0,waiter-2,2.4339189529418945,-2.200000047683716,-0.4709854367919597,0.0,10.618724698372098,0,0,customer-1,1.263289451599121,2.549999952316284,-0.43046942388324183,0.0,7.532677618203034,0,0,customer-2,-8.466501235961914,2.200000047683716,-0.3930659999661934,0.0,3.0372389737980554,0,0
1,82,3.280000000000002,to_table,-6.069369792938232,4.0792927742004395,-0.7107646545347365,0.9288194179534912,-0.7279305458068848,0.8199999928474426,-0.19226352870464325,0.8199999928474426,-0.19226352870464325,0,nominal-sac-a-star,1.9854978994415873,99.0,99.0,2.068366298675537,99.0,customer-2,0,,waiter-1,-5.0250396728515625,-2.549999952316284,0.4687560804098734,0.0,6.71104667347559,0,0,waiter-2,2.4150795936584473,-2.200000047683716,-0.47098660206639664,0.0,10.555349342238117,0,0,customer-1,1.2460708618164062,2.549999952316284,-0.4304716890439675,0.0,7.473580701932868,0,0,customer-2,-8.482223510742188,2.200000047683716,-0.39306932218725166,0.0,3.058366265746964,0,0
1,83,3.320000000000002,to_table,-6.032678604125977,4.047473907470703,-0.7172879510326443,0.9346349239349365,-0.791179358959198,0.8199999928474426,-0.20129451155662537,0.8199999928474426,-0.20129451155662537,0,nominal-sac-a-star,2.0068085846828057,99.0,99.0,2.0906989669799803,99.0,customer-2,0,,waiter-1,-5.006289482116699,-2.549999952316284,0.46875633474015466,0.0,6.676835774553061,0,0,waiter-2,2.396240234375,-2.200000047683716,-0.4709877673408336,0.0,10.491787436198345,0,0,customer-1,1.2288517951965332,2.549999952316284,-0.4304691858331111,0.0,7.414327480402437,0,0,customer-2,-8.497946739196777,2.200000047683716,-0.3930631076651281,0.0,3.0806990506038874,0,0
1,84,3.360000000000002,to_table,-5.9953837394714355,4.015822410583496,-0.7244611567861724,0.9391242265701294,-0.8431461453437805,0.8199999928474426,-0.20845094323158264,0.8199999928474426,-0.20845094323158264,0,nominal-sac-a-star,2.0293176286436037,99.0,99.0,2.1146693325042722,99.0,customer-2,0,,waiter-1,-4.987539291381836,-2.549999952316284,0.46875658907043594,0.0,6.642723367166503,0,0,waiter-2,2.3774008750915527,-2.200000047683716,-0.47098893261527053,0.0,10.427845944132553,0,0,customer-1,1.2116332054138184,2.549999952316284,-0.43047145099383677,0.0,7.354571960557848,0,0,customer-2,-8.51366901397705,2.200000047683716,-0.3930664298861686,0.0,3.1046693185263328,0,0
1,85,3.400000000000002,to_table,-5.958108425140381,3.9839537143707275,-0.7312411471934804,0.9365221261978149,-0.8522847890853882,0.8199999928474426,-0.20224657654762268,0.8199999928474426,-0.20224657654762268,0,nominal-sac-a-star,2.053458705474452,99.0,99.0,2.1395344829559324,99.0,customer-2,0,,waiter-1,-4.968789100646973,-2.549999952316284,0.4687568434007172,0.0,6.60842668448616,0,0,waiter-2,2.3585610389709473,-2.200000047683716,-0.47098532951812544,0.0,10.363796365546223,0,0,customer-1,1.1944141387939453,2.549999952316284,-0.4304689477829804,0.0,7.294847662514945,0,0,customer-2,-8.529391288757324,2.200000047683716,-0.39306975210722683,0.0,3.129534510053561,0,0
1,86,3.440000000000002,to_table,-5.921597480773926,3.951812744140625,-0.7381421784961517,0.9339728355407715,-0.8534591794013977,0.8199999928474426,-0.20292775332927704,0.8199999928474426,-0.20292775332927704,0,nominal-sac-a-star,2.0784883198142436,99.0,99.0,2.1646297073364256,99.0,customer-2,0,,waiter-1,-4.950038909912109,-2.549999952316284,0.4687570977309985,0.0,6.574001399180207,0,0,waiter-2,2.3397216796875,-2.200000047683716,-0.4709864947925624,0.0,10.30020363374728,0,0,customer-1,1.1771955490112305,2.549999952316284,-0.43047121294370605,0.0,7.235878770615817,0,0,customer-2,-8.545114517211914,2.200000047683716,-0.393063537585121,0.0,3.154629829940114,0,0
1,87,3.480000000000002,to_table,-5.885406017303467,3.91953182220459,-0.7442968229557785,0.8580420017242432,-0.9726690053939819,0.8199999928474426,-0.21754318475723267,0.8199999928474426,-0.21754318475723267,0,nominal-sac-a-star,2.1037399485536667,99.0,99.0,2.1903646087646482,99.0,customer-2,0,,waiter-1,-4.931288719177246,-2.549999952316284,0.4687573520612798,0.0,6.539509247651454,0,0,waiter-2,2.3208823204040527,-2.200000047683716,-0.4709876600669993,0.0,10.236788489959784,0,0,customer-1,1.1599764823913574,2.549999952316284,-0.4304687097328497,0.0,7.177257979872665,0,0,customer-2,-8.560836791992188,2.200000047683716,-0.3930668598061615,0.0,3.180364657352737,0,0
1,88,3.5200000000000022,to_table,-5.848902225494385,3.887315034866333,-0.7498969093802529,0.865583062171936,-0.7622796893119812,0.8199999928474426,-0.1943105012178421,0.8199999928474426,-0.1943105012178421,0,nominal-sac-a-star,2.129625174443029,99.0,99.0,2.21735764503479,99.0,customer-2,0,,waiter-1,-4.912538528442383,-2.549999952316284,0.46875760639156105,0.0,6.505059662859583,0,0,waiter-2,2.3020429611206055,-2.200000047683716,-0.47098882534143627,0.0,10.173166289284934,0,0,customer-1,1.1427578926086426,2.549999952316284,-0.43047097489357533,0.0,7.1184073244714146,0,0,customer-2,-8.576559066772461,2.200000047683716,-0.393070182027202,0.0,3.2073577458310085,0,0
1,89,3.5600000000000023,to_table,-5.8133769035339355,3.854595422744751,-0.7511186018467879,0.8643935918807983,-0.7546236515045166,0.8199999928474426,0.020021725445985794,0.8199999928474426,0.020021725445985794,0,nominal-sac-a-star,2.1567625559064014,99.0,99.0,2.244192371368408,99.0,customer-2,0,,waiter-1,-4.893787860870361,-2.549999952316284,0.4687530923502603,0.0,6.470277113512227,0,0,waiter-2,2.283203125,-2.200000047683716,-0.4709852222442912,0.0,10.11003137823951,0,0,customer-1,1.1255388259887695,2.549999952316284,-0.43046847168271896,0.0,7.060490127666782,0,0,customer-2,-8.59228229522705,2.200000047683716,-0.3930639675050962,0.0,3.234192485173762,0,0
1,90,3.6000000000000023,to_table,-5.778879642486572,3.8223865032196045,-0.751055724144218,0.6737563610076904,-0.930912435054779,0.7799999713897705,0.008945105597376823,0.7799999713897705,0.008945105597376823,0,nominal-sac-a-star,2.1837343003020093,99.0,99.0,2.271301279067993,99.0,customer-2,0,,waiter-1,-4.875037670135498,-2.549999952316284,0.4687533466805416,0.0,6.436166518175297,0,0,waiter-2,2.2643637657165527,-2.200000047683716,-0.4709863875187281,0.0,10.048029871178937,0,0,customer-1,1.1083202362060547,2.549999952316284,-0.4304707368434446,0.0,7.003748261037327,0,0,customer-2,-8.608004570007324,2.200000047683716,-0.39306728972615446,0.0,3.2613012229209377,0,0
1,91,3.6400000000000023,to_table,-5.74385404586792,3.789714813232422,-0.7505260844456122,0.9007725715637207,-0.6143757104873657,0.8199999928474426,0.05744727700948715,0.8199999928474426,0.05744727700948715,0,nominal-sac-a-star,2.210972518662474,99.0,99.0,2.2995076274871824,99.0,customer-2,0,,waiter-1,-4.856287479400635,-2.549999952316284,0.46875360101082286,0.0,6.401543385655276,0,0,waiter-2,2.2455244064331055,-2.200000047683716,-0.47098755279316507,0.0,9.985331850728425,0,0,customer-1,1.0911011695861816,2.549999952316284,-0.43046823363258824,0.0,6.946474338370476,0,0,customer-2,-8.623726844787598,2.200000047683716,-0.39307061194719495,0.0,3.289507618741905,0,0
1,92,3.6800000000000024,to_table,-5.7084479331970215,3.756889820098877,-0.7489419572710215,0.9826183319091797,0.1888517141342163,0.8199999928474426,0.10965856164693832,0.8199999928474426,0.10965856164693832,0,nominal-sac-a-star,2.2393042113631934,99.0,99.0,2.32883692741394,99.0,customer-2,0,,waiter-1,-4.8375372886657715,-2.549999952316284,0.46875385534110414,0.0,6.3667373082413885,0,0,waiter-2,2.226685047149658,-2.200000047683716,-0.470988718067602,0.0,9.922241294822278,0,0,customer-1,1.0738825798034668,2.549999952316284,-0.4304704987933139,0.0,6.888874388500182,0,0,customer-2,-8.639450073242188,2.200000047683716,-0.3930643974250714,0.0,3.3188370415554114,0,0
1,93,3.7200000000000024,to_table,-5.672818183898926,3.723771095275879,-0.7483994996096738,0.9024741649627686,-0.4494532346725464,0.8199999928474426,0.03728712350130081,0.8199999928474426,0.03728712350130081,0,nominal-sac-a-star,2.268753088492258,99.0,99.0,2.359076747894287,99.0,customer-2,0,,waiter-1,-4.818787097930908,-2.549999952316284,0.4687541096713854,0.0,6.331632668862382,0,0,waiter-2,2.2078452110290527,-2.200000047683716,-0.4709851149704569,0.0,9.858799120497313,0,0,customer-1,1.056663990020752,2.549999952316284,-0.43047276395403955,0.0,6.8310811022229405,0,0,customer-2,-8.655172348022461,2.200000047683716,-0.39306771964612963,0.0,3.349076673613954,0,0
1,94,3.7600000000000025,to_table,-5.6371893882751465,3.690615177154541,-0.7464303272966445,0.8679215908050537,0.46131765842437744,0.8199999928474426,0.1532619446516037,0.8199999928474426,0.1532619446516037,0,nominal-sac-a-star,2.2991081668561995,99.0,99.0,2.3901331520080564,99.0,customer-2,0,,waiter-1,-4.800036907196045,-2.549999952316284,0.4687543640016667,0.0,6.296515025850177,0,0,waiter-2,2.1890058517456055,-2.200000047683716,-0.47098628024489386,0.0,9.795339690996926,0,0,customer-1,1.039444923400879,2.549999952316284,-0.43047026074319206,0.0,6.773363184045458,0,0,customer-2,-8.670894622802734,2.200000047683716,-0.3930710418671879,0.0,3.3801332687051575,0,0
1,95,3.8000000000000025,to_table,-5.601672649383545,3.6572415828704834,-0.7444592318314247,0.8269917964935303,-0.16068118810653687,0.8199999928474426,0.08489938080310822,0.8199999928474426,0.08489938080310822,0,nominal-sac-a-star,2.3302747533543267,99.0,99.0,2.421808967590332,99.0,customer-2,0,,waiter-1,-4.781286716461182,-2.549999952316284,0.468754618331948,0.0,6.261220372665753,0,0,waiter-2,2.170166492462158,-2.200000047683716,-0.4709874455193308,0.0,9.731842742534539,0,0,customer-1,1.022226333618164,2.549999952316284,-0.43047252590390883,0.0,6.715803880805588,0,0,customer-2,-8.686617851257324,2.200000047683716,-0.3930648273450643,0.0,3.4118088736676824,0,0
1,96,3.8400000000000025,to_table,-5.565915107727051,3.6242804527282715,-0.7447053210636931,0.9030952453613281,-0.9139922261238098,0.8199999928474426,-0.04513977840542793,0.8199999928474426,-0.04513977840542793,0,nominal-sac-a-star,2.3620544181942877,99.0,99.0,2.454667816162109,99.0,customer-2,0,,waiter-1,-4.762536525726318,-2.549999952316284,0.46875487266222926,0.0,6.226327622775296,0,0,waiter-2,2.151327133178711,-2.200000047683716,-0.47098861079376775,0.0,9.668405822693806,0,0,customer-1,1.005007266998291,2.549999952316284,-0.43047002269306134,0.0,6.658160365163305,0,0,customer-2,-8.702340126037598,2.200000047683716,-0.3930681495661048,0.0,3.444667845769487,0,0
1,97,3.8800000000000026,to_table,-5.530999660491943,3.5921685695648193,-0.7436252757018277,0.6095061302185059,0.25914788246154785,0.7799999713897705,0.10066086798906326,0.7799999713897705,0.10066086798906326,0,nominal-sac-a-star,2.395012580593831,99.0,99.0,2.4878597354888914,99.0,customer-2,0,,waiter-1,-4.743786334991455,-2.549999952316284,0.46875512699251054,0.0,6.192409787072609,0,0,waiter-2,2.1324872970581055,-2.200000047683716,-0.47098500769662266,0.0,9.606156861054192,0,0,customer-1,0.987788200378418,2.549999952316284,-0.4304675194821961,0.0,6.601568798536338,0,0,customer-2,-8.718063354492188,2.200000047683716,-0.393061935043999,0.0,3.4778597129457505,0,0
1,98,3.9200000000000026,to_table,-5.496613502502441,3.5604805946350098,-0.7419469824101602,0.6659121513366699,0.2168114185333252,0.7799999713897705,0.09945982694625854,0.7799999713897705,0.09945982694625854,0,nominal-sac-a-star,2.428295742116182,99.0,99.0,2.521437177658081,99.0,customer-2,0,,waiter-1,-4.725036144256592,-2.549999952316284,0.4687553813227918,0.0,6.159001878099066,0,0,waiter-2,2.113647937774658,-2.200000047683716,-0.4709861729710507,0.0,9.544590950894502,0,0,customer-1,0.9705696105957031,2.549999952316284,-0.43046978464291286,0.0,6.545649589371759,0,0,customer-2,-8.733785629272461,2.200000047683716,-0.39306525726505726,0.0,3.5114371270136138,0,0
1,99,3.9600000000000026,to_table,-5.462512493133545,3.529249668121338,-0.7400546641258215,0.6392993927001953,0.23566484451293945,0.7799999713897705,0.10573076456785202,0.7799999713897705,0.10573076456785202,0,nominal-sac-a-star,2.461959641016107,99.0,99.0,2.5555949306488035,99.0,customer-2,0,,waiter-1,-4.7062859535217285,-2.549999952316284,0.4687556356530731,0.0,6.126104351609123,0,0,waiter-2,2.094808578491211,-2.200000047683716,-0.47098733824548766,0.0,9.48353331230907,0,0,customer-1,0.9533510208129883,2.549999952316284,-0.43047204980362963,0.0,6.490164453655596,0,0,customer-2,-8.749507904052734,2.200000047683716,-0.39306857948609775,0.0,3.545594926784132,0,0
1,100,4.000000000000003,to_table,-5.428334712982178,3.497891426086426,-0.7390517328550321,0.6026546955108643,0.18310046195983887,0.7799999713897705,0.06436741352081299,0.7799999713897705,0.06436741352081299,0,nominal-sac-a-star,2.4961986643285794,99.0,99.0,2.590419063568115,99.0,customer-2,0,,waiter-1,-4.687535762786865,-2.549999952316284,0.4687558899833544,0.0,6.093092253492336,0,0,waiter-2,2.0759692192077637,-2.200000047683716,-0.4709885035199246,0.0,9.42234284843976,0,0,customer-1,0.9361324310302734,2.549999952316284,-0.29217478247828055,0.0,6.434667067786813,0,0,customer-2,-8.765231132507324,2.200000047683716,-0.3930623649639742,0.0,3.580418934255017,0,0
1,101,4.040000000000003,to_table,-5.394087791442871,3.4666969776153564,-0.7382380883436771,0.549468994140625,0.2282557487487793,0.7799999713897705,0.07158251106739044,0.7799999713897705,0.07158251106739044,0,nominal-sac-a-star,2.5310990927535943,99.0,99.0,2.6259894466400144,99.0,customer-2,0,,waiter-1,-4.668785572052002,-2.549999952316284,0.46875614431363566,0.0,6.060256203833477,0,0,waiter-2,2.057129383087158,-2.200000047683716,-0.4709849004227795,0.0,9.361201448454393,0,0,customer-1,0.9189128875732422,2.549999952316284,0.052208815079897164,0.0,6.37920927775928,0,0,customer-2,-8.780953407287598,2.200000047683716,-0.39306568718503243,0.0,3.6159894651519,0,0
1,102,4.080000000000003,to_table,-5.359828948974609,3.4355173110961914,-0.7387824223754372,0.1420990228652954,-0.9293826818466187,0.7799999713897705,-0.06519320607185364,0.7799999713897705,-0.06519320607185364,0,nominal-sac-a-star,2.566742719466715,99.0,99.0,2.662179956436157,99.0,customer-2,0,,waiter-1,-4.650035381317139,-2.549999952316284,0.46875639864391694,0.0,6.027455833044046,0,0,waiter-2,2.038290023803711,-2.200000047683716,-0.47098606569721646,0.0,9.300065603881094,0,0,customer-1,0.9016942977905273,2.549999952316284,0.3965828758949108,0.0,6.3238290902332865,0,0,customer-2,-8.796675682067871,2.200000047683716,-0.3930690094060907,0.0,3.6521799483273107,0,0
1,103,4.120000000000003,to_table,-5.32557487487793,3.404330015182495,-0.7380684247939295,0.5669317245483398,0.2159174680709839,0.7799999713897705,0.076502725481987,0.7799999713897705,0.076502725481987,0,nominal-sac-a-star,2.603002436318145,99.0,99.0,2.6989500617980955,99.0,customer-2,0,,waiter-1,-4.631285190582275,-2.549999952316284,0.4687566529741982,0.0,5.994671261009512,0,0,waiter-2,2.0194506645202637,-2.200000047683716,-0.4709872309716534,0.0,9.238934766950013,0,0,customer-1,0.9155240058898926,2.549999952316284,0.4304739578891237,0.0,6.299301159322226,0,0,customer-2,-8.812398910522461,2.200000047683716,-0.3930627948839671,0.0,3.6889500574233893,0,0
1,104,4.160000000000003,to_table,-5.2913079261779785,3.3731677532196045,-0.7360168884682814,0.635674238204956,0.9358386993408203,0.7799999713897705,0.16622275114059448,0.7799999713897705,0.16622275114059448,0,nominal-sac-a-star,2.639837188814581,99.0,99.0,2.7363078689575193,99.0,customer-2,0,,waiter-1,-4.612534999847412,-2.549999952316284,0.4687569073044795,0.0,5.961933273144093,0,0,waiter-2,2.0006113052368164,-2.200000047683716,-0.47098839624609035,0.0,9.17781484965253,0,0,customer-1,0.9327428340911865,2.549999952316284,0.43047383886404944,0.0,6.2782492061761275,0,0,customer-2,-8.828121185302734,2.200000047683716,-0.3930661171050076,0.0,3.7263078905577594,0,0
1,105,4.200000000000003,to_table,-5.257044315338135,3.3419737815856934,-0.7368209187591557,0.6621146202087402,-0.16434574127197266,0.7799999713897705,-0.1968742311000824,0.7799999713897705,-0.1968742311000824,0,nominal-sac-a-star,2.6772569873573433,99.0,99.0,2.7742040252685545,99.0,customer-2,0,,waiter-1,-4.593784809112549,-2.549999952316284,0.4687571616347608,0.0,5.929187773514128,0,0,waiter-2,1.981771469116211,-2.200000047683716,-0.47098479314894526,0.0,9.116684040020933,0,0,customer-1,0.9499616622924805,2.549999952316284,0.4304737198389752,0.0,6.257327364984977,0,0,customer-2,-8.843843460083008,2.200000047683716,-0.39306943932606586,0.0,3.764204047825327,0,0
1,106,4.240000000000003,to_table,-5.2223429679870605,3.3108999729156494,-0.7401724540744442,0.5189101696014404,0.06984567642211914,0.7799999713897705,-0.18192796409130096,0.7799999713897705,-0.18192796409130096,0,nominal-sac-a-star,2.71521174383496,99.0,99.0,2.8130903339385984,99.0,customer-2,0,,waiter-1,-4.5750346183776855,-2.549999952316284,0.46875741596504206,0.0,5.896537630937133,0,0,waiter-2,1.9629321098327637,-2.200000047683716,-0.4709859584233822,0.0,9.055285582519238,0,0,customer-1,0.9671804308891296,2.549999952316284,0.4304741968603487,0.0,6.236118083117411,0,0,customer-2,-8.859566688537598,2.200000047683716,-0.39306322480396005,0.0,3.8030901957770875,0,0
1,107,4.280000000000003,to_table,-5.188361167907715,3.2799575328826904,-0.7438827223367755,0.5432429313659668,0.09082949161529541,0.7799999713897705,-0.15015316009521484,0.7799999713897705,-0.15015316009521484,0,nominal-sac-a-star,2.754152329098905,99.0,99.0,2.8518412208557127,99.0,customer-2,0,,waiter-1,-4.556284427642822,-2.549999952316284,0.46875767029532334,0.0,5.864121868175272,0,0,waiter-2,1.9440927505493164,-2.200000047683716,-0.47098712369781914,0.0,8.99454467906632,0,0,customer-1,0.9843992590904236,2.549999952316284,0.43047407783527447,0.0,6.215771018831099,0,0,customer-2,-8.875288963317871,2.200000047683716,-0.39306654702500055,0.0,3.841841321346483,0,0
1,108,4.320000000000003,to_table,-5.153962135314941,3.248737335205078,-0.74798128061994,0.5547103881835938,0.14577698707580566,0.7799999713897705,-0.1498468667268753,0.7799999713897705,-0.1498468667268753,0,nominal-sac-a-star,2.7929552842668874,99.0,99.0,2.8914153671264646,99.0,customer-2,0,,waiter-1,-4.537533760070801,-2.549999952316284,0.4687531562540226,0.0,5.831409612734878,0,0,waiter-2,1.9252533912658691,-2.200000047683716,-0.4709882889722561,0.0,8.93331022295054,0,0,customer-1,1.0016181468963623,2.549999952316284,0.4304733627637525,0.0,6.195111180680689,0,0,customer-2,-8.891011238098145,2.200000047683716,-0.3930698692460588,0.0,3.8814154499164872,0,0
1,109,4.360000000000003,to_table,-5.119827747344971,3.2173078060150146,-0.7513723465828522,0.5630927085876465,0.16192519664764404,0.7799999713897705,-0.15554316341876984,0.7799999713897705,-0.15554316341876984,0,nominal-sac-a-star,2.8325787044957824,99.0,99.0,2.9311695194244383,99.0,customer-2,0,,waiter-1,-4.5187835693359375,-2.549999952316284,0.46875341058430386,0.0,5.7985423067549435,0,0,waiter-2,1.9064135551452637,-2.200000047683716,-0.470984685875111,0.0,8.872163841057356,0,0,customer-1,1.0188368558883667,2.549999952316284,0.43047443583157374,0.0,6.174828166240573,0,0,customer-2,-8.906733512878418,2.200000047683716,-0.3930731914670993,0.0,3.921169513320167,0,0
1,110,4.400000000000003,to_table,-5.085940361022949,3.1857333183288574,-0.7560383705265628,0.5647100210189819,0.1586381196975708,0.7799999713897705,-0.1657000035047531,0.7799999713897705,-0.1657000035047531,0,nominal-sac-a-star,2.8723793248530933,99.0,99.0,2.9711270427703855,99.0,customer-2,0,,waiter-1,-4.500033378601074,-2.549999952316284,0.46875366491458514,0.0,5.765580902566221,0,0,waiter-2,1.8875741958618164,-2.200000047683716,-0.47098585114954794,0.0,8.811130981029896,0,0,customer-1,1.0360556840896606,2.549999952316284,0.4304743168064995,0.0,6.154916123639389,0,0,customer-2,-8.922456741333008,2.200000047683716,-0.3930669769449757,0.0,3.9611271145021543,0,0
1,111,4.440000000000003,to_table,-5.052073001861572,3.1541950702667236,-0.7615286366799567,0.5765552520751953,0.16850924491882324,0.7799999713897705,-0.17439323663711548,0.7799999713897705,-0.17439323663711548,0,nominal-sac-a-star,2.9123798832367127,99.0,99.0,3.011538276672363,99.0,customer-2,0,,waiter-1,-4.481283187866211,-2.549999952316284,0.4687539192448664,0.0,5.732681908794663,0,0,waiter-2,1.8687348365783691,-2.200000047683716,-0.4709870164239849,0.0,8.750142084429033,0,0,customer-1,1.0532745122909546,2.549999952316284,0.43047419778142526,0.0,6.1351707400139714,0,0,customer-2,-8.938179016113281,2.200000047683716,-0.3930702991660162,0.0,4.00153821612708,0,0
1,112,4.480000000000003,to_table,-5.018002033233643,3.12248158454895,-0.7654453646786956,0.5883145332336426,0.17852246761322021,0.7799999713897705,-0.13258861005306244,0.7799999713897705,-0.13258861005306244,0,nominal-sac-a-star,2.9528321915281905,99.0,99.0,2.9958514595031738,99.0,waiter-1,0,,waiter-1,-4.462532997131348,-2.549999952316284,0.4687541735751477,0.0,5.699613376023446,0,0,waiter-2,1.8498954772949219,-2.200000047683716,-0.4709881816984218,0.0,8.688891007520958,0,0,customer-1,1.0704933404922485,2.549999952316284,0.430474078756351,0.0,6.115350450720331,0,0,customer-2,-8.953902244567871,2.200000047683716,-0.39306408464389264,0.0,4.0425589246711136,0,0
1,113,4.520000000000003,to_table,-4.984151840209961,3.090576410293579,-0.7697925326639474,0.1479400396347046,0.1473250389099121,0.7799999713897705,-0.14320841431617737,0.7799999713897705,-0.14320841431617737,0,nominal-sac-a-star,2.9938908572757548,99.0,99.0,2.957069339752197,99.0,waiter-1,0,,waiter-1,-4.443782806396484,-2.549999952316284,0.468754427905429,0.0,5.666401009030126,0,0,waiter-2,1.8310556411743164,-2.200000047683716,-0.47098457860127674,0.0,8.627702606836875,0,0,customer-1,1.0877121686935425,2.549999952316284,0.4304739597312768,0.0,6.095880203017199,0,0,customer-2,-8.969624519348145,2.200000047683716,-0.21444220617217624,0.0,4.083762815565604,0,0
1,114,4.560000000000003,to_table,-4.950565814971924,3.057786226272583,-0.7742487850263547,0.817014217376709,-0.010488510131835938,0.817014217376709,-0.16964396834373474,0.817014217376709,-0.16964396834373474,0,nominal-sac-a-star,3.0351313248554215,99.0,99.0,2.844801368713379,99.0,waiter-1,0,,waiter-1,-4.425032615661621,-2.549999952316284,0.46875468223571026,0.0,5.632357496497328,0,0,waiter-2,1.8122162818908691,-2.200000047683716,-0.4709857438757137,0.0,8.566185743506335,0,0,customer-1,1.1049309968948364,2.549999952316284,0.43047384070620254,0.0,6.07674983346747,0,0,customer-2,-8.985346794128418,2.200000047683716,0.100006611654333,0.0,4.124955112233481,0,0
1,115,4.600000000000003,to_table,-4.915923595428467,3.024174690246582,-0.7784082200100204,0.8236873149871826,-0.03064507246017456,0.8199999928474426,-0.17987844347953796,0.8199999928474426,-0.17987844347953796,0,nominal-sac-a-star,3.074265057490141,99.0,99.0,2.798921766281128,99.0,waiter-1,0,,waiter-1,-4.406282424926758,-2.549999952316284,0.46875493656599154,0.0,5.597424145842551,0,0,waiter-2,1.7933769226074219,-2.200000047683716,-0.4709869091501506,0.0,8.503335529881538,0,0,customer-1,1.1221498250961304,2.549999952316284,0.4304737216811283,0.0,6.056663463800583,0,0,customer-2,-8.998929977416992,2.200000047683716,0.39306451456385005,0.0,4.165357722549488,0,0
1,116,4.640000000000003,to_table,-4.881836891174316,2.990130662918091,-0.7821679389318502,0.8230090141296387,-0.027510643005371094,0.8199999928474426,-0.13967639207839966,0.8199999928474426,-0.13967639207839966,0,nominal-sac-a-star,3.060172633100935,99.0,99.0,2.759146394729614,99.0,waiter-1,0,,waiter-1,-4.3875322341918945,-2.549999952316284,0.4687551908962728,0.0,5.562138467151975,0,0,waiter-2,1.7745375633239746,-2.200000047683716,-0.47098807442458757,0.0,8.44066215836349,0,0,customer-1,1.1393686532974243,2.549999952316284,0.43047360265605406,0.0,6.037270182060108,0,0,customer-2,-8.983207702636719,2.200000047683716,0.39306783678489055,0.0,4.176786913674962,0,0
1,117,4.680000000000003,to_table,-4.847311496734619,2.9558725357055664,-0.7862908337280612,0.8348877429962158,-0.03837466239929199,0.8199999928474426,-0.14528630673885345,0.8199999928474426,-0.14528630673885345,0,nominal-sac-a-star,3.0211989719368493,99.0,99.0,2.718573513031006,99.0,waiter-1,0,,waiter-1,-4.368782043457031,-2.549999952316284,0.4687554452265541,0.0,5.526628474215547,0,0,waiter-2,1.7556982040405273,-2.200000047683716,-0.4709892396990245,0.0,8.377515097251448,0,0,customer-1,1.1565873622894287,2.549999952316284,0.4304746757238753,0.0,6.017602019354333,0,0,customer-2,-8.967485427856445,2.200000047683716,0.39307115900593104,0.0,4.188935000790084,0,0
1,118,4.720000000000003,to_table,-4.812507152557373,2.9216675758361816,-0.7907767184382062,0.8364572525024414,-0.02620774507522583,0.8199999928474426,-0.14942188560962677,0.8199999928474426,-0.14942188560962677,0,nominal-sac-a-star,2.9815543851999067,99.0,99.0,2.6774610900878906,99.0,waiter-1,0,,waiter-1,-4.350031852722168,-2.549999952316284,0.4687556995568354,0.0,5.491177372986214,0,0,waiter-2,1.7368583679199219,-2.200000047683716,-0.4709856366018794,0.0,8.314184744557267,0,0,customer-1,1.1738061904907227,2.549999952316284,0.4304745566988011,0.0,5.997839966481983,0,0,customer-2,-8.951762199401855,2.200000047683716,0.39306494448380747,0.0,4.2016944634298685,0,0
1,119,4.760000000000003,to_table,-4.778184413909912,2.8872756958007812,-0.7955838839430103,0.8383641242980957,-0.013673603534698486,0.8199999928474426,-0.15532314777374268,0.8199999928474426,-0.15532314777374268,0,nominal-sac-a-star,2.941506708304983,99.0,99.0,2.635587396621704,99.0,waiter-1,0,,waiter-1,-4.331281661987305,-2.549999952316284,0.46875595388711666,0.0,5.455610739714011,0,0,waiter-2,1.7180190086364746,-2.200000047683716,-0.47098680187631636,0.0,8.25112315974917,0,0,customer-1,1.1910250186920166,2.549999952316284,0.43047443767372684,0.0,5.9787303148249515,0,0,customer-2,-8.936039924621582,2.200000047683716,0.39306826670484796,0.0,4.2142745834188515,0,0
1,120,4.800000000000003,to_table,-4.7440104484558105,2.8528506755828857,-0.8007130334199172,0.839849591255188,-0.0017786026000976562,0.8199999928474426,-0.16207101941108704,0.8199999928474426,-0.16207101941108704,0,nominal-sac-a-star,2.900850887390198,99.0,99.0,2.593132438659668,99.0,waiter-1,0,,waiter-1,-4.312531471252441,-2.549999952316284,0.46875620821739794,0.0,5.420052491919144,0,0,waiter-2,1.6991796493530273,-2.200000047683716,-0.4709879671507533,0.0,8.188162130058105,0,0,customer-1,1.2082438468933105,2.549999952316284,0.4304743186486526,0.0,5.959953838502876,0,0,customer-2,-8.920317649841309,2.200000047683716,0.39307158892588845,0.0,4.22702682540491,0,0
1,121,4.840000000000003,to_table,-4.710040092468262,2.817901134490967,-0.8003701672684658,0.841148853302002,0.00778651237487793,0.8199999928474426,0.07963360846042633,0.8199999928474426,0.07963360846042633,0,nominal-sac-a-star,2.859753669322335,99.0,99.0,2.5604609870910644,99.0,waiter-1,0,,waiter-1,-4.293781280517578,-2.549999952316284,0.4687564625476792,0.0,5.384016481798051,0,0,waiter-2,1.68034029006958,-2.200000047683716,-0.47098913242519025,0.0,8.125041151132379,0,0,customer-1,1.2254626750946045,2.549999952316284,0.43047419962357836,0.0,5.941545602547963,0,0,customer-2,-8.904594421386719,2.200000047683716,0.3930653744037649,0.0,4.2398216673966544,0,0
1,122,4.8800000000000034,to_table,-4.676124572753906,2.782973051071167,-0.7995225903065364,0.8657848834991455,-0.11557990312576294,0.8199999928474426,0.07124464958906174,0.8199999928474426,0.07124464958906174,0,nominal-sac-a-star,2.8260103382675608,99.0,99.0,2.528860750198364,99.0,waiter-1,0,,waiter-1,-4.275031089782715,-2.549999952316284,0.4687567168779605,0.0,5.348034876189695,0,0,waiter-2,1.6615004539489746,-2.200000047683716,-0.47098552932804516,0.0,8.061979402231534,0,0,customer-1,1.2426815032958984,2.549999952316284,0.4304740805985041,0.0,5.923389387050926,0,0,customer-2,-8.888872146606445,2.200000047683716,0.39306869662480537,0.0,4.2528930910239255,0,0
1,123,4.9200000000000035,to_table,-4.642172336578369,2.748063564300537,-0.798897112376301,0.8675901889801025,-0.10775154829025269,0.8199999928474426,0.05712223798036575,0.8199999928474426,0.05712223798036575,0,nominal-sac-a-star,2.7930892304265558,99.0,99.0,2.496974172592163,99.0,waiter-1,0,,waiter-1,-4.256280899047852,-2.549999952316284,0.4687569712082418,0.0,5.312098382717094,0,0,waiter-2,1.6426610946655273,-2.200000047683716,-0.4709866946024821,0.0,7.998903972840503,0,0,customer-1,1.2599003314971924,2.549999952316284,0.4304739615734299,0.0,5.905395073459254,0,0,customer-2,-8.873149871826172,2.200000047683716,0.39307201884584586,0.0,4.266326818472534,0,0
1,124,4.9600000000000035,to_table,-4.608194828033447,2.7131736278533936,-0.7981918503759899,0.8708819150924683,-0.07822966575622559,0.8199999928474426,0.06499675661325455,0.8199999928474426,0.06499675661325455,0,nominal-sac-a-star,2.759950945059339,99.0,99.0,2.4653748893737792,99.0,waiter-1,0,,waiter-1,-4.237530708312988,-2.549999952316284,0.46875722553852306,0.0,5.276209626677493,0,0,waiter-2,1.62382173538208,-2.200000047683716,-0.47098785987691905,0.0,7.935824217601868,0,0,customer-1,1.2771191596984863,2.549999952316284,0.43047384254835563,0.0,5.887575594638378,0,0,customer-2,-8.857426643371582,2.200000047683716,0.3930658043237223,0.0,4.280107258453459,0,0
1,125,5.0000000000000036,to_table,-4.574188232421875,2.678307056427002,-0.7972561201005794,0.8846399784088135,-0.008754432201385498,0.8199999928474426,0.0783085748553276,0.8199999928474426,0.0783085748553276,0,nominal-sac-a-star,2.727033330709471,99.0,99.0,2.434361639022827,99.0,waiter-1,0,,waiter-1,-4.218780517578125,-2.549999952316284,0.46875747986880434,0.0,5.240372965872241,0,0,waiter-2,1.6049823760986328,-2.200000047683716,-0.470989025151356,0.0,7.872739650923355,0,0,customer-1,1.2943379878997803,2.549999952316284,0.4304737235232814,0.0,5.869928680279519,0,0,customer-2,-8.841704368591309,2.200000047683716,0.3930691265447628,0.0,4.294237018037016,0,0
1,126,5.040000000000004,to_table,-4.540166854858398,2.643480062484741,-0.7962170489240609,0.8864881992340088,-0.0011426806449890137,0.8199999928474426,0.08483237773180008,0.8199999928474426,0.08483237773180008,0,nominal-sac-a-star,2.694565277018484,99.0,99.0,2.4037155532836914,99.0,waiter-1,0,,waiter-1,-4.200030326843262,-2.549999952316284,0.4687577341990856,0.0,5.204606375301388,0,0,waiter-2,1.5861425399780273,-2.200000047683716,-0.4709854220542109,0.0,7.809671336161241,0,0,customer-1,1.3115568161010742,2.549999952316284,0.43047360449820715,0.0,5.852470286320513,0,0,customer-2,-8.825982093811035,2.200000047683716,0.3930724487658033,0.0,4.308698966737705,0,0
1,127,5.080000000000004,to_table,-4.506129741668701,2.608713388442993,-0.7954057200009026,0.8876373767852783,0.0107651948928833,0.8199999928474426,0.07022882997989655,0.8199999928474426,0.07022882997989655,0,nominal-sac-a-star,2.662382736814237,99.0,99.0,2.372819128036499,99.0,waiter-1,0,,waiter-1,-4.18127965927124,-2.549999952316284,0.46875322015778487,0.0,5.168931311998775,0,0,waiter-2,1.56730318069458,-2.200000047683716,-0.47098658732864784,0.0,7.746632324644802,0,0,customer-1,1.3287756443023682,2.549999952316284,0.4304734854731329,0.0,5.83520077896348,0,0,customer-2,-8.810258865356445,2.200000047683716,0.3930662342436797,0.0,4.323490963132875,0,0
1,128,5.120000000000004,to_table,-4.472036838531494,2.57395339012146,-0.7944585113008278,0.8875977993011475,0.04841494560241699,0.8199999928474426,0.07863609492778778,0.8199999928474426,0.07863609492778778,0,nominal-sac-a-star,2.6300214530456127,99.0,99.0,2.3423332595825195,99.0,waiter-1,0,,waiter-1,-4.162529468536377,-2.549999952316284,0.46875347448806615,0.0,5.133292575682807,0,0,waiter-2,1.5484638214111328,-2.200000047683716,-0.4709877526030848,0.0,7.683557745127023,0,0,customer-1,1.345994472503662,2.549999952316284,0.43047336644805867,0.0,5.818080620219021,0,0,customer-2,-8.794536590576172,2.200000047683716,0.3930695564647202,0.0,4.338645550024415,0,0
1,129,5.160000000000004,to_table,-4.437904357910156,2.5392138957977295,-0.7937990142626941,0.9145474433898926,-0.1582280993461609,0.8199999928474426,0.058227214962244034,0.8199999928474426,0.058227214962244034,0,nominal-sac-a-star,2.5979693818403216,99.0,99.0,2.3114451789855956,99.0,waiter-1,0,,waiter-1,-4.143779277801514,-2.549999952316284,0.4687537288183474,0.0,5.097706067888218,0,0,waiter-2,1.5296244621276855,-2.200000047683716,-0.47098891787752173,0.0,7.620469081367051,0,0,customer-1,1.363213300704956,2.549999952316284,0.43047324742298443,0.0,5.8011276858996395,0,0,customer-2,-8.778814315795898,2.200000047683716,0.3930728786857607,0.0,4.354143463096262,0,0
1,130,5.200000000000004,to_table,-4.403751373291016,2.5044939517974854,-0.7933285558308188,0.8926558494567871,-0.29210150241851807,0.8199999928474426,0.047739092260599136,0.8199999928474426,0.047739092260599136,0,nominal-sac-a-star,2.5656120497250816,99.0,99.0,2.280341329574585,99.0,waiter-1,0,,waiter-1,-4.12502908706665,-2.549999952316284,0.4687539831486287,0.0,5.0621729266750055,0,0,waiter-2,1.51078462600708,-2.200000047683716,-0.47098531478037664,0.0,7.557380490497203,0,0,customer-1,1.3804320096969604,2.549999952316284,0.4304743204908057,0.0,5.7843623852692225,0,0,customer-2,-8.763091087341309,2.200000047683716,0.3930666641636371,0.0,4.369961015860271,0,0
1,131,5.240000000000004,to_table,-4.369577407836914,2.4697930812835693,-0.7924560487894197,0.9140076637268066,-0.10478091239929199,0.8199999928474426,0.07711805403232574,0.8199999928474426,0.07711805403232574,0,nominal-sac-a-star,2.5330916983232874,99.0,99.0,2.250192346572876,99.0,waiter-1,0,,waiter-1,-4.106278896331787,-2.549999952316284,0.46875423747891,0.0,5.0266935659873315,0,0,waiter-2,1.4919452667236328,-2.200000047683716,-0.4709864800548136,0.0,7.494292223535021,0,0,customer-1,1.3976508378982544,2.549999952316284,0.43047420146573145,0.0,5.767785951347918,0,0,customer-2,-8.747368812561035,2.200000047683716,0.3930699863846776,0.0,4.386096882680022,0,0
1,132,5.280000000000004,to_table,-4.3353729248046875,2.4351189136505127,-0.791796477909948,0.9133824110031128,-0.10066324472427368,0.8199999928474426,0.05855684354901314,0.8199999928474426,0.05855684354901314,0,nominal-sac-a-star,2.5012990221801363,99.0,99.0,2.219797077178955,99.0,waiter-1,0,,waiter-1,-4.087528705596924,-2.549999952316284,0.46875449180919126,0.0,4.991276075795927,0,0,waiter-2,1.4731059074401855,-2.200000047683716,-0.4709876453292505,0.0,7.431201392127444,0,0,customer-1,1.4148696660995483,2.549999952316284,0.4304740824406572,0.0,5.75139005000478,0,0,customer-2,-8.731646537780762,2.200000047683716,0.3930733086057181,0.0,4.402556366621922,0,0
1,133,5.320000000000004,to_table,-4.301158428192139,2.400460958480835,-0.7919333315878104,0.8486706018447876,-0.8348326683044434,0.8199999928474426,-0.025103064253926277,0.8199999928474426,-0.025103064253926277,0,nominal-sac-a-star,2.4693215012166148,99.0,99.0,2.1879710578918456,99.0,waiter-1,0,,waiter-1,-4.0687785148620605,-2.549999952316284,0.46875474613947254,0.0,4.95591199008311,0,0,waiter-2,1.4542665481567383,-2.200000047683716,-0.47098881060368747,0.0,7.368117678730506,0,0,customer-1,1.4320884943008423,2.549999952316284,0.43047396341558297,0.0,5.735196786942237,0,0,customer-2,-8.715923309326172,2.200000047683716,0.3930670940835945,0.0,4.419313694732702,0,0
1,134,5.360000000000004,to_table,-4.266943454742432,2.3658041954040527,-0.7905473928274034,0.9055860042572021,0.17718327045440674,0.8199999928474426,0.10256877541542053,0.8199999928474426,0.10256877541542053,0,nominal-sac-a-star,2.4362552759621057,99.0,99.0,2.159349145889282,99.0,waiter-1,0,,waiter-1,-4.050028324127197,-2.549999952316284,0.4687550004697538,0.0,4.920587626761086,0,0,waiter-2,1.4354267120361328,-2.200000047683716,-0.4709852075065424,0.0,7.305038939332525,0,0,customer-1,1.4493073225021362,2.549999952316284,0.43047384439050873,0.0,5.7192176934624195,0,0,customer-2,-8.700201034545898,2.200000047683716,0.393070416304635,0.0,4.436357039766542,0,0
1,135,5.400000000000004,to_table,-4.232766151428223,2.331200122833252,-0.7887948686773195,0.9105525016784668,0.11212575435638428,0.8199999928474426,0.10017511993646622,0.8199999928474426,0.10017511993646622,0,nominal-sac-a-star,2.405623192449363,99.0,99.0,2.1316868686676025,99.0,waiter-1,0,,waiter-1,-4.031278133392334,-2.549999952316284,0.4687552548000351,0.0,4.885356854422394,0,0,waiter-2,1.4165873527526855,-2.200000047683716,-0.4709863727809793,0.0,7.242028030910547,0,0,customer-1,1.4665261507034302,2.549999952316284,0.4304737253654345,0.0,5.703490695225067,0,0,customer-2,-8.684477806091309,2.200000047683716,0.39306420178251145,0.0,4.453644587973135,0,0
1,136,5.440000000000004,to_table,-4.198495388031006,2.296724319458008,-0.7868795836032045,0.9043786525726318,0.13402986526489258,0.8199999928474426,0.08286867290735245,0.8199999928474426,0.08286867290735245,0,nominal-sac-a-star,2.375731149909209,99.0,99.0,2.104687395095825,99.0,waiter-1,0,,waiter-1,-4.012527942657471,-2.549999952316284,0.4687555091303164,0.0,4.85029071884818,0,0,waiter-2,1.3977479934692383,-2.200000047683716,-0.47098753805541627,0.0,7.179029880076515,0,0,customer-1,1.4837448596954346,2.549999952316284,0.43047479843325576,0.0,5.687882099611595,0,0,customer-2,-8.668755531311035,2.200000047683716,0.39306752400355194,0.0,4.471306445922518,0,0
1,137,5.480000000000004,to_table,-4.1642165184021,2.261988878250122,-0.7850717781535593,0.8962039947509766,0.16692793369293213,0.8199999928474426,0.08926752954721451,0.8199999928474426,0.08926752954721451,0,nominal-sac-a-star,2.346367033245196,99.0,99.0,2.07740873336792,99.0,waiter-1,0,,waiter-1,-3.9937777519226074,-2.549999952316284,0.46875576346059766,0.0,4.815006321762714,0,0,waiter-2,1.378908634185791,-2.200000047683716,-0.4709887033298532,0.0,7.1158682978543615,0,0,customer-1,1.5009636878967285,2.549999952316284,0.4304746794081815,0.0,5.672496553425553,0,0,customer-2,-8.653033256530762,2.200000047683716,0.39307084622459243,0.0,4.489244738663625,0,0
1,138,5.520000000000004,to_table,-4.129776954650879,2.227935791015625,-0.7816360424520458,0.9449131488800049,0.9498268365859985,0.8199999928474426,0.18692564964294434,0.8199999928474426,0.18692564964294434,0,nominal-sac-a-star,2.316722422718144,99.0,99.0,2.05439847946167,99.0,waiter-1,0,,waiter-1,-3.975027561187744,-2.549999952316284,0.46875601779087894,0.0,4.7804411242254465,0,0,waiter-2,1.3600687980651855,-2.200000047683716,-0.4709851002327081,0.0,7.053015112719712,0,0,customer-1,1.5181825160980225,2.549999952316284,0.4304745603831073,0.0,5.6571345668294395,0,0,customer-2,-8.637310028076172,2.200000047683716,0.39306463170246886,0.0,4.507619639430369,0,0
1,139,5.560000000000004,to_table,-4.095424175262451,2.1935620307922363,-0.7791203912579789,0.8524990081787109,0.11623227596282959,0.8199999928474426,0.0882776528596878,0.8199999928474426,0.0882776528596878,0,nominal-sac-a-star,2.290483359115904,99.0,99.0,2.0293869400024414,99.0,waiter-1,0,,waiter-1,-3.956277370452881,-2.549999952316284,0.4687562721211602,0.0,4.7456023981030215,0,0,waiter-2,1.3412294387817383,-2.200000047683716,-0.47098626550714506,0.0,6.9900350683327535,0,0,customer-1,1.5354013442993164,2.549999952316284,0.43047444135803303,0.0,5.6420957120247826,0,0,customer-2,-8.621587753295898,2.200000047683716,0.39306795392350935,0.0,4.526168156750037,0,0
1,140,5.600000000000004,to_table,-4.060801982879639,2.159247875213623,-0.7779032034510464,0.8349626064300537,0.1748654842376709,0.8199999928474426,0.0746954008936882,0.8199999928474426,0.0746954008936882,0,nominal-sac-a-star,2.262640894418105,99.0,99.0,2.001997413635254,99.0,waiter-1,0,,waiter-1,-3.9375271797180176,-2.549999952316284,0.4687565264514415,0.0,4.710861044245488,0,0,waiter-2,1.322390079498291,-2.200000047683716,-0.470987430781582,0.0,6.926889578572299,0,0,customer-1,1.5526201725006104,2.549999952316284,0.4304743223329588,0.0,5.62700590725422,0,0,customer-2,-8.605865478515625,2.200000047683716,0.39307127614454984,0.0,4.545246189033532,0,0
1,141,5.640000000000004,to_table,-4.0261101722717285,2.1250734329223633,-0.7778002780535256,0.8655242919921875,-0.4434851408004761,0.8199999928474426,0.002962238620966673,0.8199999928474426,0.002962238620966673,0,nominal-sac-a-star,2.232993857215071,99.0,99.0,1.97261399269104,99.0,waiter-1,0,,waiter-1,-3.9187769889831543,-2.549999952316284,0.4687567807817228,0.0,4.67630533323067,0,0,waiter-2,1.3035507202148438,-2.200000047683716,-0.47098859605601895,0.0,6.863785095815774,0,0,customer-1,1.5698390007019043,2.549999952316284,0.43047420330788455,0.0,5.612059309503822,0,0,customer-2,-8.590142250061035,2.200000047683716,0.39306506162242627,0.0,4.564647062445176,0,0
1,142,5.680000000000004,to_table,-3.9914073944091797,2.0909082889556885,-0.7768342829483856,0.823981761932373,0.2068387269973755,0.8199999928474426,0.0851576030254364,0.8199999928474426,0.0851576030254364,0,nominal-sac-a-star,2.2018586706445324,99.0,99.0,1.9452530765533447,99.0,waiter-1,0,,waiter-1,-3.900026798248291,-2.549999952316284,0.46875703511200406,0.0,4.641807807014508,0,0,waiter-2,1.2847108840942383,-2.200000047683716,-0.47098499295887386,0.0,6.800685145057034,0,0,customer-1,1.5870578289031982,2.549999952316284,0.4304740842828103,0.0,5.5973243074769945,0,0,customer-2,-8.574419975280762,2.200000047683716,0.39306838384346676,0.0,4.584310780068207,0,0
1,143,5.720000000000004,to_table,-3.956702470779419,2.056793689727783,-0.7755600029474948,0.8344287872314453,0.2465381622314453,0.8199999928474426,0.09369166195392609,0.8199999928474426,0.09369166195392609,0,nominal-sac-a-star,2.1722597420822605,99.0,99.0,1.918806734085083,99.0,waiter-1,0,,waiter-1,-3.8812766075134277,-2.549999952316284,0.46875728944228534,0.0,4.6074110649286615,0,0,waiter-2,1.265871524810791,-2.200000047683716,-0.4709861582333108,0.0,6.737623621298599,0,0,customer-1,1.6042766571044922,2.549999952316284,0.43047396525773607,0.0,5.582807651909299,0,0,customer-2,-8.558697700500488,2.200000047683716,0.39307170606450725,0.0,4.604222861171523,0,0
1,144,5.760000000000004,to_table,-3.921973705291748,2.0227200984954834,-0.7733590046424992,0.8314507007598877,0.3099846839904785,0.8199999928474426,0.1054975688457489,0.8199999928474426,0.1054975688457489,0,nominal-sac-a-star,2.1433638256500904,99.0,99.0,1.8946139240264892,99.0,waiter-1,0,,waiter-1,-3.8625264167785645,-2.549999952316284,0.4687575437725666,0.0,4.573106454392631,0,0,waiter-2,1.2470321655273438,-2.200000047683716,-0.47098732350774775,0.0,6.674577673943866,0,0,customer-1,1.6214954853057861,2.549999952316284,0.4304738462326618,0.0,5.568489446102,0,0,customer-2,-8.542974472045898,2.200000047683716,0.3930654915423837,0.0,4.624400098037218,0,0
1,145,5.800000000000004,to_table,-3.887220859527588,1.9886780977249146,-0.771901827285073,0.8207567930221558,0.3202401399612427,0.8199999928474426,0.08455076068639755,0.8199999928474426,0.08455076068639755,0,nominal-sac-a-star,2.116186311766949,99.0,99.0,1.8691036128997802,99.0,waiter-1,0,,waiter-1,-3.843775749206543,-2.549999952316284,0.46875302973126587,0.0,4.538885977807395,0,0,waiter-2,1.2281928062438965,-2.200000047683716,-0.4709884887821847,0.0,6.611541543224662,0,0,customer-1,1.63871431350708,2.549999952316284,0.4304737272075876,0.0,5.554371410071853,0,0,customer-2,-8.527252197265625,2.200000047683716,0.3930688137634242,0.0,4.644840985623236,0,0
1,146,5.840000000000004,to_table,-3.8527448177337646,1.9553042650222778,-0.7695762475675421,0.7671276330947876,0.7698988914489746,0.7799999713897705,0.14029204845428467,0.7799999713897705,0.14029204845428467,0,nominal-sac-a-star,2.142014988392398,99.0,99.0,1.9046635055541992,99.0,waiter-1,0,,waiter-1,-3.8250255584716797,-2.549999952316284,0.46875328406154715,0.0,4.505389489056709,0,0,waiter-2,1.209352970123291,-2.200000047683716,-0.4709848856850396,0.0,6.549151696595547,0,0,customer-1,1.655933141708374,2.549999952316284,0.43047360818251335,0.0,5.5406855010305085,0,0,customer-2,-8.511529922485352,2.200000047683716,0.39307213598446467,0.0,4.665206820528705,0,0
1,147,5.880000000000004,to_table,-3.819192886352539,1.922500729560852,-0.7678565040431559,0.750633955001831,0.2709118127822876,0.7799999713897705,0.08106321096420288,0.7799999713897705,0.08106321096420288,0,nominal-sac-a-star,2.115276471423657,99.0,99.0,1.8799833679199218,99.0,waiter-1,0,,waiter-1,-3.8062753677368164,-2.549999952316284,0.46875353839182843,0.0,4.472519336087731,0,0,waiter-2,1.1905136108398438,-2.200000047683716,-0.47098605095947654,0.0,6.487848013509074,0,0,customer-1,1.673151969909668,2.549999952316284,0.4304734891574391,0.0,5.528074465369348,0,0,customer-2,-8.495806694030762,2.200000047683716,0.3930659214623411,0.0,4.68483965336331,0,0
1,148,5.920000000000004,to_table,-3.7857978343963623,1.8903069496154785,-0.7666221149228472,0.7225658893585205,0.3335695266723633,0.7799999713897705,0.09099308401346207,0.7799999713897705,0.09099308401346207,0,nominal-sac-a-star,2.088172320207533,99.0,99.0,1.8550662422180175,99.0,waiter-1,0,,waiter-1,-3.787525177001953,-2.549999952316284,0.4687537927221097,0.0,4.440307237912184,0,0,waiter-2,1.1716742515563965,-2.200000047683716,-0.4709872162339135,0.0,6.4270631563067395,0,0,customer-1,1.690370798110962,2.549999952316284,0.43047337013236486,0.0,5.515760849553717,0,0,customer-2,-8.480084419250488,2.200000047683716,0.3930692436833816,0.0,4.704491083606442,0,0
1,149,5.960000000000004,to_table,-3.7523672580718994,1.8580889701843262,-0.7656148285531144,0.7100443840026855,0.35918116569519043,0.7799999713897705,0.07455283403396606,0.7799999713897705,0.07455283403396606,0,nominal-sac-a-star,2.061035779033826,99.0,99.0,1.8298651599884033,99.0,waiter-1,0,,waiter-1,-3.76877498626709,-2.549999952316284,0.468754047052391,0.0,4.408119458705392,0,0,waiter-2,1.1528348922729492,-2.200000047683716,-0.47098838150835043,0.0,6.366246508947713,0,0,customer-1,1.7075896263122559,2.549999952316284,0.4304732511072906,0.0,5.503623350714395,0,0,customer-2,-8.464362144470215,2.200000047683716,0.3930725659044221,0.0,4.724383451241089,0,0
1,150,6.000000000000004,to_table,-3.718958854675293,1.8260706663131714,-0.7646074808935347,0.6901348829269409,0.3931041955947876,0.7799999713897705,0.07955602556467056,0.7799999713897705,0.07955602556467056,0,nominal-sac-a-star,2.033672259097767,99.0,99.0,1.8050476932525634,99.0,waiter-1,0,,waiter-1,-3.7500247955322266,-2.549999952316284,0.46875430138267227,0.0,4.376180886562313,0,0,waiter-2,1.1339950561523438,-2.200000047683716,-0.47098477841120534,0.0,6.305585385570531,0,0,customer-1,1.7248084545135498,2.549999952316284,0.4304731320822164,0.0,5.491691554314218,0,0,customer-2,-8.448638916015625,2.200000047683716,0.3930663513822985,0.0,4.744438498378122,0,0
1,151,6.0400000000000045,to_table,-3.685462474822998,1.7939741611480713,-0.7635326602752825,0.6743521690368652,0.41478419303894043,0.7799999713897705,0.08315002918243408,0.7799999713897705,0.08315002918243408,0,nominal-sac-a-star,2.0066475658096636,99.0,99.0,1.7805210971832275,99.0,waiter-1,0,,waiter-1,-3.7312746047973633,-2.549999952316284,0.46875455571295355,0.0,4.34421567716213,0,0,waiter-2,1.1151556968688965,-2.200000047683716,-0.4709859436856423,0.0,6.2448190375055646,0,0,customer-1,1.7420271635055542,2.549999952316284,0.43047420515003765,0.0,5.479892222578408,0,0,customer-2,-8.432916641235352,2.200000047683716,0.393069673603339,0.0,4.764785208456208,0,0
1,152,6.0800000000000045,to_table,-3.6519408226013184,1.7622395753860474,-0.762031836061235,0.6582162380218506,0.434598445892334,0.7799999713897705,0.08678664267063141,0.7799999713897705,0.08678664267063141,0,nominal-sac-a-star,1.9798212503169221,99.0,99.0,1.7574476623535156,99.0,waiter-1,0,,waiter-1,-3.7125244140625,-2.549999952316284,0.4687548100432348,0.0,4.312665082733965,0,0,waiter-2,1.0963163375854492,-2.200000047683716,-0.4709871089600792,0.0,6.184277556019694,0,0,customer-1,1.7592459917068481,2.549999952316284,0.4304740861249634,0.0,5.468227240230954,0,0,customer-2,-8.417194366455078,2.200000047683716,0.3930729958243795,0.0,4.785318753052621,0,0
1,153,6.1200000000000045,to_table,-3.6182663440704346,1.7298394441604614,-0.7643356558090555,0.5752354860305786,0.06641840934753418,0.7799999713897705,-0.16874675452709198,0.7799999713897705,-0.16874675452709198,0,nominal-sac-a-star,1.954189935420477,99.0,99.0,1.7260307693481445,99.0,waiter-1,0,,waiter-1,-3.6937742233276367,-2.549999952316284,0.4687550643735161,0.0,4.280505425702011,0,0,waiter-2,1.077476978302002,-2.200000047683716,-0.47098827423451617,0.0,6.123205351877678,0,0,customer-1,1.776464819908142,2.549999952316284,0.43047396709988917,0.0,5.456719489834535,0,0,customer-2,-8.401471138000488,2.200000047683716,0.3930667813022559,0.0,4.806256245122683,0,0
1,154,6.160000000000005,to_table,-3.5850393772125244,1.6976782083511353,-0.7676533209076984,0.5047537088394165,0.6397607326507568,0.7799999713897705,-0.11032884567975998,0.7799999713897705,-0.11032884567975998,0,nominal-sac-a-star,1.9220177027520786,99.0,99.0,1.692748966217041,99.0,waiter-1,0,,waiter-1,-3.6750240325927734,-2.549999952316284,0.4687553187037974,0.0,4.2486311907265915,0,0,waiter-2,1.0586371421813965,-2.200000047683716,-0.4709846711373711,0.0,6.06264194921136,0,0,customer-1,1.793683648109436,2.549999952316284,0.4304738480748149,0.0,5.445834530938708,0,0,customer-2,-8.385748863220215,2.200000047683716,0.3930701035232964,0.0,4.826918147152973,0,0
1,155,6.200000000000005,to_table,-3.55173921585083,1.66552734375,-0.770615925012418,0.4989830255508423,0.6129121780395508,0.7799999713897705,-0.1243971735239029,0.7799999713897705,-0.1243971735239029,0,nominal-sac-a-star,1.8884825863255208,99.0,99.0,1.6604043865203857,99.0,waiter-1,0,,waiter-1,-3.65627384185791,-2.549999952316284,0.46875557303407867,0.0,4.216823196662904,0,0,waiter-2,1.0397977828979492,-2.200000047683716,-0.4709858364118169,0.0,6.002042487753923,0,0,customer-1,1.81090247631073,2.549999952316284,0.4304737290497407,0.0,5.43509132525052,0,0,customer-2,-8.370025634765625,2.200000047683716,0.39306388900117284,0.0,4.847839218244451,0,0
1,156,6.240000000000005,to_table,-3.5186662673950195,1.6334455013275146,-0.7721841939371245,0.4815177917480469,0.6363301277160645,0.7799999713897705,-0.07908899337053299,0.7799999713897705,-0.07908899337053299,0,nominal-sac-a-star,1.855661685181209,99.0,99.0,1.6311602020263671,99.0,waiter-1,0,,waiter-1,-3.637523651123047,-2.549999952316284,0.46875582736435994,0.0,4.18513356313507,0,0,waiter-2,1.020958423614502,-2.200000047683716,-0.47098700168625385,0.0,5.941674605063568,0,0,customer-1,1.8281211853027344,2.549999952316284,0.43047480211756195,0.0,5.424777242058282,0,0,customer-2,-8.354303359985352,2.200000047683716,0.39306721122221333,0.0,4.868713397318881,0,0
1,157,6.280000000000005,to_table,-3.4857330322265625,1.6010091304779053,-0.7738439752872538,0.49567246437072754,0.638269305229187,0.7799999713897705,-0.08749426156282425,0.7799999713897705,-0.08749426156282425,0,nominal-sac-a-star,1.8252215976594406,99.0,99.0,1.6015276336669921,99.0,waiter-1,0,,waiter-1,-3.6187734603881836,-2.549999952316284,0.4687560816946412,0.0,4.153140517844934,0,0,waiter-2,1.0021190643310547,-2.200000047683716,-0.4709881669606908,0.0,5.881197770271417,0,0,customer-1,1.8453400135040283,2.549999952316284,0.4304746830924877,0.0,5.414879813887721,0,0,customer-2,-8.338581085205078,2.200000047683716,0.3930705334432538,0.0,4.889675280035723,0,0
1,158,6.320000000000005,to_table,-3.452396869659424,1.5686206817626953,-0.7757732755973638,0.48285937309265137,0.649476170539856,0.7799999713897705,-0.09556372463703156,0.7799999713897705,-0.09556372463703156,0,nominal-sac-a-star,1.7943925571477992,99.0,99.0,1.5716933631896972,99.0,waiter-1,0,,waiter-1,-3.6000232696533203,-2.549999952316284,0.4687563360249225,0.0,4.121265519404967,0,0,waiter-2,0.9832792282104492,-2.200000047683716,-0.47098456386352794,0.0,5.820457425978417,0,0,customer-1,1.8625588417053223,2.549999952316284,0.43047456406741347,0.0,5.404799671258966,0,0,customer-2,-8.322857856750488,2.200000047683716,0.39306431892113025,0.0,4.911214730643214,0,0
1,159,6.360000000000005,to_table,-3.4193344116210938,1.5361679792404175,-0.7782758750532894,0.47179555892944336,0.6625545024871826,0.7799999713897705,-0.10560273379087448,0.7799999713897705,-0.10560273379087448,0,nominal-sac-a-star,1.7634121172692505,99.0,99.0,1.5406836891174316,99.0,waiter-1,0,,waiter-1,-3.581273078918457,-2.549999952316284,0.4687565903552038,0.0,4.089375563194022,0,0,waiter-2,0.9644403457641602,-2.200000047683716,-0.4709904975095469,0.0,5.75989866654773,0,0,customer-1,1.8797776699066162,2.549999952316284,0.4304744450423392,0.0,5.395224195733097,0,0,customer-2,-8.307135581970215,2.200000047683716,0.39306764114217074,0.0,4.932674051258601,0,0
1,160,6.400000000000005,to_table,-3.386734962463379,1.5036042928695679,-0.7811165777071214,0.4587423801422119,0.6740596294403076,0.7799999713897705,-0.11691082268953323,0.7799999713897705,-0.11691082268953323,0,nominal-sac-a-star,1.7315155737738168,99.0,99.0,1.5088810348510742,99.0,waiter-1,0,,waiter-1,-3.5625228881835938,-2.549999952316284,0.46875684468548506,0.0,4.057414049788089,0,0,waiter-2,0.9456005096435547,-2.200000047683716,-0.44102377529585013,0.0,5.699632949080241,0,0,customer-1,1.8969964981079102,2.549999952316284,0.430474326017265,0.0,5.386349600939372,0,0,customer-2,-8.291413307189941,2.200000047683716,0.39307096336321123,0.0,4.95387088169977,0,0
1,161,6.440000000000005,to_table,-3.3535165786743164,1.4710495471954346,-0.779981044775967,0.44494783878326416,0.682142972946167,0.7799999713897705,0.1251291036605835,0.7799999713897705,0.1251291036605835,0,nominal-sac-a-star,1.6989832826666986,99.0,99.0,1.4860147857666015,99.0,waiter-1,0,,waiter-1,-3.5437726974487305,-2.549999952316284,0.46875709901576634,0.0,4.025547971177905,0,0,waiter-2,0.9267606735229492,-2.200000047683716,-0.06423065598088584,0.0,5.638916428157075,0,0,customer-1,1.914215326309204,2.549999952316284,0.43047420699219074,0.0,5.377093396947068,0,0,customer-2,-8.275690078735352,2.200000047683716,0.39306474884108766,0.0,4.975857795080685,0,0
1,162,6.480000000000005,to_table,-3.3207554817199707,1.4386528730392456,-0.7774617862997377,0.5564982891082764,0.5866388082504272,0.7799999713897705,0.11533354222774506,0.7799999713897705,0.11533354222774506,0,nominal-sac-a-star,1.6732538857676555,99.0,99.0,1.4663817310333251,99.0,waiter-1,0,,waiter-1,-3.525022506713867,-2.549999952316284,0.4687573533460476,0.0,3.9938798653335215,0,0,waiter-2,0.9079217910766602,-2.200000047683716,0.3125529265909144,0.0,5.578665302288038,0,0,customer-1,1.931434154510498,2.549999952316284,0.4304740879671165,0.0,5.368481005418976,0,0,customer-2,-8.259967803955078,2.200000047683716,0.39306807106212815,0.0,4.997546186325669,0,0
1,163,6.520000000000005,to_table,-3.2879698276519775,1.4061003923416138,-0.7747547436546082,0.543906569480896,0.6030545234680176,0.7799999713897705,0.10175754129886627,0.7799999713897705,0.10175754129886627,0,nominal-sac-a-star,1.6500267916080267,99.0,99.0,1.447321834564209,99.0,waiter-1,0,,waiter-1,-3.506272315979004,-2.549999952316284,0.4687576076763289,0.0,3.962118866643467,0,0,waiter-2,0.9109175205230713,-2.200000047683716,0.47099039023571265,0.0,5.534854591244053,0,0,customer-1,1.948652982711792,2.549999952316284,0.43047396894204226,0.0,5.360104911411006,0,0,customer-2,-8.244245529174805,2.200000047683716,0.39307139328316865,0.0,5.01945669293579,0,0
1,164,6.560000000000005,to_table,-3.2549655437469482,1.3737468719482422,-0.7717881835214713,0.5279805660247803,0.6961911916732788,0.7799999713897705,0.11200372874736786,0.7799999713897705,0.11200372874736786,0,nominal-sac-a-star,1.627192534306329,99.0,99.0,1.4294096851348876,99.0,waiter-1,0,,waiter-1,-3.4875216484069824,-2.549999952316284,0.46875309363502815,0.0,3.9306324532752495,0,0,waiter-2,0.9297569990158081,-2.200000047683716,0.4709903634172541,0.0,5.503050954287603,0,0,customer-1,1.965871810913086,2.549999952316284,0.430473849916968,0.0,5.351701971605752,0,0,customer-2,-8.228522300720215,2.200000047683716,0.3930651787610451,0.0,5.0417220396653555,0,0
1,165,6.600000000000005,to_table,-3.2216529846191406,1.3416175842285156,-0.7687944054121524,0.5182421207427979,0.7004892826080322,0.7799999713897705,0.1110430508852005,0.7799999713897705,0.1110430508852005,0,nominal-sac-a-star,1.6052796395214135,99.0,99.0,1.4122144603729248,99.0,waiter-1,0,,waiter-1,-3.468771457672119,-2.549999952316284,0.46875334796530943,0.0,3.899455678741208,0,0,waiter-2,0.9485964775085449,-2.200000047683716,0.4709903365987955,0.0,5.471200601974657,0,0,customer-1,1.9830906391143799,2.549999952316284,0.4304737308918938,0.0,5.343177344642431,0,0,customer-2,-8.212800025939941,2.200000047683716,0.39306850098208557,0.0,5.06442190596842,0,0
1,166,6.640000000000005,to_table,-3.1883745193481445,1.3092443943023682,-0.7665684945914186,0.5024206638336182,0.7066613435745239,0.7799999713897705,0.10982266813516617,0.7799999713897705,0.10982266813516617,0,nominal-sac-a-star,1.5839675407412415,99.0,99.0,1.39343017578125,99.0,waiter-1,0,,waiter-1,-3.450021266937256,-2.549999952316284,0.4687536022955907,0.0,3.868103662963544,0,0,waiter-2,0.9674359560012817,-2.200000047683716,0.47099030978033696,0.0,5.439260727399841,0,0,customer-1,2.000309467315674,2.549999952316284,0.43047361186681954,0.0,5.33497102786922,0,0,customer-2,-8.197077751159668,2.200000047683716,0.39307182320312606,0.0,5.087293356824436,0,0
1,167,6.680000000000005,to_table,-3.1543521881103516,1.2768943309783936,-0.7645833245783152,0.9564648866653442,0.988433837890625,0.8199999928474426,0.12966202199459076,0.8199999928474426,0.12966202199459076,0,nominal-sac-a-star,1.5211023536187742,99.0,99.0,1.3387376689910888,99.0,waiter-1,0,,waiter-1,-3.4312710762023926,-2.549999952316284,0.468753856625872,0.0,3.836900301818594,0,0,waiter-2,0.9862754344940186,-2.200000047683716,0.4709902829618784,0.0,5.406809746000547,0,0,customer-1,2.0175282955169678,2.549999952316284,0.4304734928417453,0.0,5.326269394239019,0,0,customer-2,-8.181354522705078,2.200000047683716,0.3930656086810025,0.0,5.111054356611254,0,0
1,168,6.720000000000005,to_table,-3.120539426803589,1.2445182800292969,-0.7624189864813022,0.7814540863037109,0.758826732635498,0.7814540863037109,0.09988082945346832,0.7814540863037109,0.09988082945346832,0,nominal-sac-a-star,1.5374106312865274,99.0,99.0,1.3554138565063476,99.0,waiter-1,0,,waiter-1,-3.4125208854675293,-2.549999952316284,0.46875411095615327,0.0,3.8057353806861762,0,0,waiter-2,1.0051149129867554,-2.200000047683716,0.4709902561434198,0.0,5.374544654329495,0,0,customer-1,2.0347471237182617,2.549999952316284,0.43047337381667106,0.0,5.318012957361867,0,0,customer-2,-8.165632247924805,2.200000047683716,0.393068930902043,0.0,5.1347742873517666,0,0
1,169,6.760000000000005,to_table,-3.086885929107666,1.212318778038025,-0.7606640382550027,0.32724642753601074,0.8046615123748779,0.7799999713897705,0.10327339917421341,0.7799999713897705,0.10327339917421341,0,nominal-sac-a-star,1.5168737734543845,99.0,99.0,1.3382682228088378,99.0,waiter-1,0,,waiter-1,-3.393770694732666,-2.549999952316284,0.46875436528643455,0.0,3.7748139673562155,0,0,waiter-2,1.0239543914794922,-2.200000047683716,0.47099022932496126,0.0,5.342558180285932,0,0,customer-1,2.0519657135009766,2.549999952316284,0.43047563897738783,0.0,5.31010236518657,0,0,customer-2,-8.149909973144531,2.200000047683716,0.39307225312308347,0.0,5.158461666127251,0,0
1,170,6.800000000000005,to_table,-3.0532987117767334,1.1805081367492676,-0.7585153110072586,0.3185654878616333,0.8051156997680664,0.7799999713897705,0.10177265107631683,0.7799999713897705,0.10177265107631683,0,nominal-sac-a-star,1.494541130459866,99.0,99.0,1.321326913833618,99.0,waiter-1,0,,waiter-1,-3.3750205039978027,-2.549999952316284,0.46875461961671583,0.0,3.7443551533172506,0,0,waiter-2,1.042793869972229,-2.200000047683716,0.4709902025065027,0.0,5.310914236106366,0,0,customer-1,2.0691847801208496,2.549999952316284,0.4304731357665226,0.0,5.302390494641855,0,0,customer-2,-8.134186744689941,2.200000047683716,0.3930660386009599,0.0,5.182160452886558,0,0
1,171,6.840000000000005,to_table,-3.0198276042938232,1.1485552787780762,-0.7565480575967719,0.30803096294403076,0.8069853782653809,0.7799999713897705,0.09953094273805618,0.7799999713897705,0.09953094273805618,0,nominal-sac-a-star,1.4734933998154318,99.0,99.0,1.304154815673828,99.0,waiter-1,0,,waiter-1,-3.3562703132629395,-2.549999952316284,0.4687548739469971,0.0,3.713826125961464,0,0,waiter-2,1.0616333484649658,-2.200000047683716,0.47099017568804413,0.0,5.279313050319172,0,0,customer-1,2.0864033699035645,2.549999952316284,0.43047540092723935,0.0,5.295058256038494,0,0,customer-2,-8.118464469909668,2.200000047683716,0.3930693608220004,0.0,5.205922971911513,0,0
1,172,6.880000000000005,to_table,-2.9861977100372314,1.116803526878357,-0.7545068565562869,0.29695892333984375,0.8089940547943115,0.7799999713897705,0.08726661652326584,0.7799999713897705,0.08726661652326584,0,nominal-sac-a-star,1.452231535434413,99.0,99.0,1.287764253616333,99.0,waiter-1,0,,waiter-1,-3.337520122528076,-2.549999952316284,0.4687551282772784,0.0,3.683595416512556,0,0,waiter-2,1.0804728269577026,-2.200000047683716,0.47099014886958557,0.0,5.24776097099424,0,0,customer-1,2.1036224365234375,2.549999952316284,0.4304728977163741,0.0,5.287751990990398,0,0,customer-2,-8.102742195129395,2.200000047683716,0.3930726830430409,0.0,5.229946669958678,0,0
1,173,6.920000000000005,to_table,-2.9525580406188965,1.0848139524459839,-0.7527947898114687,0.28260791301727295,0.8142619132995605,0.7799999713897705,0.08472183346748352,0.7799999713897705,0.08472183346748352,0,nominal-sac-a-star,1.4316205201256813,99.0,99.0,1.2707950496673583,99.0,waiter-1,0,,waiter-1,-3.318769931793213,-2.549999952316284,0.46875538260755967,0.0,3.653215470170162,0,0,waiter-2,1.0993123054504395,-2.200000047683716,0.470990122051127,0.0,5.216095888382816,0,0,customer-1,2.1208410263061523,2.549999952316284,0.43047516287709087,0.0,5.280733671232804,0,0,customer-2,-8.087018966674805,2.200000047683716,0.3930664685209173,0.0,5.254172535062631,0,0
1,174,6.960000000000005,to_table,-2.9187088012695312,1.0534372329711914,-0.7512721431781967,0.2739253044128418,0.8065270185470581,0.7799999713897705,0.08124791830778122,0.7799999713897705,0.08124791830778122,0,nominal-sac-a-star,1.4105033387743577,99.0,99.0,1.254406156539917,99.0,waiter-1,0,,waiter-1,-3.3000197410583496,-2.549999952316284,0.46875563693784095,0.0,3.623555930452179,0,0,waiter-2,1.1181517839431763,-2.200000047683716,0.47099009523266844,0.0,5.184698402375887,0,0,customer-1,2.1380600929260254,2.549999952316284,0.4304726596662256,0.0,5.273576739010947,0,0,customer-2,-8.071296691894531,2.200000047683716,0.3930697907419578,0.0,5.2786142365868045,0,0
1,175,7.000000000000005,to_table,-2.884916305541992,1.021599531173706,-0.7499447682766461,0.2618318796157837,0.7934579849243164,0.7799999713897705,0.07605373859405518,0.7799999713897705,0.07605373859405518,0,nominal-sac-a-star,1.3899887063278253,99.0,99.0,1.2375239753723144,99.0,waiter-1,0,,waiter-1,-3.2812695503234863,-2.549999952316284,0.4687558912681222,0.0,3.5935245602492802,0,0,waiter-2,1.136991262435913,-2.200000047683716,0.4709900684142099,0.0,5.153100458156455,0,0,customer-1,2.1552786827087402,2.549999952316284,0.4304749248269424,0.0,5.266837131233186,0,0,customer-2,-8.055574417114258,2.200000047683716,0.3930731129629983,0.0,5.303237981090338,0,0
1,176,7.040000000000005,to_table,-2.851013660430908,0.9901429414749146,-0.7490144563421404,0.2362661361694336,0.7957439422607422,0.7799999713897705,0.07349502295255661,0.7799999713897705,0.07349502295255661,0,nominal-sac-a-star,1.3689762406310644,99.0,99.0,1.2205020809173583,99.0,waiter-1,0,,waiter-1,-3.262519359588623,-2.549999952316284,0.4687561455984035,0.0,3.5639793277879157,0,0,waiter-2,1.15583074092865,-2.200000047683716,0.4709900415957513,0.0,5.12170033758169,0,0,customer-1,2.1724977493286133,2.549999952316284,0.4304724216160771,0.0,5.260116042280347,0,0,customer-2,-8.039851188659668,2.200000047683716,0.3930668984408747,0.0,5.328019248444874,0,0
1,177,7.080000000000005,to_table,-2.8170785903930664,0.958612859249115,-0.7482872287028699,0.21409642696380615,0.7967233657836914,0.7799999713897705,0.06429386883974075,0.7799999713897705,0.06429386883974075,0,nominal-sac-a-star,1.3479521006404567,99.0,99.0,1.2033571624755859,99.0,waiter-1,0,,waiter-1,-3.2437691688537598,-2.549999952316284,0.4687563999286848,0.0,3.534463001819085,0,0,waiter-2,1.1746702194213867,-2.200000047683716,0.47099001477729274,0.0,5.090274457875309,0,0,customer-1,2.189716339111328,2.549999952316284,0.4304746867767939,0.0,5.253618595415134,0,0,customer-2,-8.024128913879395,2.200000047683716,0.3930702206619152,0.0,5.352981900112183,0,0
1,178,7.120000000000005,to_table,-2.7831170558929443,0.9270985722541809,-0.747615019575701,0.18281185626983643,0.8006727695465088,0.7799999713897705,0.06162688881158829,0.7799999713897705,0.06162688881158829,0,nominal-sac-a-star,1.3268129943910631,99.0,99.0,1.186509313583374,99.0,waiter-1,0,,waiter-1,-3.2250189781188965,-2.549999952316284,0.46875665425896607,0.0,3.505066541228154,0,0,waiter-2,1.193509578704834,-2.200000047683716,0.4709911800517297,0.0,5.058883786944502,0,0,customer-1,2.206935167312622,2.549999952316284,0.43047456775171966,0.0,5.247325993277556,0,0,customer-2,-8.008405685424805,2.200000047683716,0.39306400613979164,0.0,5.378096264298886,0,0
1,179,7.1600000000000055,to_table,-2.749135971069336,0.895607054233551,-0.746990961910776,0.15364134311676025,0.8034704923629761,0.7799999713897705,0.058487288653850555,0.7799999713897705,0.058487288653850555,0,nominal-sac-a-star,1.305906884288277,99.0,99.0,1.169985237121582,99.0,waiter-1,0,,waiter-1,-3.206268787384033,-2.549999952316284,0.46875690858924735,0.0,3.4757989089326102,0,0,waiter-2,1.2123491764068604,-2.200000047683716,0.4709899611403756,0.0,5.0275389509296815,0,0,customer-1,2.224153995513916,2.549999952316284,0.4304744487266454,0.0,5.241243073255068,0,0,customer-2,-7.992683410644531,2.200000047683716,0.39306732836083214,0.0,5.403353665311708,0,0
1,180,7.2000000000000055,to_table,-2.715137243270874,0.8641374111175537,-0.7464231983929048,0.12490653991699219,0.8058438301086426,0.7799999713897705,0.05485417693853378,0.7799999713897705,0.05485417693853378,0,nominal-sac-a-star,1.2852566481832413,99.0,99.0,1.1537722969055175,99.0,waiter-1,0,,waiter-1,-3.18751859664917,-2.549999952316284,0.4687571629195286,0.0,3.446661874831134,0,0,waiter-2,1.2311885356903076,-2.200000047683716,0.47099112641481256,0.0,4.996241139108748,0,0,customer-1,2.24137282371521,2.549999952316284,0.4304743297015712,0.0,5.235372436794868,0,0,customer-2,-7.976961135864258,2.200000047683716,0.3930706505818726,0.0,5.42874936430483,0,0
1,181,7.2400000000000055,to_table,-2.6811230182647705,0.8326874375343323,-0.745927253341761,0.09550321102142334,0.8083200454711914,0.7799999713897705,0.05017797648906708,0.7799999713897705,0.05017797648906708,0,nominal-sac-a-star,1.264853334803251,99.0,99.0,1.1378404521942138,99.0,waiter-1,0,,waiter-1,-3.1687684059143066,-2.549999952316284,0.4687574172498099,0.0,3.417655922053922,0,0,waiter-2,1.250028133392334,-2.200000047683716,0.4709899075034585,0.0,4.964991718036712,0,0,customer-1,2.258591651916504,2.549999952316284,0.43047421067649694,0.0,5.229717324696509,0,0,customer-2,-7.961238384246826,2.200000047683716,0.3930692044313311,0.0,5.454279242205457,0,0
1,182,7.280000000000006,to_table,-2.647095203399658,0.8012548089027405,-0.7454914931638003,0.0661623477935791,0.8091839551925659,0.7799999713897705,0.046474114060401917,0.7799999713897705,0.046474114060401917,0,nominal-sac-a-star,1.244673313746179,99.0,99.0,1.1222214126586914,99.0,waiter-1,0,,waiter-1,-3.1500182151794434,-2.549999952316284,0.4687576715800912,0.0,3.388781496404103,0,0,waiter-2,1.2688674926757812,-2.200000047683716,0.4709910727778954,0.0,4.93379109318972,0,0,customer-1,2.275810480117798,2.549999952316284,0.4304740916514227,0.0,5.224280806524562,0,0,customer-2,-7.9455156326293945,2.200000047683716,0.39306775828078955,0.0,5.479940445651893,0,0
1,183,7.320000000000006,to_table,-2.61305570602417,0.769837498664856,-0.7451205131895468,0.03763759136199951,0.8096821308135986,0.7799999713897705,0.04229230806231499,0.7799999713897705,0.04229230806231499,0,nominal-sac-a-star,1.2247419250603553,99.0,99.0,1.106910409927368,99.0,waiter-1,0,,waiter-1,-3.131267547607422,-2.549999952316284,0.46875315753879043,0.0,3.36003931728396,0,0,waiter-2,1.2877070903778076,-2.200000047683716,0.47098985386654135,0.0,4.902640660449783,0,0,customer-1,2.293029308319092,2.549999952316284,0.43047397262634846,0.0,5.219065867504816,0,0,customer-2,-7.929793357849121,2.200000047683716,0.39307108050183004,0.0,5.505730121877499,0,0
1,184,7.360000000000006,to_table,-2.5790066719055176,0.7384330630302429,-0.7448228404371677,0.008427262306213379,0.8101590871810913,0.7799999713897705,0.03756566718220711,0.7799999713897705,0.03756566718220711,0,nominal-sac-a-star,1.2050557381923541,99.0,99.0,1.091893138885498,99.0,waiter-1,0,,waiter-1,-3.1125173568725586,-2.549999952316284,0.4687534118690717,0.0,3.3314299253316215,0,0,waiter-2,1.3065464496612549,-2.200000047683716,0.4709910191409783,0.0,4.871541050494946,0,0,customer-1,2.3102481365203857,2.549999952316284,0.4304738536012742,0.0,5.214075869804094,0,0,customer-2,-7.9140706062316895,2.200000047683716,0.3930696343512885,0.0,5.531643990169369,0,0
1,185,7.400000000000006,to_table,-2.544950246810913,0.7070392370223999,-0.7445902072132773,-0.021720468997955322,0.8103194236755371,0.7799999713897705,0.03211766481399536,0.7799999713897705,0.03211766481399536,0,nominal-sac-a-star,1.1856037394604964,99.0,99.0,1.0771941566467285,99.0,waiter-1,0,,waiter-1,-3.0937671661376953,-2.549999952316284,0.468753666199353,0.0,3.3029538737056763,0,0,waiter-2,1.3253860473632812,-2.200000047683716,0.4709898002296242,0.0,4.840493821174311,0,0,customer-1,2.3274669647216797,2.549999952316284,0.4304737345762,0.0,5.209314127728869,0,0,customer-2,-7.898347854614258,2.200000047683716,0.39306818820074696,0.0,5.557679185541845,0,0
1,186,7.440000000000006,to_table,-2.5108871459960938,0.6756539344787598,-0.744361535919223,-0.052531540393829346,0.8108105659484863,0.7799999713897705,0.03215856850147247,0.7799999713897705,0.03215856850147247,0,nominal-sac-a-star,1.1664057584602023,99.0,99.0,1.0629634284973144,99.0,waiter-1,0,,waiter-1,-3.075016975402832,-2.549999952316284,0.46875392052963427,0.0,3.2746122612948314,0,0,waiter-2,1.3442254066467285,-2.200000047683716,0.47099096550406117,0.0,4.809498790796309,0,0,customer-1,2.3446857929229736,2.549999952316284,0.43047361555112573,0.0,5.20478256603929,0,0,customer-2,-7.882625579833984,2.200000047683716,0.39307151042178745,0.0,5.583834244890711,0,0
1,187,7.480000000000006,to_table,-2.4768176078796387,0.6442762613296509,-0.7441669493957462,-0.07800698280334473,0.809117317199707,0.7799999713897705,0.027113212272524834,0.7799999713897705,0.027113212272524834,0,nominal-sac-a-star,1.1475796581465891,99.0,99.0,1.0491392040252685,99.0,waiter-1,0,,waiter-1,-3.0562667846679688,-2.549999952316284,0.46875417485991555,0.0,3.2464075341128824,0,0,waiter-2,1.3630650043487549,-2.200000047683716,0.4709897465927071,0.0,4.778556915817646,0,0,customer-1,2.3619046211242676,2.549999952316284,0.4304734965260515,0.0,5.2004822464694795,0,0,customer-2,-7.866902828216553,2.200000047683716,0.3930700642712459,0.0,5.610106521441662,0,0
1,188,7.520000000000006,to_table,-2.4478919506073,0.6173784732818604,-0.7440585954350114,-0.37603336572647095,0.531929612159729,0.3400000035762787,-0.011653957888484001,0.3400000035762787,-0.011653957888484001,0,nominal-sac-a-star,1.5393537496278178,99.0,99.0,1.44905704498291,99.0,waiter-1,0,,waiter-1,-3.0375165939331055,-2.549999952316284,0.46875442919019683,0.0,3.221791940979688,0,0,waiter-2,1.3819043636322021,-2.200000047683716,0.47099091186714404,0.0,4.7544675347467305,0,0,customer-1,2.3791232109069824,2.549999952316284,0.43047576168676827,0.0,5.199528935462707,0,0,customer-2,-7.851180076599121,2.200000047683716,0.39306861812070437,0.0,5.630294274746784,0,0
1,189,7.560000000000006,to_table,-2.4275481700897217,0.5982943773269653,-0.744493154068829,-0.38987576961517334,0.45448243618011475,0.3400000035762787,-0.02583394944667816,0.3400000035762787,-0.02583394944667816,0,nominal-sac-a-star,1.514451788484187,99.0,99.0,1.4301096820831298,99.0,waiter-1,0,,waiter-1,-3.018766403198242,-2.549999952316284,0.4687546835204781,0.0,3.203325800667768,0,0,waiter-2,1.4007439613342285,-2.200000047683716,0.47098969295578996,0.0,4.741969246269781,0,0,customer-1,2.3963422775268555,2.549999952316284,0.430473258475903,0.0,5.203755730436513,0,0,customer-2,-7.8354573249816895,2.200000047683716,0.39306717197016283,0.0,5.640119013107554,0,0
1,190,7.600000000000006,to_table,-2.411240816116333,0.5832780003547668,-0.7445377711612616,-0.8496391773223877,0.7167913913726807,0.3400000035762787,0.0026839415077120066,0.3400000035762787,0.0026839415077120066,0,nominal-sac-a-star,1.4955720349083976,99.0,99.0,1.4148578071594238,99.0,waiter-1,0,,waiter-1,-3.000016212463379,-2.549999952316284,0.4687549378507594,0.0,3.1881165593557137,0,0,waiter-2,1.4195833206176758,-2.200000047683716,0.4709908582302269,0.0,4.7351716187775885,0,0,customer-1,2.4135608673095703,2.549999952316284,0.4304755236366198,0.0,5.210250139937309,0,0,customer-2,-7.819735050201416,2.200000047683716,0.3930704941912033,0.0,5.64496236111908,0,0
1,191,7.640000000000006,to_table,-2.396216630935669,0.569433331489563,-0.7445326704843239,-0.7814114093780518,0.6419010162353516,0.3400000035762787,0.0006993677816353738,0.3400000035762787,0.0006993677816353738,0,nominal-sac-a-star,1.480327862159513,99.0,99.0,1.400597038269043,99.0,waiter-1,0,,waiter-1,-2.9812660217285156,-2.549999952316284,0.46875519218104067,0.0,3.1738221124982435,0,0,waiter-2,1.4384229183197021,-2.200000047683716,0.47098963931887283,0.0,4.730139714045724,0,0,customer-1,2.4307799339294434,2.549999952316284,0.4304730204257545,0.0,5.217522398299079,0,0,customer-2,-7.804012298583984,2.200000047683716,0.3930690480406618,0.0,5.648274231922178,0,0
1,192,7.680000000000006,to_table,-2.381330966949463,0.5557180047035217,-0.7444798167589821,-0.7594108581542969,0.7202539443969727,0.3400000035762787,0.007926896214485168,0.3400000035762787,0.007926896214485168,0,nominal-sac-a-star,1.466068242461879,99.0,99.0,1.3864828968048095,99.0,waiter-1,0,,waiter-1,-2.9625158309936523,-2.549999952316284,0.46875544651132195,0.0,3.159629705321391,0,0,waiter-2,1.4572622776031494,-2.200000047683716,0.4709908045933098,0.0,4.725333859250355,0,0,customer-1,2.447998523712158,2.549999952316284,0.4304752855864713,0.0,5.224900364212526,0,0,customer-2,-7.788289546966553,2.200000047683716,0.39306760189012024,0.0,5.651448002316534,0,0
1,193,7.720000000000006,to_table,-2.3664731979370117,0.5420210361480713,-0.7462894502401701,-0.7638059854507446,0.7122735977172852,0.3400000035762787,-0.21798817813396454,0.3400000035762787,-0.21798817813396454,0,nominal-sac-a-star,1.4519475261471357,99.0,99.0,1.3707990074157714,99.0,waiter-1,0,,waiter-1,-2.943765640258789,-2.549999952316284,0.46875570084160323,0.0,3.14545073988863,0,0,waiter-2,1.4761018753051758,-2.200000047683716,0.4709895856819557,0.0,4.720599836639434,0,0,customer-1,2.4652175903320312,2.549999952316284,0.43047278237560604,0.0,5.232324072648788,0,0,customer-2,-7.772566795349121,2.200000047683716,0.3930661557395787,0.0,5.654621330086827,0,0
1,194,7.760000000000006,to_table,-2.351621627807617,0.528329610824585,-0.7498272805218865,-0.8516711592674255,0.8189654350280762,0.3400000035762787,-0.21332058310508728,0.3400000035762787,-0.21332058310508728,0,nominal-sac-a-star,1.436575217478894,99.0,99.0,1.3536598110198974,99.0,waiter-1,0,,waiter-1,-2.925015449523926,-2.549999952316284,0.4687559551718845,0.0,3.131276636467862,0,0,waiter-2,1.494941234588623,-2.200000047683716,0.47099075095639265,0.0,4.715912274402693,0,0,customer-1,2.482436180114746,2.549999952316284,0.4304750475363228,0.0,5.239777271984214,0,0,customer-2,-7.756844520568848,2.200000047683716,0.3930694779606192,0.0,5.657819064789796,0,0
1,195,7.800000000000006,to_table,-2.3367786407470703,0.5146416425704956,-0.7546829496514957,-0.8555342555046082,0.8089619874954224,0.3400000035762787,-0.22123922407627106,0.3400000035762787,-0.22123922407627106,0,nominal-sac-a-star,1.4200401531674824,99.0,99.0,1.3354229354858398,99.0,waiter-1,0,,waiter-1,-2.9062652587890625,-2.549999952316284,0.4687562095021658,0.0,3.1171049249646843,0,0,waiter-2,1.5137807130813599,-2.200000047683716,0.4709907241379341,0.0,4.7112723168823365,0,0,customer-1,2.499655246734619,2.549999952316284,0.43047254432545756,0.0,5.247263686630631,0,0,customer-2,-7.741121768951416,2.200000047683716,0.39306803181007766,0.0,5.661038562053372,0,0
1,196,7.840000000000006,to_table,-2.322248697280884,0.5010964274406433,-0.760668707829841,-0.8627541065216064,0.8054912090301514,0.3400000035762787,-0.22752928733825684,0.3400000035762787,-0.22752928733825684,0,nominal-sac-a-star,1.4026280861706684,99.0,99.0,1.3163530254364013,99.0,waiter-1,0,,waiter-1,-2.887515068054199,-2.549999952316284,0.46875646383244707,0.0,3.103017110570463,0,0,waiter-2,1.5326201915740967,-2.200000047683716,0.4709906973194755,0.0,4.707009275345787,0,0,customer-1,2.516873836517334,2.549999952316284,0.43047480948617434,0.0,5.255008330284692,0,0,customer-2,-7.725399017333984,2.200000047683716,0.3930665856595361,0.0,5.6639479951677645,0,0
1,197,7.880000000000006,to_table,-2.308279514312744,0.4889667332172394,-0.7662719320922238,-0.8688250184059143,0.8199989795684814,0.2199999988079071,-0.23069068789482117,0.2199999988079071,-0.23069068789482117,0,nominal-sac-a-star,1.5590666168001586,99.0,99.0,1.5231661224365234,99.0,waiter-1,0,,waiter-1,-2.868764877319336,-2.549999952316284,0.46875671816272835,0.0,3.090220438403584,0,0,waiter-2,1.5514596700668335,-2.200000047683716,0.47099067050101695,0.0,4.704054519265691,0,0,customer-1,2.534092903137207,2.549999952316284,0.4304723062753091,0.0,5.26273964390315,0,0,customer-2,-7.709676742553711,2.200000047683716,0.3930699078805766,0.0,5.665926845668177,0,0
1,198,7.920000000000006,to_table,-2.2956109046936035,0.477716326713562,-0.7717719602078954,-0.8633111119270325,0.839550256729126,0.2199999988079071,-0.2352108657360077,0.2199999988079071,-0.2352108657360077,0,nominal-sac-a-star,1.5443838500038956,99.0,99.0,1.5090016746520996,99.0,waiter-1,0,,waiter-1,-2.8500146865844727,-2.549999952316284,0.4687569724930096,0.0,3.0780561105472453,0,0,waiter-2,1.5702991485595703,-2.200000047683716,0.4709906436825584,0.0,4.702704064850271,0,0,customer-1,2.551311492919922,2.549999952316284,0.43047457143602585,0.0,5.271339123356494,0,0,customer-2,-7.693953990936279,2.200000047683716,0.39306846173003507,0.0,5.666424736313268,0,0
1,199,7.960000000000006,to_table,-2.2832939624786377,0.46702519059181213,-0.7768445664029431,-0.8670364618301392,0.8395366668701172,0.2199999988079071,-0.24145956337451935,0.2199999988079071,-0.24145956337451935,0,nominal-sac-a-star,1.5305633270329895,99.0,99.0,1.4956316375732421,99.0,waiter-1,0,,waiter-1,-2.8312644958496094,-2.549999952316284,0.4687572268232909,0.0,3.06638425810962,0,0,waiter-2,1.5891386270523071,-2.200000047683716,0.4709906168640998,0.0,4.701995085286668,0,0,customer-1,2.568530321121216,2.549999952316284,0.4304744524109516,0.0,5.2800551831311715,0,0,customer-2,-7.678231239318848,2.200000047683716,0.39306701557949353,0.0,5.666440688505683,0,0
1,200,8.000000000000005,to_table,-2.2720532417297363,0.45663148164749146,-0.7824653705705806,-0.8706458806991577,0.8419339656829834,0.2199999988079071,-0.2487349659204483,0.2199999988079071,-0.2487349659204483,0,nominal-sac-a-star,1.5174806165284522,99.0,99.0,1.4823035621643066,99.0,waiter-1,0,,waiter-1,-2.812514305114746,-2.549999952316284,0.4687574811535722,0.0,3.0548209015807006,0,0,waiter-2,1.607978105545044,-2.200000047683716,0.47099059004564126,0.0,4.702375393189235,0,0,customer-1,2.5857491493225098,2.549999952316284,0.4304743333858774,0.0,5.289653639370268,0,0,customer-2,-7.662508964538574,2.200000047683716,0.393070337800534,0.0,5.665363788549306,0,0
1,201,8.040000000000004,to_table,-2.262141466140747,0.44714903831481934,-0.7842810609169975,-0.8742232918739319,0.842505693435669,0.2199999988079071,0.04281532019376755,0.2199999988079071,0.04281532019376755,0,nominal-sac-a-star,1.5044491126030568,99.0,99.0,1.4717227840423583,99.0,waiter-1,0,,waiter-1,-2.793764114379883,-2.549999952316284,0.4687577354838446,0.0,3.0439324421152705,0,0,waiter-2,1.6268175840377808,-2.200000047683716,0.4709905632271827,0.0,4.704402276322504,0,0,customer-1,2.6029679775238037,2.549999952316284,0.43047421436080313,0.0,5.300119985939072,0,0,customer-2,-7.646786212921143,2.200000047683716,0.3930688916499925,0.0,5.6627630808709695,0,0
1,202,8.080000000000004,to_table,-2.252835750579834,0.4378602206707001,-0.7841053927758943,-0.7818524241447449,0.6891207695007324,0.2199999988079071,0.02455633319914341,0.2199999988079071,0.02455633319914341,0,nominal-sac-a-star,1.493791153493237,99.0,99.0,1.462308588027954,99.0,waiter-1,0,,waiter-1,-2.7750134468078613,-2.549999952316284,0.46875322144253495,0.0,3.0331465443924435,0,0,waiter-2,1.6456570625305176,-2.200000047683716,0.4709905364087241,0.0,4.707074782626243,0,0,customer-1,2.6201868057250977,2.549999952316284,0.4304740953357289,0.0,5.311071744973186,0,0,customer-2,-7.631063461303711,2.200000047683716,0.39306744549945094,0.0,5.659546808565475,0,0
1,203,8.120000000000003,to_table,-2.243579626083374,0.4286279082298279,-0.7839317475781066,-0.7906585931777954,0.7030935287475586,0.2199999988079071,0.02456573210656643,0.2199999988079071,0.02456573210656643,0,nominal-sac-a-star,1.4841078917962132,99.0,99.0,1.4529826068878173,99.0,waiter-1,0,,waiter-1,-2.756263256072998,-2.549999952316284,0.46875347577280735,0.0,3.0224275733391606,0,0,waiter-2,1.6644965410232544,-2.200000047683716,0.47099050959026556,0.0,4.709856076199893,0,0,customer-1,2.6374056339263916,2.549999952316284,0.43047397631065465,0.0,5.322051902966012,0,0,customer-2,-7.6153411865234375,2.200000047683716,0.39307076772049143,0.0,5.656286902081162,0,0
1,204,8.160000000000002,to_table,-2.234328031539917,0.41940441727638245,-0.7837706200466875,-0.793631374835968,0.7012844085693359,0.2199999988079071,0.022606242448091507,0.2199999988079071,0.022606242448091507,0,nominal-sac-a-star,1.4745084471231262,99.0,99.0,1.4436933422088623,99.0,waiter-1,0,,waiter-1,-2.7375130653381348,-2.549999952316284,0.46875373010307975,0.0,3.0117366233445004,0,0,waiter-2,1.6833360195159912,-2.200000047683716,0.470990482771807,0.0,4.712681971870019,0,0,customer-1,2.6546244621276855,2.549999952316284,0.4304738572855804,0.0,5.333037954043702,0,0,customer-2,-7.599618434906006,2.200000047683716,0.3930693215699499,0.0,5.653040059249354,0,0
1,205,8.200000000000001,to_table,-2.2250754833221436,0.4101828634738922,-0.7836228107639263,-0.7974586486816406,0.7005136013031006,0.2199999988079071,0.020700326189398766,0.2199999988079071,0.020700326189398766,0,nominal-sac-a-star,1.464943858189061,99.0,99.0,1.434434356689453,99.0,waiter-1,0,,waiter-1,-2.7187628746032715,-2.549999952316284,0.46875398443335214,0.0,3.0010680670736916,0,0,waiter-2,1.702175498008728,-2.200000047683716,0.47099045595334843,0.0,4.7155439877137715,0,0,customer-1,2.6718432903289795,2.549999952316284,0.43047373826050617,0.0,5.344027568177277,0,0,customer-2,-7.583895683288574,2.200000047683716,0.39306787541940835,0.0,5.64981411096516,0,0
1,206,8.24,to_table,-2.2158215045928955,0.4009624421596527,-0.7834895421885424,-0.8014217615127563,0.6993515491485596,0.2199999988079071,0.018671926110982895,0.2199999988079071,0.018671926110982895,0,nominal-sac-a-star,1.4554075852874315,99.0,99.0,1.4252042198181152,99.0,waiter-1,0,,waiter-1,-2.700012683868408,-2.549999952316284,0.46875423876362454,0.0,2.9904214003547,0,0,waiter-2,1.7210149765014648,-2.200000047683716,0.47099042913488987,0.0,4.718441199426739,0,0,customer-1,2.6890621185302734,2.549999952316284,0.4304736192354319,0.0,5.355020595333138,0,0,customer-2,-7.568173408508301,2.200000047683716,0.39307119764044884,0.0,5.646610240616632,0,0
1,207,8.28,to_table,-2.206566095352173,0.3917430639266968,-0.7833703085706847,-0.8047715425491333,0.6990599632263184,0.2199999988079071,0.016666823998093605,0.2199999988079071,0.016666823998093605,0,nominal-sac-a-star,1.4458987563335053,99.0,99.0,1.4160046005249023,99.0,waiter-1,0,,waiter-1,-2.681262493133545,-2.549999952316284,0.46875449309389694,0.0,2.9797967453638448,0,0,waiter-2,1.7398544549942017,-2.200000047683716,0.4709904023164313,0.0,4.721373477789721,0,0,customer-1,2.7062809467315674,2.549999952316284,0.4304735002103577,0.0,5.366017038287529,0,0,customer-2,-7.552450656890869,2.200000047683716,0.3930697514899073,0.0,5.643427598951174,0,0
1,208,8.319999999999999,to_table,-2.1973094940185547,0.3825247287750244,-0.7832663320838988,-0.8079664707183838,0.6984227895736694,0.2199999988079071,0.014530197717249393,0.2199999988079071,0.014530197717249393,0,nominal-sac-a-star,1.4364178694896617,99.0,99.0,1.406834545135498,99.0,waiter-1,0,,waiter-1,-2.6625123023986816,-2.549999952316284,0.46875474742416934,0.0,2.969194277600312,0,0,waiter-2,1.7586939334869385,-2.200000047683716,0.47099037549797274,0.0,4.72434094233878,0,0,customer-1,2.7234997749328613,2.549999952316284,0.43047338118528344,0.0,5.377017082552687,0,0,customer-2,-7.5367279052734375,2.200000047683716,0.39306830533936576,0.0,5.640266439210994,0,0
1,209,8.359999999999998,to_table,-2.1880545616149902,0.37330693006515503,-0.7850911657572855,-0.811343789100647,0.6975867748260498,0.2199999988079071,-0.20620036125183105,0.2199999988079071,-0.20620036125183105,0,nominal-sac-a-star,1.4269648443276695,99.0,99.0,1.3968052291870117,99.0,waiter-1,0,,waiter-1,-2.6437621116638184,-2.549999952316284,0.46875500175444174,0.0,2.958613273097752,0,0,waiter-2,1.7775334119796753,-2.200000047683716,0.47099034867951417,0.0,4.72734563767551,0,0,customer-1,2.740718364715576,2.549999952316284,0.4304756463460002,0.0,5.388023299174376,0,0,customer-2,-7.521005630493164,2.200000047683716,0.39307162756040626,0.0,5.6371246969535695,0,0
1,210,8.399999999999997,to_table,-2.178806781768799,0.36408811807632446,-0.7884386838464563,-0.8807303309440613,0.8183138370513916,0.2199999988079071,-0.19623325765132904,0.2199999988079071,-0.19623325765132904,0,nominal-sac-a-star,1.4168073879421117,99.0,99.0,1.3861193084716796,99.0,waiter-1,0,,waiter-1,-2.625011920928955,-2.549999952316284,0.46875525608471413,0.0,2.9480516122038045,0,0,waiter-2,1.796372890472412,-2.200000047683716,0.4709903218610556,0.0,4.730391268002091,0,0,customer-1,2.757937431335449,2.549999952316284,0.43047314313513496,0.0,5.399041949521099,0,0,customer-2,-7.505282878875732,2.200000047683716,0.3930701814098647,0.0,5.633996825196678,0,0
1,211,8.439999999999996,to_table,-2.1696417331695557,0.3546888530254364,-0.7940700287812767,-0.8794286251068115,0.8111598491668701,0.2199999988079071,-0.20003797113895416,0.2199999988079071,-0.20003797113895416,0,nominal-sac-a-star,1.4061104241479208,99.0,99.0,1.374269905090332,99.0,waiter-1,0,,waiter-1,-2.606261730194092,-2.549999952316284,0.46875551041498653,0.0,2.937320901379217,0,0,waiter-2,1.815212368965149,-2.200000047683716,0.47099029504259704,0.0,4.733444580293121,0,0,customer-1,2.775156021118164,2.549999952316284,0.43047540829585174,0.0,5.4102140118001305,0,0,customer-2,-7.489560127258301,2.200000047683716,0.3930687352593232,0.0,5.63087072528707,0,0
1,212,8.479999999999995,to_table,-2.16046404838562,0.3451259732246399,-0.7997290454511603,-0.8813757300376892,0.8097703456878662,0.2199999988079071,-0.20029570162296295,0.2199999988079071,-0.20029570162296295,0,nominal-sac-a-star,1.3944205136556853,99.0,99.0,1.3623220348358154,99.0,waiter-1,0,,waiter-1,-2.5875115394592285,-2.549999952316284,0.46875576474525893,0.0,2.926452405963824,0,0,waiter-2,1.8340518474578857,-2.200000047683716,0.4709902682241385,0.0,4.736435759561323,0,0,customer-1,2.792375087738037,2.549999952316284,0.4304729050849865,0.0,5.4214467415989205,0,0,customer-2,-7.473837375640869,2.200000047683716,0.39306728910878164,0.0,5.627832082328677,0,0
1,213,8.519999999999994,to_table,-2.151423215866089,0.33567145466804504,-0.8055503594599387,-0.8822476863861084,0.8101465702056885,0.2199999988079071,-0.20048385858535767,0.2199999988079071,-0.20048385858535767,0,nominal-sac-a-star,1.382621201247443,99.0,99.0,1.350494565963745,99.0,waiter-1,0,,waiter-1,-2.5687613487243652,-2.549999952316284,0.4687560190755313,0.0,2.915693843019968,0,0,waiter-2,1.8528913259506226,-2.200000047683716,0.4709902414056799,0.0,4.739637635689422,0,0,customer-1,2.809593677520752,2.549999952316284,0.43047517024570325,0.0,5.432765346668925,0,0,customer-2,-7.4581146240234375,2.200000047683716,0.3930658429582401,0.0,5.624650638408292,0,0
1,214,8.559999999999993,to_table,-2.14245343208313,0.3263556957244873,-0.8108746008672885,-0.8830571174621582,0.8100687265396118,0.2199999988079071,-0.20073820650577545,0.2199999988079071,-0.20073820650577545,0,nominal-sac-a-star,1.3709351498936253,99.0,99.0,1.3391103172302246,99.0,waiter-1,0,,waiter-1,-2.550011157989502,-2.549999952316284,0.4687562734058037,0.0,2.905086076859345,0,0,waiter-2,1.8717308044433594,-2.200000047683716,0.47099021458722135,0.0,4.743010481437857,0,0,customer-1,2.826812744140625,2.549999952316284,0.430472667034838,0.0,5.44409773149189,0,0,customer-2,-7.442392349243164,2.200000047683716,0.3930691651792806,0.0,5.6213784504564535,0,0
1,215,8.599999999999993,to_table,-2.1334481239318848,0.31716635823249817,-0.8174732494290124,-0.9111363887786865,-0.08327370882034302,0.2199999988079071,-0.3091983199119568,0.2199999988079071,-0.3091983199119568,0,nominal-sac-a-star,1.3596377083949918,99.0,99.0,1.3273796463012695,99.0,waiter-1,0,,waiter-1,-2.5312609672546387,-2.549999952316284,0.4687565277360761,0.0,2.8946325691974186,0,0,waiter-2,1.8905702829360962,-2.200000047683716,0.4709901877687628,0.0,4.74645666301563,0,0,customer-1,2.84403133392334,2.549999952316284,0.43047493219555477,0.0,5.455350365672205,0,0,customer-2,-7.426669597625732,2.200000047683716,0.39306771902873905,0.0,5.618118570456319,0,0
1,216,8.639999999999992,to_table,-2.124619483947754,0.30822569131851196,-0.823697177729555,-0.9376735687255859,0.760814905166626,0.2199999988079071,-0.2082456648349762,0.2199999988079071,-0.2082456648349762,0,nominal-sac-a-star,1.348074569772277,99.0,99.0,1.3161615753173828,99.0,waiter-1,0,,waiter-1,-2.5125107765197754,-2.549999952316284,0.4687567820663485,0.0,2.8844260234550543,0,0,waiter-2,1.909409761428833,-2.200000047683716,0.4709901609503042,0.0,4.750219817055508,0,0,customer-1,2.861250400543213,2.549999952316284,0.4304724289846895,0.0,5.466667206108863,0,0,customer-2,-7.410946846008301,2.200000047683716,0.3930662728781975,0.0,5.614629746855175,0,0
1,217,8.67999999999999,to_table,-2.1156418323516846,0.2990396022796631,-0.8298764458092868,-0.47618210315704346,-0.2228444218635559,0.2199999988079071,-0.3274436593055725,0.2199999988079071,-0.3274436593055725,0,nominal-sac-a-star,1.336972883847781,99.0,99.0,1.304804983139038,99.0,waiter-1,0,,waiter-1,-2.493760585784912,-2.549999952316284,0.4687570363966209,0.0,2.8740216031460464,0,0,waiter-2,1.9282492399215698,-2.200000047683716,0.47099013413184565,0.0,4.753762107689069,0,0,customer-1,2.8784689903259277,2.549999952316284,0.4304746941454063,0.0,5.477952665606252,0,0,customer-2,-7.395224571228027,2.200000047683716,0.393069595099238,0.0,5.611385257815738,0,0
1,218,8.71999999999999,to_table,-2.1065151691436768,0.28979045152664185,-0.8366426655212007,-0.7954359650611877,0.8449304103851318,0.2199999988079071,-0.20103393495082855,0.2199999988079071,-0.20103393495082855,0,nominal-sac-a-star,1.3257170689529976,99.0,99.0,1.2932288074493408,99.0,waiter-1,0,,waiter-1,-2.475010395050049,-2.549999952316284,0.4687572907268933,0.0,2.863598831762954,0,0,waiter-2,1.9470887184143066,-2.200000047683716,0.4709901073133871,0.0,4.7571799637162515,0,0,customer-1,2.8956878185272217,2.549999952316284,0.43047457512033205,0.0,5.4891330569884556,0,0,customer-2,-7.379501819610596,2.200000047683716,0.39306814894869646,0.0,5.608323182311528,0,0
1,219,8.75999999999999,to_table,-2.097944498062134,0.2801544666290283,-0.8416940189148834,-0.8609132766723633,0.988039493560791,0.2199999988079071,-0.18566878139972687,0.2199999988079071,-0.18566878139972687,0,nominal-sac-a-star,1.3142690304129805,99.0,99.0,1.2821027660369873,99.0,waiter-1,0,,waiter-1,-2.4562602043151855,-2.549999952316284,0.4687575450571657,0.0,2.8527467781812152,0,0,waiter-2,1.9659281969070435,-2.200000047683716,0.4709900804949285,0.0,4.760906184307975,0,0,customer-1,2.9129066467285156,2.549999952316284,0.4304744560952578,0.0,5.500984250490505,0,0,customer-2,-7.363779067993164,2.200000047683716,0.3930667027981549,0.0,5.60489257461514,0,0
1,220,8.799999999999988,to_table,-2.0891644954681396,0.2704150974750519,-0.8464848053457577,-0.8390581607818604,0.7664885520935059,0.2199999988079071,-0.21483385562896729,0.2199999988079071,-0.21483385562896729,0,nominal-sac-a-star,1.303115858635893,99.0,99.0,1.2710544490814208,99.0,waiter-1,0,,waiter-1,-2.437509536743164,-2.549999952316284,0.4687530310158561,0.0,2.8418454076304647,0,0,waiter-2,1.9847676753997803,-2.200000047683716,0.47099005367646996,0.0,4.764438510702223,0,0,customer-1,2.9301257133483887,2.549999952316284,0.43047195288439255,0.0,5.512692745904037,0,0,customer-2,-7.348056793212891,2.200000047683716,0.3930700250191954,0.0,5.6017181542229375,0,0
1,221,8.839999999999987,to_table,-2.0814714431762695,0.2625538110733032,-0.8504519569476674,-0.8498815298080444,0.7845959663391113,0.10000000149011612,-0.21650277078151703,0.10000000149011612,-0.21650277078151703,0,nominal-sac-a-star,1.5195933048996602,99.0,99.0,1.5581774139404296,99.0,waiter-1,0,,waiter-1,-2.418759346008301,-2.549999952316284,0.4687532853461285,0.0,2.8327057385746515,0,0,waiter-2,2.0036072731018066,-2.200000047683716,0.4709888347651159,0.0,4.769909813137689,0,0,customer-1,2.9473443031311035,2.549999952316284,0.4304742180451093,0.0,5.524617421993706,0,0,customer-2,-7.332334041595459,2.200000047683716,0.3930685788686539,0.0,5.596896992730291,0,0
1,222,8.879999999999987,to_table,-2.074929714202881,0.2560657262802124,-0.8553335797269489,-0.8299089670181274,0.7513431310653687,0.10000000149011612,-0.22556042671203613,0.10000000149011612,-0.22556042671203613,0,nominal-sac-a-star,1.512333127267096,99.0,99.0,1.5528990650177001,99.0,waiter-1,0,,waiter-1,-2.4000091552734375,-2.549999952316284,0.4687535396764009,0.0,2.824832957115157,0,0,waiter-2,2.022446632385254,-2.200000047683716,0.4709900000395528,0.0,4.777107075586328,0,0,customer-1,2.9645633697509766,2.549999952316284,0.43047171483424407,0.0,5.537023096989796,0,0,customer-2,-7.316611289978027,2.200000047683716,0.39306713271811233,0.0,5.59053721817064,0,0
1,223,8.919999999999986,to_table,-2.068699836730957,0.25007307529449463,-0.8596905443936469,-0.8105842471122742,0.8248692750930786,0.10000000149011612,-0.2198713719844818,0.10000000149011612,-0.2198713719844818,0,nominal-sac-a-star,1.5065003077559522,99.0,99.0,1.5483271503448486,99.0,waiter-1,0,,waiter-1,-2.381258964538574,-2.549999952316284,0.4687537940066733,0.0,2.8174637829667395,0,0,waiter-2,2.041285991668701,-2.200000047683716,0.47099116531398977,0.0,4.784855464649505,0,0,customer-1,2.9817819595336914,2.549999952316284,0.43047397999496084,0.0,5.549507186593039,0,0,customer-2,-7.300889015197754,2.200000047683716,0.3930704549391528,0.0,5.583728037513651,0,0
1,224,8.959999999999985,to_table,-2.0637874603271484,0.24441981315612793,-0.8640293018222217,-0.8153848052024841,0.8261979818344116,0.10000000149011612,-0.22369390726089478,0.10000000149011612,-0.22369390726089478,0,nominal-sac-a-star,1.5013427791181693,99.0,99.0,1.5444015884399414,99.0,waiter-1,0,,waiter-1,-2.362508773803711,-2.549999952316284,0.4687540483369457,0.0,2.810340948850878,0,0,waiter-2,2.0601255893707275,-2.200000047683716,0.4709899464026357,0.0,4.793938599683638,0,0,customer-1,2.9990005493164062,2.549999952316284,0.4304762451556776,0.0,5.5630497219313355,0,0,customer-2,-7.285166263580322,2.200000047683716,0.3930690087886113,0.0,5.575579849731911,0,0
1,225,8.999999999999984,to_table,-2.058807134628296,0.23872849345207214,-0.8703750475464795,-0.8338348865509033,0.8325482606887817,0.10000000149011612,-0.37672141194343567,0.10000000149011612,-0.37672141194343567,0,nominal-sac-a-star,1.496759657674588,99.0,99.0,1.5402252101898193,99.0,waiter-1,0,,waiter-1,-2.3437585830688477,-2.549999952316284,0.46875430266721807,0.0,2.803248771016579,0,0,waiter-2,2.078965187072754,-2.200000047683716,0.4709887274912816,0.0,4.802973733384931,0,0,customer-1,3.0162196159362793,2.549999952316284,0.43047374194481236,0.0,5.576546626318687,0,0,customer-2,-7.269443511962891,2.200000047683716,0.39306756263806975,0.0,5.567523467955999,0,0
1,226,9.039999999999983,to_table,-2.054628372192383,0.23344305157661438,-0.8790856100328182,-0.8481930494308472,0.8698616027832031,0.10000000149011612,-0.3714694082736969,0.10000000149011612,-0.3714694082736969,0,nominal-sac-a-star,1.4919605019311728,99.0,99.0,1.536360445022583,99.0,waiter-1,0,,waiter-1,-2.3250083923339844,-2.549999952316284,0.46875455699749047,0.0,2.79654435173342,0,0,waiter-2,2.097804546356201,-2.200000047683716,0.47098989276571857,0.0,4.812935119070652,0,0,customer-1,3.033438205718994,2.549999952316284,0.43047600710552913,0.0,5.590604383751669,0,0,customer-2,-7.253721237182617,2.200000047683716,0.39307088485911024,0.0,5.558589122945691,0,0
1,227,9.079999999999982,to_table,-2.050076484680176,0.2285965383052826,-0.8895073774255111,-0.847046434879303,0.8686473369598389,0.10000000149011612,-0.3665655255317688,0.10000000149011612,-0.3665655255317688,0,nominal-sac-a-star,1.4874685417479339,99.0,99.0,1.532752456665039,99.0,waiter-1,0,,waiter-1,-2.306258201599121,-2.549999952316284,0.46875481132776287,0.0,2.7903812516890993,0,0,waiter-2,2.1166439056396484,-2.200000047683716,0.4709910580401555,0.0,4.822824917886239,0,0,customer-1,3.050657272338867,2.549999952316284,0.4304735038946639,0.0,5.604141207230198,0,0,customer-2,-7.2379984855651855,2.200000047683716,0.3930694387085687,0.0,5.549861843690915,0,0
1,228,9.119999999999981,to_table,-2.0448665618896484,0.2238188534975052,-0.899177465886157,-0.8456242680549622,0.867820143699646,0.10000000149011612,-0.3608478009700775,0.10000000149011612,-0.3608478009700775,0,nominal-sac-a-star,1.4832718989044316,99.0,99.0,1.5293337726593017,99.0,waiter-1,0,,waiter-1,-2.287508010864258,-2.549999952316284,0.46875506565803526,0.0,2.784411183759815,0,0,waiter-2,2.1354832649230957,-2.200000047683716,0.47099222331459245,0.0,4.832206818862028,0,0,customer-1,3.067875862121582,2.549999952316284,0.43047576905538065,0.0,5.617050257812011,0,0,customer-2,-7.222275733947754,2.200000047683716,0.39306799255802716,0.0,5.541737800290324,0,0
1,229,9.15999999999998,to_table,-2.039522409439087,0.21912561357021332,-0.9093745488778946,-0.8438338041305542,0.8668937683105469,0.10000000149011612,-0.357852041721344,0.10000000149011612,-0.357852041721344,0,nominal-sac-a-star,1.4792701274103397,99.0,99.0,1.5260350131988525,99.0,waiter-1,0,,waiter-1,-2.2687578201293945,-2.549999952316284,0.46875531998830766,0.0,2.7785977170437195,0,0,waiter-2,2.154322862625122,-2.200000047683716,0.4709910044032384,0.0,4.841539747947194,0,0,customer-1,3.085094928741455,2.549999952316284,0.4304732658445154,0.0,5.62980266490803,0,0,customer-2,-7.2065534591674805,2.200000047683716,0.39307131477906765,0.0,5.533721477684054,0,0
1,230,9.19999999999998,to_table,-2.0349347591400146,0.21401198208332062,-0.9203880434938043,-0.8427816033363342,0.8664195537567139,0.10000000149011612,-0.35475653409957886,0.10000000149011612,-0.35475653409957886,0,nominal-sac-a-star,1.4753883434343322,99.0,99.0,1.5225164318084716,99.0,waiter-1,0,,waiter-1,-2.2500076293945312,-2.549999952316284,0.46875557431858006,0.0,2.772366915295117,0,0,waiter-2,2.1731624603271484,-2.200000047683716,0.4709897854918843,0.0,4.851343761098283,0,0,customer-1,3.10231351852417,2.549999952316284,0.43047553100523217,0.0,5.643417374555665,0,0,customer-2,-7.190830707550049,2.200000047683716,0.3930698686285261,0.0,5.525161683384316,0,0
1,231,9.239999999999979,to_table,-2.031264305114746,0.21023721992969513,-0.9319759283024923,-0.8417729735374451,0.865614652633667,0.10000000149011612,-0.3487789034843445,0.10000000149011612,-0.3487789034843445,0,nominal-sac-a-star,1.4712379925531476,99.0,99.0,1.520590009689331,99.0,waiter-1,0,,waiter-1,-2.231257438659668,-2.549999952316284,0.46875582864885246,0.0,2.7674729448566606,0,0,waiter-2,2.1920018196105957,-2.200000047683716,0.47099095076632125,0.0,4.862635134003493,0,0,customer-1,3.119532585144043,2.549999952316284,0.4304730277943669,0.0,5.657313695435738,0,0,customer-2,-7.175107955932617,2.200000047683716,0.39306842247798457,0.0,5.515277292645493,0,0
1,232,9.279999999999978,to_table,-2.0271220207214355,0.2062000185251236,-0.9427652378601056,-0.8396980166435242,0.8641252517700195,0.10000000149011612,-0.34104079008102417,0.10000000149011612,-0.34104079008102417,0,nominal-sac-a-star,1.468633456704143,99.0,99.0,1.518568696975708,99.0,waiter-1,0,,waiter-1,-2.2125072479248047,-2.549999952316284,0.46875608297912486,0.0,2.7624275486845664,0,0,waiter-2,2.210841178894043,-2.200000047683716,0.4709921160407582,0.0,4.873410596278389,0,0,customer-1,3.136751174926758,2.549999952316284,0.4304752929550837,0.0,5.670889216901819,0,0,customer-2,-7.1593852043151855,2.200000047683716,0.39306697632744303,0.0,5.50593897005267,0,0
1,233,9.319999999999977,to_table,-2.0230553150177,0.20160403847694397,-0.9534516130164984,-0.8373425006866455,0.8625710010528564,0.10000000149011612,-0.33541709184646606,0.10000000149011612,-0.33541709184646606,0,nominal-sac-a-star,1.4659271821045459,99.0,99.0,1.5161919021606445,99.0,waiter-1,0,,waiter-1,-2.1937570571899414,-2.549999952316284,0.46875633730939725,0.0,2.7568938330900337,0,0,waiter-2,2.2296807765960693,-2.200000047683716,0.4709908971294041,0.0,4.884001069981244,0,0,customer-1,3.153970241546631,2.549999952316284,0.43047278974421843,0.0,5.684765340931632,0,0,customer-2,-7.143662929534912,2.200000047683716,0.3930702985484835,0.0,5.496745305311608,0,0
1,234,9.359999999999976,to_table,-2.0190799236297607,0.19656558334827423,-0.9644700890256624,-0.8355225324630737,0.8612864017486572,0.10000000149011612,-0.32946959137916565,0.10000000149011612,-0.32946959137916565,0,nominal-sac-a-star,1.4628363946230412,99.0,99.0,1.513533296585083,99.0,waiter-1,0,,waiter-1,-2.175006866455078,-2.549999952316284,0.46875659163966965,0.0,2.750988086706155,0,0,waiter-2,2.2485203742980957,-2.200000047683716,0.47098967821805005,0.0,4.894480475670292,0,0,customer-1,3.1711888313293457,2.549999952316284,0.4304750549049352,0.0,5.698907182762728,0,0,customer-2,-7.1279401779174805,2.200000047683716,0.393068852397942,0.0,5.487640909418894,0,0
1,235,9.399999999999975,to_table,-2.0157546997070312,0.19181327521800995,-0.9741186515001434,-0.8351558446884155,0.8535549640655518,0.10000000149011612,-0.32351601123809814,0.10000000149011612,-0.32351601123809814,0,nominal-sac-a-star,1.4594386545413398,99.0,99.0,1.5116207027435302,99.0,waiter-1,0,,waiter-1,-2.156256675720215,-2.549999952316284,0.46875684596994205,0.0,2.74541082170695,0,0,waiter-2,2.267359733581543,-2.200000047683716,0.470990843492487,0.0,4.905694672546907,0,0,customer-1,3.1884078979492188,2.549999952316284,0.43047255169406995,0.0,5.71352367168353,0,0,customer-2,-7.112217426300049,2.200000047683716,0.39306740624740044,0.0,5.477841403021647,0,0
1,236,9.439999999999975,to_table,-2.011883497238159,0.18750284612178802,-0.9842083777899616,-0.8322715759277344,0.8512983322143555,0.10000000149011612,-0.31726372241973877,0.10000000149011612,-0.31726372241973877,0,nominal-sac-a-star,1.4567245864081988,99.0,99.0,1.5101191425323486,99.0,waiter-1,0,,waiter-1,-2.1375064849853516,-2.549999952316284,0.46875710030021445,0.0,2.740383678703916,0,0,waiter-2,2.2861990928649902,-2.200000047683716,0.47099200876692393,0.0,4.916674081050874,0,0,customer-1,3.2056264877319336,2.549999952316284,0.4304748168547867,0.0,5.727460433738498,0,0,customer-2,-7.096494674682617,2.200000047683716,0.3930659600968589,0.0,5.468401577434461,0,0
1,237,9.479999999999974,to_table,-2.0089659690856934,0.18357598781585693,-0.9940813727494715,-0.34674501419067383,0.8890833854675293,0.10000000149011612,-0.3075351119041443,0.10000000149011612,-0.3075351119041443,0,nominal-sac-a-star,1.454443994853924,99.0,99.0,1.5094148540496826,99.0,waiter-1,0,,waiter-1,-2.1187562942504883,-2.549999952316284,0.46875735463048684,0.0,2.7357798405517046,0,0,waiter-2,2.3050386905670166,-2.200000047683716,0.47099078985556986,0.0,4.928698704578436,0,0,customer-1,3.2228455543518066,2.549999952316284,0.43047231364392147,0.0,5.742108863173471,0,0,customer-2,-7.080772399902344,2.200000047683716,0.3930692823178994,0.0,5.457947092166349,0,0
1,238,9.519999999999973,to_table,-2.005904197692871,0.17873649299144745,-1.0034920321794654,-0.878273069858551,0.845073938369751,0.10000000149011612,-0.3057610094547272,0.10000000149011612,-0.3057610094547272,0,nominal-sac-a-star,1.4528956687828982,99.0,99.0,1.5080031776428222,99.0,waiter-1,0,,waiter-1,-2.100006103515625,-2.549999952316284,0.46875760896075924,0.0,2.7303585399412564,0,0,waiter-2,2.323878288269043,-2.200000047683716,0.4709895709442158,0.0,4.940182578173176,0,0,customer-1,3.2400641441345215,2.549999952316284,0.43047457880463824,0.0,5.757002191851627,0,0,customer-2,-7.065049648284912,2.200000047683716,0.39306783616735785,0.0,5.447977519022391,0,0
1,239,9.559999999999972,to_table,-2.0029351711273193,0.17381110787391663,-1.0131917426323869,-0.8758799433708191,0.8439351320266724,0.10000000149011612,-0.29929691553115845,0.10000000149011612,-0.29929691553115845,0,nominal-sac-a-star,1.4506175562510633,99.0,99.0,1.5066778087615966,99.0,waiter-1,0,,waiter-1,-2.0812554359436035,-2.549999952316284,0.4687530949194496,0.0,2.7249368351386347,0,0,waiter-2,2.3427176475524902,-2.200000047683716,0.47099073621865273,0.0,4.9517348296076635,0,0,customer-1,3.2572832107543945,2.549999952316284,0.430472075593773,0.0,5.772016185834776,0,0,customer-2,-7.0493268966674805,2.200000047683716,0.3930663900168163,0.0,5.437969388237466,0,0
1,240,9.599999999999971,to_table,-1.9998548030853271,0.16866783797740936,-1.0218081589095642,-0.8734524846076965,0.8408966064453125,0.10000000149011612,-0.2925172448158264,0.10000000149011612,-0.2925172448158264,0,nominal-sac-a-star,1.448404848144428,99.0,99.0,1.5053693675994873,99.0,waiter-1,0,,waiter-1,-2.0625052452087402,-2.549999952316284,0.468753349249722,0.0,2.719389569715721,0,0,waiter-2,2.3615570068359375,-2.200000047683716,0.47099190149308967,0.0,4.963113995092499,0,0,customer-1,3.2745018005371094,2.549999952316284,0.43047434075448976,0.0,5.787018249578729,0,0,customer-2,-7.033604621887207,2.200000047683716,0.3930697122378568,0.0,5.42816246850426,0,0
1,241,9.63999999999997,to_table,-1.9965630769729614,0.16337954998016357,-1.0302780604726458,-0.8702923655509949,0.836624026298523,0.10000000149011612,-0.2875079810619354,0.10000000149011612,-0.2875079810619354,0,nominal-sac-a-star,1.4461931995878379,99.0,99.0,1.5040342235565185,99.0,waiter-1,0,,waiter-1,-2.043755054473877,-2.549999952316284,0.4687536035799944,0.0,2.7137898603655675,0,0,waiter-2,2.380396604537964,-2.200000047683716,0.4709906825817356,0.0,4.974267702509194,0,0,customer-1,3.2917208671569824,2.549999952316284,0.4304718375436245,0.0,5.801887970186048,0,0,customer-2,-7.017881870269775,2.200000047683716,0.39306826608731527,0.0,5.418622101197133,0,0
1,242,9.67999999999997,to_table,-1.9934748411178589,0.15820686519145966,-1.0384878445164594,-0.8679230213165283,0.8327487707138062,0.10000000149011612,-0.2832700312137604,0.10000000149011612,-0.2832700312137604,0,nominal-sac-a-star,1.443949984844982,99.0,99.0,1.5030462169647216,99.0,waiter-1,0,,waiter-1,-2.0250048637390137,-2.549999952316284,0.4687538579102668,0.0,2.708390353830465,0,0,waiter-2,2.3992362022399902,-2.200000047683716,0.4709894636703815,0.0,4.98568452214641,0,0,customer-1,3.3089394569396973,2.549999952316284,0.4304741027043413,0.0,5.81689535404096,0,0,customer-2,-7.002159118652344,2.200000047683716,0.3930668199367737,0.0,5.408866571851537,0,0
1,243,9.719999999999969,to_table,-1.9904277324676514,0.15306052565574646,-1.0466197707387364,-0.8650125861167908,0.828511118888855,0.10000000149011612,-0.27904975414276123,0.10000000149011612,-0.27904975414276123,0,nominal-sac-a-star,1.4420304741759589,99.0,99.0,1.5022591972351074,99.0,waiter-1,0,,waiter-1,-2.0062546730041504,-2.549999952316284,0.4687541122405392,0.0,2.70310681246989,0,0,waiter-2,2.4180755615234375,-2.200000047683716,0.47099062894481847,0.0,4.997178739542435,0,0,customer-1,3.326158046722412,2.549999952316284,0.43047636786505805,0.0,5.831929608848666,0,0,customer-2,-6.98643684387207,2.200000047683716,0.3930701421578142,0.0,5.39908033354534,0,0
1,244,9.759999999999968,to_table,-1.9874966144561768,0.14764295518398285,-1.0579643534600864,-0.7841169834136963,-0.4803375005722046,0.10000000149011612,-0.43152564764022827,0.10000000149011612,-0.43152564764022827,0,nominal-sac-a-star,1.4402976459657184,99.0,99.0,1.5012163543701171,99.0,waiter-1,0,,waiter-1,-1.987504482269287,-2.549999952316284,0.4687543665708116,0.0,2.6976429075117405,0,0,waiter-2,2.4369149208068848,-2.200000047683716,0.4709917942192554,0.0,5.008676981227928,0,0,customer-1,3.343377113342285,2.549999952316284,0.4304738646541928,0.0,5.8471817009053515,0,0,customer-2,-6.970714092254639,2.200000047683716,0.3930686960072727,0.0,5.389306640577248,0,0
1,245,9.799999999999967,to_table,-1.9842487573623657,0.1423112452030182,-1.0711449022058552,-0.8856672048568726,0.7076570987701416,0.10000000149011612,-0.28005528450012207,0.10000000149011612,-0.28005528450012207,0,nominal-sac-a-star,1.4382807252971443,99.0,99.0,1.5002502822875976,99.0,waiter-1,0,,waiter-1,-1.9687542915344238,-2.549999952316284,0.468754620901084,0.0,2.69235578309389,0,0,waiter-2,2.455754518508911,-2.200000047683716,0.47099057530790134,0.0,5.019965267064344,0,0,customer-1,3.360595703125,2.549999952316284,0.43047612981490957,0.0,5.862109451141563,0,0,customer-2,-6.954991340637207,2.200000047683716,0.39306724985673114,0.0,5.379810873723749,0,0
1,246,9.839999999999966,to_table,-1.9820890426635742,0.1374090313911438,-1.0789425478425207,-0.8881357312202454,0.69480299949646,0.10000000149011612,-0.2715805470943451,0.10000000149011612,-0.2715805470943451,0,nominal-sac-a-star,1.4363355164287697,99.0,99.0,1.5004233741760253,99.0,waiter-1,0,,waiter-1,-1.9500041007995605,-2.549999952316284,0.4687548752313564,0.0,2.6876005077402794,0,0,waiter-2,2.4745941162109375,-2.200000047683716,0.47098935639654727,0.0,5.032445328221389,0,0,customer-1,3.377814769744873,2.549999952316284,0.4304736266040443,0.0,5.8778536754499955,0,0,customer-2,-6.939269065856934,2.200000047683716,0.39307057207777163,0.0,5.369163387608738,0,0
1,247,9.879999999999965,to_table,-1.978551983833313,0.13227106630802155,-1.0864735381573172,-0.8887518048286438,0.6973192691802979,0.10000000149011612,-0.26503893733024597,0.10000000149011612,-0.26503893733024597,0,nominal-sac-a-star,1.4355624883397633,99.0,99.0,1.499986114501953,99.0,waiter-1,0,,waiter-1,-1.9312539100646973,-2.549999952316284,0.4687551295616288,0.0,2.6826880036884817,0,0,waiter-2,2.4934334754943848,-2.200000047683716,0.4709905216709842,0.0,5.043623944902972,0,0,customer-1,3.395033359527588,2.549999952316284,0.4304758917647611,0.0,5.892438579113222,0,0,customer-2,-6.923546314239502,2.200000047683716,0.3930691259272301,0.0,5.3598947814458375,0,0
1,248,9.919999999999964,to_table,-1.975736141204834,0.12696433067321777,-1.0940974325836295,-0.8895732164382935,0.6990222930908203,0.10000000149011612,-0.2631177306175232,0.10000000149011612,-0.2631177306175232,0,nominal-sac-a-star,1.434354369194887,99.0,99.0,1.4996439838409423,99.0,waiter-1,0,,waiter-1,-1.912503719329834,-2.549999952316284,0.4687553838919012,0.0,2.677710983578638,0,0,waiter-2,2.512272834777832,-2.200000047683716,0.47099168694542115,0.0,5.055391951831534,0,0,customer-1,3.412252426147461,2.549999952316284,0.43047338855389583,0.0,5.907751046351754,0,0,customer-2,-6.90782356262207,2.200000047683716,0.39306767977668855,0.0,5.350043309778282,0,0
1,249,9.959999999999964,to_table,-1.9729866981506348,0.12167521566152573,-1.1016276445013566,-0.89067542552948,0.6991305351257324,0.10000000149011612,-0.2591274082660675,0.10000000149011612,-0.2591274082660675,0,nominal-sac-a-star,1.4333195118608275,99.0,99.0,1.4993750476837158,99.0,waiter-1,0,,waiter-1,-1.8937535285949707,-2.549999952316284,0.4687556382221736,0.0,2.67284980841556,0,0,waiter-2,2.5311124324798584,-2.200000047683716,0.4709904680340671,0.0,5.067256161570635,0,0,customer-1,3.429471015930176,2.549999952316284,0.4304756537146126,0.0,5.9231166102889325,0,0,customer-2,-6.892101287841797,2.200000047683716,0.39307100199772904,0.0,5.3401425499618,0,0
1,250,9.999999999999963,to_table,-1.9702868461608887,0.11640717834234238,-1.1099373396018126,-0.35679733753204346,0.9188669919967651,0.10000000149011612,-0.29649633169174194,0.10000000149011612,-0.29649633169174194,0,nominal-sac-a-star,1.4324727718260957,99.0,99.0,1.4991425895690917,99.0,waiter-1,0,,waiter-1,-1.8750033378601074,-2.549999952316284,0.468755892552446,0.0,2.6681090557511467,0,0,waiter-2,2.5499520301818848,-2.200000047683716,0.470989249122713,0.0,5.079202883916562,0,0,customer-1,3.446690082550049,2.549999952316284,0.43047315050374735,0.0,5.938519414443702,0,0,customer-2,-6.876378536224365,2.200000047683716,0.3930695558471875,0.0,5.3302058981319025,0,0
1,251,10.039999999999962,to_table,-1.9676799774169922,0.11152298003435135,-1.1197746712937238,-0.6915079355239868,0.5126864910125732,0.10000000149011612,-0.33959561586380005,0.10000000149011612,-0.33959561586380005,0,nominal-sac-a-star,1.431779253857905,99.0,99.0,1.4992856407165527,99.0,waiter-1,0,,waiter-1,-1.8562531471252441,-2.549999952316284,0.4687561468827184,0.0,2.6638543987870644,0,0,waiter-2,2.568791389465332,-2.200000047683716,0.47099041439714995,0.0,5.091435079642485,0,0,customer-1,3.4639086723327637,2.549999952316284,0.4304754156644641,0.0,5.953849612178631,0,0,customer-2,-6.860655784606934,2.200000047683716,0.39306810969664596,0.0,5.320051570412015,0,0
1,252,10.079999999999961,to_table,-1.9655851125717163,0.10609877854585648,-1.1309743521178433,-0.6918685436248779,0.5194727182388306,0.10000000149011612,-0.3312564194202423,0.10000000149011612,-0.3312564194202423,0,nominal-sac-a-star,1.4315818121412298,99.0,99.0,1.4990810775756835,99.0,waiter-1,0,,waiter-1,-1.8375029563903809,-2.549999952316284,0.4687564012129908,0.0,2.6591851208254633,0,0,waiter-2,2.5876307487487793,-2.200000047683716,0.4709915796715869,0.0,5.103906981530713,0,0,customer-1,3.4811277389526367,2.549999952316284,0.43047291245359887,0.0,5.969868828887032,0,0,customer-2,-6.84493350982666,2.200000047683716,0.39307143191768645,0.0,5.30965755079285,0,0
1,253,10.11999999999996,to_table,-1.962945818901062,0.1003018468618393,-1.1411751215311754,-0.6937339901924133,0.516447901725769,0.10000000149011612,-0.3211173713207245,0.10000000149011612,-0.3211173713207245,0,nominal-sac-a-star,1.4311551105250793,99.0,99.0,1.498424949645996,99.0,waiter-1,0,,waiter-1,-1.8187527656555176,-2.549999952316284,0.4687566555432632,0.0,2.654221404354028,0,0,waiter-2,2.6064703464508057,-2.200000047683716,0.4709903607602328,0.0,5.115755359497641,0,0,customer-1,3.4983463287353516,2.549999952316284,0.43047517761431564,0.0,5.985543645292568,0,0,customer-2,-6.82921028137207,2.200000047683716,0.3930652173955629,0.0,5.299930410226429,0,0
1,254,10.15999999999996,to_table,-1.960677146911621,0.09541637450456619,-1.1515648763249402,-0.6940895318984985,0.5149140357971191,0.10000000149011612,-0.31330886483192444,0.10000000149011612,-0.31330886483192444,0,nominal-sac-a-star,1.4304163923087265,99.0,99.0,1.4987871074676513,99.0,waiter-1,0,,waiter-1,-1.8000025749206543,-2.549999952316284,0.4687569098735356,0.0,2.6502912783871135,0,0,waiter-2,2.625309944152832,-2.200000047683716,0.47098914184887875,0.0,5.128373441029958,0,0,customer-1,3.5155653953552246,2.549999952316284,0.4304726744034504,0.0,6.001184293303799,0,0,customer-2,-6.813488006591797,2.200000047683716,0.3930685396166034,0.0,5.289522254158885,0,0
1,255,10.199999999999958,to_table,-1.9591039419174194,0.0897207260131836,-1.1612464650658205,-0.6947134137153625,0.5133286714553833,0.10000000149011612,-0.30474966764450073,0.10000000149011612,-0.30474966764450073,0,nominal-sac-a-star,1.43078285812786,99.0,99.0,1.4986559772491455,99.0,waiter-1,0,,waiter-1,-1.781252384185791,-2.549999952316284,0.468757164203808,0.0,2.6457052814302187,0,0,waiter-2,2.6441493034362793,-2.200000047683716,0.4709903071233157,0.0,5.141280157933283,0,0,customer-1,3.5327839851379395,2.549999952316284,0.43047493956416716,0.0,6.0177908633247625,0,0,customer-2,-6.797765731811523,2.200000047683716,0.39307186183764387,0.0,5.278818687211321,0,0
1,256,10.239999999999958,to_table,-1.9563519954681396,0.08451714366674423,-1.1712858162528232,-0.6951825022697449,0.5102653503417969,0.10000000149011612,-0.295360267162323,0.10000000149011612,-0.295360267162323,0,nominal-sac-a-star,1.430657205680498,99.0,99.0,1.4986426258087158,99.0,waiter-1,0,,waiter-1,-1.7625021934509277,-2.549999952316284,0.4687574185340804,0.0,2.6416392779425735,0,0,waiter-2,2.6629886627197266,-2.200000047683716,0.47099147239775263,0.0,5.153380144522942,0,0,customer-1,3.5500030517578125,2.549999952316284,0.4304724363533019,0.0,6.0331211976768,0,0,customer-2,-6.782042503356934,2.200000047683716,0.3930656473155203,0.0,5.269018579879567,0,0
1,257,10.279999999999957,to_table,-1.9550259113311768,0.07921534031629562,-1.180975227880447,-0.6828159093856812,0.4567056894302368,0.10000000149011612,-0.2947447597980499,0.10000000149011612,-0.2947447597980499,0,nominal-sac-a-star,1.4306485034615708,99.0,99.0,1.4990286254882812,99.0,waiter-1,0,,waiter-1,-1.7437520027160645,-2.549999952316284,0.46875767286435277,0.0,2.6376902243202345,0,0,waiter-2,2.681828260421753,-2.200000047683716,0.47099025348639856,0.0,5.166743596792721,0,0,customer-1,3.5672216415405273,2.549999952316284,0.4304747015140187,0.0,6.049792941423157,0,0,customer-2,-6.76632022857666,2.200000047683716,0.3930689695365608,0.0,5.257973067842988,0,0
1,258,10.319999999999956,to_table,-1.9527939558029175,0.07348846644163132,-1.1893904838857283,-0.6572468876838684,0.5475215911865234,0.10000000149011612,-0.27370938658714294,0.10000000149011612,-0.27370938658714294,0,nominal-sac-a-star,1.43103886236088,99.0,99.0,1.4987673187255859,99.0,waiter-1,0,,waiter-1,-1.725001335144043,-2.549999952316284,0.46875315882304314,0.0,2.6333592541435635,0,0,waiter-2,2.7006678581237793,-2.200000047683716,0.4709890345750445,0.0,5.179136692300545,0,0,customer-1,3.5844407081604004,2.549999952316284,0.4304721983031534,0.0,6.065812135523655,0,0,customer-2,-6.750597953796387,2.200000047683716,0.3930722917576013,0.0,5.247949571815532,0,0
1,259,10.359999999999955,to_table,-1.9506046772003174,0.06771380454301834,-1.1990341429857747,-0.45159387588500977,0.003000497817993164,0.10000000149011612,-0.33272895216941833,0.10000000149011612,-0.33272895216941833,0,nominal-sac-a-star,1.4307804881793769,99.0,99.0,1.498483600616455,99.0,waiter-1,0,,waiter-1,-1.7062511444091797,-2.549999952316284,0.46875341315331553,0.0,2.6290937529570817,0,0,waiter-2,2.7195072174072266,-2.200000047683716,0.47099019984948143,0.0,5.191576949611349,0,0,customer-1,3.6016592979431152,2.549999952316284,0.4304744634638702,0.0,6.081889490043583,0,0,customer-2,-6.734874725341797,2.200000047683716,0.3930660772354777,0.0,5.237927502002175,0,0
1,260,10.399999999999954,to_table,-1.9483942985534668,0.0619567409157753,-1.2075534672406887,-0.1741740107536316,0.5626027584075928,0.10000000149011612,-0.25771787762641907,0.10000000149011612,-0.25771787762641907,0,nominal-sac-a-star,1.4304997402059376,99.0,99.0,1.4982432746887206,99.0,waiter-1,0,,waiter-1,-1.6875009536743164,-2.549999952316284,0.46875366748358793,0.0,2.6249539243045747,0,0,waiter-2,2.738346576690674,-2.200000047683716,0.47099136512391837,0.0,5.204035793994459,0,0,customer-1,3.6188783645629883,2.549999952316284,0.43047196025300494,0.0,6.09794095800213,0,0,customer-2,-6.719152450561523,2.200000047683716,0.3930693994565182,0.0,5.227940562646683,0,0
1,261,10.439999999999953,to_table,-1.9462461471557617,0.05632740259170532,-1.2152177876998098,-0.15697461366653442,0.5338959693908691,0.10000000149011612,-0.25485312938690186,0.10000000149011612,-0.25485312938690186,0,nominal-sac-a-star,1.4302617162420788,99.0,99.0,1.4981679344177246,99.0,waiter-1,0,,waiter-1,-1.6687507629394531,-2.549999952316284,0.46875392181386033,0.0,2.621058177378563,0,0,waiter-2,2.7571861743927,-2.200000047683716,0.4709901462125643,0.0,5.216635809240773,0,0,customer-1,3.636096954345703,2.549999952316284,0.4304742254137217,0.0,6.113996834161012,0,0,customer-2,-6.703429698944092,2.200000047683716,0.39306795330597666,0.0,5.21786620705449,0,0
1,262,10.479999999999952,to_table,-1.9441256523132324,0.05076175183057785,-1.221586294845854,0.5476679801940918,0.9028998613357544,0.10000000149011612,-0.2052934616804123,0.10000000149011612,-0.2052934616804123,0,nominal-sac-a-star,1.4301877177443076,99.0,99.0,1.4981812858581542,99.0,waiter-1,0,,waiter-1,-1.6500005722045898,-2.549999952316284,0.46875417614413273,0.0,2.6173404448993267,0,0,waiter-2,2.7760257720947266,-2.200000047683716,0.4709889273012102,0.0,5.2293171779395164,0,0,customer-1,3.653316020965576,2.549999952316284,0.43047172220285645,0.0,6.130052599164651,0,0,customer-2,-6.68770694732666,2.200000047683716,0.3930665071554351,0.0,5.207762355826442,0,0
1,263,10.519999999999952,to_table,-1.9420802593231201,0.04515327885746956,-1.2277119761088164,0.0538935661315918,0.6617388725280762,0.10000000149011612,-0.23059898614883423,0.10000000149011612,-0.23059898614883423,0,nominal-sac-a-star,1.4302023625965754,99.0,99.0,1.4981886768341064,99.0,waiter-1,0,,waiter-1,-1.6312503814697266,-2.549999952316284,0.4687544304744051,0.0,2.613701495243466,0,0,waiter-2,2.794865131378174,-2.200000047683716,0.47099009257564717,0.0,5.242076410561485,0,0,customer-1,3.670534610748291,2.549999952316284,0.43047398736357323,0.0,6.1461941506337405,0,0,customer-2,-6.671984672546387,2.200000047683716,0.3930698293764756,0.0,5.1976302634325435,0,0
1,264,10.55999999999995,to_table,-1.940081000328064,0.03956069052219391,-1.2340672321737407,0.04183685779571533,0.6717853546142578,0.10000000149011612,-0.22594992816448212,0.10000000149011612,-0.22594992816448212,0,nominal-sac-a-star,1.4302105021843348,99.0,99.0,1.4982337379455566,99.0,waiter-1,0,,waiter-1,-1.6125001907348633,-2.549999952316284,0.4687546848046775,0.0,2.610197982864857,0,0,waiter-2,2.813704490661621,-2.200000047683716,0.4709912578500841,0.0,5.254912824629676,0,0,customer-1,3.687753200531006,2.549999952316284,0.43047625252429,0.0,6.162371546695014,0,0,customer-2,-6.656261920928955,2.200000047683716,0.39306838322593407,0.0,5.1874715123856205,0,0
1,265,10.59999999999995,to_table,-1.9381191730499268,0.03396197035908699,-1.240310352274351,0.040096282958984375,0.6701662540435791,0.10000000149011612,-0.22240108251571655,0.10000000149011612,-0.22240108251571655,0,nominal-sac-a-star,1.430255974708587,99.0,99.0,1.4982928657531738,99.0,waiter-1,0,,waiter-1,-1.59375,-2.549999952316284,0.4687549391349499,0.0,2.606808267821646,0,0,waiter-2,2.8325440883636475,-2.200000047683716,0.47099003893873004,0.0,5.267809245963551,0,0,customer-1,3.704972267150879,2.549999952316284,0.43047374931342475,0.0,6.178586256508753,0,0,customer-2,-6.640539169311523,2.200000047683716,0.39306693707539253,0.0,5.177303813150344,0,0
1,266,10.639999999999949,to_table,-1.9361926317214966,0.028352323919534683,-1.2464042263964557,0.037789344787597656,0.6704682111740112,0.10000000149011612,-0.21876077353954315,0.10000000149011612,-0.21876077353954315,0,nominal-sac-a-star,1.4303154433995924,99.0,99.0,1.4983598613739013,99.0,waiter-1,0,,waiter-1,-1.5749998092651367,-2.549999952316284,0.4687551934652223,0.0,2.603528512493078,0,0,waiter-2,2.851383686065674,-2.200000047683716,0.47098882002737597,0.0,5.280761430955425,0,0,customer-1,3.7221908569335938,2.549999952316284,0.4304760144741415,0.0,6.194837404362079,0,0,customer-2,-6.62481689453125,2.200000047683716,0.393070259296433,0.0,5.167131826646041,0,0
1,267,10.679999999999948,to_table,-1.9343007802963257,0.022730743512511253,-1.2523664008417699,0.03237426280975342,0.6661574840545654,0.10000000149011612,-0.21586379408836365,0.10000000149011612,-0.21586379408836365,0,nominal-sac-a-star,1.4303825618035702,99.0,99.0,1.4984325790405273,99.0,waiter-1,0,,waiter-1,-1.5562496185302734,-2.549999952316284,0.4687554477954947,0.0,2.60035880489066,0,0,waiter-2,2.870223045349121,-2.200000047683716,0.4709899853018129,0.0,5.293768162785991,0,0,customer-1,3.739409923553467,2.549999952316284,0.43047351126327627,0.0,6.211125727655765,0,0,customer-2,-6.609094142913818,2.200000047683716,0.3930688131458915,0.0,5.156955943777174,0,0
1,268,10.719999999999947,to_table,-1.9324429035186768,0.017097828909754753,-1.2582119022001157,0.02687227725982666,0.6622291803359985,0.10000000149011612,-0.2130909562110901,0.10000000149011612,-0.2130909562110901,0,nominal-sac-a-star,1.430455056858548,99.0,99.0,1.4985100650787353,99.0,waiter-1,0,,waiter-1,-1.5374994277954102,-2.549999952316284,0.4687557021257671,0.0,2.5973007849288514,0,0,waiter-2,2.8890624046325684,-2.200000047683716,0.47099115057624985,0.0,5.306829225717171,0,0,customer-1,3.7566285133361816,2.549999952316284,0.43047577642399304,0.0,6.227449458071278,0,0,customer-2,-6.593371391296387,2.200000047683716,0.39306736699534994,0.0,5.146777289227317,0,0
1,269,10.759999999999946,to_table,-1.9306285381317139,0.01142172422260046,-1.2648131457794185,-0.22506970167160034,0.3568274974822998,0.10000000149011612,-0.24664919078350067,0.10000000149011612,-0.24664919078350067,0,nominal-sac-a-star,1.4305322729167615,99.0,99.0,1.4985668087005615,99.0,waiter-1,0,,waiter-1,-1.5187492370605469,-2.549999952316284,0.4687559564560395,0.0,2.594325647195075,0,0,waiter-2,2.9079017639160156,-2.200000047683716,0.4709923158506868,0.0,5.319940012546699,0,0,customer-1,3.7738475799560547,2.549999952316284,0.4304732732131278,0.0,6.243831131763971,0,0,customer-2,-6.577649116516113,2.200000047683716,0.39307068921639043,0.0,5.136601535436824,0,0
1,270,10.799999999999946,to_table,-1.9288321733474731,0.005775869358330965,-1.271343302419894,-0.2398824691772461,0.53786301612854,0.10000000149011612,-0.22087953984737396,0.10000000149011612,-0.22087953984737396,0,nominal-sac-a-star,1.430588475334691,99.0,99.0,1.4986626529693603,99.0,waiter-1,0,,waiter-1,-1.4999990463256836,-2.549999952316284,0.4687562107863119,0.0,2.591503019772086,0,0,waiter-2,2.926741600036621,-2.200000047683716,0.4709887127535417,0.0,5.3331082930105715,0,0,customer-1,3.7910661697387695,2.549999952316284,0.43047553837384456,0.0,6.260216708672631,0,0,customer-2,-6.561926364898682,2.200000047683716,0.3930692430658489,0.0,5.126419952806565,0,0
1,271,10.839999999999945,to_table,-1.927076816558838,0.0001088061835616827,-1.277439146783372,-0.2355339527130127,0.5271613597869873,0.10000000149011612,-0.21827450394630432,0.10000000149011612,-0.21827450394630432,0,nominal-sac-a-star,1.4306832255447262,99.0,99.0,1.4987530136108398,99.0,waiter-1,0,,waiter-1,-1.4812488555908203,-2.549999952316284,0.4687564651165843,0.0,2.5887868299569443,0,0,waiter-2,2.9455809593200684,-2.200000047683716,0.47098987802797865,0.0,5.346332646749391,0,0,customer-1,3.8082852363586426,2.549999952316284,0.4304730351629793,0.0,6.276649005255262,0,0,customer-2,-6.54620361328125,2.200000047683716,0.39306779691530735,0.0,5.116234341645049,0,0
1,272,10.879999999999944,to_table,-1.9253597259521484,-0.005569642875343561,-1.2833779472544573,-0.23992878198623657,0.5241221189498901,0.10000000149011612,-0.21527433395385742,0.10000000149011612,-0.21527433395385742,0,nominal-sac-a-star,1.4307726977649984,99.0,99.0,1.4988464736938476,99.0,waiter-1,0,,waiter-1,-1.462498664855957,-2.549999952316284,0.4687567194468567,0.0,2.586187534089671,0,0,waiter-2,2.9644203186035156,-2.200000047683716,0.4709910433024156,0.0,5.359615068797593,0,0,customer-1,3.8255038261413574,2.549999952316284,0.4304753003236961,0.0,6.2931206527974215,0,0,customer-2,-6.530481338500977,2.200000047683716,0.39307111913634785,0.0,5.106043745041468,0,0
1,273,10.919999999999943,to_table,-1.9236775636672974,-0.011257810518145561,-1.2891967431071645,-0.2437407374382019,0.5216524600982666,0.10000000149011612,-0.21239905059337616,0.10000000149011612,-0.21239905059337616,0,nominal-sac-a-star,1.430865103469321,99.0,99.0,1.4989432716369628,99.0,waiter-1,0,,waiter-1,-1.4437484741210938,-2.549999952316284,0.4687569737771291,0.0,2.583707335116431,0,0,waiter-2,2.983259677886963,-2.200000047683716,0.47099220857685253,0.0,5.3729531612796215,0,0,customer-1,3.8427228927612305,2.549999952316284,0.4304727971128308,0.0,6.309628796655058,0,0,customer-2,-6.514758586883545,2.200000047683716,0.3930696729858063,0.0,5.095849907247645,0,0
1,274,10.959999999999942,to_table,-1.9220294952392578,-0.01695665530860424,-1.294905611165039,-0.2475053071975708,0.5193901062011719,0.10000000149011612,-0.20965756475925446,0.10000000149011612,-0.20965756475925446,0,nominal-sac-a-star,1.4309602450735568,99.0,99.0,1.4990407848358154,99.0,waiter-1,0,,waiter-1,-1.4249982833862305,-2.549999952316284,0.4687572281074015,0.0,2.5813462321183547,0,0,waiter-2,3.0020995140075684,-2.200000047683716,0.47098860547970745,0.0,5.386346159754195,0,0,customer-1,3.8599414825439453,2.549999952316284,0.4304750622735476,0.0,6.326172192831644,0,0,customer-2,-6.499035835266113,2.200000047683716,0.39306822683526477,0.0,5.085654732636557,0,0
1,275,10.999999999999941,to_table,-1.920413851737976,-0.022665098309516907,-1.3005203753928476,-0.2512693405151367,0.517266035079956,0.10000000149011612,-0.20704884827136993,0.10000000149011612,-0.20704884827136993,0,nominal-sac-a-star,1.4310562235488664,99.0,99.0,1.4991392517089843,99.0,waiter-1,0,,waiter-1,-1.4062480926513672,-2.549999952316284,0.4687574824376739,0.0,2.5791060257566993,0,0,waiter-2,3.0209388732910156,-2.200000047683716,0.4709897707541444,0.0,5.399792054784868,0,0,customer-1,3.8771605491638184,2.549999952316284,0.43047255906268234,0.0,6.34274975043973,0,0,customer-2,-6.48331356048584,2.200000047683716,0.39307154905630526,0.0,5.075459989331455,0,0
1,276,11.03999999999994,to_table,-1.9188305139541626,-0.02838260307908058,-1.3060449236310039,-0.25503063201904297,0.5152926445007324,0.10000000149011612,-0.2045583724975586,0.10000000149011612,-0.2045583724975586,0,nominal-sac-a-star,1.4311529039065736,99.0,99.0,1.4992384338378906,99.0,waiter-1,0,,waiter-1,-1.387497901916504,-2.549999952316284,0.4687577367679463,0.0,2.5769882422294486,0,0,waiter-2,3.039778232574463,-2.200000047683716,0.47099093602858133,0.0,5.413291330314798,0,0,customer-1,3.894379138946533,2.549999952316284,0.4304748242233991,0.0,6.359360272114245,0,0,customer-2,-6.46759033203125,2.200000047683716,0.3930653345341817,0.0,5.065264565723425,0,0
1,277,11.07999999999994,to_table,-1.917283535003662,-0.034124452620744705,-1.3119041444778643,-0.25880348682403564,0.5134270191192627,0.10000000149011612,-0.22010624408721924,0.10000000149011612,-0.22010624408721924,0,nominal-sac-a-star,1.4312501274243754,99.0,99.0,1.4993271255493164,99.0,waiter-1,0,,waiter-1,-1.3687472343444824,-2.549999952316284,0.46875322272663666,0.0,2.574979922855543,0,0,waiter-2,3.05861759185791,-2.200000047683716,0.4709921013030183,0.0,5.426841541595962,0,0,customer-1,3.9115982055664062,2.549999952316284,0.43047232101253385,0.0,6.376014529919321,0,0,customer-2,-6.451868057250977,2.200000047683716,0.3930686567552222,0.0,5.055073597116619,0,0
1,278,11.119999999999939,to_table,-1.915625810623169,-0.03991803154349327,-1.3168392007009868,0.7891750335693359,0.8845434188842773,0.10000000149011612,-0.1715492606163025,0.10000000149011612,-0.1715492606163025,0,nominal-sac-a-star,1.4313365542495182,99.0,99.0,1.499324026107788,99.0,waiter-1,0,,waiter-1,-1.3499970436096191,-2.549999952316284,0.46875347705690906,0.0,2.573022959684521,0,0,waiter-2,3.0774574279785156,-2.200000047683716,0.4709884982058732,0.0,5.440297284529357,0,0,customer-1,3.928816795349121,2.549999952316284,0.43047458617325063,0.0,6.392588250280513,0,0,customer-2,-6.436145782470703,2.200000047683716,0.39307197897626267,0.0,5.045030606202636,0,0
1,279,11.159999999999938,to_table,-1.9148465394973755,-0.04534508287906647,-1.3224144970257814,-0.14588379859924316,0.44664466381073,0.10000000149011612,-0.22154857218265533,0.10000000149011612,-0.22154857218265533,0,nominal-sac-a-star,1.4313314329264246,99.0,99.0,1.4999503517150878,99.0,waiter-1,0,,waiter-1,-1.3312468528747559,-2.549999952316284,0.46875373138718146,0.0,2.5717473844103713,0,0,waiter-2,3.096296787261963,-2.200000047683716,0.47098966348031013,0.0,5.454731474479928,0,0,customer-1,3.946035861968994,2.549999952316284,0.43047208296238537,0.0,6.409817343382833,0,0,customer-2,-6.420422554016113,2.200000047683716,0.3930657644541391,0.0,5.0340629692077306,0,0
1,280,11.199999999999937,to_table,-1.9133498668670654,-0.05103286728262901,-1.3280970548242392,-0.1520351767539978,0.5405640602111816,0.10000000149011612,-0.2049046754837036,0.10000000149011612,-0.2049046754837036,0,nominal-sac-a-star,1.4319553246852594,99.0,99.0,1.50009840965271,99.0,waiter-1,0,,waiter-1,-1.3124966621398926,-2.549999952316284,0.46875398571745386,0.0,2.5701869709638863,0,0,waiter-2,3.11513614654541,-2.200000047683716,0.47099082875474707,0.0,5.468430444791804,0,0,customer-1,3.963254451751709,2.549999952316284,0.43047434812310215,0.0,6.426495938397495,0,0,customer-2,-6.40470027923584,2.200000047683716,0.3930690866751796,0.0,5.02388074211033,0,0
1,281,11.239999999999936,to_table,-1.9117283821105957,-0.05678738281130791,-1.33485357943058,-0.16925746202468872,0.45677733421325684,0.10000000149011612,-0.2112378627061844,0.10000000149011612,-0.2112378627061844,0,nominal-sac-a-star,1.4321008131284971,99.0,99.0,1.5001465702056884,99.0,waiter-1,0,,waiter-1,-1.2937464714050293,-2.549999952316284,0.46875424004772626,0.0,2.568659292062088,0,0,waiter-2,3.1339755058288574,-2.200000047683716,0.470991994029184,0.0,5.482014980975226,0,0,customer-1,3.980473518371582,2.549999952316284,0.4304718449122369,0.0,6.443088036541749,0,0,customer-2,-6.388977527618408,2.200000047683716,0.39306764052463805,0.0,5.0138657159312485,0,0
1,282,11.279999999999935,to_table,-1.9101290702819824,-0.06266292929649353,-1.3404064308536108,-0.1765565276145935,0.4589986801147461,0.10000000149011612,-0.20631065964698792,0.10000000149011612,-0.20631065964698792,0,nominal-sac-a-star,1.4321456686154934,99.0,99.0,1.5000757598876953,99.0,waiter-1,0,,waiter-1,-1.274996280670166,-2.549999952316284,0.46875449437799865,0.0,2.567146105410645,0,0,waiter-2,3.152815341949463,-2.200000047683716,0.4709883909320389,0.0,5.495599701486764,0,0,customer-1,3.997692108154297,2.549999952316284,0.43047411007295366,0.0,6.459749098017462,0,0,customer-2,-6.373254776000977,2.200000047683716,0.3930661943740965,0.0,5.00391195090867,0,0
1,283,11.319999999999935,to_table,-1.9084936380386353,-0.06864919513463974,-1.3474831897458879,0.4335368871688843,-0.1677323579788208,0.10000000149011612,-0.2783653140068054,0.10000000149011612,-0.2783653140068054,0,nominal-sac-a-star,1.4320719683100784,99.0,99.0,1.4998924160003662,99.0,waiter-1,0,,waiter-1,-1.2562460899353027,-2.549999952316284,0.46875474870827105,0.0,2.565643865421062,0,0,waiter-2,3.17165470123291,-2.200000047683716,0.47098955620647587,0.0,5.50913456049724,0,0,customer-1,4.01491117477417,2.549999952316284,0.4304716068620884,0.0,6.476422464130899,0,0,customer-2,-6.357532501220703,2.200000047683716,0.393069516595137,0.0,4.994068100561374,0,0
1,284,11.359999999999934,to_table,-1.906899094581604,-0.07457783073186874,-1.3536561481951244,-0.582616925239563,0.6458592414855957,0.10000000149011612,-0.17588171362876892,0.10000000149011612,-0.17588171362876892,0,nominal-sac-a-star,1.4318848371490254,99.0,99.0,1.4997662925720214,99.0,waiter-1,0,,waiter-1,-1.2374958992004395,-2.549999952316284,0.46875500303854345,0.0,2.564335258505799,0,0,waiter-2,3.1904940605163574,-2.200000047683716,0.4709907214809128,0.0,5.522756248283284,0,0,customer-1,4.032129764556885,2.549999952316284,0.4304738720228052,0.0,6.493109603953238,0,0,customer-2,-6.3418097496032715,2.200000047683716,0.39306807044459546,0.0,4.984188704593984,0,0
1,285,11.399999999999933,to_table,-1.9051238298416138,-0.08072542399168015,-1.358188475696863,-0.5375300049781799,0.6037726402282715,0.10000000149011612,-0.1771869957447052,0.10000000149011612,-0.1771869957447052,0,nominal-sac-a-star,1.4317548747282265,99.0,99.0,1.4993607425689697,99.0,waiter-1,0,,waiter-1,-1.2187457084655762,-2.549999952316284,0.46875525736881585,0.0,2.56289516401596,0,0,waiter-2,3.2093334197998047,-2.200000047683716,0.47099188675534975,0.0,5.536153708942218,0,0,customer-1,4.0493483543396,2.549999952316284,0.43047613718352196,0.0,6.509720039889463,0,0,customer-2,-6.32608699798584,2.200000047683716,0.3930666242940539,0.0,4.974597874324797,0,0
1,286,11.439999999999932,to_table,-1.9042423963546753,-0.08629460632801056,-1.3625494401084302,-0.5418220162391663,0.6077654361724854,0.10000000149011612,-0.17554976046085358,0.10000000149011612,-0.17554976046085358,0,nominal-sac-a-star,1.4313465681146837,99.0,99.0,1.4997820281982421,99.0,waiter-1,0,,waiter-1,-1.199995517730713,-2.549999952316284,0.46875551169908825,0.0,2.5623832066852907,0,0,waiter-2,3.22817325592041,-2.200000047683716,0.47098828365820467,0.0,5.550625290950111,0,0,customer-1,4.066567420959473,2.549999952316284,0.4304736339726567,0.0,6.526914958421974,0,0,customer-2,-6.310364723205566,2.200000047683716,0.3930699465150944,0.0,4.96397594717546,0,0
1,287,11.479999999999931,to_table,-1.9026834964752197,-0.09507136791944504,-1.3671258248712668,-0.5443426370620728,0.6049848794937134,0.2199999988079071,-0.17269077897071838,0.2199999988079071,-0.17269077897071838,0,nominal-sac-a-star,1.243273192216534,99.0,99.0,1.3053390407562255,99.0,waiter-1,0,,waiter-1,-1.1812453269958496,-2.549999952316284,0.46875576602936064,0.0,2.558739413631332,0,0,waiter-2,3.2470126152038574,-2.200000047683716,0.4709894489326416,0.0,5.563280937498732,0,0,customer-1,4.0837860107421875,2.549999952316284,0.4304758991333735,0.0,6.544785668757794,0,0,customer-2,-6.294641971588135,2.200000047683716,0.3930685003645529,0.0,4.955466885151677,0,0
1,288,11.51999999999993,to_table,-1.9013385772705078,-0.10615669190883636,-1.3716965168378983,-0.5401657223701477,0.5673218965530396,0.2199999988079071,-0.17557622492313385,0.2199999988079071,-0.17557622492313385,0,nominal-sac-a-star,1.246995092617282,99.0,99.0,1.3088788414001464,99.0,waiter-1,0,,waiter-1,-1.1624951362609863,-2.549999952316284,0.46875602035963304,0.0,2.55308823031279,0,0,waiter-2,3.2658519744873047,-2.200000047683716,0.47099061420707855,0.0,5.575306107891998,0,0,customer-1,4.1010050773620605,2.549999952316284,0.4304733959225082,0.0,6.563786823699344,0,0,customer-2,-6.278919219970703,2.200000047683716,0.39306705421401134,0.0,4.947885527264309,0,0
1,289,11.55999999999993,to_table,-1.899381399154663,-0.11831197887659073,-1.376150744790248,-0.5450794696807861,0.5689446926116943,0.2199999988079071,-0.17330197989940643,0.2199999988079071,-0.17330197989940643,0,nominal-sac-a-star,1.249175934370176,99.0,99.0,1.3111142539978027,99.0,waiter-1,0,,waiter-1,-1.143744945526123,-2.549999952316284,0.46875627468990544,0.0,2.5463881970790627,0,0,waiter-2,3.284691333770752,-2.200000047683716,0.4709917794815155,0.0,5.58641524737239,0,0,customer-1,4.118223667144775,2.549999952316284,0.430475661083225,0.0,6.5826635411586185,0,0,customer-2,-6.26319694519043,2.200000047683716,0.3930703764350518,0.0,4.941402308284319,0,0
1,290,11.599999999999929,to_table,-1.8973655700683594,-0.13071821630001068,-1.380882295909938,-0.5465818643569946,0.5511815547943115,0.2199999988079071,-0.1754269301891327,0.2199999988079071,-0.1754269301891327,0,nominal-sac-a-star,1.2503342833326543,99.0,99.0,1.3131367588043212,99.0,waiter-1,0,,waiter-1,-1.1249947547912598,-2.549999952316284,0.46875652902017784,0.0,2.539582799302619,0,0,waiter-2,3.3035311698913574,-2.200000047683716,0.4709881763843704,0.0,5.597432822054974,0,0,customer-1,4.135442733764648,2.549999952316284,0.43047315787235974,0.0,6.601592681341828,0,0,customer-2,-6.247474193572998,2.200000047683716,0.3930689302845103,0.0,4.935148697086719,0,0
1,291,11.639999999999928,to_table,-1.894744634628296,-0.14334088563919067,-1.3858205007810998,-0.5491390228271484,0.411047101020813,0.2199999988079071,-0.19238916039466858,0.2199999988079071,-0.19238916039466858,0,nominal-sac-a-star,1.2515505468635868,99.0,99.0,1.3146094703674316,99.0,waiter-1,0,,waiter-1,-1.1062445640563965,-2.549999952316284,0.46875678335045023,0.0,2.532536322446521,0,0,waiter-2,3.3223705291748047,-2.200000047683716,0.47098934165880735,0.0,5.607863901808419,0,0,customer-1,4.152661323547363,2.549999952316284,0.4304754230330765,0.0,6.620060701562876,0,0,customer-2,-6.231751441955566,2.200000047683716,0.39306748413396875,0.0,4.929591745427785,0,0
1,292,11.679999999999927,to_table,-1.8928483724594116,-0.15567925572395325,-1.3907514315445655,-0.54271399974823,0.44187653064727783,0.2199999988079071,-0.19078554213047028,0.2199999988079071,-0.19078554213047028,0,nominal-sac-a-star,1.2525088124574917,99.0,99.0,1.316692771911621,99.0,waiter-1,0,,waiter-1,-1.0874943733215332,-2.549999952316284,0.46875703768072263,0.0,2.5261367069218084,0,0,waiter-2,3.341209888458252,-2.200000047683716,0.4709905069332443,0.0,5.619129236734054,0,0,customer-1,4.169880390167236,2.549999952316284,0.43047291982221125,0.0,6.639079757466519,0,0,customer-2,-6.216029167175293,2.200000047683716,0.39307080635500924,0.0,4.923323792348365,0,0
1,293,11.719999999999926,to_table,-1.8902674913406372,-0.16852541267871857,-1.3960004690447565,-0.5284859538078308,0.44887304306030273,0.2199999988079071,-0.19029228389263153,0.2199999988079071,-0.19029228389263153,0,nominal-sac-a-star,1.2543666625296717,99.0,99.0,1.3179706954956054,99.0,waiter-1,0,,waiter-1,-1.06874418258667,-2.549999952316284,0.46875729201099503,0.0,2.519190649746069,0,0,waiter-2,3.360049247741699,-2.200000047683716,0.47099167220768123,0.0,5.629628322843069,0,0,customer-1,4.187098979949951,2.549999952316284,0.430475184982928,0.0,6.657684536420168,0,0,customer-2,-6.200306415557861,2.200000047683716,0.3930693602044677,0.0,4.917961812036837,0,0
1,294,11.759999999999925,to_table,-1.8879529237747192,-0.1813976764678955,-1.4035854309402402,0.035570383071899414,-0.5181965827941895,0.2199999988079071,-0.308957040309906,0.2199999988079071,-0.308957040309906,0,nominal-sac-a-star,1.2556165450379817,99.0,99.0,1.319892110824585,99.0,waiter-1,0,,waiter-1,-1.0499939918518066,-2.549999952316284,0.46875754634126743,0.0,2.51245933554029,0,0,waiter-2,3.3788886070251465,-2.200000047683716,0.4709928374821182,0.0,5.640423321315201,0,0,customer-1,4.204318046569824,2.549999952316284,0.43047268177206277,0.0,6.6765484033766045,0,0,customer-2,-6.18458366394043,2.200000047683716,0.39306791405392616,0.0,4.9124424513607705,0,0
1,295,11.799999999999924,to_table,-1.8857110738754272,-0.19428099691867828,-1.4101864868191178,-0.2800103425979614,0.8277459144592285,0.2199999988079071,-0.13528834283351898,0.2199999988079071,-0.13528834283351898,0,nominal-sac-a-star,1.2575044947630323,99.0,99.0,1.321521463394165,99.0,waiter-1,0,,waiter-1,-1.0312433242797852,-2.549999952316284,0.4687530322999578,0.0,2.505898428092932,0,0,waiter-2,3.397728443145752,-2.200000047683716,0.4709892343849731,0.0,5.651339844729105,0,0,customer-1,4.221536636352539,2.549999952316284,0.43047494693277955,0.0,6.695487474592024,0,0,customer-2,-6.168861389160156,2.200000047683716,0.39307123627496665,0.0,4.906929624914749,0,0
1,296,11.839999999999923,to_table,-1.8837025165557861,-0.20709672570228577,-1.4144089478891673,-0.27964556217193604,0.7758207321166992,0.2199999988079071,-0.13957327604293823,0.2199999988079071,-0.13957327604293823,0,nominal-sac-a-star,1.2591042851742507,99.0,99.0,1.322718563079834,99.0,waiter-1,0,,waiter-1,-1.0124931335449219,-2.549999952316284,0.4687532866302213,0.0,2.49964023777912,0,0,waiter-2,3.416567802429199,-2.200000047683716,0.47099039965941003,0.0,5.662554997973778,0,0,customer-1,4.238755702972412,2.549999952316284,0.4304724437219143,0.0,6.714616648909261,0,0,customer-2,-6.153138637542725,2.200000047683716,0.3930697901244251,0.0,4.901244705953101,0,0
1,297,11.879999999999923,to_table,-1.881520390510559,-0.22005291283130646,-1.418764930712736,-0.2836747169494629,0.7765164375305176,0.2199999988079071,-0.14020755887031555,0.2199999988079071,-0.14020755887031555,0,nominal-sac-a-star,1.2602825968916358,99.0,99.0,1.3236729526519775,99.0,waiter-1,0,,waiter-1,-0.9937429428100586,-2.549999952316284,0.4687535409605026,0.0,2.4933515603401033,0,0,waiter-2,3.4354071617126465,-2.200000047683716,0.470991564933847,0.0,5.673615183672621,0,0,customer-1,4.255974292755127,2.549999952316284,0.43047470888263106,0.0,6.733649371835969,0,0,customer-2,-6.137415885925293,2.200000047683716,0.39306834397388357,0.0,4.895845463205405,0,0
1,298,11.919999999999922,to_table,-1.879933476448059,-0.23270148038864136,-1.4238321441909236,-0.5190474987030029,0.5844805240631104,0.2199999988079071,-0.16457776725292206,0.2199999988079071,-0.16457776725292206,0,nominal-sac-a-star,1.2612175622526705,99.0,99.0,1.325331630706787,99.0,waiter-1,0,,waiter-1,-0.9749927520751953,-2.549999952316284,0.46875379529078387,0.0,2.4877278634582747,0,0,waiter-2,3.4542465209960938,-2.200000047683716,0.4709927302082839,0.0,5.685397074788581,0,0,customer-1,4.273193359375,2.549999952316284,0.4304722056717658,0.0,6.753102777339016,0,0,customer-2,-6.1216936111450195,2.200000047683716,0.39307166619492406,0.0,4.889843122738188,0,0
1,299,11.959999999999921,to_table,-1.877700686454773,-0.24584068357944489,-1.4288205165678405,-0.657659113407135,0.6952252388000488,0.2199999988079071,-0.15050429105758667,0.2199999988079071,-0.15050429105758667,0,nominal-sac-a-star,1.2628534895612047,99.0,99.0,1.3261229419708251,99.0,waiter-1,0,,waiter-1,-0.956242561340332,-2.549999952316284,0.46875404962106515,0.0,2.4815791367686235,0,0,waiter-2,3.473086357116699,-2.200000047683716,0.47098912711113883,0.0,5.69646037517762,0,0,customer-1,4.290411949157715,2.549999952316284,0.4304744708324826,0.0,6.772173827282365,0,0,customer-2,-6.10597038269043,2.200000047683716,0.3930654516728005,0.0,4.884710995218723,0,0
1,300,11.99999999999992,to_table,-1.8762016296386719,-0.25852638483047485,-1.4337340332082797,-0.6588254570960999,0.6803559064865112,0.2199999988079071,-0.15371432900428772,0.2199999988079071,-0.15371432900428772,0,nominal-sac-a-star,1.0804118217348893,99.0,99.0,1.3276404762268066,99.0,waiter-1,0,,waiter-1,-0.9374923706054688,-2.549999952316284,0.2810935849951868,0.0,2.476292830721118,0,0,waiter-2,3.4919257164001465,-2.200000047683716,0.47099029238557577,0.0,5.708424580113373,0,0,customer-1,4.307631015777588,2.549999952316284,0.4304719676216173,0.0,6.7917307347216616,0,0,customer-2,-6.090248107910156,2.200000047683716,0.393068773893841,0.0,4.878784678626763,0,0
1,301,12.03999999999992,to_table,-1.8747788667678833,-0.2730396091938019,-1.444842836611994,0.3573645353317261,0.5535285472869873,0.7799999713897705,-0.16878604888916016,0.30000001192092896,-0.44999998807907104,1,dwa-right-arc,0.6880797538510586,0.135262993158624,99.0,1.1870793724060058,99.0,waiter-1,0,,waiter-1,-0.9187421798706055,-2.549999952316284,-0.09391048403236013,0.0,2.469525167080906,0,0,waiter-2,3.5107650756835938,-2.200000047683716,0.4709914576600127,0.0,5.71990035643813,0,0,customer-1,4.324849605560303,2.549999952316284,0.4304742327823341,0.0,6.812117553356913,0,0,customer-2,-6.074525833129883,2.200000047683716,0.3930720961148815,0.0,4.873787000470546,0,0
1,302,12.079999999999918,to_table,-1.8731732368469238,-0.28621163964271545,-1.4499376736616914,-0.1471627950668335,0.8338220119476318,0.7799999713897705,-0.12780743837356567,0.18000000715255737,0.0,1,dwa-slow-forward,0.6958528126268981,0.08426019705818377,99.0,0.6679781103134155,99.0,waiter-1,0,,waiter-1,-0.9000075459480286,-2.549999952316284,-0.46875898493704327,0.0,2.4641000358224434,0,0,waiter-2,3.529604434967041,-2.200000047683716,0.47099262293444966,0.0,5.731718123024163,0,0,customer-1,4.342068672180176,2.549999952316284,0.43047172957146884,0.0,6.831788066245134,0,0,customer-2,-6.058802604675293,2.200000047683716,0.3930658815927579,0.0,4.868340760364444,0,0
1,303,12.119999999999918,to_table,-1.8718349933624268,-0.2972645163536072,-1.4499516830090216,0.17886054515838623,0.5789597034454346,0.7799999713897705,-0.15918412804603577,0.18000000715255737,0.0,1,dwa-slow-forward,0.6807047027829258,0.08483879637794733,99.0,0.6573879146575927,99.0,waiter-1,0,,waiter-1,-0.9187577366828918,-2.549999952316284,-0.46875923926732455,0.0,2.446052575404245,0,0,waiter-2,3.5484442710876465,-2.200000047683716,0.47098901983730457,0.0,5.744547833103446,0,0,customer-1,4.359287261962891,2.549999952316284,0.4304739947321856,0.0,6.850824732494658,0,0,customer-2,-6.0430803298950195,2.200000047683716,0.3930692038137984,0.0,4.861647659008356,0,0
1,304,12.159999999999917,to_table,-1.8705353736877441,-0.30796822905540466,-1.4499516830090216,0.17054784297943115,0.5736799240112305,0.7799999713897705,-0.16605789959430695,0.18000000715255737,0.0,1,dwa-slow-forward,0.6679329219277184,0.08350656079012908,99.0,0.6473884010314941,99.0,waiter-1,0,,waiter-1,-0.9375079870223999,-2.549999952316284,-0.46875889755115807,0.0,2.4284246647519687,0,0,waiter-2,3.5672836303710938,-2.200000047683716,0.4709901851117415,0.0,5.757574135311278,0,0,customer-1,4.3765058517456055,2.549999952316284,0.4304762598929024,0.0,6.869752993958138,0,0,customer-2,-6.027357578277588,2.200000047683716,0.39306775766325686,0.0,4.854799245870107,0,0
1,305,12.199999999999916,to_table,-1.8692444562911987,-0.31859901547431946,-1.4499516830090216,0.16621696949005127,0.5719809532165527,0.7799999713897705,-0.17266465723514557,0.18000000715255737,0.0,1,dwa-slow-forward,0.6557118578397085,0.08220694111544646,99.0,0.6377063417434692,99.0,waiter-1,0,,waiter-1,-0.9562581777572632,-2.549999952316284,-0.46875915188143935,0.0,2.410952941417655,0,0,waiter-2,3.586122989654541,-2.200000047683716,0.47099135038617845,0.0,5.770676200782983,0,0,customer-1,4.3937249183654785,2.549999952316284,0.43047375668203713,0.0,6.888660640929902,0,0,customer-2,-6.011634826660156,2.200000047683716,0.3930663115127153,0.0,4.847962378305549,0,0
1,306,12.239999999999915,to_table,-1.8679554462432861,-0.3292142152786255,-1.4499516830090216,0.16208231449127197,0.5705552101135254,0.7799999713897705,-0.17954584956169128,0.18000000715255737,0.0,1,dwa-slow-forward,0.6437674693695823,0.08091602371890105,99.0,0.628288927078247,99.0,waiter-1,0,,waiter-1,-0.9750084280967712,-2.549999952316284,-0.4687588101652729,0.0,2.3935838541915864,0,0,waiter-2,3.6049623489379883,-2.200000047683716,0.4709925156606154,0.0,5.78382821525151,0,0,customer-1,4.410943508148193,2.549999952316284,0.4304760218427539,0.0,6.907564426216933,0,0,customer-2,-5.995912551879883,2.200000047683716,0.3930696337337558,0.0,4.841172859333553,0,0
1,307,12.279999999999914,to_table,-1.8666667938232422,-0.33982595801353455,-1.4499516830090216,0.1579829454421997,0.5691802501678467,0.7799999713897705,-0.15628984570503235,0.18000000715255737,0.0,1,dwa-slow-forward,0.6320460838902351,0.07962701367098846,99.0,0.619128885269165,99.0,waiter-1,0,,waiter-1,-0.9937586188316345,-2.549999952316284,-0.46875906449555416,0.0,2.376307591003183,0,0,waiter-2,3.6238021850585938,-2.200000047683716,0.4709889125634703,0.0,5.797024862111947,0,0,customer-1,4.428162574768066,2.549999952316284,0.43047351863188865,0.0,6.926468838570864,0,0,customer-2,-5.980189800262451,2.200000047683716,0.39306818758321427,0.0,4.834437678129765,0,0
1,308,12.319999999999913,to_table,-1.8653783798217773,-0.35043686628341675,-1.4499516830090216,0.15388619899749756,0.5678093433380127,0.7799999713897705,-0.16112427413463593,0.18000000715255737,0.0,1,dwa-slow-forward,0.6205395757994885,0.07833836125094451,99.0,0.6102268123626708,99.0,waiter-1,0,,waiter-1,-1.0125088691711426,-2.549999952316284,-0.4687587227793877,0.0,2.3591236024498343,0,0,waiter-2,3.642641544342041,-2.200000047683716,0.47099007783790725,0.0,5.810263973949651,0,0,customer-1,4.445381164550781,2.549999952316284,0.4304757837926054,0.0,6.945373983132809,0,0,customer-2,-5.9644670486450195,2.200000047683716,0.39306674143267273,0.0,4.82775893836895,0,0
1,309,12.359999999999912,to_table,-1.8640899658203125,-0.36104756593704224,-1.4499516830090216,0.14978504180908203,0.5664337873458862,0.7799999713897705,-0.16615445911884308,0.18000000715255737,0.0,1,dwa-slow-forward,0.6092494331350944,0.07704994724947967,99.0,0.601587119102478,99.0,waiter-1,0,,waiter-1,-1.0312590599060059,-2.549999952316284,-0.46875897710966896,0.0,2.3420332763821743,0,0,waiter-2,3.6614809036254883,-2.200000047683716,0.4709912431123442,0.0,5.823545283020496,0,0,customer-1,4.462600231170654,2.549999952316284,0.43047328058174017,0.0,6.964280759865332,0,0,customer-2,-5.948744773864746,2.200000047683716,0.3930700636537132,0.0,4.821137809699396,0,0
1,310,12.399999999999912,to_table,-1.8628015518188477,-0.3716581463813782,-1.4499516830090216,0.14567816257476807,0.5650506019592285,0.7799999713897705,-0.17139382660388947,0.18000000715255737,0.0,1,dwa-slow-forward,0.5981791657311037,0.07576153324801482,99.0,0.5932131433486938,99.0,waiter-1,0,,waiter-1,-1.0500092506408691,-2.549999952316284,-0.46875923143995024,0.0,2.3250385692151307,0,0,waiter-2,3.6803202629089355,-2.200000047683716,0.47099240838678114,0.0,5.836868472132028,0,0,customer-1,4.479818820953369,2.549999952316284,0.43047554574245694,0.0,6.9831883290364445,0,0,customer-2,-5.9330220222473145,2.200000047683716,0.3930686175031717,0.0,4.814573765661616,0,0
1,311,12.43999999999991,to_table,-1.8615131378173828,-0.3822687268257141,-1.4499516830090216,0.14156413078308105,0.56365966796875,0.7799999713897705,-0.1768559217453003,0.18000000715255737,0.0,1,dwa-slow-forward,0.587332854229077,0.07447311924654998,99.0,0.5851090574264526,99.0,waiter-1,0,,waiter-1,-1.0687594413757324,-2.549999952316284,-0.4687594857702315,0.0,2.30814147945674,0,0,waiter-2,3.699160099029541,-2.200000047683716,0.47098880528963605,0.0,5.850233670701865,0,0,customer-1,4.497037887573242,2.549999952316284,0.4304730425315917,0.0,7.002097596375912,0,0,customer-2,-5.917299270629883,2.200000047683716,0.39306717135263014,0.0,4.808067509813127,0,0
1,312,12.47999999999991,to_table,-1.860224723815918,-0.39287930727005005,-1.4499516830090216,0.1374443769454956,0.5622608661651611,0.7799999713897705,-0.1825554221868515,0.18000000715255737,0.0,1,dwa-slow-forward,0.5767145679726793,0.07318470524508514,99.0,0.5772790336608886,99.0,waiter-1,0,,waiter-1,-1.0875097513198853,-2.549999952316284,-0.4687585480076173,0.0,2.291344126490874,0,0,waiter-2,3.7179994583129883,-2.200000047683716,0.470989970564073,0.0,5.863639688497319,0,0,customer-1,4.514256477355957,2.549999952316284,0.43047530769230846,0.0,7.0210076855531955,0,0,customer-2,-5.901576995849609,2.200000047683716,0.39307049357367063,0.0,4.801619678402001,0,0
1,313,12.519999999999909,to_table,-1.8589363098144531,-0.403489887714386,-1.4499516830090216,0.13331878185272217,0.5608537197113037,0.7799999713897705,-0.18850833177566528,0.18000000715255737,0.0,1,dwa-slow-forward,0.5663285092377763,0.07189629124362029,99.0,0.569726767539978,99.0,waiter-1,0,,waiter-1,-1.1062599420547485,-2.549999952316284,-0.4687588023378986,0.0,2.274648801907931,0,0,waiter-2,3.7368388175964355,-2.200000047683716,0.47099113583850993,0.0,5.877086695925403,0,0,customer-1,4.53147554397583,2.549999952316284,0.4304728044814432,0.0,7.039919452396295,0,0,customer-2,-5.885854244232178,2.200000047683716,0.3930690474231291,0.0,4.795229701928191,0,0
1,314,12.559999999999908,to_table,-1.8557872772216797,-0.4221870005130768,-1.4464352255913226,0.12918663024902344,0.5594381093978882,0.7799999713897705,-0.19473209977149963,0.6200000047683716,0.30000001192092896,1,dwa-left-arc,0.03428006079171292,-0.2442112687640755,99.0,-0.5394366955757142,1.034458706986795,waiter-1,0,,waiter-1,-1.1250101327896118,-2.549999952316284,-0.46875905666817985,0.0,2.249805145492775,0,0,waiter-2,3.755678176879883,-2.200000047683716,0.4709923011129469,0.0,5.886354030574903,0,0,customer-1,4.548694133758545,2.549999952316284,0.43047506964216,0.0,7.0605437061291765,0,0,customer-2,-5.870131492614746,2.200000047683716,0.39306760127258755,0.0,4.794874804975702,0,0
1,315,12.599999999999907,to_table,-1.8521133661270142,-0.45056623220443726,-1.4406456128604976,0.3175067901611328,0.3372161388397217,0.7799999713897705,-0.23961862921714783,0.6200000047683716,0.30000001192092896,1,dwa-left-arc,0.03052773778755863,-0.235773549558827,99.0,-0.5260961031913758,1.003367473246664,waiter-1,0,,waiter-1,-1.143760323524475,-2.549999952316284,-0.46875931099846113,0.0,2.2157134241834937,0,0,waiter-2,3.7745180130004883,-2.200000047683716,0.4709886980158018,0.0,5.892325462101074,0,0,customer-1,4.565913200378418,2.549999952316284,0.4304725664312947,0.0,7.084805038676699,0,0,customer-2,-5.854409217834473,2.200000047683716,0.39307092349362804,0.0,4.8004034922780034,0,0
1,316,12.639999999999906,to_table,-1.8465769290924072,-0.48363974690437317,-1.430425612805301,0.3049798011779785,-0.039543092250823975,0.7799999713897705,-0.31208911538124084,0.6200000047683716,0.30000001192092896,1,dwa-left-arc,0.020306965713406344,-0.22219939424451085,99.0,-0.5068984007835389,0.9675878369226657,waiter-1,0,,waiter-1,-1.162510633468628,-2.549999952316284,-0.4687583732358469,0.0,2.1766467778025893,0,0,waiter-2,3.7933573722839355,-2.200000047683716,0.47098986329023873,0.0,5.895316073454655,0,0,customer-1,4.583131790161133,2.549999952316284,0.4304748315920115,0.0,7.109439080485365,0,0,customer-2,-5.838686466217041,2.200000047683716,0.3930694773430865,0.0,4.8102870084328915,0,0
1,317,12.679999999999906,to_table,-1.8403334617614746,-0.5188779830932617,-1.4201438697842041,0.3458256721496582,0.32437705993652344,0.7799999713897705,-0.26102328300476074,0.6200000047683716,0.30000001192092896,1,dwa-left-arc,0.009602778586821403,-0.21082595741612242,99.0,-0.48892694473266607,0.9297048964622554,waiter-1,0,,waiter-1,-1.1812608242034912,-2.549999952316284,-0.4687586275661282,0.0,2.135376593352574,0,0,waiter-2,3.812196731567383,-2.200000047683716,0.4709910285646757,0.0,5.897225532616778,0,0,customer-1,4.600350856781006,2.549999952316284,0.43047232838114624,0.0,7.134453467054262,0,0,customer-2,-5.822963714599609,2.200000047683716,0.39306803119254496,0.0,4.82220296929352,0,0
1,318,12.719999999999905,to_table,-1.8344117403030396,-0.5550931692123413,-1.4099103102905657,0.20029830932617188,0.32023680210113525,0.7799999713897705,-0.29918619990348816,0.6200000047683716,0.30000001192092896,1,dwa-left-arc,-0.0010080456537173155,-0.19857998634886975,99.0,-0.47259765625000005,0.890970178064354,waiter-1,0,,waiter-1,-1.2000110149383545,-2.549999952316284,-0.46875888189640946,0.0,2.0933507478722624,0,0,waiter-2,3.83103609085083,-2.200000047683716,0.4709921938391126,0.0,5.899408255610772,0,0,customer-1,4.617569446563721,2.549999952316284,0.430474593541863,0.0,7.160283830201634,0,0,customer-2,-5.807241439819336,2.200000047683716,0.39307135341358546,0.0,4.834657635773748,0,0
1,319,12.759999999999904,to_table,-1.8316400051116943,-0.5824576020240784,-1.4007098333881802,0.5274277925491333,0.48951566219329834,0.7799999713897705,-0.3197925090789795,0.18000000715255737,0.14000000059604645,1,dwa-left-arc,0.4593914565842521,-0.06268480304765034,99.0,0.43441337585449213,99.0,waiter-1,0,,waiter-1,-1.2187612056732178,-2.549999952316284,-0.46875913622669074,0.0,2.060787063962341,0,0,waiter-2,3.8498759269714355,-2.200000047683716,0.4709885907419675,0.0,5.907289297979657,0,0,customer-1,4.634788513183594,2.549999952316284,0.43047209033099776,0.0,7.1851922807929505,0,0,customer-2,-5.791518688201904,2.200000047683716,0.3930699072630439,0.0,4.83970141198914,0,0
1,320,12.799999999999903,to_table,-1.8275400400161743,-0.610251784324646,-1.389016235245804,0.9117896556854248,0.9608981609344482,0.8199999928474426,-0.2941679060459137,0.6200000047683716,0.30000001192092896,1,dwa-left-arc,-0.02067944203262434,-0.1759086764231711,99.0,-0.43580585479736333,0.832285997830711,waiter-1,0,,waiter-1,-1.237511396408081,-2.549999952316284,-0.468759390556972,0.0,2.0275001246621227,0,0,waiter-2,3.868715286254883,-2.200000047683716,0.47098975601640447,0.0,5.9139347547064265,0,0,customer-1,4.652007102966309,2.549999952316284,0.43047435549171453,0.0,7.209141572827827,0,0,customer-2,-5.775795936584473,2.200000047683716,0.3930684611125024,0.0,4.846260412327498,0,0
1,321,12.839999999999902,to_table,-1.822287678718567,-0.6351144909858704,-1.3823679212278723,0.4321589469909668,0.4841327667236328,0.7799999713897705,-0.3923185467720032,0.18000000715255737,0.14000000059604645,1,dwa-left-arc,0.4185750661993362,-0.0776277105595361,99.0,0.4028970623016357,99.0,waiter-1,0,,waiter-1,-1.2562615871429443,-2.549999952316284,-0.4687596448872533,0.0,1.9967903911925675,0,0,waiter-2,3.88755464553833,-2.200000047683716,0.4709909212908414,0.0,5.92040253474685,0,0,customer-1,4.669226169586182,2.549999952316284,0.4304718522808493,0.0,7.2308164172287155,0,0,customer-2,-5.760073661804199,2.200000047683716,0.39307178333354287,0.0,4.852219378383601,0,0
1,322,12.879999999999901,to_table,-1.8201161623001099,-0.6508176326751709,-1.381664611911932,0.3960752487182617,0.7443625926971436,0.7799999713897705,-0.32737457752227783,0.18000000715255737,0.0,1,dwa-slow-forward,0.35169654551735624,0.008278062335922987,99.0,0.39520162582397456,99.0,waiter-1,0,,waiter-1,-1.2750118970870972,-2.549999952316284,-0.4687587071246391,0.0,1.9758623796182815,0,0,waiter-2,3.9063940048217773,-2.200000047683716,0.47099208656527836,0.0,5.932359130154045,0,0,customer-1,4.6864447593688965,2.549999952316284,0.43047411744156605,0.0,7.251245978435758,0,0,customer-2,-5.744350433349609,2.200000047683716,0.3930655688114193,0.0,4.8504408109703,0,0
1,323,12.9199999999999,to_table,-1.817966103553772,-0.6620748043060303,-1.3816436280696944,0.3010522127151489,0.7776370048522949,0.7799999713897705,-0.33519235253334045,0.18000000715255737,0.0,1,dwa-slow-forward,0.340190811391554,0.007331889294171945,99.0,0.39190262794494624,99.0,waiter-1,0,,waiter-1,-1.2937620878219604,-2.549999952316284,-0.46875896145492035,0.0,1.9593496917597166,0,0,waiter-2,3.925233840942383,-2.200000047683716,0.47098848346813327,0.0,5.945549567254397,0,0,customer-1,4.7036638259887695,2.549999952316284,0.4304716142307008,0.0,7.269737352892149,0,0,customer-2,-5.728628158569336,2.200000047683716,0.3930688910324598,0.0,4.846106701975379,0,0
1,324,12.9599999999999,to_table,-1.8159335851669312,-0.672694742679596,-1.3816436280696944,0.2865428924560547,0.7671360969543457,0.7799999713897705,-0.34619423747062683,0.18000000715255737,0.0,1,dwa-slow-forward,0.3332952603372615,0.0064583696151583325,99.0,0.3895279788970947,99.0,waiter-1,0,,waiter-1,-1.3125122785568237,-2.549999952316284,-0.46875921578520163,0.0,1.943632645866517,0,0,waiter-2,3.94407320022583,-2.200000047683716,0.4709896487425702,0.0,5.959055265934725,0,0,customer-1,4.720882415771484,2.549999952316284,0.43047387939141757,0.0,7.288053548601237,0,0,customer-2,-5.7129058837890625,2.200000047683716,0.3930722132535003,0.0,4.841360186436119,0,0
1,325,12.999999999999899,to_table,-1.813920259475708,-0.6832127571105957,-1.3816436280696944,0.5169434547424316,0.5182991027832031,0.7799999713897705,-0.385625958442688,0.18000000715255737,0.0,1,dwa-slow-forward,0.3273386233122498,0.00578329363551755,99.0,0.3876125240325927,99.0,waiter-1,0,,waiter-1,-1.3312625885009766,-2.549999952316284,-0.4687582780225874,0.0,1.9281734516206455,0,0,waiter-2,3.9629125595092773,-2.200000047683716,0.47099081401700715,0.0,5.972641049263396,0,0,customer-1,4.738101005554199,2.549999952316284,0.43047614455213434,0.0,7.306342934861709,0,0,customer-2,-5.697182655334473,2.200000047683716,0.3930659987313767,0.0,4.83659414390133,0,0
1,326,13.039999999999898,to_table,-1.8119100332260132,-0.6937136054039001,-1.3816436280696944,0.5199497938156128,0.6578326225280762,0.7799999713897705,-0.37876394391059875,0.18000000715255737,0.0,1,dwa-slow-forward,0.3218197512311241,0.005253122286959178,99.0,0.3860835456848144,99.0,waiter-1,0,,waiter-1,-1.3500127792358398,-2.549999952316284,-0.4687585323528687,0.0,1.9128899798412313,0,0,waiter-2,3.9817519187927246,-2.200000047683716,0.4709919792914441,0.0,5.986269093556149,0,0,customer-1,4.755320072174072,2.549999952316284,0.4304736413412691,0.0,7.324628925878153,0,0,customer-2,-5.681460380554199,2.200000047683716,0.3930693209524172,0.0,4.831873197484942,0,0
1,327,13.079999999999897,to_table,-1.8098955154418945,-0.7042099833488464,-1.379251103589185,0.5152442455291748,0.654280424118042,0.7799999713897705,-0.3894798755645752,0.18000000715255737,0.14000000059604645,1,dwa-left-arc,0.3723413044600062,-0.089624847385814,99.0,0.3856814527511596,99.0,waiter-1,0,,waiter-1,-1.3687629699707031,-2.549999952316284,-0.46875878668314996,0.0,1.8977719916298448,0,0,waiter-2,4.00059175491333,-2.200000047683716,0.470988376194299,0.0,5.999929185875698,0,0,customer-1,4.772538661956787,2.549999952316284,0.43047590650198586,0.0,7.342909641631708,0,0,customer-2,-5.665737628936768,2.200000047683716,0.39306787480187566,0.0,4.827209785015643,0,0
1,328,13.119999999999896,to_table,-1.8078577518463135,-0.7146976590156555,-1.375846221882497,0.5653504133224487,0.5648324489593506,0.7799999713897705,-0.4139091968536377,0.18000000715255737,0.14000000059604645,1,dwa-left-arc,0.36941277514192744,-0.09111402477931596,99.0,0.3860341930389404,99.0,waiter-1,0,,waiter-1,-1.3875131607055664,-2.549999952316284,-0.46875904101343124,0.0,1.8828234338609207,0,0,waiter-2,4.019431114196777,-2.200000047683716,0.47098954146873595,0.0,6.013602806479059,0,0,customer-1,4.78975772857666,2.549999952316284,0.4304734032911206,0.0,7.361167062426537,0,0,customer-2,-5.650014877319336,2.200000047683716,0.3930664286513341,0.0,4.8226169346384635,0,0
1,329,13.159999999999895,to_table,-1.8032805919647217,-0.7310517430305481,-1.3689612824854456,0.5611822605133057,0.5667235851287842,0.7799999713897705,-0.4291607737541199,0.5199999809265137,0.36000001430511475,1,dwa-left-arc,0.10598785401701855,-0.24980419927194986,99.0,-0.21558665990829473,0.845785666183949,waiter-1,0,,waiter-1,-1.4062633514404297,-2.549999952316284,-0.4687592953437125,0.0,1.8617720798576043,0,0,waiter-2,4.038270473480225,-2.200000047683716,0.4709907067431729,0.0,6.023414975903985,0,0,customer-1,4.806976318359375,2.549999952316284,0.4304756684518374,0.0,7.37975586642443,0,0,customer-2,-5.6342926025390625,2.200000047683716,0.3930697508723746,0.0,4.823662262743334,0,0
1,330,13.199999999999894,to_table,-1.7979131937026978,-0.7536731362342834,-1.3576595568612433,0.6719262599945068,0.3213486671447754,0.7799999713897705,-0.4896240532398224,0.5199999809265137,0.36000001430511475,1,dwa-left-arc,0.10490939076304812,-0.24220270218996098,99.0,-0.1984283304214478,0.8205318283867008,waiter-1,0,,waiter-1,-1.425013542175293,-2.549999952316284,-0.4687595496739938,0.0,1.8346237162656973,0,0,waiter-2,4.057109832763672,-2.200000047683716,0.47099187201760984,0.0,6.03101618097931,0,0,customer-1,4.824195384979248,2.549999952316284,0.4304731652409721,0.0,7.400444439617546,0,0,customer-2,-5.618569850921631,2.200000047683716,0.3930683047218331,0.0,4.829244513352751,0,0
1,331,13.239999999999894,to_table,-1.7920666933059692,-0.7798198461532593,-1.348270249699929,0.6651142835617065,0.44051802158355713,0.20000000298023224,-0.5203121304512024,0.5199999809265137,0.36000001430511475,1,dwa-left-arc,0.10091274673689071,-0.23322775731369416,99.0,-0.18588059902191167,0.7897036650477414,waiter-1,0,,waiter-1,-1.4437637329101562,-2.549999952316284,-0.4687598040042751,0.0,1.804120993857071,0,0,waiter-2,4.075949668884277,-2.200000047683716,0.47098826892046475,0.0,6.037427252708851,0,0,customer-1,4.841413974761963,2.549999952316284,0.4304754304016889,0.0,7.422315384292878,0,0,customer-2,-5.602847099304199,2.200000047683716,0.39306685857129153,0.0,4.837496656582476,0,0
1,332,13.279999999999893,to_table,-1.7859957218170166,-0.8078503608703613,-1.3382321777101331,0.6517767906188965,0.20982813835144043,0.7799999713897705,-0.501026451587677,0.5199999809265137,0.36000001430511475,1,dwa-left-arc,0.0917972533662264,-0.219507370377779,99.0,-0.17421877145767217,0.7562905578894089,waiter-1,0,,waiter-1,-1.462514042854309,-2.549999952316284,-0.46875886624166085,0.0,1.7719270852943492,0,0,waiter-2,4.094789028167725,-2.200000047683716,0.4709894341949017,0.0,6.043319454252573,0,0,customer-1,4.858633041381836,2.549999952316284,0.43047292719082364,0.0,7.444880800019377,0,0,customer-2,-5.587124824523926,2.200000047683716,0.393070180792332,0.0,4.847241126216475,0,0
1,333,13.319999999999892,to_table,-1.7804436683654785,-0.8356758952140808,-1.3284033544699092,0.6480461359024048,0.21412622928619385,0.20000000298023224,-0.5412648916244507,0.5199999809265137,0.36000001430511475,1,dwa-left-arc,0.08259125475236467,-0.20474289606481388,99.0,-0.1636184430122376,0.722897555153857,waiter-1,0,,waiter-1,-1.4812642335891724,-2.549999952316284,-0.46875912057194213,0.0,1.740234267836497,0,0,waiter-2,4.113628387451172,-2.200000047683716,0.47099059946933863,0.0,6.049914527674808,0,0,customer-1,4.875851631164551,2.549999952316284,0.4304751923515404,0.0,7.467869044051055,0,0,customer-2,-5.571402072906494,2.200000047683716,0.3930687346417905,0.0,4.856613434817372,0,0
1,334,13.359999999999891,to_table,-1.7749924659729004,-0.8637856245040894,-1.3190190606568466,0.6442252397537231,0.21547091007232666,0.20000000298023224,-0.5832486152648926,0.5199999809265137,0.36000001430511475,1,dwa-left-arc,0.07338785087257188,-0.1899375233622861,99.0,-0.15429204463958746,0.6887543820471846,waiter-1,0,,waiter-1,-1.5000145435333252,-2.549999952316284,-0.4687581828093279,0.0,1.7084881085767958,0,0,waiter-2,4.132467746734619,-2.200000047683716,0.4709917647437756,0.0,6.056695068222903,0,0,customer-1,4.893070697784424,2.549999952316284,0.43047268914067516,0.0,7.4911279738343906,0,0,customer-2,-5.5556793212890625,2.200000047683716,0.39306728849124895,0.0,4.8662486314474,0,0
1,335,13.39999999999989,to_table,-1.768390417098999,-0.8939922451972961,-1.3082463727520075,0.5839231014251709,0.09282541275024414,0.20000000298023224,-0.6428942680358887,0.5199999809265137,0.36000001430511475,1,dwa-left-arc,0.06236315693430555,-0.17471577844347141,99.0,-0.14469092845916753,0.6519186244393961,waiter-1,0,,waiter-1,-1.5187647342681885,-2.549999952316284,-0.4687584371396092,0.0,1.6747162468807175,0,0,waiter-2,4.151307582855225,-2.200000047683716,0.4709881616466305,0.0,6.062052522934574,0,0,customer-1,4.910289287567139,2.549999952316284,0.43047495430139193,0.0,7.514375879210048,0,0,customer-2,-5.539957046508789,2.200000047683716,0.39307061071228944,0.0,4.878268458017109,0,0
1,336,13.43999999999989,to_table,-1.7602288722991943,-0.9236060380935669,-1.2982196656886233,0.6031780242919922,0.7267645597457886,0.20000000298023224,-0.6224420070648193,0.5199999809265137,0.36000001430511475,1,dwa-left-arc,0.051914961590389386,-0.15913712722264106,99.0,-0.1348919844627381,0.6159097639726392,waiter-1,0,,waiter-1,-1.5375149250030518,-2.549999952316284,-0.46875869146989046,0.0,1.6415720107692262,0,0,waiter-2,4.170146942138672,-2.200000047683716,0.47098932692106743,0.0,6.066179932064924,0,0,customer-1,4.927508354187012,2.549999952316284,0.4304724510905267,0.0,7.5360313021603496,0,0,customer-2,-5.524234294891357,2.200000047683716,0.3930691645617479,0.0,4.891283246798133,0,0
1,337,13.479999999999889,to_table,-1.7516354322433472,-0.9528161287307739,-1.2879826260695328,0.4481806755065918,0.3764207363128662,0.20000000298023224,-0.7286943197250366,0.5199999809265137,0.36000001430511475,1,dwa-left-arc,0.04248457626197216,-0.14493819668481533,99.0,-0.12492763757705694,0.580485608042675,waiter-1,0,,waiter-1,-1.556265115737915,-2.549999952316284,-0.46875894580017174,0.0,1.6090884770250091,0,0,waiter-2,4.188986301422119,-2.200000047683716,0.4709904921955044,0.0,6.070128030790892,0,0,customer-1,4.944726943969727,2.549999952316284,0.43047471625124345,0.0,7.557181324488904,0,0,customer-2,-5.508511543273926,2.200000047683716,0.39306771841120636,0.0,4.904525252855074,0,0
1,338,13.519999999999888,to_table,-1.7435513734817505,-0.9814886450767517,-1.2802006287326124,0.36618244647979736,-0.8408689498901367,0.20000000298023224,-0.8066073656082153,0.5199999809265137,0.36000001430511475,1,dwa-left-arc,0.03246598411932783,-0.1317409267875691,99.0,-0.11773127079010015,0.5447484143486578,waiter-1,0,,waiter-1,-1.5750153064727783,-2.549999952316284,-0.468759200130453,0.0,1.5775398970615988,0,0,waiter-2,4.207825660705566,-2.200000047683716,0.4709916574699413,0.0,6.074838157624893,0,0,customer-1,4.9619460105896,2.549999952316284,0.4304722130403782,0.0,7.578595310564138,0,0,customer-2,-5.492789268493652,2.200000047683716,0.39307104063224685,0.0,4.917179587482644,0,0
1,339,13.559999999999887,to_table,-1.7361091375350952,-1.011323094367981,-1.2701453988050098,0.06511342525482178,0.3009401559829712,0.20000000298023224,-0.7189558744430542,0.5199999809265137,0.36000001430511475,1,dwa-left-arc,0.02278636825841357,-0.1173622271804029,99.0,-0.11035156011581426,0.5073796184198627,waiter-1,0,,waiter-1,-1.5937654972076416,-2.549999952316284,-0.4687594544607343,0.0,1.5452469657395655,0,0,waiter-2,4.226665019989014,-2.200000047683716,0.47099282274437826,0.0,6.080101031478122,0,0,customer-1,4.9791646003723145,2.549999952316284,0.43047447820109497,0.0,7.601179067610067,0,0,customer-2,-5.477066516876221,2.200000047683716,0.3930695944817053,0.0,4.9302493280485935,0,0
1,340,13.599999999999886,to_table,-1.7304431200027466,-1.0344316959381104,-1.2661901485233005,0.05771827697753906,0.28554201126098633,0.20000000298023224,-0.7766323089599609,0.18000000715255737,0.0,1,dwa-slow-forward,0.1698269735795102,-0.029823481931778972,99.0,0.2623631381988525,99.0,waiter-1,0,,waiter-1,-1.6125156879425049,-2.549999952316284,-0.4687597087910156,0.0,1.5201493410101197,0,0,waiter-2,4.245504856109619,-2.200000047683716,0.47098921964723317,0.0,6.088555148456195,0,0,customer-1,4.9963836669921875,2.549999952316284,0.4304719749902297,0.0,7.622227290184957,0,0,customer-2,-5.461343765258789,2.200000047683716,0.39306814833116377,0.0,4.937729065969545,0,0
1,341,13.639999999999885,to_table,-1.7260793447494507,-1.048985242843628,-1.2648527887590326,-0.23956745862960815,0.6839091777801514,0.20000000298023224,-0.7704752683639526,0.18000000715255737,0.0,1,dwa-slow-forward,0.1603427156595621,-0.029169524393673374,99.0,0.2592818164825439,99.0,waiter-1,0,,waiter-1,-1.6312659978866577,-2.549999952316284,-0.46875877102840136,0.0,1.5040062263157712,0,0,waiter-2,4.264344215393066,-2.200000047683716,0.4709903849216701,0.0,6.100000779579591,0,0,customer-1,5.013602256774902,2.549999952316284,0.4304742401509465,0.0,7.640419001920385,0,0,customer-2,-5.445621490478516,2.200000047683716,0.39307147055220426,0.0,4.938714325805637,0,0
1,342,13.679999999999884,to_table,-1.7226905822753906,-1.059712529182434,-1.2648507156673623,-0.24018234014511108,0.6804989576339722,0.20000000298023224,-0.7983401417732239,0.18000000715255737,0.0,1,dwa-slow-forward,0.15710651567986483,-0.029183032930091835,99.0,0.2589514875411987,99.0,waiter-1,0,,waiter-1,-1.650016188621521,-2.549999952316284,-0.46875902535868263,0.0,1.4920583671706307,0,0,waiter-2,4.283183574676514,-2.200000047683716,0.47099155019610706,0.0,6.113164484454231,0,0,customer-1,5.030821323394775,2.549999952316284,0.43047173694008123,0.0,7.657672443968618,0,0,customer-2,-5.429898262023926,2.200000047683716,0.3930652560300807,0.0,4.936508367719624,0,0
1,343,13.719999999999883,to_table,-1.7194385528564453,-1.0700079202651978,-1.2648507156673623,-0.24244612455368042,0.6773562431335449,0.20000000298023224,-0.7987172603607178,0.18000000715255737,0.0,1,dwa-slow-forward,0.15687341101779634,-0.02923188071746763,99.0,0.2589538717269897,99.0,waiter-1,0,,waiter-1,-1.6687664985656738,-2.549999952316284,-0.4687580875960684,0.0,1.4808592343706242,0,0,waiter-2,4.302022933959961,-2.200000047683716,0.470992715470544,0.0,6.1265716877582586,0,0,customer-1,5.04803991317749,2.549999952316284,0.430474002100798,0.0,7.674843437216484,0,0,customer-2,-5.414175987243652,2.200000047683716,0.3930685782511212,0.0,4.933967654891096,0,0
1,344,13.759999999999883,to_table,-1.7162128686904907,-1.0802202224731445,-1.2648507156673623,-0.24531471729278564,0.674762487411499,0.20000000298023224,-0.7990285158157349,0.18000000715255737,0.0,1,dwa-slow-forward,0.15678017625541468,-0.02917880721759991,99.0,0.2590205097198486,99.0,waiter-1,0,,waiter-1,-1.687516689300537,-2.549999952316284,-0.4687583419263497,0.0,1.4700598372070959,0,0,waiter-2,4.320862770080566,-2.200000047683716,0.4709891123733989,0.0,6.140047974176715,0,0,customer-1,5.065258979797363,2.549999952316284,0.43047149888993275,0.0,7.691999671690156,0,0,customer-2,-5.398453712463379,2.200000047683716,0.3930719004721617,0.0,4.931403720270448,0,0
1,345,13.799999999999882,to_table,-1.7129923105239868,-1.090416431427002,-1.2648507156673623,-0.24807173013687134,0.6725480556488037,0.20000000298023224,-0.7149345278739929,0.18000000715255737,0.0,1,dwa-slow-forward,0.15694316922675206,-0.029231789265996122,99.0,0.25909930706024165,99.0,waiter-1,0,,waiter-1,-1.7062668800354004,-2.549999952316284,-0.46875859625663097,0.0,1.4595990154377367,0,0,waiter-2,4.339702129364014,-2.200000047683716,0.47099027764783585,0.0,6.1535587901730855,0,0,customer-1,5.082477569580078,2.549999952316284,0.4304737640506495,0.0,7.7091531531309005,0,0,customer-2,-5.382730484008789,2.200000047683716,0.3930656859500381,0.0,4.928876024808795,0,0
1,346,13.83999999999988,to_table,-1.709057092666626,-1.1037505865097046,-1.259685414584018,0.3223700523376465,-0.16543453931808472,0.20000000298023224,-0.8300988078117371,0.41999998688697815,0.41999998688697815,1,dwa-left-arc,0.0731269195181668,-0.19655138290383767,99.0,0.022231283187866158,0.5478452404127924,waiter-1,0,,waiter-1,-1.7250170707702637,-2.549999952316284,-0.46875885058691225,0.0,1.4463374257057038,0,0,waiter-2,4.358541488647461,-2.200000047683716,0.4709914429222728,0.0,6.16583452787123,0,0,customer-1,5.099696636199951,2.549999952316284,0.43047126083978426,0.0,7.727161208382139,0,0,customer-2,-5.367008209228516,2.200000047683716,0.3930690081710786,0.0,4.929033842863102,0,0
1,347,13.87999999999988,to_table,-1.7042667865753174,-1.1218425035476685,-1.2487401414183152,0.22907626628875732,0.5690205097198486,0.20000000298023224,-0.7675324082374573,0.41999998688697815,0.41999998688697815,1,dwa-left-arc,0.07238078403101117,-0.1874513668737725,99.0,0.030828895568847603,0.5272727654182143,waiter-1,0,,waiter-1,-1.743767261505127,-2.549999952316284,-0.4687591049171935,0.0,1.4287036032686982,0,0,waiter-2,4.377380847930908,-2.200000047683716,0.47099260819670974,0.0,6.176476474517866,0,0,customer-1,5.116915225982666,2.549999952316284,0.43047352600050104,0.0,7.746673548635544,0,0,customer-2,-5.351285457611084,2.200000047683716,0.39306756202053705,0.0,4.9330906257695,0,0
1,348,13.91999999999988,to_table,-1.6963645219802856,-1.1419786214828491,-1.2359715471643153,0.22120916843414307,0.5681958198547363,0.20000000298023224,-0.8072704672813416,0.41999998688697815,0.41999998688697815,1,dwa-left-arc,0.06957750194812956,-0.1781036765107158,99.0,0.040479245185852,0.5053038647792462,waiter-1,0,,waiter-1,-1.7625174522399902,-2.549999952316284,-0.4687593592474748,0.0,1.4095745025588051,0,0,waiter-2,4.396220684051514,-2.200000047683716,0.47098900509956465,0.0,6.183769386956281,0,0,customer-1,5.134134292602539,2.549999952316284,0.4304710227896358,0.0,7.764433002184336,0,0,customer-2,-5.335562705993652,2.200000047683716,0.3930661158699955,0.0,4.940909313850084,0,0
1,349,13.959999999999878,to_table,-1.6894205808639526,-1.1632251739501953,-1.2242838221228094,0.22053790092468262,0.5832260847091675,0.20000000298023224,-0.8100128769874573,0.41999998688697815,0.41999998688697815,1,dwa-left-arc,0.06579648809933741,-0.1680468186544375,99.0,0.04751533508300776,0.47836050404182673,waiter-1,0,,waiter-1,-1.7812676429748535,-2.549999952316284,-0.4687596135777561,0.0,1.3898129977557119,0,0,waiter-2,4.415060043334961,-2.200000047683716,0.4709901703740016,0.0,6.191896787740015,0,0,customer-1,5.151352882385254,2.549999952316284,0.43047328795035256,0.0,7.783586731952774,0,0,customer-2,-5.319840431213379,2.200000047683716,0.393069438091036,0.0,4.948861705609243,0,0
1,350,13.999999999999877,to_table,-1.6826640367507935,-1.186103105545044,-1.211630566574083,0.21774351596832275,0.5917152166366577,0.20000000298023224,-0.8089941740036011,0.41999998688697815,0.41999998688697815,1,dwa-left-arc,0.06129760197351436,-0.15605987763092632,99.0,0.053119125366210884,0.44633910488851175,waiter-1,0,,waiter-1,-1.8000178337097168,-2.549999952316284,-0.46875986790803736,0.0,1.3689362740073798,0,0,waiter-2,4.433899402618408,-2.200000047683716,0.47099133564843854,0.0,6.2000270416431364,0,0,customer-1,5.168571949005127,2.549999952316284,0.4304707847394873,0.0,7.803710693732672,0,0,customer-2,-5.304117679595947,2.200000047683716,0.39306799194049447,0.0,4.957884735608744,0,0
1,351,14.039999999999877,to_table,-1.675075650215149,-1.2086215019226074,-1.1979119796303137,0.25459718704223633,0.5937234163284302,0.0,-0.8087531924247742,0.41999998688697815,0.41999998688697815,1,dwa-left-arc,0.055654075016716764,-0.14328191537207413,99.0,0.05941885948181147,0.41627984835801984,waiter-1,0,,waiter-1,-1.8187681436538696,-2.549999952316284,-0.46875893014542314,0.0,1.349052882525803,0,0,waiter-2,4.4527387619018555,-2.200000047683716,0.4709925009228755,0.0,6.207490708035275,0,0,customer-1,5.185790538787842,2.549999952316284,0.4304730499002041,0.0,7.8229610825869065,0,0,customer-2,-5.288394927978516,2.200000047683716,0.3930665457899529,0.0,4.967371243575116,0,0
1,352,14.079999999999876,to_table,-1.667014479637146,-1.2299960851669312,-1.185991942267267,0.5088318586349487,-0.7255738377571106,0.0,-0.9670688509941101,0.41999998688697815,0.41999998688697815,1,dwa-left-arc,0.04996990584728983,-0.13180060227831336,99.0,0.06546408176422114,0.38872057358514744,waiter-1,0,,waiter-1,-1.837518334388733,-2.549999952316284,-0.4687591844757044,0.0,1.3309702377492882,0,0,waiter-2,4.471578598022461,-2.200000047683716,0.4709888978257304,0.0,6.214759260050924,0,0,customer-1,5.203009605407715,2.549999952316284,0.4304705466893388,0.0,7.841275468473563,0,0,customer-2,-5.272672653198242,2.200000047683716,0.3930698680109934,0.0,4.976509252070002,0,0
1,353,14.119999999999875,to_table,-1.6581450700759888,-1.253675103187561,-1.1755924494987364,0.5578590631484985,0.4484823942184448,0.20000000298023224,-0.8261821269989014,0.41999998688697815,0.41999998688697815,1,dwa-left-arc,0.04612289477213288,-0.1200878222133297,99.0,0.06906122207641596,0.3527493780362597,waiter-1,0,,waiter-1,-1.8562686443328857,-2.549999952316284,-0.4687582467130902,0.0,1.3113775448530964,0,0,waiter-2,4.490417957305908,-2.200000047683716,0.47099006310016733,0.0,6.22096119601009,0,0,customer-1,5.22022819519043,2.549999952316284,0.4304728118500556,0.0,7.860023072752012,0,0,customer-2,-5.2569499015808105,2.200000047683716,0.3930684218604519,0.0,4.987912214845825,0,0
1,354,14.159999999999874,to_table,-1.648758053779602,-1.2760134935379028,-1.1624748467082262,0.17938578128814697,0.3278183937072754,0.0,-0.8406617641448975,0.41999998688697815,0.41999998688697815,1,dwa-left-arc,0.0400929745115986,-0.10489146623790746,99.0,0.07454258441925043,0.3227541832489377,waiter-1,0,,waiter-1,-1.875018835067749,-2.549999952316284,-0.46875850104337147,0.0,1.2939225008862791,0,0,waiter-2,4.5092573165893555,-2.200000047683716,0.4709912283746043,0.0,6.226949851567988,0,0,customer-1,5.2374467849731445,2.549999952316284,0.43047507701077237,0.0,7.877702454974976,0,0,customer-2,-5.241227149963379,2.200000047683716,0.39306697570991034,0.0,4.998850302398696,0,0
1,355,14.199999999999873,to_table,-1.6399314403533936,-1.2965939044952393,-1.1546130622218849,0.17283236980438232,0.32909512519836426,0.0,-0.8405085802078247,0.18000000715255737,0.14000000059604645,1,dwa-left-arc,0.10270925004153814,-0.03515942634673008,99.0,0.19232803821563715,99.0,waiter-1,0,,waiter-1,-1.8937690258026123,-2.549999952316284,-0.46875875537365275,0.0,1.2788511408686551,0,0,waiter-2,4.528096675872803,-2.200000047683716,0.4709923936490412,0.0,6.233836178638925,0,0,customer-1,5.254665851593018,2.549999952316284,0.4304725737999071,0.0,7.895046302421218,0,0,customer-2,-5.2255048751831055,2.200000047683716,0.39307029793095083,0.0,5.008243816246468,0,0
1,356,14.239999999999872,to_table,-1.6344807147979736,-1.3115192651748657,-1.151855157477547,-0.04294484853744507,0.6713712215423584,0.0,-0.7994354367256165,0.18000000715255737,0.14000000059604645,1,dwa-left-arc,0.09426651942883796,-0.03345709079386039,99.0,0.1883127117156982,99.0,waiter-1,0,,waiter-1,-1.9125192165374756,-2.549999952316284,-0.468759009703934,0.0,1.2693068269224062,0,0,waiter-2,4.546936511993408,-2.200000047683716,0.47098879055189613,0.0,6.244943317001428,0,0,customer-1,5.271884441375732,2.549999952316284,0.4304748389606239,0.0,7.912598203969649,0,0,customer-2,-5.209782123565674,2.200000047683716,0.3930688517804093,0.0,5.011341940849288,0,0
1,357,14.279999999999871,to_table,-1.6297380924224854,-1.3232297897338867,-1.14895999521189,-0.04023689031600952,0.6816220283508301,0.0,-0.7982053756713867,0.18000000715255737,0.14000000059604645,1,dwa-left-arc,0.08930408139656315,-0.03207166630345526,99.0,0.18693799018859858,99.0,waiter-1,0,,waiter-1,-1.9312694072723389,-2.549999952316284,-0.4687592640342153,0.0,1.2632838816503293,0,0,waiter-2,4.5657758712768555,-2.200000047683716,0.4709899558263331,0.0,6.257245349162755,0,0,customer-1,5.2891035079956055,2.549999952316284,0.43047233574975863,0.0,7.929204104219918,0,0,customer-2,-5.194059371948242,2.200000047683716,0.39306740562986775,0.0,5.0117396850744145,0,0
1,358,14.31999999999987,to_table,-1.6251972913742065,-1.3341082334518433,-1.1455844479389592,-0.04816412925720215,0.6733682155609131,0.0,-0.7991958260536194,0.18000000715255737,0.14000000059604645,1,dwa-left-arc,0.08737841449963729,-0.031451215442198865,99.0,0.18622833728790278,99.0,waiter-1,0,,waiter-1,-1.9500195980072021,-2.549999952316284,-0.4687595183644966,0.0,1.2585317647518892,0,0,waiter-2,4.584615230560303,-2.200000047683716,0.47099112110077,0.0,6.2698915613851245,0,0,customer-1,5.30632209777832,2.549999952316284,0.4304746009104754,0.0,7.945581000842442,0,0,customer-2,-5.178337097167969,2.200000047683716,0.39307072785090824,0.0,5.011459250787845,0,0
1,359,14.35999999999987,to_table,-1.62059485912323,-1.343887448310852,-1.142180433515728,0.8060710430145264,0.752244234085083,0.0,-0.7897306680679321,0.18000000715255737,0.14000000059604645,1,dwa-left-arc,0.08587919702745977,-0.03081770167644049,99.0,0.18650073051452631,99.0,waiter-1,0,,waiter-1,-1.968769907951355,-2.549999952316284,-0.46875858060188236,0.0,1.255361795238616,0,0,waiter-2,4.60345458984375,-2.200000047683716,0.47099228637520696,0.0,6.282652332095986,0,0,customer-1,5.323541164398193,2.549999952316284,0.43047209769961015,0.0,7.961368236800172,0,0,customer-2,-5.162614345550537,2.200000047683716,0.3930692817003667,0.0,5.01049305223522,0,0
1,360,14.399999999999869,to_table,-1.6161003112792969,-1.3535107374191284,-1.1395187935471496,0.13687705993652344,0.35317277908325195,0.0,-0.8376192450523376,0.18000000715255737,0.14000000059604645,1,dwa-left-arc,0.08563113617147239,-0.030563701184752823,99.0,0.18679052829742426,99.0,waiter-1,0,,waiter-1,-1.9875200986862183,-2.549999952316284,-0.46875883493216364,0.0,1.252812475928706,0,0,waiter-2,4.6222944259643555,-2.200000047683716,0.47098868327806187,0.0,6.295562965300364,0,0,customer-1,5.340759754180908,2.549999952316284,0.4304743628603269,0.0,7.977173539247696,0,0,customer-2,-5.1468915939331055,2.200000047683716,0.39306783554982516,0.0,5.00938379259429,0,0
1,361,14.439999999999868,to_table,-1.611817717552185,-1.3629238605499268,-1.1442599496251442,0.09774792194366455,0.4623410701751709,0.0,-0.8245190978050232,0.18000000715255737,-0.44999998807907104,1,dwa-right-arc,0.07714699126731489,-0.03012154280667434,99.0,0.1869192743301391,99.0,waiter-1,0,,waiter-1,-2.006270408630371,-2.549999952316284,-0.4687578971695494,0.0,1.2508967076230204,0,0,waiter-2,4.641133785247803,-2.200000047683716,0.4709898485524988,0.0,6.308731967633041,0,0,customer-1,5.357978820800781,2.549999952316284,0.43047185964946166,0.0,7.993061775773564,0,0,customer-2,-5.131169319152832,2.200000047683716,0.39307115777086565,0.0,5.00801981541127,0,0
1,362,14.479999999999867,to_table,-1.607904314994812,-1.372678279876709,-1.1536822133600302,-0.027645468711853027,0.9145755767822266,0.0,-0.7702509164810181,0.18000000715255737,-0.44999998807907104,1,dwa-right-arc,0.07979733854227772,-0.02944734218319034,99.0,0.18654686450958247,99.0,waiter-1,0,,waiter-1,-2.0250205993652344,-2.549999952316284,-0.4687581514998307,0.0,1.249028548545991,0,0,waiter-2,4.65997314453125,-2.200000047683716,0.47099101382693576,0.0,6.3222424150867695,0,0,customer-1,5.375197410583496,2.549999952316284,0.43047412481017844,0.0,8.009439070440294,0,0,customer-2,-5.1154465675354,2.200000047683716,0.3930697116203241,0.0,5.006683841184448,0,0
1,363,14.519999999999866,to_table,-1.6027839183807373,-1.3838675022125244,-1.1685672306095392,0.6198291778564453,0.9482529163360596,0.0,-0.7662096619606018,0.18000000715255737,-0.44999998807907104,1,dwa-right-arc,0.08128313792061076,-0.02813746953491758,99.0,0.18537217617034907,99.0,waiter-1,0,,waiter-1,-2.0437707901000977,-2.549999952316284,-0.46875840583011197,0.0,1.2467294462768679,0,0,waiter-2,4.678812503814697,-2.200000047683716,0.4709921791013727,0.0,6.334392310483759,0,0,customer-1,5.392416477203369,2.549999952316284,0.4304716215993132,0.0,8.025468318059763,0,0,customer-2,-5.099723815917969,2.200000047683716,0.3930682654697826,0.0,5.007264249286928,0,0
1,364,14.559999999999865,to_table,-1.5980689525604248,-1.3947389125823975,-1.1828310580520667,0.06087374687194824,0.8716681003570557,0.0,-0.7753998041152954,0.18000000715255737,-0.44999998807907104,1,dwa-right-arc,0.08147613131345471,-0.027001756093502194,99.0,0.18455285072326655,99.0,waiter-1,0,,waiter-1,-2.062520980834961,-2.549999952316284,-0.46875866016039325,0.0,1.2451280080760176,0,0,waiter-2,4.697652339935303,-2.200000047683716,0.4709885760042276,0.0,6.347011272125545,0,0,customer-1,5.409635066986084,2.549999952316284,0.43047388676002996,0.0,8.04169635946362,0,0,customer-2,-5.084001541137695,2.200000047683716,0.39307158769082307,0.0,5.0073819711062715,0,0
1,365,14.599999999999865,to_table,-1.5947750806808472,-1.4054014682769775,-1.197460471158258,0.05399167537689209,0.8664628267288208,0.0,-0.7760244607925415,0.18000000715255737,-0.44999998807907104,1,dwa-right-arc,0.0816373252105716,-0.02549550324598726,99.0,0.1835524463653564,99.0,waiter-1,0,,waiter-1,-2.081271171569824,-2.549999952316284,-0.4687589144906745,0.0,1.2436977671907812,0,0,waiter-2,4.71649169921875,-2.200000047683716,0.47098974127866455,0.0,6.361090729541549,0,0,customer-1,5.426854133605957,2.549999952316284,0.4304713835491647,0.0,8.059061807738983,0,0,customer-2,-5.0682783126831055,2.200000047683716,0.3930653731686995,0.0,5.006410370117676,0,0
1,366,14.639999999999864,to_table,-1.588863730430603,-1.4166213274002075,-1.212078724448874,0.04513096809387207,0.861015796661377,0.0,-0.7766780853271484,0.18000000715255737,-0.44999998807907104,1,dwa-right-arc,0.0811775323739084,-0.02271754697413042,99.0,0.18331378936767573,99.0,waiter-1,0,,waiter-1,-2.1000213623046875,-2.549999952316284,-0.4687591688209558,0.0,1.2433138107653188,0,0,waiter-2,4.735331058502197,-2.200000047683716,0.4709909065531015,0.0,6.37252869336481,0,0,customer-1,5.444072723388672,2.549999952316284,0.4304736487098815,0.0,8.074421313020503,0,0,customer-2,-5.052556037902832,2.200000047683716,0.39306869538974,0.0,5.007705519652311,0,0
1,367,14.679999999999863,to_table,-1.5843424797058105,-1.4271926879882812,-1.2263248244173905,0.7023026943206787,-0.5193422436714172,0.0,-0.9423210620880127,0.18000000715255737,-0.44999998807907104,1,dwa-right-arc,0.0812781881302303,-0.02169887642209456,99.0,0.1835073852539062,99.0,waiter-1,0,,waiter-1,-2.118771553039551,-2.549999952316284,-0.4687594231512371,0.0,1.243507373219835,0,0,waiter-2,4.7541704177856445,-2.200000047683716,0.47099207182753844,0.0,6.385450412215645,0,0,customer-1,5.461291790008545,2.549999952316284,0.4304711454990162,0.0,8.090675099190804,0,0,customer-2,-5.036833763122559,2.200000047683716,0.3930720176107805,0.0,5.007616519241497,0,0
1,368,14.719999999999862,to_table,-1.5809255838394165,-1.4374470710754395,-1.2406470766131328,0.22024929523468018,0.8663327693939209,0.0,-0.7760400772094727,0.18000000715255737,-0.44999998807907104,1,dwa-right-arc,0.081866443783355,-0.019681403307219902,99.0,0.18401497840881342,99.0,waiter-1,0,,waiter-1,-2.137521743774414,-2.549999952316284,-0.46875967748151837,0.0,1.2440149512010257,0,0,waiter-2,4.77301025390625,-2.200000047683716,0.47098846873039335,0.0,6.399530269662209,0,0,customer-1,5.47851037979126,2.549999952316284,0.430473410659733,0.0,8.107735188630528,0,0,customer-2,-5.021110534667969,2.200000047683716,0.3930658030886569,0.0,5.006585067456313,0,0
1,369,14.759999999999861,to_table,-1.5788185596466064,-1.4475327730178833,-1.2548782757995474,0.29321157932281494,-0.5058016180992126,0.0,-0.9406961798667908,0.18000000715255737,-0.44999998807907104,1,dwa-right-arc,0.08274239957437685,-0.016770239195192604,99.0,0.18454259872436518,99.0,waiter-1,0,,waiter-1,-2.1562719345092773,-2.549999952316284,-0.46875993181179965,0.0,1.2445425993393961,0,0,waiter-2,4.791849613189697,-2.200000047683716,0.4709896340048303,0.0,6.414952842214234,0,0,customer-1,5.495729446411133,2.549999952316284,0.43047090744886773,0.0,8.125853640088108,0,0,customer-2,-5.005388259887695,2.200000047683716,0.3930691253096974,0.0,5.004585456229684,0,0
1,370,14.79999999999986,to_table,-1.5747942924499512,-1.4571985006332397,-1.2700671192802997,0.019811034202575684,0.638636589050293,0.0,-0.8033636212348938,0.18000000715255737,-0.44999998807907104,1,dwa-right-arc,0.0836113695921819,-0.012747996322243882,99.0,0.18679124355316157,99.0,waiter-1,0,,waiter-1,-2.1750221252441406,-2.549999952316284,-0.4687601861420809,0.0,1.2467912672381767,0,0,waiter-2,4.8106889724731445,-2.200000047683716,0.47099079927926724,0.0,6.428541877044397,0,0,customer-1,5.512948036193848,2.549999952316284,0.4304731726095845,0.0,8.142096214032973,0,0,customer-2,-4.989665508270264,2.200000047683716,0.39306767915915586,0.0,5.003643336854631,0,0
1,371,14.83999999999986,to_table,-1.5717763900756836,-1.4672685861587524,-1.284561803078858,-0.009093642234802246,0.6299474239349365,0.0,-0.8044062852859497,0.18000000715255737,-0.44999998807907104,1,dwa-right-arc,0.08621862680360609,-0.010416329805634339,99.0,0.1886737966537475,99.0,waiter-1,1,dynamic,waiter-1,-2.193772315979004,-2.549999952316284,-0.4687604404723622,0.0,1.2486737536689412,0,0,waiter-2,4.829528331756592,-2.200000047683716,0.4709919645537042,0.0,6.443104650435277,0,0,customer-1,5.530167102813721,2.549999952316284,0.43047066939871925,0.0,8.159414677929753,0,0,customer-2,-4.97394323348999,2.200000047683716,0.39307100138019635,0.0,5.002359289694461,0,0
