episode,step,sim_time,phase,robot_x,robot_y,robot_yaw,sac_linear,sac_turn,proposed_linear,proposed_turn,final_linear,final_turn,dwa_intervened,dwa_reason,pred_dynamic_clearance,pred_static_clearance,pred_ttc,env_dynamic_clearance,env_dynamic_ttc,env_dynamic_person,collision,collision_type,p0_type,p0_x,p0_y,p0_vx,p0_vy,p0_distance,p0_cooperative,p0_reciprocal,p1_type,p1_x,p1_y,p1_vx,p1_vy,p1_distance,p1_cooperative,p1_reciprocal,p2_type,p2_x,p2_y,p2_vx,p2_vy,p2_distance,p2_cooperative,p2_reciprocal,p3_type,p3_x,p3_y,p3_vx,p3_vy,p3_distance,p3_cooperative,p3_reciprocal
4,1,0.04,to_table,-8.300000190734863,5.5,0.011058962993734838,-0.42056113481521606,-0.6237110495567322,0.0,0.75,0.0,0.75,0,nominal-sac-a-star,4.1923668873026765,99.0,99.0,4.252428951263427,99.0,waiter-2,0,,waiter-1,7.997619152069092,2.549999952316284,-0.5061262704974467,0.0,16.562454423311525,0,0,waiter-2,-4.136840343475342,2.200000047683716,0.4435565650241813,0.0,5.312428785322341,0,0,customer-1,4.588934421539307,-2.200000047683716,0.40339362423432057,0.0,15.013814844129667,0,0,customer-2,-6.173961162567139,-2.549999952316284,0.40769410030027764,0.0,8.326015924893763,0,0
4,2,0.08,to_table,-8.300000190734863,5.5,-0.001564388030440744,0.9380178451538086,-0.9262568950653076,0.0,-0.9911508560180664,0.0,-0.9911508560180664,0,nominal-sac-a-star,4.1923668873026765,99.0,99.0,4.266344013214111,99.0,waiter-2,0,,waiter-1,7.977374076843262,2.549999952316284,-0.5061264803098453,0.0,16.54253346159978,0,0,waiter-2,-4.11909818649292,2.200000047683716,0.4435571588259357,0.0,5.3263440796067405,0,0,customer-1,4.605070114135742,-2.200000047683716,0.40339352259735506,0.0,15.027669157523476,0,0,customer-2,-6.157653331756592,-2.549999952316284,0.40769333423635423,0.0,8.330195033519098,0,0
4,3,0.12,to_table,-8.300000190734863,5.5,-0.025805238170110125,0.7721757888793945,-0.509621798992157,0.0,-0.9411545991897583,0.0,-0.9411545991897583,0,nominal-sac-a-star,4.206304914371914,99.0,99.0,4.280281963348388,99.0,waiter-2,0,,waiter-1,7.957129001617432,2.549999952316284,-0.5061266901222439,0.0,16.522613287799455,0,0,waiter-2,-4.101356029510498,2.200000047683716,0.44355775262769015,0.0,5.340282059767155,0,0,customer-1,4.621205806732178,-2.200000047683716,0.40339342096039843,0.0,15.041528019563287,0,0,customer-2,-6.141345977783203,-2.549999952316284,0.40769733654401286,0.0,8.334403832511725,0,0
4,4,0.16,to_table,-8.300000190734863,5.5,-0.05771613944811528,0.8413727283477783,-0.2328203320503235,0.0,-0.9079384207725525,0.0,-0.9079384207725525,0,nominal-sac-a-star,4.220265450300228,99.0,99.0,4.294242801666259,99.0,waiter-2,0,,waiter-1,7.936883926391602,2.549999952316284,-0.5061268999346513,0.0,16.502693904763778,0,0,waiter-2,-4.083613395690918,2.200000047683716,0.44355357805786255,0.0,5.354242924140483,0,0,customer-1,4.637341499328613,-2.200000047683716,0.4033933193234418,0.0,15.055391417687675,0,0,customer-2,-6.125038146972656,-2.549999952316284,0.40769657048008945,0.0,8.338642522862965,0,0
4,5,0.2,to_table,-8.300000190734863,5.5,-0.0882375161873382,-0.05893617868423462,0.6540110111236572,0.0,-0.8015186786651611,0.0,-0.8015186786651611,0,nominal-sac-a-star,4.234248319478907,99.0,99.0,4.308225574493408,99.0,waiter-2,0,,waiter-1,7.9166388511657715,2.549999952316284,-0.5061271097470588,0.0,16.482775315359664,0,0,waiter-2,-4.065871238708496,2.200000047683716,0.443554171859617,0.0,5.368225746713283,0,0,customer-1,4.653477191925049,-2.200000047683716,0.4033932176864763,0.0,15.069259339377338,0,0,customer-2,-6.108730316162109,-2.549999952316284,0.40769580441616604,0.0,8.34291093656778,0,0
4,6,0.24000000000000002,to_table,-8.300000190734863,5.5,-0.11459025151389632,0.7029896974563599,-0.5059000849723816,0.0,-0.9407079815864563,0.0,-0.9407079815864563,0,nominal-sac-a-star,4.24825334784467,99.0,99.0,4.322230758666992,99.0,waiter-2,0,,waiter-1,7.896393775939941,2.549999952316284,-0.5061273195594573,0.0,16.46285752246778,0,0,waiter-2,-4.048129081726074,2.200000047683716,0.4435547656613714,0.0,5.38223072832363,0,0,customer-1,4.669612884521484,-2.200000047683716,0.4033931160495108,0.0,15.083131772154934,0,0,customer-2,-6.0924224853515625,-2.549999952316284,0.40769503835224263,0.0,8.347209028028326,0,0
4,7,0.28,to_table,-8.300000190734863,5.5,-0.14252452429871426,0.7816519737243652,-0.9551315903663635,0.0,-0.9946157932281494,0.0,-0.9946157932281494,0,nominal-sac-a-star,4.262280362866814,99.0,99.0,4.336257400512695,99.0,waiter-2,0,,waiter-1,7.876148700714111,2.549999952316284,-0.5061275293718559,0.0,16.44294052898264,0,0,waiter-2,-4.030386924743652,2.200000047683716,0.44355535946312585,0.0,5.396257696442564,0,0,customer-1,4.68574857711792,-2.200000047683716,0.40339301441255415,0.0,15.097008703584935,0,0,customer-2,-6.076114654541016,-2.549999952316284,0.4076942722883192,0.0,8.351536751423918,0,0
4,8,0.32,to_table,-8.300000190734863,5.5,-0.1752033957327496,0.6629579067230225,-0.7947182059288025,0.0,-0.9753661751747131,0.0,-0.9753661751747131,0,nominal-sac-a-star,4.276329193534428,99.0,99.0,4.3503064537048335,99.0,waiter-2,0,,waiter-1,7.855903625488281,2.549999952316284,-0.5061277391842633,0.0,16.423024337812677,0,0,waiter-2,-4.0126447677612305,2.200000047683716,0.4435559532648803,0.0,5.4103064800608935,0,0,customer-1,4.7018842697143555,-2.200000047683716,0.4033929127755975,0.0,15.110890121273469,0,0,customer-2,-6.059806823730469,-2.549999952316284,0.4076935062243958,0.0,8.355894060713231,0,0
4,9,0.36,to_table,-8.300000190734863,5.5,-0.2078821841419812,0.5889873504638672,-0.3510681986808777,0.0,-0.9221282005310059,0.0,-0.9221282005310059,0,nominal-sac-a-star,4.2903996703436365,99.0,99.0,4.364376964569091,99.0,waiter-2,0,,waiter-1,7.835658550262451,2.549999952316284,-0.5061279489966708,0.0,16.40310895188034,0,0,waiter-2,-3.9949026107788086,2.200000047683716,0.4435565470666347,0.0,5.424376909676443,0,0,customer-1,4.718019962310791,-2.200000047683716,0.403392811138632,0.0,15.124776012868159,0,0,customer-2,-6.043498992919922,-2.549999952316284,0.4076927401604724,0.0,8.360280909636497,0,0
4,10,0.39999999999999997,to_table,-8.300000190734863,5.5,-0.2370568157036017,0.5988051891326904,-0.18015527725219727,0.0,-0.9016186594963074,0.0,-0.9016186594963074,0,nominal-sac-a-star,4.304491625284916,99.0,99.0,4.378468933105468,99.0,waiter-2,0,,waiter-1,7.815413475036621,2.549999952316284,-0.5061281588090694,0.0,16.383194374122166,0,0,waiter-2,-3.9771604537963867,2.200000047683716,0.44355714086838915,0.0,5.438468817281367,0,0,customer-1,4.734155654907227,-2.200000047683716,0.4033927095016665,0.0,15.13866636605798,0,0,customer-2,-6.027191162109375,-2.549999952316284,0.407691974096549,0.0,8.364697251717704,0,0
4,11,0.43999999999999995,to_table,-8.300000190734863,5.5,-0.2662314416633132,0.5784040689468384,-0.010218799114227295,0.0,-0.8812262415885925,0.0,-0.8812262415885925,0,nominal-sac-a-star,4.318604891830452,99.0,99.0,4.392581882476806,99.0,waiter-2,0,,waiter-1,7.795168399810791,2.549999952316284,-0.5061283686214679,0.0,16.36328060748887,0,0,waiter-2,-3.959418296813965,2.200000047683716,0.4435577346701436,0.0,5.452582036349514,0,0,customer-1,4.750291347503662,-2.200000047683716,0.4033926078647099,0.0,15.152561168573097,0,0,customer-2,-6.010883331298828,-2.549999952316284,0.4076912080326256,0.0,8.369143040266815,0,0
4,12,0.4799999999999999,to_table,-8.300000190734863,5.5,-0.2927066858037976,0.5877442359924316,-0.04043513536453247,0.0,-0.8848522305488586,0.0,-0.8848522305488586,0,nominal-sac-a-star,4.332739304921563,99.0,99.0,4.406716766357421,99.0,waiter-2,0,,waiter-1,7.774923324584961,2.549999952316284,-0.5061285784338754,0.0,16.34336765494542,0,0,waiter-2,-3.9416756629943848,2.200000047683716,0.443553560100316,0.0,5.466716781980913,0,0,customer-1,4.766427040100098,-2.200000047683716,0.40339250622775324,0.0,15.166460408184719,0,0,customer-2,-5.994575500488281,-2.549999952316284,0.4076904419687022,0.0,8.373618228381966,0,0
4,13,0.5199999999999999,to_table,-8.300000190734863,5.5,-0.3182821141983399,0.5984070301055908,-0.035335659980773926,0.0,-0.8842402696609497,0.0,-0.8842402696609497,0,nominal-sac-a-star,4.346894700956177,99.0,99.0,4.420872154235839,99.0,waiter-2,0,,waiter-1,7.754678249359131,2.549999952316284,-0.5061287882462828,0.0,16.32345551947114,0,0,waiter-2,-3.923933506011963,2.200000047683716,0.4435541539020704,0.0,5.480872130822718,0,0,customer-1,4.782562732696533,-2.200000047683716,0.40339240459078773,0.0,15.180364072704945,0,0,customer-2,-5.978268146514893,-2.549999952316284,0.4076944442763608,0.0,8.378122636811305,0,0
4,14,0.5599999999999999,to_table,-8.300000190734863,5.5,-0.34199058266178434,0.6559309959411621,0.9122414588928223,0.0,-0.7705309987068176,0.0,-0.7705309987068176,0,nominal-sac-a-star,4.361070917776373,99.0,99.0,4.43504804611206,99.0,waiter-2,0,,waiter-1,7.734433174133301,2.549999952316284,-0.5061289980586814,0.0,16.303544204059783,0,0,waiter-2,-3.906191349029541,2.200000047683716,0.44355474770382486,0.0,5.495048300309593,0,0,customer-1,4.798698425292969,-2.200000047683716,0.4033923029538222,0.0,15.194272149986608,0,0,customer-2,-5.961960315704346,-2.549999952316284,0.4076936782124374,0.0,8.382656481660506,0,0
4,15,0.6,to_table,-8.300000190734863,5.5,-0.3638322989075729,0.8522235155105591,0.5858378410339355,0.0,-0.8096994757652283,0.0,-0.8096994757652283,0,nominal-sac-a-star,4.375267794655972,99.0,99.0,4.449244918823242,99.0,waiter-2,0,,waiter-1,7.7141876220703125,2.549999952316284,-0.5061244394994979,0.0,16.283633242772687,0,0,waiter-2,-3.888449192047119,2.200000047683716,0.4435553415055793,0.0,5.509245129716985,0,0,customer-1,4.814834117889404,-2.200000047683716,0.4033922013168656,0.0,15.20818462792313,0,0,customer-2,-5.945652484893799,-2.549999952316284,0.407692912148514,0.0,8.387219584122695,0,0
4,16,0.64,to_table,-8.300000190734863,5.5,-0.3847138671203313,0.6493412256240845,0.9878299236297607,0.0,-0.7614604234695435,0.0,-0.7614604234695435,0,nominal-sac-a-star,4.389485172288211,99.0,99.0,4.463462295532226,99.0,waiter-2,0,,waiter-1,7.693943023681641,2.549999952316284,-0.5061294176834874,0.0,16.263724045473523,0,0,waiter-2,-3.8707070350646973,2.200000047683716,0.4435559353073337,0.0,5.523462459739728,0,0,customer-1,4.83096981048584,-2.200000047683716,0.40339209967990897,0.0,15.222101494448369,0,0,customer-2,-5.92934513092041,-2.549999952316284,0.4076969144561726,0.0,8.391811761766112,0,0
4,17,0.68,to_table,-8.300000190734863,5.5,-0.4046354262290777,0.5954108238220215,0.5530555248260498,0.0,-0.8136333227157593,0.0,-0.8136333227157593,0,nominal-sac-a-star,4.40372289277346,99.0,99.0,4.477700176239013,99.0,waiter-2,0,,waiter-1,7.673697471618652,2.549999952316284,-0.5061248591243128,0.0,16.243814739451203,0,0,waiter-2,-3.8529648780822754,2.200000047683716,0.44355652910908816,0.0,5.53770013247978,0,0,customer-1,4.847105503082275,-2.200000047683716,0.40339199804294346,0.0,15.236022737536468,0,0,customer-2,-5.913037300109863,-2.549999952316284,0.4076961483922492,0.0,8.396433235220359,0,0
4,18,0.7200000000000001,to_table,-8.300000190734863,5.5,-0.4243488048227111,0.5252630710601807,0.69126296043396,0.0,-0.7970484495162964,0.0,-0.7970484495162964,0,nominal-sac-a-star,4.417980799607015,99.0,99.0,4.491958084106445,99.0,waiter-2,0,,waiter-1,7.6534528732299805,2.549999952316284,-0.5061298373082934,0.0,16.223907203428624,0,0,waiter-2,-3.8352227210998535,2.200000047683716,0.4435571229108426,0.0,5.551957991434002,0,0,customer-1,4.863241195678711,-2.200000047683716,0.40339189640597795,0.0,15.24994834520171,0,0,customer-2,-5.896729469299316,-2.549999952316284,0.4076953823283258,0.0,8.401083822507754,0,0
4,19,0.7600000000000001,to_table,-8.300000190734863,5.5,-0.44385380465494606,0.5931988954544067,0.5683646202087402,0.0,-0.811796247959137,0.0,-0.811796247959137,0,nominal-sac-a-star,4.432258737666961,99.0,99.0,4.506235542297363,99.0,waiter-2,0,,waiter-1,7.633207321166992,2.549999952316284,-0.50612527874911,0.0,16.203999564880878,0,0,waiter-2,-3.8174805641174316,2.200000047683716,0.443557716712597,0.0,5.566235881482023,0,0,customer-1,4.8793768882751465,-2.200000047683716,0.4033917947690213,0.0,15.263878305498364,0,0,customer-2,-5.8804216384887695,-2.549999952316284,0.4076946162644024,0.0,8.405763475305589,0,0
4,20,0.8000000000000002,to_table,-8.300002098083496,5.499998092651367,-0.4635022004791855,0.7045283317565918,0.26224982738494873,0.0,-0.8485299944877625,0.0,-0.8485299944877625,0,nominal-sac-a-star,4.446556553202091,99.0,99.0,4.5205344581604,99.0,waiter-2,0,,waiter-1,7.61296272277832,2.549999952316284,-0.5061302569330994,0.0,16.184095230131533,0,0,waiter-2,-3.7997379302978516,2.200000047683716,0.44355354214276943,0.0,5.580534443639403,0,0,customer-1,4.895512580871582,-2.200000047683716,0.4033916931320558,0.0,15.277813292604497,0,0,customer-2,-5.864113807678223,-2.549999952316284,0.407693850200479,0.0,8.41047087191416,0,0
4,21,0.8400000000000002,to_table,-8.300005912780762,5.499994277954102,-0.48329397725640305,0.6286375522613525,0.3393263816833496,0.0,-0.8392808437347412,0.0,-0.8392808437347412,0,nominal-sac-a-star,4.460874509052103,99.0,99.0,4.534852924346923,99.0,waiter-2,0,,waiter-1,7.592717170715332,2.549999952316284,-0.5061256983739248,0.0,16.164192325321576,0,0,waiter-2,-3.7819957733154297,2.200000047683716,0.44355413594452386,0.0,5.59485277197974,0,0,customer-1,4.911648273468018,-2.200000047683716,0.4033915914950992,0.0,15.291753298816964,0,0,customer-2,-5.847805976867676,-2.549999952316284,0.4076930841365556,0.0,8.415205976865845,0,0
4,22,0.8800000000000002,to_table,-8.299765586853027,5.5000810623168945,-0.5048015769869358,0.6324503421783447,0.33249974250793457,0.0,-0.8401000499725342,0.0,-0.8401000499725342,0,nominal-sac-a-star,4.47521246909024,99.0,99.0,4.5490464591979975,99.0,waiter-2,0,,waiter-1,7.572472095489502,2.549999952316284,-0.5061259081863234,0.0,16.144067257056278,0,0,waiter-2,-3.764253616333008,2.200000047683716,0.4435547297462783,0.0,5.60904658011259,0,0,customer-1,4.927783966064453,-2.200000047683716,0.40339148985814255,0.0,15.305532211441577,0,0,customer-2,-5.831498146057129,-2.549999952316284,0.4076923180726322,0.0,8.419985065393565,0,0
4,23,0.9200000000000003,to_table,-8.299300193786621,5.500258922576904,-0.5280238040568167,-0.3664622902870178,0.8122997283935547,0.0,-0.782524049282074,0.0,-0.782524049282074,0,nominal-sac-a-star,4.489425356879855,99.0,99.0,4.563130321502685,99.0,waiter-2,0,,waiter-1,7.552227020263672,2.549999952316284,-0.506126117998722,0.0,16.123738493580834,0,0,waiter-2,-3.746511459350586,2.200000047683716,0.44355532354803273,0.0,5.623130258291988,0,0,customer-1,4.943919658660889,-2.200000047683716,0.4033913882211859,0.0,15.31916643519937,0,0,customer-2,-5.815190315246582,-2.549999952316284,0.40769155200870877,0.0,8.424812748153917,0,0
4,24,0.9600000000000003,to_table,-8.29908561706543,5.500156879425049,-0.5440746606087774,-0.4485201835632324,-0.05102419853210449,0.0,-0.8861228823661804,0.0,-0.8861228823661804,0,nominal-sac-a-star,4.503527591441848,99.0,99.0,4.577270927429199,99.0,waiter-2,0,,waiter-1,7.531981945037842,2.549999952316284,-0.5061263278111294,0.0,16.10360599525604,0,0,waiter-2,-3.728769302368164,2.200000047683716,0.44355591734978717,0.0,5.6372711776600735,0,0,customer-1,4.960055351257324,-2.200000047683716,0.4033912865842293,0.0,15.332880874772227,0,0,customer-2,-5.798882484436035,-2.549999952316284,0.40769078594478536,0.0,8.429474522177612,0,0
4,25,1.0000000000000002,to_table,-8.29892349243164,5.50014066696167,-0.5573810566118439,-0.06265836954116821,0.272594690322876,0.0,-0.8472886085510254,0.0,-0.8472886085510254,0,nominal-sac-a-star,4.517687616621595,99.0,99.0,4.591524066925048,99.0,waiter-2,0,,waiter-1,7.511736869812012,2.549999952316284,-0.5061265376235369,0.0,16.083541628833835,0,0,waiter-2,-3.711027145385742,2.200000047683716,0.4435565111515416,0.0,5.651523776668145,0,0,customer-1,4.97619104385376,-2.200000047683716,0.40339118494727266,0.0,15.346688013276204,0,0,customer-2,-5.7825751304626465,-2.549999952316284,0.407694788252444,0.0,8.434261856791789,0,0
4,26,1.0400000000000003,to_table,-8.297607421875,5.500313758850098,-0.5697873527875851,-0.0837087631225586,0.27991580963134766,0.0,-0.8464100956916809,0.0,-0.8464100956916809,0,nominal-sac-a-star,4.531959106537141,99.0,99.0,4.604967536926269,99.0,waiter-2,0,,waiter-1,7.491491794586182,2.549999952316284,-0.5061267474359354,0.0,16.062378579285173,0,0,waiter-2,-3.6932849884033203,2.200000047683716,0.44355710495329603,0.0,5.66496740180236,0,0,customer-1,4.992326736450195,-2.200000047683716,0.40339108331031603,0.0,15.359595784125117,0,0,customer-2,-5.7662672996521,-2.549999952316284,0.4076940221885206,0.0,8.438911876691739,0,0
4,27,1.0800000000000003,to_table,-8.298198699951172,5.499852657318115,-0.5842474149841352,-0.08196496963500977,0.2889760732650757,0.0,-0.845322847366333,0.0,-0.845322847366333,0,nominal-sac-a-star,4.545419978784087,99.0,99.0,4.619610729217529,99.0,waiter-2,0,,waiter-1,7.471246719360352,2.549999952316284,-0.506126957248334,0.0,16.04297478068989,0,0,waiter-2,-3.6755428314208984,2.200000047683716,0.44355769875505047,0.0,5.679610420105267,0,0,customer-1,5.008462429046631,-2.200000047683716,0.4033909816733594,0.0,15.373840186521553,0,0,customer-2,-5.749959468841553,-2.549999952316284,0.40769325612459717,0.0,8.443556727813457,0,0
4,28,1.1200000000000003,to_table,-8.300780296325684,5.50061559677124,-0.59873451378872,-0.06033283472061157,0.2802586555480957,0.0,-0.8463689684867859,0.0,-0.8463689684867859,0,nominal-sac-a-star,4.560083063126832,99.0,99.0,4.636606636047363,99.0,waiter-2,0,,waiter-1,7.4510016441345215,2.549999952316284,-0.5061271670607415,0.0,16.025753242238274,0,0,waiter-2,-3.6578001976013184,2.200000047683716,0.44355352418522287,0.0,5.696606639046517,0,0,customer-1,5.024598121643066,-2.200000047683716,0.4033908800364028,0.0,15.39042531204683,0,0,customer-2,-5.733652114868164,-2.549999952316284,0.4076972584322558,0.0,8.450003421256302,0,0
4,29,1.1600000000000004,to_table,-8.302754402160645,5.500367164611816,-0.6131763016941809,-0.13264542818069458,0.24382030963897705,0.0,-0.8507415652275085,0.0,-0.8507415652275085,0,nominal-sac-a-star,4.577099078894577,99.0,99.0,4.652543964385986,99.0,waiter-2,0,,waiter-1,7.430756568908691,2.549999952316284,-0.50612737687314,0.0,16.007749191068296,0,0,waiter-2,-3.6400580406188965,2.200000047683716,0.4435541179869773,0.0,5.712544132559061,0,0,customer-1,5.040733814239502,-2.200000047683716,0.40339077839944615,0.0,15.405983674709175,0,0,customer-2,-5.717344284057617,-2.549999952316284,0.4076964923683324,0.0,8.455338916690849,0,0
4,30,1.2000000000000004,to_table,-8.300745964050293,5.50122594833374,-0.6299343965788401,-0.12708884477615356,0.24783813953399658,0.0,-0.8502594232559204,0.0,-0.8502594232559204,0,nominal-sac-a-star,4.593057433598776,99.0,99.0,4.6658887290954585,99.0,waiter-2,0,,waiter-1,7.410511493682861,2.549999952316284,-0.5061275866855475,0.0,15.986035962137233,0,0,waiter-2,-3.6223158836364746,2.200000047683716,0.44355471178873174,0.0,5.725888617886608,0,0,customer-1,5.0568695068359375,-2.200000047683716,0.4033906767624895,0.0,15.418650164972101,0,0,customer-2,-5.70103645324707,-2.549999952316284,0.407695726304409,0.0,8.46053946529762,0,0
4,31,1.2400000000000004,to_table,-8.304170608520508,5.501855373382568,-0.6500206045321981,-0.1282544732093811,0.25413310527801514,0.0,-0.8495040535926819,0.0,-0.8495040535926819,0,nominal-sac-a-star,4.606416910575456,99.0,99.0,4.683557929992675,99.0,waiter-2,0,,waiter-1,7.390266418457031,2.549999952316284,-0.506127796497946,0.0,15.969621286074444,0,0,waiter-2,-3.6045737266540527,2.200000047683716,0.44355530559048617,0.0,5.743558082225232,0,0,customer-1,5.073005199432373,-2.200000047683716,0.4033905751255329,0.0,15.435912979927295,0,0,customer-2,-5.684728622436523,-2.549999952316284,0.40769496024048557,0.0,8.467222124430455,0,0
4,32,1.2800000000000005,to_table,-8.304352760314941,5.504136085510254,-0.6701632003435316,-0.17124438285827637,0.12570810317993164,0.0,-0.8649150133132935,0.0,-0.8649150133132935,0,nominal-sac-a-star,4.624107131513113,99.0,99.0,4.699541988372802,99.0,waiter-2,0,,waiter-1,7.370021343231201,2.549999952316284,-0.5061280063103535,0.0,15.95032676252622,0,0,waiter-2,-3.586831569671631,2.200000047683716,0.4435558993922406,0.0,5.759541747451157,0,0,customer-1,5.089140892028809,-2.200000047683716,0.40339047348857626,0.0,15.451193668262567,0,0,customer-2,-5.668420791625977,-2.549999952316284,0.40769419417656216,0.0,8.474505570201288,0,0
4,33,1.3200000000000005,to_table,-8.308463096618652,5.505917549133301,-0.6923087255606247,-0.23744219541549683,0.0011205673217773438,0.0,-0.8798655271530151,0.0,-0.8798655271530151,0,nominal-sac-a-star,4.6401057104998,99.0,99.0,4.718473377227783,99.0,waiter-2,0,,waiter-1,7.349776268005371,2.549999952316284,-0.506128216122752,0.0,15.934801813610166,0,0,waiter-2,-3.569089412689209,2.200000047683716,0.44355649319399504,0.0,5.77847327953618,0,0,customer-1,5.105276584625244,-2.200000047683716,0.40339037185161963,0.0,15.469634069528318,0,0,customer-2,-5.65211296081543,-2.549999952316284,0.40769342811263876,0.0,8.482570532223326,0,0
4,34,1.3600000000000005,to_table,-8.307260513305664,5.508961200714111,-0.7174029891640538,-0.19717931747436523,0.2808957099914551,0.0,-0.8462924957275391,0.0,-0.8462924957275391,0,nominal-sac-a-star,4.659056698098673,99.0,99.0,4.733784141540527,99.0,waiter-2,0,,waiter-1,7.329531192779541,2.549999952316284,-0.5061284259351595,0.0,15.914292523672396,0,0,waiter-2,-3.551347255706787,2.200000047683716,0.44355708699574947,0.0,5.793784154252642,0,0,customer-1,5.12141227722168,-2.200000047683716,0.403390270214663,0.0,15.484099471533655,0,0,customer-2,-5.635805130004883,-2.549999952316284,0.40769266204871535,0.0,8.490201925220608,0,0
4,35,1.4000000000000006,to_table,-8.308001518249512,5.510584354400635,-0.7440441101268385,-0.1817927360534668,-0.18095582723617554,0.0,-0.9017146825790405,0.0,-0.9017146825790405,0,nominal-sac-a-star,4.674379761499422,99.0,99.0,4.749890747070312,99.0,waiter-2,0,,waiter-1,7.309286117553711,2.549999952316284,-0.5061286357475581,0.0,15.895431202118342,0,0,waiter-2,-3.5336050987243652,2.200000047683716,0.4435576807975039,0.0,5.809890672177479,0,0,customer-1,5.137547969818115,-2.200000047683716,0.4033901685777064,0.0,15.499545569394675,0,0,customer-2,-5.619497299194336,-2.549999952316284,0.40769189598479194,0.0,8.497121530351826,0,0
4,36,1.4400000000000006,to_table,-8.313607215881348,5.51052188873291,-0.773350658141109,0.3276095390319824,-0.40609872341156006,0.0,-0.9287318587303162,0.0,-0.9287318587303162,0,nominal-sac-a-star,4.690502332493763,99.0,99.0,4.769057216644287,99.0,waiter-2,0,,waiter-1,7.289041042327881,2.549999952316284,-0.5061288455599655,0.0,15.881036578429114,0,0,waiter-2,-3.515862464904785,2.200000047683716,0.4435535062276763,0.0,5.829057347083395,0,0,customer-1,5.153683662414551,-2.200000047683716,0.40339006694074975,0.0,15.518378527816425,0,0,customer-2,-5.603189468383789,-2.549999952316284,0.40769112992086853,0.0,8.50402120858014,0,0
4,37,1.4800000000000006,to_table,-8.313484191894531,5.5124711990356445,-0.8064651624203223,-0.120799720287323,-0.9205613732337952,0.0,-0.990467369556427,0.0,-0.990467369556427,0,nominal-sac-a-star,4.709691702734177,99.0,99.0,4.784672203063964,99.0,waiter-2,0,,waiter-1,7.268795967102051,2.549999952316284,-0.5061290553723641,0.0,15.861389940389762,0,0,waiter-2,-3.4981203079223633,2.200000047683716,0.44355410002943074,0.0,5.844672314476004,0,0,customer-1,5.169819355010986,-2.200000047683716,0.4033899653037931,0.0,15.533244582812305,0,0,customer-2,-5.586881637573242,-2.549999952316284,0.4076903638569451,0.0,8.511040039596422,0,0
4,38,1.5200000000000007,to_table,-8.312230110168457,5.515236854553223,-0.8402206431227626,0.3612101078033447,-0.6406362056732178,0.20000000298023224,-0.9568763375282288,0.20000000298023224,-0.9568763375282288,0,nominal-sac-a-star,4.72532113008703,99.0,99.0,4.799828472137451,99.0,waiter-2,0,,waiter-1,7.2485504150390625,2.549999952316284,-0.5061244968131895,0.0,15.840786610521125,0,0,waiter-2,-3.4803781509399414,2.200000047683716,0.4435546938311852,0.0,5.8598283628040475,0,0,customer-1,5.185955047607422,-2.200000047683716,0.4033898636668365,0.0,15.547536236048451,0,0,customer-2,-5.5705742835998535,-2.549999952316284,0.40769436616460375,0.0,8.51849290791747,0,0
4,39,1.5600000000000007,to_table,-8.317026138305664,5.5135273933410645,-0.8716533337869271,0.8333979845046997,-0.7724727392196655,0.20000000298023224,-0.9726967215538025,0.20000000298023224,-0.9726967215538025,0,nominal-sac-a-star,4.740489289526345,99.0,99.0,4.817462863922119,99.0,waiter-2,0,,waiter-1,7.228305816650391,2.549999952316284,-0.5061294749971701,0.0,15.82529116583593,0,0,waiter-2,-3.4626359939575195,2.200000047683716,0.4435552876329396,0.0,5.87746264505045,0,0,customer-1,5.202090740203857,-2.200000047683716,0.40338976202987986,0.0,15.56486513781097,0,0,customer-2,-5.554266452789307,-2.549999952316284,0.40769360010068034,0.0,8.523691356101434,0,0
4,40,1.6000000000000008,to_table,-8.311772346496582,5.510227203369141,-0.9030780768989088,-0.28847426176071167,-0.7108825445175171,0.20000000298023224,-0.9653059244155884,0.20000000298023224,-0.9653059244155884,0,nominal-sac-a-star,4.758147676861959,99.0,99.0,4.825924816131591,99.0,waiter-2,0,,waiter-1,7.208060264587402,2.549999952316284,-0.5061249164379955,0.0,15.79962498459827,0,0,waiter-2,-3.4448938369750977,2.200000047683716,0.44355588143469404,0.0,5.885924757306984,0,0,customer-1,5.218226432800293,-2.200000047683716,0.40338966039292323,0.0,15.572683494846128,0,0,customer-2,-5.53795862197876,-2.549999952316284,0.40769283403675693,0.0,8.524160039533056,0,0
4,41,1.6400000000000008,to_table,-8.313715934753418,5.503139019012451,-0.9373162190211193,-0.8499564528465271,-0.28396934270858765,0.20000000298023224,-0.9140763282775879,0.20000000298023224,-0.9140763282775879,0,nominal-sac-a-star,4.7666263614505295,99.0,99.0,4.838240089416503,99.0,waiter-2,0,,waiter-1,7.1878156661987305,2.549999952316284,-0.5061298946219761,0.0,15.780320412544391,0,0,waiter-2,-3.427151679992676,2.200000047683716,0.4435564752364485,0.0,5.898240184988745,0,0,customer-1,5.2343621253967285,-2.200000047683716,0.4033895587559666,0.0,15.584889175248646,0,0,customer-2,-5.521651268005371,-2.549999952316284,0.40769683634441556,0.0,8.523419055451663,0,0
4,42,1.6800000000000008,to_table,-8.313308715820312,5.493884563446045,-0.9729198757623461,-0.10647600889205933,-0.43996405601501465,0.20000000298023224,-0.9219367504119873,0.20000000298023224,-0.9219367504119873,0,nominal-sac-a-star,4.778970333940934,99.0,99.0,4.8474449539184565,99.0,waiter-2,0,,waiter-1,7.167570114135742,2.549999952316284,-0.5061253360628015,0.0,15.758301493226615,0,0,waiter-2,-3.409409523010254,2.200000047683716,0.4435570690382029,0.0,5.9074446672332,0,0,customer-1,5.250497817993164,-2.200000047683716,0.40338945711901,0.0,15.593995898938172,0,0,customer-2,-5.505343437194824,-2.549999952316284,0.40769607028049215,0.0,8.51990299879566,0,0
4,43,1.7200000000000009,to_table,-8.310710906982422,5.485175132751465,-1.0084461018682036,0.18572485446929932,-0.5542945861816406,0.20000000298023224,-0.8944590091705322,0.20000000298023224,-0.8944590091705322,0,nominal-sac-a-star,4.788203940592129,99.0,99.0,4.855180683135986,99.0,waiter-2,0,,waiter-1,7.14732551574707,2.549999952316284,-0.5061303142467821,0.0,15.734234756932867,0,0,waiter-2,-3.391667366027832,2.200000047683716,0.44355766283995735,0.0,5.915180867679108,0,0,customer-1,5.2666335105896,-2.200000047683716,0.40338935548205335,0.0,15.601480666505697,0,0,customer-2,-5.489035606384277,-2.549999952316284,0.40769530421656874,0.0,8.516213369197553,0,0
4,44,1.760000000000001,to_table,-8.305850982666016,5.473763465881348,-1.0370337081271004,0.0492703914642334,-0.4646087884902954,0.20000000298023224,-0.8481186628341675,0.20000000298023224,-0.8481186628341675,0,nominal-sac-a-star,4.795966277035211,99.0,99.0,4.85957950592041,99.0,waiter-2,0,,waiter-1,7.127079963684082,2.549999952316284,-0.5061257556876075,0.0,15.707442525060051,0,0,waiter-2,-3.373924732208252,2.200000047683716,0.44355348827012975,0.0,5.919579669054503,0,0,customer-1,5.282769203186035,-2.200000047683716,0.4033892538450967,0.0,15.605679896033632,0,0,customer-2,-5.4727277755737305,-2.549999952316284,0.40769453815264534,0.0,8.509251817743522,0,0
4,45,1.800000000000001,to_table,-8.303779602050781,5.462629795074463,-1.0631700433615368,-0.03463590145111084,-0.38913875818252563,0.20000000298023224,-0.8187700510025024,0.20000000298023224,-0.8187700510025024,0,nominal-sac-a-star,4.800392303958235,99.0,99.0,4.86650556564331,99.0,waiter-2,0,,waiter-1,7.106834888458252,2.549999952316284,-0.5061259655000061,0.0,15.683445143718025,0,0,waiter-2,-3.35618257522583,2.200000047683716,0.4435540820718842,0.0,5.92650564906557,0,0,customer-1,5.298904895782471,-2.200000047683716,0.4033891522081401,0.0,15.612460461270071,0,0,customer-2,-5.456419944763184,-2.549999952316284,0.40769377208872193,0.0,8.503510597789601,0,0
4,46,1.840000000000001,to_table,-8.299209594726562,5.4532318115234375,-1.0876251484265458,-0.06964999437332153,-0.4291917681694031,0.20000000298023224,-0.7995790839195251,0.20000000298023224,-0.7995790839195251,0,nominal-sac-a-star,4.807347888741037,99.0,99.0,4.872347774505615,99.0,waiter-2,0,,waiter-1,7.086589813232422,2.549999952316284,-0.5061261753124136,0.0,15.657317096177955,0,0,waiter-2,-3.338440418243408,2.200000047683716,0.4435546758736386,0.0,5.932347573397993,0,0,customer-1,5.315040588378906,-2.200000047683716,0.40338905057118346,0.0,15.617930910942418,0,0,customer-2,-5.440112113952637,-2.549999952316284,0.4076930060247985,0.0,8.498597358994063,0,0
4,47,1.880000000000001,to_table,-8.297335624694824,5.443897247314453,-1.111824971236509,-0.07658892869949341,-0.40651220083236694,0.20000000298023224,-0.7815370559692383,0.20000000298023224,-0.7815370559692383,0,nominal-sac-a-star,4.813214601664855,99.0,99.0,4.880520763397216,99.0,waiter-2,0,,waiter-1,7.066344738006592,2.549999952316284,-0.5061263851248121,0.0,15.633851599694006,0,0,waiter-2,-3.3206982612609863,2.200000047683716,0.44355526967539305,0.0,5.940520893734643,0,0,customer-1,5.331176280975342,-2.200000047683716,0.40338894893422683,0.0,15.625796063544211,0,0,customer-2,-5.42380428314209,-2.549999952316284,0.4076922399608751,0.0,8.494679205782289,0,0
4,48,1.920000000000001,to_table,-8.295987129211426,5.43372106552124,-1.1398770992532234,0.7525954246520996,-0.4684410095214844,0.20000000298023224,-0.7671522498130798,0.20000000298023224,-0.7671522498130798,0,nominal-sac-a-star,4.821414873187105,99.0,99.0,4.8887233161926265,99.0,waiter-2,0,,waiter-1,7.046099662780762,2.549999952316284,-0.5061265949372107,0.0,15.61074868773965,0,0,waiter-2,-3.3029561042785645,2.200000047683716,0.4435558634771475,0.0,5.948723429202794,0,0,customer-1,5.347311973571777,-2.200000047683716,0.4033888472972702,0.0,15.63372343500409,0,0,customer-2,-5.407496452331543,-2.549999952316284,0.4076914738969517,0.0,8.490181369151228,0,0
4,49,1.960000000000001,to_table,-8.291655540466309,5.422916412353516,-1.165899367209456,0.5581036806106567,-0.6573350429534912,0.20000000298023224,-0.7624133825302124,0.20000000298023224,-0.7624133825302124,0,nominal-sac-a-star,4.829645776504859,99.0,99.0,4.894128265380859,99.0,waiter-2,0,,waiter-1,7.025854587554932,2.549999952316284,-0.5061268047496181,0.0,15.584600267840884,0,0,waiter-2,-3.2852139472961426,2.200000047683716,0.4435564572789019,0.0,5.954128594469608,0,0,customer-1,5.363447666168213,-2.200000047683716,0.4033887456603136,0.0,15.63875631054295,0,0,customer-2,-5.391188621520996,-2.549999952316284,0.4076907078330283,0.0,8.484108892860558,0,0
4,50,2.000000000000001,to_table,-8.288375854492188,5.411476135253906,-1.192292924840181,0.4980936050415039,-0.7881326079368591,0.20000000298023224,-0.7623074650764465,0.20000000298023224,-0.7623074650764465,0,nominal-sac-a-star,4.835077360910101,99.0,99.0,4.900122108459472,99.0,waiter-2,0,,waiter-1,7.005609512329102,2.549999952316284,-0.5061270145620256,0.0,15.559371270911399,0,0,waiter-2,-3.2674717903137207,2.200000047683716,0.44355705108065635,0.0,5.960122170116899,0,0,customer-1,5.379583358764648,-2.200000047683716,0.40338864402335695,0.0,15.644413659152557,0,0,customer-2,-5.374881267547607,-2.549999952316284,0.4076947101406869,0.0,8.477827091956247,0,0
4,51,2.040000000000001,to_table,-8.284518241882324,5.3992919921875,-1.2192837298122892,0.6492667198181152,-0.43459856510162354,0.20000000298023224,-0.7016167044639587,0.20000000298023224,-0.7016167044639587,0,nominal-sac-a-star,4.841098959079608,99.0,99.0,4.905280055999755,99.0,waiter-2,0,,waiter-1,6.9853644371032715,2.549999952316284,-0.5061272243744241,0.0,15.533440770108141,0,0,waiter-2,-3.249729633331299,2.200000047683716,0.4435576448824108,0.0,5.965279983283431,0,0,customer-1,5.395719051361084,-2.200000047683716,0.4033885423864003,0.0,15.649221447302027,0,0,customer-2,-5.3585734367370605,-2.549999952316284,0.4076939440767635,0.0,8.470678569141278,0,0
4,52,2.080000000000001,to_table,-8.277055740356445,5.387396812438965,-1.2409073361710101,0.8938789367675781,0.23163354396820068,0.20000000298023224,-0.6055275201797485,0.20000000298023224,-0.6055275201797485,0,nominal-sac-a-star,4.846285117948981,99.0,99.0,4.9075974845886225,99.0,waiter-2,0,,waiter-1,6.965119361877441,2.549999952316284,-0.5061274341868227,0.0,15.504022793745907,0,0,waiter-2,-3.2319869995117188,2.200000047683716,0.4435534703125832,0.0,5.967597233042862,0,0,customer-1,5.411854267120361,-2.200000047683716,0.4033932091210257,0.0,15.651033458075482,0,0,customer-2,-5.342265605926514,-2.549999952316284,0.4076931780128401,0.0,8.46258001641901,0,0
4,53,2.120000000000001,to_table,-8.276032447814941,5.376644611358643,-1.2643409044000424,0.7824887037277222,-0.5909053683280945,0.20000000298023224,-0.7066258788108826,0.20000000298023224,-0.7066258788108826,0,nominal-sac-a-star,4.8486266988036215,99.0,99.0,4.9160155677795405,99.0,waiter-2,0,,waiter-1,6.944874286651611,2.549999952316284,-0.5061276439992302,0.0,15.481147303989518,0,0,waiter-2,-3.214244842529297,2.200000047683716,0.4435540641143376,0.0,5.97601576679219,0,0,customer-1,5.427989959716797,-2.200000047683716,0.4033931074840691,0.0,15.659047686099148,0,0,customer-2,-5.325958251953125,-2.549999952316284,0.40769718032049873,0.0,8.457814835992037,0,0
4,54,2.160000000000001,to_table,-8.271064758300781,5.365802764892578,-1.2916464545742543,0.8083329200744629,-0.8976926207542419,0.20000000298023224,-0.7241840362548828,0.20000000298023224,-0.7241840362548828,0,nominal-sac-a-star,4.857073707236764,99.0,99.0,4.921094360351562,99.0,waiter-2,0,,waiter-1,6.924629211425781,2.549999952316284,-0.5061278538116376,0.0,15.45437998435708,0,0,waiter-2,-3.196502685546875,2.200000047683716,0.44355465791609205,0.0,5.981094136905006,0,0,customer-1,5.444125652313232,-2.200000047683716,0.40339300584711246,0.0,15.663582610571119,0,0,customer-2,-5.309650421142578,-2.549999952316284,0.4076964142565753,0.0,8.451621591984427,0,0
4,55,2.200000000000001,to_table,-8.264817237854004,5.352167129516602,-1.3141968893012725,0.8079643249511719,-0.7490047216415405,0.3400000035762787,-0.2651158273220062,0.3400000035762787,-0.2651158273220062,0,nominal-sac-a-star,4.862157151469467,99.0,99.0,4.923655452728271,99.0,waiter-2,0,,waiter-1,6.904384136199951,2.549999952316284,-0.5061280636240362,0.0,15.425848800490014,0,0,waiter-2,-3.178760528564453,2.200000047683716,0.4435552517178465,0.0,5.983655250923143,0,0,customer-1,5.460261344909668,-2.200000047683716,0.40339290421015583,0.0,15.665663445108855,0,0,customer-2,-5.293342590332031,-2.549999952316284,0.4076956481926519,0.0,8.442387468605613,0,0
4,56,2.240000000000001,to_table,-8.260997772216797,5.335542678833008,-1.324005745160473,0.9158134460449219,-0.9650508165359497,0.3400000035762787,-0.2737901210784912,0.3400000035762787,-0.2737901210784912,0,nominal-sac-a-star,4.864765924120015,99.0,99.0,4.926770153045654,99.0,waiter-2,0,,waiter-1,6.884139060974121,2.549999952316284,-0.5061282734364347,0.0,15.399169392448622,0,0,waiter-2,-3.1610183715820312,2.200000047683716,0.4435558455196009,0.0,5.986770204263194,0,0,customer-1,5.4763970375061035,-2.200000047683716,0.4033928025731992,0.0,15.668453029618489,0,0,customer-2,-5.277034759521484,-2.549999952316284,0.4076948821287285,0.0,8.431240587766819,0,0
4,57,2.280000000000001,to_table,-8.256362915039062,5.317042350769043,-1.3316747913272673,0.8141574859619141,-0.776580810546875,0.3400000035762787,-0.24326811730861664,0.3400000035762787,-0.24326811730861664,0,nominal-sac-a-star,4.867914254471909,99.0,99.0,4.928289356231689,99.0,waiter-2,0,,waiter-1,6.863893985748291,2.549999952316284,-0.5061284832488422,0.0,15.371359483814135,0,0,waiter-2,-3.1432762145996094,2.200000047683716,0.44355643932135536,0.0,5.988289265344009,0,0,customer-1,5.492532730102539,-2.200000047683716,0.4033927009362426,0.0,15.669654044717456,0,0,customer-2,-5.2607269287109375,-2.549999952316284,0.4076941160648051,0.0,8.418087048796666,0,0
4,58,2.320000000000001,to_table,-8.2515869140625,5.297852516174316,-1.3381575270067825,0.8426176309585571,-0.6651509404182434,0.3400000035762787,-0.22645249962806702,0.3400000035762787,-0.22645249962806702,0,nominal-sac-a-star,4.869468276825955,99.0,99.0,4.929416122436523,99.0,waiter-2,0,,waiter-1,6.843648910522461,2.549999952316284,-0.5061286930612496,0.0,15.343299459781601,0,0,waiter-2,-3.1255340576171875,2.200000047683716,0.4435570331231098,0.0,5.98941631576938,0,0,customer-1,5.508668422698975,-2.200000047683716,0.40339259929928595,0.0,15.670431391707924,0,0,customer-2,-5.244419097900391,-2.549999952316284,0.4076933500008817,0.0,8.404275497730616,0,0
4,59,2.360000000000001,to_table,-8.246991157531738,5.278270721435547,-1.3444861178082785,0.8465328216552734,-0.6599094271659851,0.3400000035762787,-0.22451159358024597,0.3400000035762787,-0.22451159358024597,0,nominal-sac-a-star,4.870630845603962,99.0,99.0,4.930585803985595,99.0,waiter-2,0,,waiter-1,6.823403358459473,2.549999952316284,-0.5061241345020662,0.0,15.31536001069673,0,0,waiter-2,-3.1077919006347656,2.200000047683716,0.4435576269248642,0.0,5.990585893130232,0,0,customer-1,5.52480411529541,-2.200000047683716,0.4033924976623293,0.0,15.67121178253066,0,0,customer-2,-5.228111267089844,-2.549999952316284,0.4076925839369583,0.0,8.390200089058508,0,0
4,60,2.4000000000000012,to_table,-8.242532730102539,5.258646488189697,-1.3506770669317347,0.8429319858551025,-0.6479066610336304,0.3400000035762787,-0.22192229330539703,0.3400000035762787,-0.22192229330539703,0,nominal-sac-a-star,4.871836352688632,99.0,99.0,4.931944789886474,99.0,waiter-2,0,,waiter-1,6.803158760070801,2.549999952316284,-0.5061291126860468,0.0,15.287563523131261,0,0,waiter-2,-3.0900492668151855,2.200000047683716,0.4435534523550366,0.0,5.991944916925518,0,0,customer-1,5.540939807891846,-2.200000047683716,0.4033923960253727,0.0,15.672125680734629,0,0,customer-2,-5.211803436279297,-2.549999952316284,0.4076918178730349,0.0,8.376173307976922,0,0
4,61,2.4400000000000013,to_table,-8.238149642944336,5.238957405090332,-1.3567717597300308,0.8394054174423218,-0.6368448138237,0.3400000035762787,-0.21983882784843445,0.3400000035762787,-0.21983882784843445,0,nominal-sac-a-star,4.873230807512501,99.0,99.0,4.933428707122802,99.0,waiter-2,0,,waiter-1,6.7829132080078125,2.549999952316284,-0.5061245541268722,0.0,15.259843424985847,0,0,waiter-2,-3.0723071098327637,2.200000047683716,0.44355404615679106,0.0,5.993428976557609,0,0,customer-1,5.557075500488281,-2.200000047683716,0.40339229438841606,0.0,15.673108330582611,0,0,customer-2,-5.19549560546875,-2.549999952316284,0.40769105180911147,0.0,8.362152851225881,0,0
4,62,2.4800000000000013,to_table,-8.233871459960938,5.2192277908325195,-1.362780776944022,0.8357875347137451,-0.6248924732208252,0.3400000035762787,-0.2182132750749588,0.3400000035762787,-0.2182132750749588,0,nominal-sac-a-star,4.874750594141608,99.0,99.0,4.93507713317871,99.0,waiter-2,0,,waiter-1,6.762668609619141,2.549999952316284,-0.5061295323108617,0.0,15.232235269730799,0,0,waiter-2,-3.054564952850342,2.200000047683716,0.4435546399585455,0.0,5.995077318900698,0,0,customer-1,5.573211193084717,-2.200000047683716,0.40339219275145943,0.0,15.674197686256496,0,0,customer-2,-5.179187774658203,-2.549999952316284,0.40769028574518806,0.0,8.34817298228587,0,0
4,63,2.5200000000000014,to_table,-8.229704856872559,5.199492931365967,-1.3695109229444251,0.8319673538208008,-0.6116583347320557,0.3400000035762787,-0.24941879510879517,0.3400000035762787,-0.24941879510879517,0,nominal-sac-a-star,4.87643453641401,99.0,99.0,4.936914386749267,99.0,waiter-2,0,,waiter-1,6.742423057556152,2.549999952316284,-0.5061249737516782,0.0,15.204750156844044,0,0,waiter-2,-3.03682279586792,2.200000047683716,0.4435552337602999,0.0,5.996914344791349,0,0,customer-1,5.589346885681152,-2.200000047683716,0.4033920911145028,0.0,15.675416658270436,0,0,customer-2,-5.1628804206848145,-2.549999952316284,0.4076942880528467,0.0,8.334269738653779,0,0
4,64,2.5600000000000014,to_table,-8.225677490234375,5.179682731628418,-1.3760650488893498,0.8761985301971436,-0.38895082473754883,0.3400000035762787,-0.22147639095783234,0.3400000035762787,-0.22147639095783234,0,nominal-sac-a-star,4.8783069896787135,99.0,99.0,4.938929977416992,99.0,waiter-2,0,,waiter-1,6.7221784591674805,2.549999952316284,-0.5061299519356588,0.0,15.177405213140988,0,0,waiter-2,-3.019080638885498,2.200000047683716,0.44355582756205436,0.0,5.998929877026064,0,0,customer-1,5.605482578277588,-2.200000047683716,0.4033919894775462,0.0,15.676756895610644,0,0,customer-2,-5.146572589874268,-2.549999952316284,0.4076935219889233,0.0,8.320389497006508,0,0
4,65,2.6000000000000014,to_table,-8.22177505493164,5.159852981567383,-1.3821133150783291,0.7970719337463379,-0.3674859404563904,0.3400000035762787,-0.2181205153465271,0.3400000035762787,-0.2181205153465271,0,nominal-sac-a-star,4.880357881217151,99.0,99.0,4.941140594482421,99.0,waiter-2,0,,waiter-1,6.701932907104492,2.549999952316284,-0.5061253933764842,0.0,15.15019445982235,0,0,waiter-2,-3.001338481903076,2.200000047683716,0.4435564213638088,0.0,6.00114050853952,0,0,customer-1,5.621618270874023,-2.200000047683716,0.40339188784058955,0.0,15.67823253383931,0,0,customer-2,-5.130264759063721,-2.549999952316284,0.4076927559249999,0.0,8.30657981190646,0,0
4,66,2.6400000000000015,to_table,-8.217996597290039,5.140006065368652,-1.3880205724986092,0.7947161197662354,-0.34482163190841675,0.3400000035762787,-0.21554119884967804,0.3400000035762787,-0.21554119884967804,0,nominal-sac-a-star,4.882603716122895,99.0,99.0,4.943547668457031,99.0,waiter-2,0,,waiter-1,6.68168830871582,2.549999952316284,-0.5061303715604737,0.0,15.123119452147016,0,0,waiter-2,-2.9835963249206543,2.200000047683716,0.44355701516556323,0.0,6.003547417602723,0,0,customer-1,5.637753963470459,-2.200000047683716,0.4033917862036329,0.0,15.679844174661335,0,0,customer-2,-5.113957405090332,-2.549999952316284,0.4076967582326585,0.0,8.29284341216825,0,0
4,67,2.6800000000000015,to_table,-8.214337348937988,5.120141506195068,-1.3938543973727469,0.7919310331344604,-0.32419300079345703,0.3400000035762787,-0.2137206643819809,0.3400000035762787,-0.2137206643819809,0,nominal-sac-a-star,4.885045663581314,99.0,99.0,4.946146907806396,99.0,waiter-2,0,,waiter-1,6.661442756652832,2.549999952316284,-0.5061258130012902,0.0,15.096173732335822,0,0,waiter-2,-2.9658541679382324,2.200000047683716,0.44355760896731766,0.0,6.006147004440877,0,0,customer-1,5.6538896560668945,-2.200000047683716,0.4033916845666763,0.0,15.681587694846769,0,0,customer-2,-5.097649574279785,-2.549999952316284,0.4076959921687351,0.0,8.279179468901406,0,0
4,68,2.7200000000000015,to_table,-8.210759162902832,5.089818954467773,-1.3994108901460833,0.955536961555481,-0.2931630611419678,0.8199999928474426,-0.21114572882652283,0.8199999928474426,-0.21114572882652283,0,nominal-sac-a-star,4.580238209733631,99.0,99.0,4.654727401733398,99.0,waiter-2,0,,waiter-1,6.64119815826416,2.549999952316284,-0.5061307911852708,0.0,15.067558423097474,0,0,waiter-2,-2.9481115341186523,2.200000047683716,0.44355343439749007,0.0,6.00387486368215,0,0,customer-1,5.67002534866333,-2.200000047683716,0.40339158292971966,0.0,15.678572630844428,0,0,customer-2,-5.081341743469238,-2.549999952316284,0.4076952261048117,0.0,8.255912203597466,0,0
4,69,2.7600000000000016,to_table,-8.207100868225098,5.0503764152526855,-1.4060430171790292,0.9508148431777954,-0.10662460327148438,0.8199999928474426,-0.18994614481925964,0.8199999928474426,-0.18994614481925964,0,nominal-sac-a-star,4.598171102307477,99.0,99.0,4.672086658477783,99.0,waiter-2,0,,waiter-1,6.620952606201172,2.549999952316284,-0.5061262326260962,0.0,15.037388479947285,0,0,waiter-2,-2.9303693771362305,2.200000047683716,0.4435540281992445,0.0,5.997377815832901,0,0,customer-1,5.686161041259766,-2.200000047683716,0.40339148129276303,0.0,15.671333234279881,0,0,customer-2,-5.065033912658691,-2.549999952316284,0.4076944600408883,0.0,8.224251071189597,0,0
4,70,2.8000000000000016,to_table,-8.200313568115234,5.004952430725098,-1.4045769382945494,0.9287103414535522,0.1632612943649292,0.8199999928474426,0.19141317903995514,0.8199999928474426,0.19141317903995514,0,nominal-sac-a-star,4.615508820387743,99.0,99.0,4.671604099273681,99.0,waiter-2,0,,waiter-1,6.600707530975342,2.549999952316284,-0.5061264424385037,0.0,15.003233559702055,0,0,waiter-2,-2.9126272201538086,2.200000047683716,0.44355462200099893,0.0,5.985598114269548,0,0,customer-1,5.702296733856201,-2.200000047683716,0.4033913796558064,0.0,15.658668954435802,0,0,customer-2,-5.0487260818481445,-2.549999952316284,0.40769369397696487,0.0,8.185951941809698,0,0
4,71,2.8400000000000016,to_table,-8.192585945129395,4.957988739013672,-1.4002068179710014,0.9452493190765381,0.06952106952667236,0.8199999928474426,0.19669464230537415,0.8199999928474426,0.19669464230537415,0,nominal-sac-a-star,4.615031401605915,99.0,99.0,4.665440025329589,99.0,waiter-2,0,,waiter-1,6.580462455749512,2.549999952316284,-0.5061266522509023,0.0,14.968011526304059,0,0,waiter-2,-2.8948850631713867,2.200000047683716,0.44355521580275337,0.0,5.972615528912152,0,0,customer-1,5.718432426452637,-2.200000047683716,0.4033912780188498,0.0,15.644591257203825,0,0,customer-2,-5.032418251037598,-2.549999952316284,0.40769292791304146,0.0,8.145953231139986,0,0
4,72,2.8800000000000017,to_table,-8.184446334838867,4.910467147827148,-1.3943230609235415,0.9441573619842529,0.10760176181793213,0.8199999928474426,0.21696364879608154,0.8199999928474426,0.21696364879608154,0,nominal-sac-a-star,4.608881490766884,99.0,99.0,4.6566819572448725,99.0,waiter-2,0,,waiter-1,6.560217380523682,2.549999952316284,-0.5061268620633008,0.0,14.932411508534441,0,0,waiter-2,-2.877142906188965,2.200000047683716,0.4435558096045078,0.0,5.959370905113975,0,0,customer-1,5.734568119049072,-2.200000047683716,0.40339117638189315,0.0,15.630025819107834,0,0,customer-2,-5.016110420227051,-2.549999952316284,0.40769216184911805,0.0,8.105363768526471,0,0
4,73,2.9200000000000017,to_table,-8.175904273986816,4.862759590148926,-1.3907075877691193,0.9440228939056396,0.12961196899414062,0.8199999928474426,0.11541558057069778,0.8199999928474426,0.11541558057069778,0,nominal-sac-a-star,4.600141266706502,99.0,99.0,4.65135663986206,99.0,waiter-2,0,,waiter-1,6.539972305297852,2.549999952316284,-0.5061270718757083,0.0,14.896505651968411,0,0,waiter-2,-2.859400749206543,2.200000047683716,0.44355640340626223,0.0,5.946048949511819,0,0,customer-1,5.750703811645508,-2.200000047683716,0.4033910747449365,0.0,15.615152463956203,0,0,customer-2,-4.999803066253662,-2.549999952316284,0.4076961641567767,0.0,8.064528685309082,0,0
4,74,2.9600000000000017,to_table,-8.167268753051758,4.814908981323242,-1.385409469866253,0.9095914363861084,0.8024168014526367,0.8199999928474426,0.201692134141922,0.8199999928474426,0.201692134141922,0,nominal-sac-a-star,4.594827348787837,99.0,99.0,4.643604698181152,99.0,waiter-2,0,,waiter-1,6.5197272300720215,2.549999952316284,-0.5061272816881157,0.0,14.860607791001392,0,0,waiter-2,-2.841658592224121,2.200000047683716,0.44355699720801667,0.0,5.932948029128384,0,0,customer-1,5.766839504241943,-2.200000047683716,0.4033909731079799,0.0,15.600266716028411,0,0,customer-2,-4.983495235443115,-2.549999952316284,0.40769539809285327,0.0,8.023608752439854,0,0
4,75,3.0000000000000018,to_table,-8.158414840698242,4.766781330108643,-1.3819252963227118,0.9328866004943848,0.07744956016540527,0.8199999928474426,0.12025447934865952,0.8199999928474426,0.12025447934865952,0,nominal-sac-a-star,4.587091444956958,99.0,99.0,4.638654651641845,99.0,waiter-2,0,,waiter-1,6.499482154846191,2.549999952316284,-0.5061274915005143,0.0,14.82457635175176,0,0,waiter-2,-2.823916435241699,2.200000047683716,0.4435575910097711,0.0,5.919901974663546,0,0,customer-1,5.782975196838379,-2.200000047683716,0.40339087147102326,0.0,15.58519807203873,0,0,customer-2,-4.967187404632568,-2.549999952316284,0.40769463202892986,0.0,7.982432015591617,0,0
4,76,3.040000000000002,to_table,-8.149243354797363,4.719169616699219,-1.3812693442407045,0.9272356033325195,0.1631850004196167,0.8199999928474426,0.04165760427713394,0.8199999928474426,0.04165760427713394,0,nominal-sac-a-star,4.582150961164435,99.0,99.0,4.637885990142822,99.0,waiter-2,0,,waiter-1,6.479237079620361,2.549999952316284,-0.5061277013129128,0.0,14.788432535364299,0,0,waiter-2,-2.806173801422119,2.200000047683716,0.4435534164399435,0.0,5.907165781460622,0,0,customer-1,5.7991108894348145,-2.200000047683716,0.40339076983406663,0.0,15.570211782988274,0,0,customer-2,-4.9508795738220215,-2.549999952316284,0.40769386596500645,0.0,7.941684777083255,0,0
4,77,3.080000000000002,to_table,-8.140069007873535,4.671374320983887,-1.380745945284162,0.923764705657959,0.2704511880874634,0.8199999928474426,0.05577535554766655,0.8199999928474426,0.05577535554766655,0,nominal-sac-a-star,4.581384104506649,99.0,99.0,4.637328090667724,99.0,waiter-2,0,,waiter-1,6.458992004394531,2.549999952316284,-0.5061279111253203,0.0,14.752383253290478,0,0,waiter-2,-2.7884316444396973,2.200000047683716,0.44355401024169794,0.0,5.894719100044635,0,0,customer-1,5.81524658203125,-2.200000047683716,0.40339066819711,0.0,15.555276240820078,0,0,customer-2,-4.934571743011475,-2.549999952316284,0.40769309990108304,0.0,7.9008517964912945,0,0
4,78,3.120000000000002,to_table,-8.130859375,4.623564720153809,-1.3800368125504854,0.9207780361175537,0.2905158996582031,0.8199999928474426,0.06015588715672493,0.8199999928474426,0.06015588715672493,0,nominal-sac-a-star,4.5808276466568945,99.0,99.0,4.636523666381835,99.0,waiter-2,0,,waiter-1,6.438746929168701,2.549999952316284,-0.5061281209377277,0.0,14.716422755034236,0,0,waiter-2,-2.7706894874572754,2.200000047683716,0.44355460404345237,0.0,5.882608855343423,0,0,customer-1,5.8313822746276855,-2.200000047683716,0.4033905665601534,0.0,15.540438475907672,0,0,customer-2,-4.918263912200928,-2.549999952316284,0.40769233383715964,0.0,7.860076317549858,0,0
4,79,3.160000000000002,to_table,-8.12161636352539,4.575747013092041,-1.379142366531451,0.9152328968048096,0.31599974632263184,0.8199999928474426,0.06552290916442871,0.8199999928474426,0.06552290916442871,0,nominal-sac-a-star,4.580025041100445,99.0,99.0,4.635498466491699,99.0,waiter-2,0,,waiter-1,6.418501853942871,2.549999952316284,-0.5061283307501263,0.0,14.680554789659485,0,0,waiter-2,-2.7529473304748535,2.200000047683716,0.4435551978452068,0.0,5.870841577668627,0,0,customer-1,5.847517967224121,-2.200000047683716,0.40339046492319675,0.0,15.525703274961039,0,0,customer-2,-4.901956081390381,-2.549999952316284,0.40769156777323623,0.0,7.819365840487555,0,0
4,80,3.200000000000002,to_table,-8.112351417541504,4.5280022621154785,-1.3791511688636782,0.9094470739364624,0.340773344039917,0.8199999928474426,-0.011148955672979355,0.8199999928474426,-0.011148955672979355,0,nominal-sac-a-star,4.579003032096448,99.0,99.0,4.635710182189941,99.0,waiter-2,0,,waiter-1,6.398256778717041,2.549999952316284,-0.5061285405625249,0.0,14.644802605801711,0,0,waiter-2,-2.7352051734924316,2.200000047683716,0.44355579164696124,0.0,5.859462094790804,0,0,customer-1,5.863653659820557,-2.200000047683716,0.4033903632862401,0.0,15.511116433162165,0,0,customer-2,-4.885648727416992,-2.549999952316284,0.40769557008089485,0.0,7.778799753044019,0,0
4,81,3.240000000000002,to_table,-8.103081703186035,4.480225086212158,-1.3792296763395686,0.8991414308547974,0.38324904441833496,0.8199999928474426,-0.011893370188772678,0.8199999928474426,-0.011893370188772678,0,nominal-sac-a-star,4.579214280316972,99.0,99.0,4.635996761322021,99.0,waiter-2,0,,waiter-1,6.378011703491211,2.549999952316284,-0.5061287503749323,0.0,14.609169562998252,0,0,waiter-2,-2.7174630165100098,2.200000047683716,0.4435563854487157,0.0,5.848445508389903,0,0,customer-1,5.879789352416992,-2.200000047683716,0.4033902616492835,0.0,15.496647727723408,0,0,customer-2,-4.869340896606445,-2.549999952316284,0.40769480401697145,0.0,7.738290747735591,0,0
4,82,3.280000000000002,to_table,-8.094086647033691,4.433826923370361,-1.3789054772967733,0.759568452835083,0.9268791675567627,0.7799999713897705,0.046104833483695984,0.7799999713897705,0.046104833483695984,0,nominal-sac-a-star,4.6026770591304995,99.0,99.0,4.658708515167236,99.0,waiter-2,0,,waiter-1,6.357766151428223,2.549999952316284,-0.5061241918157577,0.0,14.574115869077007,0,0,waiter-2,-2.699720859527588,2.200000047683716,0.4435569792504701,0.0,5.838592703722045,0,0,customer-1,5.895925045013428,-2.200000047683716,0.40339016001232686,0.0,15.483154957097717,0,0,customer-2,-4.853033065795898,-2.549999952316284,0.40769403795304804,0.0,7.699238023727895,0,0
4,83,3.320000000000002,to_table,-8.084949493408203,4.386778831481934,-1.379107134492505,0.9441001415252686,0.7643048763275146,0.8199999928474426,-0.03274187445640564,0.8199999928474426,-0.03274187445640564,0,nominal-sac-a-star,4.579804474312436,99.0,99.0,4.636988105773925,99.0,waiter-2,0,,waiter-1,6.337521553039551,2.549999952316284,-0.5061291699997383,0.0,14.538962402337134,0,0,waiter-2,-2.681978702545166,2.200000047683716,0.44355757305222454,0.0,5.828730120376922,0,0,customer-1,5.912060737609863,-2.200000047683716,0.40339005837537023,0.0,15.469387557697528,0,0,customer-2,-4.836725234985352,-2.549999952316284,0.40769327188912463,0.0,7.659625364752493,0,0
4,84,3.360000000000002,to_table,-8.075943946838379,4.339242458343506,-1.3803463708745218,0.8705055713653564,0.4961804151535034,0.8199999928474426,-0.07824927568435669,0.8199999928474426,-0.07824927568435669,0,nominal-sac-a-star,4.580492565976786,99.0,99.0,4.638853492736816,99.0,waiter-2,0,,waiter-1,6.3172760009765625,2.549999952316284,-0.5061246114405549,0.0,14.504005281699001,0,0,waiter-2,-2.664236068725586,2.200000047683716,0.44355339848239694,0.0,5.819187249916742,0,0,customer-1,5.928196430206299,-2.200000047683716,0.4033899567384136,0.0,15.455666930048869,0,0,customer-2,-4.820417404174805,-2.549999952316284,0.4076925058252012,0.0,7.619718765336458,0,0
4,85,3.400000000000002,to_table,-8.066513061523438,4.291357517242432,-1.3820422748879968,0.8542845249176025,0.5381062030792236,0.8199999928474426,-0.08806770294904709,0.8199999928474426,-0.08806770294904709,0,nominal-sac-a-star,4.582354068940325,99.0,99.0,4.640598239898681,99.0,waiter-2,0,,waiter-1,6.297031402587891,2.549999952316284,-0.5061295896245444,0.0,14.468715759922464,0,0,waiter-2,-2.646493911743164,2.200000047683716,0.4435539922841514,0.0,5.809508038505835,0,0,customer-1,5.944332122802734,-2.200000047683716,0.403389855101457,0.0,15.441551276179469,0,0,customer-2,-4.804109573364258,-2.549999952316284,0.4076917397612778,0.0,7.579409511686252,0,0
4,86,3.440000000000002,to_table,-8.057356834411621,4.243499279022217,-1.3854232883071673,0.8715267181396484,0.46513164043426514,0.8199999928474426,-0.13534140586853027,0.8199999928474426,-0.13534140586853027,0,nominal-sac-a-star,4.584094195088581,99.0,99.0,4.64411729812622,99.0,waiter-2,0,,waiter-1,6.276785850524902,2.549999952316284,-0.5061250310653698,0.0,14.433834780877627,0,0,waiter-2,-2.628751754760742,2.200000047683716,0.4435545860859058,0.0,5.800486377821464,0,0,customer-1,5.96046781539917,-2.200000047683716,0.40338975346450034,0.0,15.42783495783199,0,0,customer-2,-4.787802219390869,-2.549999952316284,0.40769574206893644,0.0,7.539338113309437,0,0
4,87,3.480000000000002,to_table,-8.048331260681152,4.195888519287109,-1.3936263491964684,0.9845681190490723,-0.8616375923156738,0.8199999928474426,-0.31134188175201416,0.8199999928474426,-0.31134188175201416,0,nominal-sac-a-star,4.587603295481664,99.0,99.0,4.651827754974365,99.0,waiter-2,0,,waiter-1,6.2565412521362305,2.549999952316284,-0.5061300092493504,0.0,14.399247438072713,0,0,waiter-2,-2.6110095977783203,2.200000047683716,0.44355517988766024,0.0,5.792066786299322,0,0,customer-1,5.9766035079956055,-2.200000047683716,0.4033896518275437,0.0,15.414479745575143,0,0,customer-2,-4.771494388580322,-2.549999952316284,0.40769497600501303,0.0,7.4996447354305475,0,0
4,88,3.5200000000000022,to_table,-8.04022216796875,4.148255825042725,-1.3999730022483554,0.8916288614273071,0.4351097345352173,0.8199999928474426,-0.17125390470027924,0.8199999928474426,-0.17125390470027924,0,nominal-sac-a-star,4.595289100947389,99.0,99.0,4.651495704650879,99.0,customer-2,0,,waiter-1,6.236295700073242,2.549999952316284,-0.5061254506901669,0.0,14.365701663031528,0,0,waiter-2,-2.5932674407958984,2.200000047683716,0.4435557736894147,0.0,5.784895536989707,0,0,customer-1,5.992739200592041,-2.200000047683716,0.4033895501905871,0.0,15.402089384142831,0,0,customer-2,-4.755186557769775,-2.549999952316284,0.4076942099410896,0.0,7.460434934988622,0,0
4,89,3.5600000000000023,to_table,-8.031685829162598,4.1001057624816895,-1.4056698341892495,0.8940584659576416,0.288551926612854,0.8199999928474426,-0.20000238716602325,0.8199999928474426,-0.20000238716602325,0,nominal-sac-a-star,4.6012684449864,99.0,99.0,4.627548942565918,99.0,customer-2,0,,waiter-1,6.21605110168457,2.549999952316284,-0.5061304288741564,0.0,14.33181201639677,0,0,waiter-2,-2.5755252838134766,2.200000047683716,0.4435563674911691,0.0,5.777550486497919,0,0,customer-1,6.008874893188477,-2.200000047683716,0.40338944855363046,0.0,15.389239052575265,0,0,customer-2,-4.7388787269592285,-2.549999952316284,0.4076934438771662,0.0,7.4206795261828695,0,0
4,90,3.6000000000000023,to_table,-8.023455619812012,4.051845073699951,-1.412034732905818,0.8798412084579468,0.3134162425994873,0.8199999928474426,-0.2159271389245987,0.8199999928474426,-0.2159271389245987,0,nominal-sac-a-star,4.605461823543444,99.0,99.0,4.605114231109619,99.0,customer-2,0,,waiter-1,6.195805549621582,2.549999952316284,-0.5061258703149818,0.0,14.29835399523966,0,0,waiter-2,-2.5577831268310547,2.200000047683716,0.44355696129292355,0.0,5.770866988669011,0,0,customer-1,6.025010585784912,-2.200000047683716,0.40338934691667383,0.0,15.376767220439008,0,0,customer-2,-4.722570896148682,-2.549999952316284,0.4076926778132428,0.0,7.38107022771422,0,0
4,91,3.6400000000000023,to_table,-8.016289710998535,4.012334823608398,-1.4103081014907026,0.8758113384246826,0.12022340297698975,0.3400000035762787,0.4313226044178009,0.3400000035762787,0.4313226044178009,0,nominal-sac-a-star,4.6536965189108175,99.0,99.0,4.708349647521972,99.0,waiter-2,0,,waiter-1,6.17556095123291,2.549999952316284,-0.5061308484989624,0.0,14.266991571276547,0,0,waiter-2,-2.540040969848633,2.200000047683716,0.443557555094678,0.0,5.768349643959861,0,0,customer-1,6.041146278381348,-2.200000047683716,0.4033892452797172,0.0,15.368949578568627,0,0,customer-2,-4.706263065338135,-2.549999952316284,0.4076919117493194,0.0,7.349864903948391,0,0
4,92,3.6800000000000024,to_table,-8.009013175964355,3.981248617172241,-1.4046558042801838,0.8713271617889404,-0.32711178064346313,0.3400000035762787,0.4363415539264679,0.3400000035762787,0.4363415539264679,0,nominal-sac-a-star,4.651218979836413,99.0,99.0,4.708611907958984,99.0,waiter-2,0,,waiter-1,6.155315399169922,2.549999952316284,-0.5061262899397789,0.0,14.23645590464907,0,0,waiter-2,-2.5222983360290527,2.200000047683716,0.4435533805248504,0.0,5.76861215554237,0,0,customer-1,6.057281970977783,-2.200000047683716,0.4033891436427606,0.0,15.364520630910407,0,0,customer-2,-4.689955711364746,-2.549999952316284,0.407695914056978,0.0,7.326209820211287,0,0
4,93,3.7200000000000024,to_table,-8.006575584411621,3.9539108276367188,-1.3908894136891632,0.8690700531005859,-0.29739755392074585,0.3400000035762787,0.43324148654937744,0.3400000035762787,0.43324148654937744,0,nominal-sac-a-star,4.651512426430882,99.0,99.0,4.714808883666992,99.0,waiter-2,0,,waiter-1,6.135070323944092,2.549999952316284,-0.5061264997521864,0.0,14.21116162539702,0,0,waiter-2,-2.504556179046631,2.200000047683716,0.4435539743266048,0.0,5.774809136330678,0,0,customer-1,6.073417663574219,-2.200000047683716,0.40338904200580394,0.0,15.366093482883473,0,0,customer-2,-4.673647880554199,-2.549999952316284,0.4076951479930546,0.0,7.308164100013709,0,0
4,94,3.7600000000000025,to_table,-8.002819061279297,3.9316577911376953,-1.3776649998274415,0.8663146495819092,-0.27460265159606934,0.3400000035762787,0.42037877440452576,0.3400000035762787,0.42037877440452576,0,nominal-sac-a-star,4.657738288440713,99.0,99.0,4.721431674957275,99.0,waiter-2,0,,waiter-1,6.114825248718262,2.549999952316284,-0.5061267095645938,0.0,14.18509285296304,0,0,waiter-2,-2.486814022064209,2.200000047683716,0.44355456812835925,0.0,5.781431495149827,0,0,customer-1,6.089553356170654,-2.200000047683716,0.4033889403688473,0.0,15.368545416026992,0,0,customer-2,-4.657340049743652,-2.549999952316284,0.4076943819291312,0.0,7.294115225296516,0,0
4,95,3.8000000000000025,to_table,-7.99906587600708,3.9108173847198486,-1.3628582799784548,0.8658602237701416,-0.2112368941307068,0.3400000035762787,0.4059901833534241,0.3400000035762787,0.4059901833534241,0,nominal-sac-a-star,4.664384188775534,99.0,99.0,4.728586139678955,99.0,waiter-2,0,,waiter-1,6.094580173492432,2.549999952316284,-0.5061269193769924,0.0,14.159190762642709,0,0,waiter-2,-2.469071865081787,2.200000047683716,0.4435551619301137,0.0,5.788586159121501,0,0,customer-1,6.10568904876709,-2.200000047683716,0.4033888387318907,0.0,15.371603728307223,0,0,customer-2,-4.6410322189331055,-2.549999952316284,0.4076936158652078,0.0,7.281383845436819,0,0
4,96,3.8400000000000025,to_table,-7.994824409484863,3.8908910751342773,-1.34991169994718,0.8240585327148438,-0.7231675982475281,0.3400000035762787,0.3889458179473877,0.3400000035762787,0.3889458179473877,0,nominal-sac-a-star,4.671560796488227,99.0,99.0,4.735640468597412,99.0,waiter-2,0,,waiter-1,6.074335098266602,2.549999952316284,-0.506127129189391,0.0,14.132913296903988,0,0,waiter-2,-2.4513297080993652,2.200000047683716,0.4435557557318681,0.0,5.795640255485317,0,0,customer-1,6.121824741363525,-2.200000047683716,0.40338873709493406,0.0,15.374613423373336,0,0,customer-2,-4.624724388122559,-2.549999952316284,0.4076928498012844,0.0,7.26929510898267,0,0
4,97,3.8800000000000026,to_table,-7.990429878234863,3.8714873790740967,-1.341198474973089,0.7714093923568726,-0.34274065494537354,0.3400000035762787,0.3740677535533905,0.3400000035762787,0.3740677535533905,0,nominal-sac-a-star,4.678635586036281,99.0,99.0,4.742789688110351,99.0,waiter-2,0,,waiter-1,6.0540900230407715,2.549999952316284,-0.5061273390017984,0.0,14.106554089373008,0,0,waiter-2,-2.4335875511169434,2.200000047683716,0.44355634953362255,0.0,5.802789548781503,0,0,customer-1,6.137960433959961,-2.200000047683716,0.40338863545797743,0.0,15.377723251086254,0,0,customer-2,-4.608416557312012,-2.549999952316284,0.407692083737361,0.0,7.257652075575597,0,0
4,98,3.9200000000000026,to_table,-7.984821319580078,3.852346897125244,-1.3317421278034007,0.7549597024917603,-0.30712807178497314,0.3400000035762787,0.3651285171508789,0.3400000035762787,0.3651285171508789,0,nominal-sac-a-star,4.685804777950016,99.0,99.0,4.7489365959167475,99.0,waiter-2,0,,waiter-1,6.033844947814941,2.549999952316284,-0.5061275488142059,0.0,14.079030914137956,0,0,waiter-2,-2.4158453941345215,2.200000047683716,0.443556943335377,0.0,5.808936474867972,0,0,customer-1,6.1540961265563965,-2.200000047683716,0.4033885338210208,0.0,15.37985338320885,0,0,customer-2,-4.592109203338623,-2.549999952316284,0.4076960860450196,0.0,7.245725683756282,0,0
4,99,3.9600000000000026,to_table,-7.979721546173096,3.8323068618774414,-1.3195683699962906,0.7432533502578735,-0.2625929117202759,0.3400000035762787,0.35429805517196655,0.3400000035762787,0.35429805517196655,0,nominal-sac-a-star,4.691970783847186,99.0,99.0,4.755401077270507,99.0,waiter-2,0,,waiter-1,6.013599872589111,2.549999952316284,-0.5061277586266044,0.0,14.051952011699209,0,0,waiter-2,-2.3981032371520996,2.200000047683716,0.4435575371371314,0.0,5.8154009735582015,0,0,customer-1,6.170231342315674,-2.200000047683716,0.4033932005556462,0.0,15.382129026815207,0,0,customer-2,-4.575801372528076,-2.549999952316284,0.4076953199810962,0.0,7.233291976621102,0,0
4,100,4.000000000000003,to_table,-7.974283218383789,3.813754081726074,-1.3072086062327006,0.9171861410140991,-0.7870426177978516,0.3400000035762787,0.34023603796958923,0.3400000035762787,0.34023603796958923,0,nominal-sac-a-star,4.698454942742232,99.0,99.0,4.762041988372802,99.0,waiter-2,0,,waiter-1,5.993354797363281,2.549999952316284,-0.506127968439003,0.0,14.024692019382924,0,0,waiter-2,-2.3803606033325195,2.200000047683716,0.4435533625673038,0.0,5.822041936088233,0,0,customer-1,6.186367034912109,-2.200000047683716,0.4033930989186896,0.0,15.38470845759394,0,0,customer-2,-4.559493541717529,-2.549999952316284,0.4076945539171728,0.0,7.222060228332138,0,0
4,101,4.040000000000003,to_table,-7.96879243850708,3.7953224182128906,-1.2955444261770188,0.7839620113372803,-0.04338538646697998,0.3400000035762787,0.3252265453338623,0.3400000035762787,0.3252265453338623,0,nominal-sac-a-star,4.7051135213001585,99.0,99.0,4.768742980957031,99.0,waiter-2,0,,waiter-1,5.973109722137451,2.549999952316284,-0.5061281782514104,0.0,13.997409185311811,0,0,waiter-2,-2.3626184463500977,2.200000047683716,0.44355395636905826,0.0,5.82874259993081,0,0,customer-1,6.202502727508545,-2.200000047683716,0.40339299728173295,0.0,15.387316145202918,0,0,customer-2,-4.543185710906982,-2.549999952316284,0.4076937878532494,0.0,7.210956763018139,0,0
4,102,4.080000000000003,to_table,-7.963464260101318,3.775834798812866,-1.284456179892701,0.9161465167999268,-0.9298920035362244,0.3400000035762787,0.3112048804759979,0.3400000035762787,0.3112048804759979,0,nominal-sac-a-star,4.711831883143252,99.0,99.0,4.7753905677795405,99.0,waiter-2,0,,waiter-1,5.952864646911621,2.549999952316284,-0.5061283880638179,0.0,13.970214075634248,0,0,waiter-2,-2.344876289367676,2.200000047683716,0.4435545501708127,0.0,5.835390813625002,0,0,customer-1,6.2186384201049805,-2.200000047683716,0.4033928956447763,0.0,15.389692607213359,0,0,customer-2,-4.5268778800964355,-2.549999952316284,0.407693021789326,0.0,7.199049329309271,0,0
4,103,4.120000000000003,to_table,-7.957614898681641,3.757751941680908,-1.2759667533005814,0.5476243495941162,0.18107914924621582,0.3400000035762787,0.2985711991786957,0.3400000035762787,0.2985711991786957,0,nominal-sac-a-star,4.718498400553652,99.0,99.0,4.781995239257812,99.0,waiter-2,0,,waiter-1,5.932619094848633,2.549999952316284,-0.5061238295046344,0.0,13.942641975710277,0,0,waiter-2,-2.327134132385254,2.200000047683716,0.4435551439725671,0.0,5.841994918081099,0,0,customer-1,6.234774112701416,-2.200000047683716,0.4033927940078197,0.0,15.392164065432926,0,0,customer-2,-4.510570049285889,-2.549999952316284,0.4076922557254026,0.0,7.188174465743785,0,0
4,104,4.160000000000003,to_table,-7.951835632324219,3.738485813140869,-1.267685371821714,0.5337146520614624,0.20272183418273926,0.3400000035762787,0.28890225291252136,0.3400000035762787,0.28890225291252136,0,nominal-sac-a-star,4.725119317924192,99.0,99.0,4.788427772521972,99.0,waiter-2,0,,waiter-1,5.912374496459961,2.549999952316284,-0.506128807688615,0.0,13.915057352970623,0,0,waiter-2,-2.309391975402832,2.200000047683716,0.44355573777432156,0.0,5.848427897482081,0,0,customer-1,6.250909805297852,-2.200000047683716,0.40339269237086306,0.0,15.394271411311028,0,0,customer-2,-4.494262218475342,-2.549999952316284,0.40769148966147917,0.0,7.176340790020483,0,0
4,105,4.200000000000003,to_table,-7.945898532867432,3.719222068786621,-1.2595818505489895,0.5125329494476318,0.22093915939331055,0.3400000035762787,0.2800801396369934,0.3400000035762787,0.2800801396369934,0,nominal-sac-a-star,4.731569784024512,99.0,99.0,4.794789733886718,99.0,waiter-2,0,,waiter-1,5.892128944396973,2.549999952316284,-0.5061242491294404,0.0,13.887335411055933,0,0,waiter-2,-2.29164981842041,2.200000047683716,0.443556331576076,0.0,5.854789840312784,0,0,customer-1,6.267045497894287,-2.200000047683716,0.40339259073390643,0.0,15.396264757585742,0,0,customer-2,-4.477954864501953,-2.549999952316284,0.4076954919691378,0.0,7.164480304728167,0,0
4,106,4.240000000000003,to_table,-7.939728736877441,3.700223207473755,-1.2536243309532116,0.49292004108428955,0.24158501625061035,0.3400000035762787,0.27147361636161804,0.3400000035762787,0.27147361636161804,0,nominal-sac-a-star,4.73794890584307,99.0,99.0,4.801074447631835,99.0,waiter-2,0,,waiter-1,5.871884346008301,2.549999952316284,-0.5061292273134299,0.0,13.85942529429145,0,0,waiter-2,-2.2739076614379883,2.200000047683716,0.4435569253778304,0.0,5.8610748150884655,0,0,customer-1,6.283181190490723,-2.200000047683716,0.4033924890969498,0.0,15.398175257566361,0,0,customer-2,-4.461647033691406,-2.549999952316284,0.4076947259052144,0.0,7.152785602911166,0,0
4,107,4.280000000000003,to_table,-7.933618068695068,3.6810214519500732,-1.2482001467739414,0.47333788871765137,0.2502864599227905,0.3400000035762787,0.2657812535762787,0.3400000035762787,0.2657812535762787,0,nominal-sac-a-star,4.7442505448618855,99.0,99.0,4.807443561553955,99.0,waiter-2,0,,waiter-1,5.8516387939453125,2.549999952316284,-0.5061246687542464,0.0,13.831576786527542,0,0,waiter-2,-2.2561655044555664,2.200000047683716,0.44355751917958486,0.0,5.867443397177751,0,0,customer-1,6.299316883087158,-2.200000047683716,0.4033923874599932,0.0,15.400092571826281,0,0,customer-2,-4.445339202880859,-2.549999952316284,0.407693959841291,0.0,7.140988530036409,0,0
4,108,4.320000000000003,to_table,-7.927567005157471,3.662073850631714,-1.2418184186556194,0.45109832286834717,0.25907719135284424,0.3383275270462036,0.26104867458343506,0.3383275270462036,0.26104867458343506,0,nominal-sac-a-star,4.750635690114475,99.0,99.0,4.814012470245361,99.0,waiter-2,0,,waiter-1,5.831394195556641,2.549999952316284,-0.506129646938227,0.0,13.803829964110351,0,0,waiter-2,-2.2384228706359863,2.200000047683716,0.44355334460975726,0.0,5.874012324521207,0,0,customer-1,6.315452575683594,-2.200000047683716,0.40339228582303654,0.0,15.402191959897559,0,0,customer-2,-4.4290313720703125,-2.549999952316284,0.40769319377736757,0.0,7.129488937452205,0,0
4,109,4.360000000000003,to_table,-7.921650409698486,3.642171621322632,-1.2331996581098603,0.43072736263275146,0.27552008628845215,0.33637604117393494,0.2549397349357605,0.33637604117393494,0.2549397349357605,0,nominal-sac-a-star,4.757220279566475,99.0,99.0,4.8205541992187495,99.0,waiter-2,0,,waiter-1,5.811148643493652,2.549999952316284,-0.5061250883790525,0.0,13.776160887196948,0,0,waiter-2,-2.2206807136535645,2.200000047683716,0.4435539384115117,0.0,5.880553912943463,0,0,customer-1,6.331588268280029,-2.200000047683716,0.4033921841860799,0.0,15.404083310004628,0,0,customer-2,-4.412723541259766,-2.549999952316284,0.40769242771344416,0.0,7.117271707995489,0,0
4,110,4.400000000000003,to_table,-7.915126800537109,3.622882604598999,-1.225163836376939,0.4090867042541504,0.3015909194946289,0.3343484699726105,0.246140718460083,0.3343484699726105,0.246140718460083,0,nominal-sac-a-star,4.76377843867929,99.0,99.0,4.826738300323486,99.0,waiter-2,0,,waiter-1,5.7909040451049805,2.549999952316284,-0.5061300665630419,0.0,13.747958347596985,0,0,waiter-2,-2.2029385566711426,2.200000047683716,0.44355453221326613,0.0,5.8867384266785905,0,0,customer-1,6.347723960876465,-2.200000047683716,0.4033920825491233,0.0,15.405676688305865,0,0,customer-2,-4.396415710449219,-2.549999952316284,0.40769166164952075,0.0,7.105336501319025,0,0
4,111,4.440000000000003,to_table,-7.908302307128906,3.6038818359375,-1.217539502098636,0.38836944103240967,0.323683500289917,0.33234599232673645,0.23757639527320862,0.33234599232673645,0.23757639527320862,0,nominal-sac-a-star,4.769978703803781,99.0,99.0,4.83277696609497,99.0,waiter-2,0,,waiter-1,5.770658493041992,2.549999952316284,-0.5061255080038585,0.0,13.71949837265332,0,0,waiter-2,-2.1851963996887207,2.200000047683716,0.44355512601502056,0.0,5.892777384490898,0,0,customer-1,6.3638596534729,-2.200000047683716,0.40339198091216666,0.0,15.407129906269882,0,0,customer-2,-4.38010835647583,-2.549999952316284,0.4076956639571794,0.0,7.093547322547905,0,0
4,112,4.480000000000003,to_table,-7.9013471603393555,3.585062265396118,-1.210257671011285,0.018007993698120117,0.1262979507446289,0.3303546905517578,0.2293378859758377,0.3303546905517578,0.2293378859758377,0,nominal-sac-a-star,4.776032901386614,99.0,99.0,4.838807048797607,99.0,waiter-2,0,,waiter-1,5.75041389465332,2.549999952316284,-0.5061304861878391,0.0,13.69094349906437,0,0,waiter-2,-2.167454242706299,2.200000047683716,0.443555719816775,0.0,5.898807111426591,0,0,customer-1,6.379995346069336,-2.200000047683716,0.40339187927521003,0.0,15.408558977126066,0,0,customer-2,-4.363800525665283,-2.549999952316284,0.40769489789325597,0.0,7.081894139825593,0,0
4,113,4.520000000000003,to_table,-7.893794536590576,3.566652536392212,-1.2042333208381841,0.3370027542114258,0.3880338668823242,0.32837343215942383,0.22148798406124115,0.32837343215942383,0.22148798406124115,0,nominal-sac-a-star,4.782077472242898,99.0,99.0,4.84442419052124,99.0,waiter-2,0,,waiter-1,5.730168342590332,2.549999952316284,-0.5061259276286645,0.0,13.661842738445191,0,0,waiter-2,-2.149712085723877,2.200000047683716,0.44355631361852943,0.0,5.904423953888128,0,0,customer-1,6.3961310386657715,-2.200000047683716,0.4033917776382534,0.0,15.409615665933886,0,0,customer-2,-4.347492694854736,-2.549999952316284,0.40769413182933256,0.0,7.0703390597851,0,0
4,114,4.560000000000003,to_table,-7.886529445648193,3.5482919216156006,-1.1999508929145162,0.3199206590652466,0.4032597541809082,0.3263989984989166,0.21489688754081726,0.3263989984989166,0.21489688754081726,0,nominal-sac-a-star,4.787708542054707,99.0,99.0,4.850401344299316,99.0,waiter-2,0,,waiter-1,5.70992374420166,2.549999952316284,-0.506130905812654,0.0,13.633052710223993,0,0,waiter-2,-2.131969928741455,2.200000047683716,0.44355690742028386,0.0,5.910401527048113,0,0,customer-1,6.412266731262207,-2.200000047683716,0.4033916760012968,0.0,15.410984156540376,0,0,customer-2,-4.3311848640441895,-2.549999952316284,0.40769336576540915,0.0,7.059011182425242,0,0
4,115,4.600000000000003,to_table,-7.879309177398682,3.5299901962280273,-1.1961470757183885,0.29570794105529785,0.4018254280090332,0.32444342970848083,0.21108219027519226,0.32444342970848083,0.21108219027519226,0,nominal-sac-a-star,4.793700125052891,99.0,99.0,4.856505813598632,99.0,waiter-2,0,,waiter-1,5.689678192138672,2.549999952316284,-0.5061263472534705,0.0,13.604330160387406,0,0,waiter-2,-2.114227771759033,2.200000047683716,0.4435575012220383,0.0,5.916505506536518,0,0,customer-1,6.428402423858643,-2.200000047683716,0.40339157436434014,0.0,15.412443007520812,0,0,customer-2,-4.314877033233643,-2.549999952316284,0.40769259970148575,0.0,7.0477980048205735,0,0
4,116,4.640000000000003,to_table,-7.872096538543701,3.5118722915649414,-1.1925215431269054,0.2782583236694336,0.4103783369064331,0.32249563932418823,0.20802782475948334,0.32249563932418823,0.20802782475948334,0,nominal-sac-a-star,4.799817852028702,99.0,99.0,4.8627271080017085,99.0,waiter-2,0,,waiter-1,5.669433116912842,2.549999952316284,-0.5061265570658691,0.0,13.575648191030169,0,0,waiter-2,-2.096485137939453,2.200000047683716,0.4435533266522107,0.0,5.922727060658437,0,0,customer-1,6.444538116455078,-2.200000047683716,0.4033914727273835,0.0,15.414003810320859,0,0,customer-2,-4.298569202423096,-2.549999952316284,0.40769183363756234,0.0,7.036788523406031,0,0
4,117,4.680000000000003,to_table,-7.864902496337891,3.493927478790283,-1.1890207025807558,0.2624647617340088,0.42091548442840576,0.3205646574497223,0.2052152156829834,0.3205646574497223,0.2052152156829834,0,nominal-sac-a-star,4.806052342215646,99.0,99.0,4.869071426391601,99.0,waiter-2,0,,waiter-1,5.649188041687012,2.549999952316284,-0.5061267668782765,0.0,13.547015990437508,0,0,waiter-2,-2.0787429809570312,2.200000047683716,0.44355392045396513,0.0,5.929071608135839,0,0,customer-1,6.460673809051514,-2.200000047683716,0.4033913710904269,0.0,15.415672128008971,0,0,customer-2,-4.282261848449707,-2.549999952316284,0.40769583594522096,0.0,7.025978423279073,0,0
4,118,4.720000000000003,to_table,-7.857643127441406,3.4761688709259033,-1.185137797145141,0.24692976474761963,0.4314991235733032,0.31865009665489197,0.2025788277387619,0.31865009665489197,0.2025788277387619,0,nominal-sac-a-star,4.812409958505768,99.0,99.0,4.875458660125732,99.0,waiter-2,0,,waiter-1,5.628942966461182,2.549999952316284,-0.506126976690684,0.0,13.518350244539649,0,0,waiter-2,-2.0610008239746094,2.200000047683716,0.44355451425571957,0.0,5.9354586056813,0,0,customer-1,6.476809501647949,-2.200000047683716,0.40339126945347026,0.0,15.417374152825008,0,0,customer-2,-4.26595401763916,-2.549999952316284,0.40769506988129756,0.0,7.01533615357726,0,0
4,119,4.760000000000003,to_table,-7.850570201873779,3.4585952758789062,-1.180620085492697,0.23485398292541504,0.4496915340423584,0.31674885749816895,0.19930963218212128,0.31674885749816895,0.19930963218212128,0,nominal-sac-a-star,4.818809678909955,99.0,99.0,4.8821315193176265,99.0,waiter-2,0,,waiter-1,5.608697891235352,2.549999952316284,-0.5061271865030825,0.0,13.489901521663729,0,0,waiter-2,-2.0432586669921875,2.200000047683716,0.443555108057474,0.0,5.94213170601296,0,0,customer-1,6.492945194244385,-2.200000047683716,0.40339116781651363,0.0,15.419342883356721,0,0,customer-2,-4.249646186828613,-2.549999952316284,0.40769430381737415,0.0,7.004988963475889,0,0
4,120,4.800000000000003,to_table,-7.842739582061768,3.4410505294799805,-1.1760965535017163,0.2234487533569336,0.471820592880249,0.3148733973503113,0.19524222612380981,0.3148733973503113,0.19524222612380981,0,nominal-sac-a-star,4.825495197564875,99.0,99.0,4.888133468627929,99.0,waiter-2,0,,waiter-1,5.5884528160095215,2.549999952316284,-0.5061273963154811,0.0,13.460716933546733,0,0,waiter-2,-2.0255165100097656,2.200000047683716,0.44355570185922844,0.0,5.948133368409023,0,0,customer-1,6.50908088684082,-2.200000047683716,0.403391066179557,0.0,15.420642087336383,0,0,customer-2,-4.233338356018066,-2.549999952316284,0.40769353775345074,0.0,6.994316484546365,0,0
4,121,4.840000000000003,to_table,-7.835350036621094,3.423515796661377,-1.1732122856177167,0.21351206302642822,0.4927668571472168,0.3129628300666809,0.19059255719184875,0.3129628300666809,0.19059255719184875,0,nominal-sac-a-star,4.831508950364814,99.0,99.0,4.894630851745605,99.0,waiter-2,0,,waiter-1,5.568207740783691,2.549999952316284,-0.5061276061278885,0.0,13.431991327519171,0,0,waiter-2,-2.0077743530273438,2.200000047683716,0.44355629566098287,0.0,5.954630898385687,0,0,customer-1,6.525216579437256,-2.200000047683716,0.40339096454260037,0.0,15.422379971517037,0,0,customer-2,-4.2170305252075195,-2.549999952316284,0.40769277168952733,0.0,6.9839191354110275,0,0
4,122,4.8800000000000034,to_table,-7.8277716636657715,3.40616774559021,-1.1688996419590467,0.18679273128509521,0.4846363067626953,0.3110755980014801,0.18872906267642975,0.3110755980014801,0.18872906267642975,0,nominal-sac-a-star,4.8380184151592385,99.0,99.0,4.901043834686279,99.0,waiter-2,0,,waiter-1,5.547962665557861,2.549999952316284,-0.506127815940296,0.0,13.403107555198202,0,0,waiter-2,-1.9900321960449219,2.200000047683716,0.4435568894627373,0.0,5.961043751499498,0,0,customer-1,6.541352272033691,-2.200000047683716,0.40339086290564374,0.0,15.424034491851769,0,0,customer-2,-4.200722694396973,-2.549999952316284,0.4076920056256039,0.0,6.973623008957295,0,0
4,123,4.9200000000000035,to_table,-7.82041072845459,3.3887288570404053,-1.1636197712754566,0.8051254749298096,0.13567543029785156,0.309195339679718,0.18460308015346527,0.309195339679718,0.18460308015346527,0,nominal-sac-a-star,4.844442863060878,99.0,99.0,4.9077124023437495,99.0,waiter-2,0,,waiter-1,5.527717590332031,2.549999952316284,-0.5061280257526946,0.0,13.374453102479109,0,0,waiter-2,-1.9722900390625,2.200000047683716,0.44355748326449174,0.0,5.967712441119326,0,0,customer-1,6.557487964630127,-2.200000047683716,0.4033907612686871,0.0,15.425882846667353,0,0,customer-2,-4.184415340423584,-2.549999952316284,0.40769600793326255,0.0,6.9634016351827555,0,0
4,124,4.9600000000000035,to_table,-7.813102722167969,3.371643543243408,-1.1587289960953058,0.49492359161376953,-0.3682730793952942,0.3073185980319977,0.17935873568058014,0.3073185980319977,0.17935873568058014,0,nominal-sac-a-star,4.851123024118807,99.0,99.0,4.914564552307128,99.0,waiter-2,0,,waiter-1,5.507472515106201,2.549999952316284,-0.5061282355650931,0.0,13.345891609120518,0,0,waiter-2,-1.95454740524292,2.200000047683716,0.44355330869466414,0.0,5.9745643257193315,0,0,customer-1,6.5736236572265625,-2.200000047683716,0.4033906596317305,0.0,15.42793272670988,0,0,customer-2,-4.168107509613037,-2.549999952316284,0.40769524186933914,0.0,6.95354958190799,0,0
4,125,5.0000000000000036,to_table,-7.80549430847168,3.35532808303833,-1.1560063317789706,0.21677303314208984,0.4520965814590454,0.3054754137992859,0.1746073067188263,0.3054754137992859,0.1746073067188263,0,nominal-sac-a-star,4.8579855133519265,99.0,99.0,4.921328964233398,99.0,waiter-2,0,,waiter-1,5.487227439880371,2.549999952316284,-0.5061284453775006,0.0,13.31709446077649,0,0,waiter-2,-1.936805248260498,2.200000047683716,0.4435539024964186,0.0,5.981328795068764,0,0,customer-1,6.589759349822998,-2.200000047683716,0.40339055799477386,0.0,15.430003192696947,0,0,customer-2,-4.15179967880249,-2.549999952316284,0.40769447580541573,0.0,6.944233841974121,0,0
4,126,5.040000000000004,to_table,-7.798136234283447,3.3381526470184326,-1.153488163430362,0.2010512351989746,0.4581555128097534,0.3036835789680481,0.1724032461643219,0.3036835789680481,0.1724032461643219,0,nominal-sac-a-star,4.864760393356896,99.0,99.0,4.928229274749755,99.0,waiter-2,0,,waiter-1,5.466981887817383,2.549999952316284,-0.506123886818326,0.0,13.288511709873838,0,0,waiter-2,-1.9190630912780762,2.200000047683716,0.443554496298173,0.0,5.988229484595545,0,0,customer-1,6.605895042419434,-2.200000047683716,0.40339045635781723,0.0,15.432020356715173,0,0,customer-2,-4.135491847991943,-2.549999952316284,0.4076937097414923,0.0,6.9343568507457745,0,0
4,127,5.080000000000004,to_table,-7.790450096130371,3.3216991424560547,-1.151202764832458,0.16980600357055664,0.4594308137893677,0.30183079838752747,0.17120811343193054,0.30183079838752747,0.17120811343193054,0,nominal-sac-a-star,4.871671814726728,99.0,99.0,4.9350022697448725,99.0,waiter-2,0,,waiter-1,5.446737289428711,2.549999952316284,-0.5061288650023066,0.0,13.259662496476555,0,0,waiter-2,-1.9013209342956543,2.200000047683716,0.44355509009992744,0.0,5.995002180482102,0,0,customer-1,6.622030735015869,-2.200000047683716,0.4033903547208606,0.0,15.434013271166641,0,0,customer-2,-4.1191840171813965,-2.549999952316284,0.4076929436775689,0.0,6.924958114096553,0,0
4,128,5.120000000000004,to_table,-7.782817840576172,3.3047168254852295,-1.1479855284441505,0.15972208976745605,0.4587743282318115,0.3000236451625824,0.16974112391471863,0.3000236451625824,0.16974112391471863,0,nominal-sac-a-star,4.878454620979348,99.0,99.0,4.941784801483154,99.0,waiter-2,0,,waiter-1,5.426491737365723,2.549999952316284,-0.5061243064431231,0.0,13.23085247006229,0,0,waiter-2,-1.8835787773132324,2.200000047683716,0.4435556839016819,0.0,6.001784791600209,0,0,customer-1,6.638166427612305,-2.200000047683716,0.40339025308390397,0.0,15.43588983884928,0,0,customer-2,-4.10287618637085,-2.549999952316284,0.4076921776136455,0.0,6.915177447226205,0,0
4,129,5.160000000000004,to_table,-7.775376319885254,3.2881903648376465,-1.1448507352752395,0.148421049118042,0.4610515832901001,0.298174113035202,0.1673041433095932,0.298174113035202,0.1673041433095932,0,nominal-sac-a-star,4.885247449989146,99.0,99.0,4.948894920349121,99.0,waiter-2,0,,waiter-1,5.406247138977051,2.549999952316284,-0.5061292846271126,0.0,13.20227715571702,0,0,waiter-2,-1.8658366203308105,2.200000047683716,0.4435562777034363,0.0,6.0088948756786875,0,0,customer-1,6.65430212020874,-2.200000047683716,0.40339015144694734,0.0,15.438129870181973,0,0,customer-2,-4.086568832397461,-2.549999952316284,0.40769617992130414,0.0,6.905922592894878,0,0
4,130,5.200000000000004,to_table,-7.767815589904785,3.2722225189208984,-1.1425563320111451,0.13674890995025635,0.4619942903518677,0.29637378454208374,0.16497203707695007,0.29637378454208374,0.16497203707695007,0,nominal-sac-a-star,4.892367342439686,99.0,99.0,4.956041755676269,99.0,waiter-2,0,,waiter-1,5.3860015869140625,2.549999952316284,-0.506124726067938,0.0,13.173629407148491,0,0,waiter-2,-1.8480944633483887,2.200000047683716,0.44355687150519074,0.0,6.016041825322037,0,0,customer-1,6.670437812805176,-2.200000047683716,0.4033900498099907,0.0,15.440478656418737,0,0,customer-2,-4.070261001586914,-2.549999952316284,0.40769541385738073,0.0,6.897114210897899,0,0
4,131,5.240000000000004,to_table,-7.760376453399658,3.255744457244873,-1.1395471639729724,0.1252002716064453,0.4610999822616577,0.29461556673049927,0.16349762678146362,0.29461556673049927,0.16349762678146362,0,nominal-sac-a-star,4.899523620292394,99.0,99.0,4.96327013015747,99.0,waiter-2,0,,waiter-1,5.365756988525391,2.549999952316284,-0.5061297042519186,0.0,13.145092409011815,0,0,waiter-2,-1.8303523063659668,2.200000047683716,0.4435574653069452,0.0,6.023270095448344,0,0,customer-1,6.686573505401611,-2.200000047683716,0.4033899481730341,0.0,15.442781848331812,0,0,customer-2,-4.053953170776367,-2.549999952316284,0.4076946477934573,0.0,6.887978055940846,0,0
4,132,5.280000000000004,to_table,-7.752811908721924,3.239795207977295,-1.1364908232059887,0.11398327350616455,0.4628409147262573,0.29282012581825256,0.1614370048046112,0.29282012581825256,0.1614370048046112,0,nominal-sac-a-star,4.9067613187160495,99.0,99.0,4.970520439147949,99.0,waiter-2,0,,waiter-1,5.345511436462402,2.549999952316284,-0.5061251456927351,0.0,13.11647406697902,0,0,waiter-2,-1.8126096725463867,2.200000047683716,0.4435532907371176,0.0,6.030520423813752,0,0,customer-1,6.702709197998047,-2.200000047683716,0.40338984653607746,0.0,15.445176039473898,0,0,customer-2,-4.03764533996582,-2.549999952316284,0.4076938817295339,0.0,6.87925800008707,0,0
4,133,5.320000000000004,to_table,-7.7452826499938965,3.223987102508545,-1.1337597505407992,0.10302412509918213,0.4645751714706421,0.2910637855529785,0.15894949436187744,0.2910637855529785,0.15894949436187744,0,nominal-sac-a-star,4.914020153047054,99.0,99.0,4.9778794670104975,99.0,waiter-2,0,,waiter-1,5.3252668380737305,2.549999952316284,-0.5061301238767246,0.0,13.087915135675704,0,0,waiter-2,-1.7948675155639648,2.200000047683716,0.443553884538872,0.0,6.037879574859175,0,0,customer-1,6.718844890594482,-2.200000047683716,0.40338974489912083,0.0,15.44767367974408,0,0,customer-2,-4.021337509155273,-2.549999952316284,0.4076931156656105,0.0,6.870712766610193,0,0
4,134,5.360000000000004,to_table,-7.73784065246582,3.208160161972046,-1.1311875810005259,0.09250450134277344,0.4652247428894043,0.2893216013908386,0.15693816542625427,0.2893216013908386,0.15693816542625427,0,nominal-sac-a-star,4.921388045992606,99.0,99.0,4.985371532440185,99.0,waiter-2,0,,waiter-1,5.305021286010742,2.549999952316284,-0.50612556531755,0.0,13.059457201879974,0,0,waiter-2,-1.777125358581543,2.200000047683716,0.44355447834062645,0.0,6.0453712566547795,0,0,customer-1,6.734980583190918,-2.200000047683716,0.4033896432621642,0.0,15.450267032403696,0,0,customer-2,-4.005029678344727,-2.549999952316284,0.4076923496016871,0.0,6.862236200416003,0,0
4,135,5.400000000000004,to_table,-7.730402946472168,3.193046808242798,-1.1290403011239554,0.08278751373291016,0.4652540683746338,0.2875825762748718,0.15530630946159363,0.2875825762748718,0.15530630946159363,0,nominal-sac-a-star,4.928888321590824,99.0,99.0,4.993033828735351,99.0,waiter-2,0,,waiter-1,5.28477668762207,2.549999952316284,-0.5061305435015306,0.0,13.031055604464989,0,0,waiter-2,-1.759383201599121,2.200000047683716,0.4435550721423809,0.0,6.053033839515575,0,0,customer-1,6.7511162757873535,-2.200000047683716,0.40338954162520757,0.0,15.453134095544854,0,0,customer-2,-3.9887218475341797,-2.549999952316284,0.4076915835377637,0.0,6.854397387087938,0,0
4,136,5.440000000000004,to_table,-7.723092079162598,3.1776845455169678,-1.1265865431340696,0.074005126953125,0.46365153789520264,0.2859049439430237,0.15392446517944336,0.2859049439430237,0.15392446517944336,0,nominal-sac-a-star,4.936558997021302,99.0,99.0,5.000826778411865,99.0,waiter-2,0,,waiter-1,5.264531135559082,2.549999952316284,-0.5061259849423472,0.0,13.002782191366546,0,0,waiter-2,-1.7416410446166992,2.200000047683716,0.4435556659441353,0.0,6.060826961395091,0,0,customer-1,6.767251968383789,-2.200000047683716,0.40338943998825094,0.0,15.456052607318952,0,0,customer-2,-3.972414493560791,-2.549999952316284,0.4076955858454223,0.0,6.84645543751328,0,0
4,137,5.480000000000004,to_table,-7.7158284187316895,3.1622259616851807,-1.1243446093261784,0.06584250926971436,0.4639977216720581,0.2842128872871399,0.1524229347705841,0.2842128872871399,0.1524229347705841,0,nominal-sac-a-star,4.944360185431644,99.0,99.0,5.008698406219482,99.0,waiter-2,0,,waiter-1,5.24428653717041,2.549999952316284,-0.5061309631263367,0.0,12.974567443916774,0,0,waiter-2,-1.7238988876342773,2.200000047683716,0.44355625974588975,0.0,6.068698230692741,0,0,customer-1,6.783387660980225,-2.200000047683716,0.4033893383512943,0.0,15.459001736908137,0,0,customer-2,-3.956106662750244,-2.549999952316284,0.4076948197814989,0.0,6.838496367988366,0,0
4,138,5.520000000000004,to_table,-7.708475112915039,3.1474571228027344,-1.122248932611191,0.05667829513549805,0.4629298448562622,0.28251537680625916,0.1513926237821579,0.28251537680625916,0.1513926237821579,0,nominal-sac-a-star,4.952239413470758,99.0,99.0,5.016635360717773,99.0,waiter-2,0,,waiter-1,5.224040985107422,2.549999952316284,-0.5061264045671621,0.0,12.946309423776947,0,0,waiter-2,-1.7061567306518555,2.200000047683716,0.4435568535476442,0.0,6.076635653982194,0,0,customer-1,6.79952335357666,-2.200000047683716,0.4033892367143377,0.0,15.462125264461948,0,0,customer-2,-3.9397988319396973,-2.549999952316284,0.4076940537175755,0.0,6.831100792230334,0,0
4,139,5.560000000000004,to_table,-7.701194763183594,3.1324071884155273,-1.1198899938233187,0.04906165599822998,0.46125054359436035,0.2808721661567688,0.15011101961135864,0.2808721661567688,0.15011101961135864,0,nominal-sac-a-star,4.9601843238902275,99.0,99.0,5.024645748138427,99.0,waiter-2,0,,waiter-1,5.203795909881592,2.549999952316284,-0.5061266143795606,0.0,12.918126120322567,0,0,waiter-2,-1.6884145736694336,2.200000047683716,0.4435574473493986,0.0,6.08464532109322,0,0,customer-1,6.815659046173096,-2.200000047683716,0.40338913507738106,0.0,15.465238810113389,0,0,customer-2,-3.9234910011291504,-2.549999952316284,0.4076932876536521,0.0,6.823547217311549,0,0
4,140,5.600000000000004,to_table,-7.69392728805542,3.1172163486480713,-1.1177158892061194,0.04103255271911621,0.46133995056152344,0.27920904755592346,0.14875130355358124,0.27920904755592346,0.14875130355358124,0,nominal-sac-a-star,4.96820146339098,99.0,99.0,5.032691421508789,99.0,waiter-2,0,,waiter-1,5.183550834655762,2.549999952316284,-0.5061268241919592,0.0,12.889964206357313,0,0,waiter-2,-1.6706719398498535,2.200000047683716,0.443553272779571,0.0,6.092691583564828,0,0,customer-1,6.831794738769531,-2.200000047683716,0.4033890334404244,0.0,15.468335094831867,0,0,customer-2,-3.9071831703186035,-2.549999952316284,0.4076925215897287,0.0,6.815920452523671,0,0
4,141,5.640000000000004,to_table,-7.686607837677002,3.1024110317230225,-1.115361979442491,0.03209996223449707,0.46001136302948,0.2775349020957947,0.1478230059146881,0.2775349020957947,0.1478230059146881,0,nominal-sac-a-star,4.976254641134747,99.0,99.0,5.040788116455078,99.0,waiter-2,0,,waiter-1,5.163305759429932,2.549999952316284,-0.5061270340043666,0.0,12.861782048136448,0,0,waiter-2,-1.6529297828674316,2.200000047683716,0.44355386658132545,0.0,6.100788182948609,0,0,customer-1,6.847930431365967,-2.200000047683716,0.4033889318034678,0.0,15.47153405287562,0,0,customer-2,-3.8908753395080566,-2.549999952316284,0.4076917555258053,0.0,6.808622116856249,0,0
4,142,5.680000000000004,to_table,-7.679370880126953,3.087934970855713,-1.11136824375134,0.0249100923538208,0.4595456123352051,0.2758910059928894,0.1463882029056549,0.2758910059928894,0.1463882029056549,0,nominal-sac-a-star,4.984358311323829,99.0,99.0,5.049056949615478,99.0,waiter-2,0,,waiter-1,5.143060684204102,2.549999952316284,-0.5061272438167741,0.0,12.833710504219907,0,0,waiter-2,-1.6351876258850098,2.200000047683716,0.4435544603830799,0.0,6.109057180829722,0,0,customer-1,6.864066123962402,-2.200000047683716,0.40338883016651117,0.0,15.474941571851286,0,0,customer-2,-3.874567985534668,-2.549999952316284,0.4076957578334639,0.0,6.801678856328066,0,0
4,143,5.720000000000004,to_table,-7.67208194732666,3.073376178741455,-1.1073614328183192,0.01973414421081543,0.46688103675842285,0.2742796540260315,0.14250025153160095,0.2742796540260315,0.14250025153160095,0,nominal-sac-a-star,4.992634106435244,99.0,99.0,5.057304325103759,99.0,waiter-2,0,,waiter-1,5.1228156089782715,2.549999952316284,-0.5061274536291727,0.0,12.80559745387637,0,0,waiter-2,-1.617445468902588,2.200000047683716,0.4435550541848343,0.0,6.1173040428087955,0,0,customer-1,6.880201816558838,-2.200000047683716,0.40338872852955454,0.0,15.478289943339078,0,0,customer-2,-3.858260154724121,-2.549999952316284,0.4076949917695405,0.0,6.794674074382078,0,0
4,144,5.760000000000004,to_table,-7.664913654327393,3.05875825881958,-1.1036476031970646,0.007840514183044434,0.4741917848587036,0.27265870571136475,0.13864754140377045,0.27265870571136475,0.13864754140377045,0,nominal-sac-a-star,5.000887660567212,99.0,99.0,5.065703334808349,99.0,waiter-2,0,,waiter-1,5.102570533752441,2.549999952316284,-0.5061276634415712,0.0,12.777616659898069,0,0,waiter-2,-1.599703311920166,2.200000047683716,0.44355564798658875,0.0,6.125703401474548,0,0,customer-1,6.896337509155273,-2.200000047683716,0.4033886268925979,0.0,15.48174971933866,0,0,customer-2,-3.841952323913574,-2.549999952316284,0.4076942257056171,0.0,6.787724361288058,0,0
4,145,5.800000000000004,to_table,-7.657634258270264,3.0443742275238037,-1.0999106160322125,-0.004666388034820557,0.47905778884887695,0.2710393965244293,0.1354512721300125,0.2710393965244293,0.1354512721300125,0,nominal-sac-a-star,5.009293605942299,99.0,99.0,5.074066581726074,99.0,waiter-2,0,,waiter-1,5.082325458526611,2.549999952316284,-0.5061278732539787,0.0,12.749548208057965,0,0,waiter-2,-1.5819611549377441,2.200000047683716,0.4435562417883432,0.0,6.134066466393955,0,0,customer-1,6.912473201751709,-2.200000047683716,0.4033885252556413,0.0,15.485202385989224,0,0,customer-2,-3.8256444931030273,-2.549999952316284,0.4076934596416937,0.0,6.7809415293459,0,0
4,146,5.840000000000004,to_table,-7.650289535522461,3.0301263332366943,-1.0963980346730073,-0.015560269355773926,0.4850829839706421,0.26943421363830566,0.13199646770954132,0.26943421363830566,0.13199646770954132,0,nominal-sac-a-star,5.017663023027269,99.0,99.0,5.0824231529235835,99.0,waiter-2,0,,waiter-1,5.062080383300781,2.549999952316284,-0.5061280830663861,0.0,12.721433499989605,0,0,waiter-2,-1.5642189979553223,2.200000047683716,0.4435568355900976,0.0,6.14242331968489,0,0,customer-1,6.928608417510986,-2.200000047683716,0.4033931919902667,0.0,15.4886567359911,0,0,customer-2,-3.8093366622924805,-2.549999952316284,0.40769269357777027,0.0,6.774269579599923,0,0
4,147,5.880000000000004,to_table,-7.643069744110107,3.015592575073242,-1.0928377365643565,0.3198939561843872,-0.09998273849487305,0.267837256193161,0.12875349819660187,0.267837256193161,0.12875349819660187,0,nominal-sac-a-star,5.026026041001304,99.0,99.0,5.090905609130859,99.0,waiter-2,0,,waiter-1,5.041835308074951,2.549999952316284,-0.5061282928787847,0.0,12.693446839740407,0,0,waiter-2,-1.5464768409729004,2.200000047683716,0.44355742939185205,0.0,6.150905315261859,0,0,customer-1,6.944744110107422,-2.200000047683716,0.40339309035331006,0.0,15.492150252687898,0,0,customer-2,-3.7930288314819336,-2.549999952316284,0.40769192751384686,0.0,6.767468892417971,0,0
4,148,5.920000000000004,to_table,-7.635695934295654,3.001593828201294,-1.0895584135669858,-0.20351582765579224,0.2960665225982666,0.2662230134010315,0.12584981322288513,0.2662230134010315,0.12584981322288513,0,nominal-sac-a-star,5.034514187314185,99.0,99.0,5.099345149993896,99.0,waiter-2,0,,waiter-1,5.021590232849121,2.549999952316284,-0.5061285026911833,0.0,12.66533971694922,0,0,waiter-2,-1.5287342071533203,2.200000047683716,0.44355325482202446,0.0,6.15934526761942,0,0,customer-1,6.960879802703857,-2.200000047683716,0.40339298871635343,0.0,15.495696244299811,0,0,customer-2,-3.776721477508545,-2.549999952316284,0.4076959298215055,0.0,6.7610559354302655,0,0
4,149,5.960000000000004,to_table,-7.628382682800293,2.9876365661621094,-1.0863957111765448,-0.2151111364364624,0.3023874759674072,0.26464593410491943,0.12284539639949799,0.26464593410491943,0.12284539639949799,0,nominal-sac-a-star,5.042959479620023,99.0,99.0,5.107887687683105,99.0,waiter-2,0,,waiter-1,5.001344680786133,2.549999952316284,-0.5061239441320087,0.0,12.637307430157033,0,0,waiter-2,-1.5109920501708984,2.200000047683716,0.4435538486237789,0.0,6.167887761415785,0,0,customer-1,6.977015495300293,-2.200000047683716,0.4033928870793968,0.0,15.499329971910969,0,0,customer-2,-3.760413646697998,-2.549999952316284,0.4076951637575821,0.0,6.754746677339693,0,0
4,150,6.000000000000004,to_table,-7.6210832595825195,2.973764657974243,-1.0833354775384019,-0.22670483589172363,0.30908071994781494,0.2630757689476013,0.12010413408279419,0.2630757689476013,0.12010413408279419,0,nominal-sac-a-star,5.051507650956142,99.0,99.0,5.11649221420288,99.0,waiter-2,0,,waiter-1,4.981100082397461,2.549999952316284,-0.5061289223159893,0.0,12.609306147074037,0,0,waiter-2,-1.4932498931884766,2.200000047683716,0.4435544424255333,0.0,6.17649200100107,0,0,customer-1,6.9931511878967285,-2.200000047683716,0.40339278544244017,0.0,15.503021954296559,0,0,customer-2,-3.744105815887451,-2.549999952316284,0.40769439769365867,0.0,6.748550182729503,0,0
4,151,6.0400000000000045,to_table,-7.613789081573486,2.959991931915283,-1.0803779269779419,-0.23781460523605347,0.3153655529022217,0.26151371002197266,0.11751952022314072,0.26151371002197266,0.11751952022314072,0,nominal-sac-a-star,5.060117416750567,99.0,99.0,5.1251501464843745,99.0,waiter-2,0,,waiter-1,4.960855007171631,2.549999952316284,-0.5061291321283878,0.0,12.58132613765131,0,0,waiter-2,-1.4755077362060547,2.200000047683716,0.44355503622728776,0.0,6.1851504055264215,0,0,customer-1,7.009286880493164,-2.200000047683716,0.40339268380548354,0.0,15.506768451934061,0,0,customer-2,-3.7277979850769043,-2.549999952316284,0.40769363162973526,0.0,6.742472644835012,0,0
4,152,6.0800000000000045,to_table,-7.606497764587402,2.9463233947753906,-1.077515852842027,-0.24860656261444092,0.32119107246398926,0.25996047258377075,0.11507049947977066,0.25996047258377075,0.11507049947977066,0,nominal-sac-a-star,5.068781193589411,99.0,99.0,5.133860530853271,99.0,waiter-2,0,,waiter-1,4.940609931945801,2.549999952316284,-0.5061293419407864,0.0,12.553365437978988,0,0,waiter-2,-1.4577655792236328,2.200000047683716,0.4435556300290422,0.0,6.193860349228293,0,0,customer-1,7.0254225730896,-2.200000047683716,0.4033925821685269,0.0,15.510568582180667,0,0,customer-2,-3.7114901542663574,-2.549999952316284,0.40769286556581186,0.0,6.736516504859458,0,0
4,153,6.1200000000000045,to_table,-7.599209785461426,2.932760000228882,-1.0747430653173327,-0.2590782046318054,0.3266477584838867,0.2584162950515747,0.11273854970932007,0.2584162950515747,0.11273854970932007,0,nominal-sac-a-star,5.0774963568482425,99.0,99.0,5.142621459960937,99.0,waiter-2,0,,waiter-1,4.920364856719971,2.549999952316284,-0.506129551753185,0.0,12.525424323168837,0,0,waiter-2,-1.440023422241211,2.200000047683716,0.4435562238307966,0.0,6.202621526816855,0,0,customer-1,7.041558265686035,-2.200000047683716,0.4033924805315703,0.0,15.514422800637734,0,0,customer-2,-3.6951823234558105,-2.549999952316284,0.40769209950188845,0.0,6.730682515267458,0,0
4,154,6.160000000000005,to_table,-7.5919270515441895,2.9193003177642822,-1.0720547153860327,-0.2692575454711914,0.33176863193511963,0.2568812966346741,0.11051299422979355,0.2568812966346741,0.11051299422979355,0,nominal-sac-a-star,5.0862626039744665,99.0,99.0,5.151434841156005,99.0,waiter-2,0,,waiter-1,4.900119781494141,2.549999952316284,-0.5061297615655835,0.0,12.497504424433824,0,0,waiter-2,-1.422281265258789,2.200000047683716,0.44355681763255106,0.0,6.2114347784362325,0,0,customer-1,7.057693958282471,-2.200000047683716,0.40339237889461366,0.0,15.51833212569027,0,0,customer-2,-3.678874969482422,-2.549999952316284,0.4076961018095471,0.0,6.724970040173509,0,0
4,155,6.200000000000005,to_table,-7.584666728973389,2.9058914184570312,-1.06970110836768,-0.2791670560836792,0.33657288551330566,0.25535547733306885,0.10838879644870758,0.25535547733306885,0.10838879644870758,0,nominal-sac-a-star,5.095080778676386,99.0,99.0,5.16031021118164,99.0,waiter-2,0,,waiter-1,4.879874229431152,2.549999952316284,-0.5061252030064001,0.0,12.469620685466587,0,0,waiter-2,-1.4045391082763672,2.200000047683716,0.4435574114343055,0.0,6.220310284498231,0,0,customer-1,7.073829650878906,-2.200000047683716,0.40339227725765703,0.0,15.522295055247202,0,0,customer-2,-3.662567138671875,-2.549999952316284,0.40769533574562367,0.0,6.719346385320676,0,0
4,156,6.240000000000005,to_table,-7.577536582946777,2.8925609588623047,-1.0669802082691282,-0.2901097536087036,0.338839054107666,0.2538352608680725,0.106794074177742,0.2538352608680725,0.106794074177742,0,nominal-sac-a-star,5.103961081919649,99.0,99.0,5.169358196258544,99.0,waiter-2,0,,waiter-1,4.859629154205322,2.549999952316284,-0.5061254128187986,0.0,12.441882478813081,0,0,waiter-2,-1.386796474456787,2.200000047683716,0.4435532368644779,0.0,6.229358209844668,0,0,customer-1,7.089965343475342,-2.200000047683716,0.4033921756207004,0.0,15.526422329918429,0,0,customer-2,-3.646259307861328,-2.549999952316284,0.40769456968170026,0.0,6.713896803309713,0,0
4,157,6.280000000000005,to_table,-7.570309162139893,2.879295825958252,-1.0647488673511496,-0.2973618507385254,0.3442920446395874,0.25232887268066406,0.10483098775148392,0.25232887268066406,0.10483098775148392,0,nominal-sac-a-star,5.113013201515493,99.0,99.0,5.1783494377136225,99.0,waiter-2,0,,waiter-1,4.839384078979492,2.549999952316284,-0.5061256226311972,0.0,12.414061467186384,0,0,waiter-2,-1.3690543174743652,2.200000047683716,0.44355383066623233,0.0,6.238349493485379,0,0,customer-1,7.106101036071777,-2.200000047683716,0.40339207398374377,0.0,15.530494611510859,0,0,customer-2,-3.6299514770507812,-2.549999952316284,0.40769380361777685,0.0,6.708477572030074,0,0
4,158,6.320000000000005,to_table,-7.563016891479492,2.866438388824463,-1.0624925793170474,-0.30880647897720337,0.34381628036499023,0.2508228123188019,0.10345646739006042,0.2508228123188019,0.10345646739006042,0,nominal-sac-a-star,5.122009022335759,99.0,99.0,5.187353076934814,99.0,waiter-2,0,,waiter-1,4.819139003753662,2.549999952316284,-0.5061258324435958,0.0,12.386198686358817,0,0,waiter-2,-1.3513121604919434,2.200000047683716,0.44355442446798676,0.0,6.247352697544419,0,0,customer-1,7.122236728668213,-2.200000047683716,0.40339197234678714,0.0,15.534653916936442,0,0,customer-2,-3.6136436462402344,-2.549999952316284,0.40769303755385344,0.0,6.703383722687461,0,0
4,159,6.360000000000005,to_table,-7.555660724639893,2.8533294200897217,-1.0606469470429052,-0.3164876699447632,0.34595632553100586,0.2493475079536438,0.10165853053331375,0.2493475079536438,0.10165853053331375,0,nominal-sac-a-star,5.131016533529673,99.0,99.0,5.19629711151123,99.0,waiter-2,0,,waiter-1,4.798893928527832,2.549999952316284,-0.5061260422559943,0.0,12.358277770147748,0,0,waiter-2,-1.3335700035095215,2.200000047683716,0.4435550182697412,0.0,6.256297004684567,0,0,customer-1,7.138372421264648,-2.200000047683716,0.4033918707098305,0.0,15.538685555825134,0,0,customer-2,-3.5973358154296875,-2.549999952316284,0.40769227148993004,0.0,6.698082142940579,0,0
4,160,6.400000000000005,to_table,-7.548372745513916,2.840420722961426,-1.05900429745958,-0.327112078666687,0.34536850452423096,0.2478477507829666,0.10064461827278137,0.2478477507829666,0.10064461827278137,0,nominal-sac-a-star,5.139965120592635,99.0,99.0,5.205361309051513,99.0,waiter-2,0,,waiter-1,4.778648853302002,2.549999952316284,-0.5061262520683929,0.0,12.330442235447043,0,0,waiter-2,-1.3158278465270996,2.200000047683716,0.44355561207149563,0.0,6.265361486714852,0,0,customer-1,7.154508113861084,-2.200000047683716,0.4033917690728739,0.0,15.54286161265443,0,0,customer-2,-3.5810279846191406,-2.549999952316284,0.40769150542600663,0.0,6.693015725983365,0,0
4,161,6.440000000000005,delivered,-7.541191101074219,2.8274216651916504,-1.0574963266173443,-0.33563005924224854,0.3436260223388672,0.24636860191822052,0.09989400953054428,0.24636860191822052,0.09989400953054428,0,nominal-sac-a-star,5.149033725519427,99.0,99.0,5.214553298950195,99.0,waiter-2,0,,waiter-1,4.758403778076172,2.549999952316284,-0.5061264618807915,0.0,12.30272315375735,0,0,waiter-2,-1.2980856895446777,2.200000047683716,0.44355620587325006,0.0,6.274553614846694,0,0,customer-1,7.1706438064575195,-2.200000047683716,0.40339166743591726,0.0,15.547123702651886,0,0,customer-2,-3.564720630645752,-2.549999952316284,0.40769550773366525,0.0,6.6879728359669075,0,0
