episode,step,sim_time,phase,robot_x,robot_y,robot_yaw,sac_linear,sac_turn,proposed_linear,proposed_turn,final_linear,final_turn,dwa_intervened,dwa_reason,pred_dynamic_clearance,pred_static_clearance,pred_ttc,env_dynamic_clearance,env_dynamic_ttc,env_dynamic_person,collision,collision_type,p0_type,p0_x,p0_y,p0_vx,p0_vy,p0_distance,p0_cooperative,p0_reciprocal,p1_type,p1_x,p1_y,p1_vx,p1_vy,p1_distance,p1_cooperative,p1_reciprocal,p2_type,p2_x,p2_y,p2_vx,p2_vy,p2_distance,p2_cooperative,p2_reciprocal,p3_type,p3_x,p3_y,p3_vx,p3_vy,p3_distance,p3_cooperative,p3_reciprocal
1,1,0.04,to_table,-8.300000190734863,5.499999523162842,0.011059124102688342,0.5941907167434692,-0.6046110391616821,0.0,0.75,0.0,0.75,0,nominal-sac-a-star,2.266115769314542,99.0,99.0,2.324080476760864,99.0,customer-2,0,,waiter-1,-6.543807029724121,-2.549999952316284,0.46875455314341785,0.0,8.239338928214757,0,0,waiter-2,3.94107723236084,-2.200000047683716,-0.470987582268636,0.0,14.46146499733898,0,0,customer-1,2.6407947540283203,2.549999952316284,-0.4304694091453154,0.0,11.33152644136484,0,0,customer-2,-7.208693027496338,2.200000047683716,-0.39306248271925526,0.0,3.475765795144751,0,0
1,2,0.08,to_table,-8.284055709838867,5.5035810470581055,0.023491474582368232,-0.13474321365356445,0.9848911762237549,0.7799999713897705,-0.048642348498106,0.7799999713897705,-0.048642348498106,0,nominal-sac-a-star,2.2448127729021756,99.0,99.0,2.331702241897583,99.0,customer-2,0,,waiter-1,-6.525056838989258,-2.549999952316284,0.46875480747369913,0.0,8.243436415787677,0,0,waiter-2,3.9222378730773926,-2.200000047683716,-0.47098874754307296,0.0,14.433944877115412,0,0,customer-1,2.6235761642456055,2.549999952316284,-0.43047167430604105,0.0,11.300445760400775,0,0,customer-2,-7.224415302276611,2.200000047683716,-0.39306580494030463,0.0,3.4693638051905418,0,0
1,3,0.12,to_table,-8.264318466186523,5.506754398345947,0.03517773251295086,-0.719495952129364,0.9935104846954346,0.7799999713897705,-0.08049947768449783,0.7799999713897705,-0.08049947768449783,0,nominal-sac-a-star,2.257448511792761,99.0,99.0,2.342573890686035,99.0,customer-2,0,,waiter-1,-6.5063066482543945,-2.549999952316284,0.4687550618039804,0.0,8.246326225593057,0,0,waiter-2,3.903398036956787,-2.200000047683716,-0.4709851444459279,0.0,14.403034020381401,0,0,customer-1,2.6063570976257324,2.549999952316284,-0.4304691710951847,0.0,11.265610683304349,0,0,customer-2,-7.240138053894043,2.200000047683716,-0.393064358789772,0.0,3.46172931532019,0,0
1,4,0.16,to_table,-8.229358673095703,5.509942054748535,0.036283121435783265,0.44249236583709717,0.8162784576416016,0.7799999713897705,-0.08078784495592117,0.7799999713897705,-0.08078784495592117,0,nominal-sac-a-star,2.268182543916005,99.0,99.0,2.3451578712463377,99.0,customer-2,0,,waiter-1,-6.487556457519531,-2.549999952316284,0.4687553161342617,0.0,8.246001462250304,0,0,waiter-2,3.88455867767334,-2.200000047683716,-0.4709863097203648,0.0,14.359324524646718,0,0,customer-1,2.5891385078430176,2.549999952316284,-0.43047143625591033,0.0,11.216110667416316,0,0,customer-2,-7.255860805511475,2.200000047683716,-0.3930629126392393,0.0,3.4501324885174083,0,0
1,5,0.2,to_table,-8.186293601989746,5.511375427246094,0.03393167122166325,0.4254359006881714,0.7744299173355103,0.7799999713897705,-0.10503128170967102,0.7799999713897705,-0.10503128170967102,0,nominal-sac-a-star,2.270753680497922,99.0,99.0,2.3435380554199217,99.0,customer-2,0,,waiter-1,-6.468806266784668,-2.549999952316284,0.46875557046455185,0.0,8.2423016055471,0,0,waiter-2,3.8657193183898926,-2.200000047683716,-0.47098747499480176,0.0,14.307911348213851,0,0,customer-1,2.5719194412231445,2.549999952316284,-0.43046893304505396,0.0,11.158355281432462,0,0,customer-2,-7.271583080291748,2.200000047683716,-0.3930662348602887,0.0,3.435389678461078,0,0
1,6,0.24000000000000002,to_table,-8.14074993133545,5.5125412940979,0.030425189541888078,0.40901124477386475,0.7473964691162109,0.7799999713897705,-0.12429802119731903,0.7799999713897705,-0.12429802119731903,0,nominal-sac-a-star,2.269161316963266,99.0,99.0,2.3411176300048826,99.0,customer-2,0,,waiter-1,-6.450056076049805,-2.549999952316284,0.46875582479482425,0.0,8.237901253500835,0,0,waiter-2,3.8468799591064453,-2.200000047683716,-0.4709886402692387,0.0,14.254352469996894,0,0,customer-1,2.5547008514404297,2.549999952316284,-0.4304711982057796,0.0,11.09816735540361,0,0,customer-2,-7.28730583190918,2.200000047683716,-0.39306478870975603,0.0,3.4207157642868773,0,0
1,7,0.28,to_table,-8.094622611999512,5.513849258422852,0.026977138667193912,0.3969653844833374,0.7284104824066162,0.7799999713897705,-0.1456039398908615,0.7799999713897705,-0.1456039398908615,0,nominal-sac-a-star,2.266781986221498,99.0,99.0,2.3391575908660887,99.0,customer-2,0,,waiter-1,-6.431305885314941,-2.549999952316284,0.46875607912510553,0.0,8.233607145522967,0,0,waiter-2,3.82804012298584,-2.200000047683716,-0.4709850371720936,0.0,14.200470337616608,0,0,customer-1,2.5374817848205566,2.549999952316284,-0.43046869499492324,0.0,11.03748370844501,0,0,customer-2,-7.303028583526611,2.200000047683716,-0.39306334255922337,0.0,3.4070834591231174,0,0
1,8,0.32,to_table,-8.048364639282227,5.515043258666992,0.024151026680023748,0.3877999782562256,0.7108713388442993,0.7799999713897705,-0.10609204322099686,0.7799999713897705,-0.10609204322099686,0,nominal-sac-a-star,2.2648627341918175,99.0,99.0,2.3376906013488767,99.0,customer-2,0,,waiter-1,-6.412555694580078,-2.549999952316284,0.4687563334553957,0.0,8.229264420262298,0,0,waiter-2,3.8092007637023926,-2.200000047683716,-0.47098620244653056,0.0,14.146510188202766,0,0,customer-1,2.520263195037842,2.549999952316284,-0.4304709601556489,0.0,10.976674182506287,0,0,customer-2,-7.318751335144043,2.200000047683716,-0.3930618964086907,0.0,3.3943846370530477,0,0
1,9,0.36,to_table,-8.001943588256836,5.516132354736328,0.021551444392522916,0.4054752588272095,0.6806665658950806,0.7799999713897705,-0.12555991113185883,0.7799999713897705,-0.12555991113185883,0,nominal-sac-a-star,2.263429193634699,99.0,99.0,2.336467990875244,99.0,customer-2,0,,waiter-1,-6.393805503845215,-2.549999952316284,0.4687565877856681,0.0,8.224876807187629,0,0,waiter-2,3.7903614044189453,-2.200000047683716,-0.4709873677209675,0.0,14.092450329590049,0,0,customer-1,2.5030441284179688,2.549999952316284,-0.4304684569447925,0.0,10.915709246593856,0,0,customer-2,-7.334473609924316,2.200000047683716,-0.3930652186297401,0.0,3.3826394501710193,0,0
1,10,0.39999999999999997,to_table,-7.95573091506958,5.516977787017822,0.01846242310595043,0.41230082511901855,0.728606104850769,0.7799999713897705,-0.14002195000648499,0.7799999713897705,-0.14002195000648499,0,nominal-sac-a-star,2.262237047132369,99.0,99.0,2.335029134750366,99.0,customer-2,0,,waiter-1,-6.375055313110352,-2.549999952316284,0.46875684211595825,0.0,8.220381086393816,0,0,waiter-2,3.771522045135498,-2.200000047683716,-0.47098853299540444,0.0,14.038525880373395,0,0,customer-1,2.485825538635254,2.549999952316284,-0.4304707221055182,0.0,10.854909426039228,0,0,customer-2,-7.350196361541748,2.200000047683716,-0.39306377247920743,0.0,3.3717967641532236,0,0
1,11,0.43999999999999995,to_table,-7.90928316116333,5.517988204956055,0.01690542160615652,-0.9283413887023926,0.9995633363723755,0.7799999713897705,-0.06501758843660355,0.7799999713897705,-0.06501758843660355,0,nominal-sac-a-star,2.2608344699069773,99.0,99.0,2.3345983123779295,99.0,customer-2,0,,waiter-1,-6.356305122375488,-2.549999952316284,0.46875709644623065,0.0,8.21609236163056,0,0,waiter-2,3.7526822090148926,-2.200000047683716,-0.47098492989825935,0.0,13.984590768525248,0,0,customer-1,2.468606472015381,2.549999952316284,-0.4304682188946618,0.0,10.793958843086527,0,0,customer-2,-7.36591911315918,2.200000047683716,-0.39306232632867477,0.0,3.3621852864562576,0,0
1,12,0.4799999999999999,to_table,-7.863126277923584,5.5185675621032715,0.015193613287396442,-0.1302066445350647,0.9234492778778076,0.7799999713897705,-0.09107345342636108,0.7799999713897705,-0.09107345342636108,0,nominal-sac-a-star,2.260421921962492,99.0,99.0,2.3338284587860105,99.0,customer-2,0,,waiter-1,-6.337554931640625,-2.549999952316284,0.4687573507765208,0.0,8.211525416592593,0,0,waiter-2,3.7338428497314453,-2.200000047683716,-0.4709860951726963,0.0,13.930756580122871,0,0,customer-1,2.451387882232666,2.549999952316284,-0.43047048405538746,0.0,10.733200641651129,0,0,customer-2,-7.381641387939453,2.200000047683716,-0.39306564854972414,0.0,3.3533144867494635,0,0
1,13,0.5199999999999999,to_table,-7.8166728019714355,5.5194525718688965,0.012685557091064307,-0.1623307466506958,0.922492504119873,0.7799999713897705,-0.11065075546503067,0.7799999713897705,-0.11065075546503067,0,nominal-sac-a-star,2.259672531650134,99.0,99.0,2.33328462600708,99.0,customer-2,0,,waiter-1,-6.318804740905762,-2.549999952316284,0.4687576051067932,0.0,8.207293876086029,0,0,waiter-2,3.715003490447998,-2.200000047683716,-0.47098726044713324,0.0,13.876941552758161,0,0,customer-1,2.434169292449951,2.549999952316284,-0.4304727492161131,0.0,10.672273071118886,0,0,customer-2,-7.397364139556885,2.200000047683716,-0.3930642023991915,0.0,3.3458309602691,0,0
1,14,0.5599999999999999,to_table,-7.770426273345947,5.519867897033691,0.010985825202840756,-0.202975332736969,0.9255315065383911,0.7799999713897705,-0.06918733566999435,0.7799999713897705,-0.06918733566999435,0,nominal-sac-a-star,2.2591577576814377,99.0,99.0,2.3326940631866453,99.0,customer-2,0,,waiter-1,-6.300054550170898,-2.549999952316284,0.4687578594370745,0.0,8.202728820964714,0,0,waiter-2,3.696164131164551,-2.200000047683716,-0.4709884257215702,0.0,13.823134832182156,0,0,customer-1,2.416950225830078,2.549999952316284,-0.43047024600525674,0.0,10.611444555055828,0,0,customer-2,-7.413086891174316,2.200000047683716,-0.39306275624865883,0.0,3.33904387081069,0,0
1,15,0.6,to_table,-7.724196434020996,5.5202531814575195,0.009289460368973101,-0.3957254886627197,0.9698818922042847,0.7799999713897705,-0.07879853993654251,0.7799999713897705,-0.07879853993654251,0,nominal-sac-a-star,2.2585874373857893,99.0,99.0,2.3322267627716062,99.0,customer-2,0,,waiter-1,-6.281304359436035,-2.549999952316284,0.46875811376735577,0.0,8.198226831582913,0,0,waiter-2,3.6773242950439453,-2.200000047683716,-0.4709848226244251,0.0,13.769422095983666,0,0,customer-1,2.3997316360473633,2.549999952316284,-0.4304725111659824,0.0,10.550655136679522,0,0,customer-2,-7.42880916595459,2.200000047683716,-0.3930660784697082,0.0,3.333366843068806,0,0
1,16,0.64,to_table,-7.678206443786621,5.520282745361328,0.0009123745461823553,0.7334883213043213,-0.9794085025787354,0.7799999713897705,-0.3311762809753418,0.7799999713897705,-0.3311762809753418,0,nominal-sac-a-star,2.258140153263761,99.0,99.0,2.3304414844512937,99.0,customer-2,0,,waiter-1,-6.262554168701172,-2.549999952316284,0.46875836809763705,0.0,8.193505610200633,0,0,waiter-2,3.658484935760498,-2.200000047683716,-0.47098598789886204,0.0,13.715806131601793,0,0,customer-1,2.3825125694274902,2.549999952316284,-0.430470007955126,0.0,10.490026069248225,0,0,customer-2,-7.4445319175720215,2.200000047683716,-0.39306463231917554,0.0,3.328495302189706,0,0
1,17,0.68,to_table,-7.631573677062988,5.520902633666992,-0.005266499637810381,-0.15366077423095703,0.8793643712997437,0.7799999713897705,-0.12196356803178787,0.7799999713897705,-0.12196356803178787,0,nominal-sac-a-star,2.2564534416266673,99.0,99.0,2.3302013969421385,99.0,customer-2,0,,waiter-1,-6.243803977966309,-2.549999952316284,0.4687586224279183,0.0,8.189345107526146,0,0,waiter-2,3.639645576477051,-2.200000047683716,-0.470987153173299,0.0,13.662090677354628,0,0,customer-1,2.3652939796447754,2.549999952316284,-0.4304722731158517,0.0,10.42898008856986,0,0,customer-2,-7.460254669189453,2.200000047683716,-0.3930631861686429,0.0,3.3253186596248465,0,0
1,18,0.7200000000000001,to_table,-7.585421562194824,5.520418643951416,-0.007328010354136257,-0.06542021036148071,0.8695483207702637,0.7799999713897705,-0.06926126033067703,0.7799999713897705,-0.06926126033067703,0,nominal-sac-a-star,2.25628607165985,99.0,99.0,2.329768190383911,99.0,customer-2,0,,waiter-1,-6.225053787231445,-2.549999952316284,0.4687588767581996,0.0,8.1842688617947,0,0,waiter-2,3.6208062171936035,-2.200000047683716,-0.4709883184477359,0.0,13.608247712974878,0,0,customer-1,2.3480749130249023,2.549999952316284,-0.4304697699049953,0.0,10.368111661571653,0,0,customer-2,-7.475977420806885,2.200000047683716,-0.39306174001811023,0.0,3.3222217979124316,0,0
1,19,0.7600000000000001,to_table,-7.539041519165039,5.52003812789917,-0.008828157797576296,-0.02033984661102295,0.8184466361999512,0.7799999713897705,-0.0902939960360527,0.7799999713897705,-0.0902939960360527,0,nominal-sac-a-star,2.255877230614127,99.0,99.0,2.3296527957916258,99.0,customer-2,0,,waiter-1,-6.206303119659424,-2.549999952316284,0.46875436271689885,0.0,8.179346322148508,0,0,waiter-2,3.601966381072998,-2.200000047683716,-0.47098471535059083,0.0,13.554373702448354,0,0,customer-1,2.3308563232421875,2.549999952316284,-0.43047203506572096,0.0,10.307085435950095,0,0,customer-2,-7.491699695587158,2.200000047683716,-0.3930650622391596,0.0,3.320375596576447,0,0
1,20,0.8000000000000002,to_table,-7.49289608001709,5.519589424133301,-0.010785804723152699,-0.03833061456680298,0.8067386150360107,0.7799999713897705,-0.11175889521837234,0.7799999713897705,-0.11175889521837234,0,nominal-sac-a-star,2.255779318892267,99.0,99.0,2.3295984363555906,99.0,customer-2,0,,waiter-1,-6.1875529289245605,-2.549999952316284,0.46875461704718013,0.0,8.174484292394975,0,0,waiter-2,3.583127021789551,-2.200000047683716,-0.4709858806250278,0.0,13.500753659153348,0,0,customer-1,2.3136372566223145,2.549999952316284,-0.4304695318548646,0.0,10.246294828558586,0,0,customer-2,-7.50742244720459,2.200000047683716,-0.39306361608862694,0.0,3.3196211596476806,0,0
1,21,0.8400000000000002,to_table,-7.446660995483398,5.519167423248291,-0.012001798617209918,-0.06243896484375,0.8064053058624268,0.7799999713897705,-0.06274127215147018,0.7799999713897705,-0.06274127215147018,0,nominal-sac-a-star,2.2557498608337747,99.0,99.0,2.3300485706329344,99.0,customer-2,0,,waiter-1,-6.168802738189697,-2.549999952316284,0.4687548713774614,0.0,8.169723609805255,0,0,waiter-2,3.5642876625061035,-2.200000047683716,-0.4709870458994647,0.0,13.44717579245455,0,0,customer-1,2.2964186668395996,2.549999952316284,-0.43047179701559024,0.0,10.18545810343417,0,0,customer-2,-7.5231451988220215,2.200000047683716,-0.3930621699380943,0.0,3.320048478617831,0,0
1,22,0.8800000000000002,to_table,-7.400399208068848,5.518437385559082,-0.013431090569888051,-0.05227065086364746,0.7917439937591553,0.7799999713897705,-0.07948224991559982,0.7799999713897705,-0.07948224991559982,0,nominal-sac-a-star,2.2564705478899096,99.0,99.0,2.331325063705444,99.0,customer-2,0,,waiter-1,-6.150052547454834,-2.549999952316284,0.4687551257077427,0.0,8.164744199724199,0,0,waiter-2,3.5454483032226562,-2.200000047683716,-0.47098821117390166,0.0,13.39350044429499,0,0,customer-1,2.2791996002197266,2.549999952316284,-0.43046929380473387,0.0,10.124537218287989,0,0,customer-2,-7.538867473602295,2.200000047683716,-0.39306549215914366,0.0,3.3213250105891756,0,0
1,23,0.9200000000000003,to_table,-7.354156970977783,5.517753601074219,-0.01564354288975128,-0.07217037677764893,0.7860602140426636,0.7799999713897705,-0.09768779575824738,0.7799999713897705,-0.09768779575824738,0,nominal-sac-a-star,2.2580403103317206,99.0,99.0,2.3338022327423094,99.0,customer-2,0,,waiter-1,-6.131302356719971,-2.549999952316284,0.46875538003802397,0.0,8.159903235079243,0,0,waiter-2,3.526608467102051,-2.200000047683716,-0.4709846080767566,0.0,13.339969186674647,0,0,customer-1,2.2619810104370117,2.549999952316284,-0.4304715589654595,0.0,10.063680807603362,0,0,customer-2,-7.554590225219727,2.200000047683716,-0.393064046008611,0.0,3.323802360315866,0,0
1,24,0.9600000000000003,to_table,-7.307596206665039,5.5171427726745605,-0.022448562038845668,-0.35975104570388794,-0.8955469727516174,0.7799999713897705,-0.2527754604816437,0.7799999713897705,-0.2527754604816437,0,nominal-sac-a-star,2.2608101746226623,99.0,99.0,2.3375301456451414,99.0,customer-2,0,,waiter-1,-6.112552165985107,-2.549999952316284,0.46875563436830525,0.0,8.155177619435234,0,0,waiter-2,3.5077691078186035,-2.200000047683716,-0.4709857733511935,0.0,13.286324555554977,0,0,customer-1,2.2447619438171387,2.549999952316284,-0.43046905575460315,0.0,10.00257380635039,0,0,customer-2,-7.570312976837158,2.200000047683716,-0.39306259985807834,0.0,3.3275300087736785,0,0
1,25,1.0000000000000002,to_table,-7.2613701820373535,5.515989303588867,-0.026087786679138098,-0.22717976570129395,0.7853775024414062,0.7799999713897705,-0.05758824571967125,0.7799999713897705,-0.05758824571967125,0,nominal-sac-a-star,2.2648308957222287,99.0,99.0,2.3418452835083006,99.0,customer-2,0,,waiter-1,-6.093801975250244,-2.549999952316284,0.4687558886985954,0.0,8.150055103732576,0,0,waiter-2,3.4889297485351562,-2.200000047683716,-0.47098693862563934,0.0,13.232741222672617,0,0,customer-1,2.227543354034424,2.549999952316284,-0.4304713209153288,0.0,9.94165845957849,0,0,customer-2,-7.586035251617432,2.200000047683716,-0.3930659220791277,0.0,3.331845157369087,0,0
1,26,1.0400000000000003,to_table,-7.215178966522217,5.514808177947998,-0.02743256238106828,-0.11969977617263794,0.7108762264251709,0.7799999713897705,-0.07851509749889374,0.7799999713897705,-0.07851509749889374,0,nominal-sac-a-star,2.2694366210160553,99.0,99.0,2.347273836135864,99.0,customer-2,0,,waiter-1,-6.075051784515381,-2.549999952316284,0.4687561430288767,0.0,8.144999703445526,0,0,waiter-2,3.470090389251709,-2.200000047683716,-0.4709881039000763,0.0,13.179273392858807,0,0,customer-1,2.210324287414551,2.549999952316284,-0.43046881770447243,0.0,9.880799532666678,0,0,customer-2,-7.601758003234863,2.200000047683716,-0.39306447592859506,0.0,3.3372737814107887,0,0
1,27,1.0800000000000003,to_table,-7.168875217437744,5.513537883758545,-0.02755092300490394,-0.33057284355163574,0.9983925819396973,0.7799999713897705,-0.0005689151003025472,0.7799999713897705,-0.0005689151003025472,0,nominal-sac-a-star,2.2751542186334603,99.0,99.0,2.353767404556274,99.0,customer-2,0,,waiter-1,-6.056301593780518,-2.549999952316284,0.468756397359158,0.0,8.139930128807501,0,0,waiter-2,3.4512510299682617,-2.200000047683716,-0.4709892691745132,0.0,13.125766603541315,0,0,customer-1,2.193105697631836,2.549999952316284,-0.4304710828651981,0.0,9.819839292229997,0,0,customer-2,-7.617480754852295,2.200000047683716,-0.3930630297780624,0.0,3.3437673243361985,0,0
1,28,1.1200000000000003,to_table,-7.122573375701904,5.5122575759887695,-0.02783201894771428,-0.30232322216033936,0.7542097568511963,0.7799999713897705,-0.041491616517305374,0.7799999713897705,-0.041491616517305374,0,nominal-sac-a-star,2.281935612667306,99.0,99.0,2.361386547088623,99.0,customer-2,0,,waiter-1,-6.037550926208496,-2.549999952316284,0.4687518833178572,0.0,8.134941313163617,0,0,waiter-2,3.4324111938476562,-2.200000047683716,-0.47098566607736814,0.0,13.072360801221931,0,0,customer-1,2.175886631011963,2.549999952316284,-0.4304685796543417,0.0,9.75891022222579,0,0,customer-2,-7.633203029632568,2.200000047683716,-0.3930663519991118,0.0,3.3513866648429054,0,0
1,29,1.1600000000000004,to_table,-7.076272010803223,5.510962963104248,-0.028345399184060944,-0.3283657431602478,0.7521665096282959,0.7799999713897705,-0.05566508695483208,0.7799999713897705,-0.05566508695483208,0,nominal-sac-a-star,2.289840906374722,99.0,99.0,2.3701202964782713,99.0,customer-2,0,,waiter-1,-6.018800735473633,-2.549999952316284,0.4687521376481385,0.0,8.130028820485956,0,0,waiter-2,3.413571834564209,-2.200000047683716,-0.4709868313518051,0.0,13.019054284161088,0,0,customer-1,2.158668041229248,2.549999952316284,-0.43047084481506737,0.0,9.698011121662422,0,0,customer-2,-7.64892578125,2.200000047683716,-0.3930649058485791,0.0,3.360120201435797,0,0
1,30,1.2000000000000004,to_table,-7.02996301651001,5.509641647338867,-0.029399828138625995,-0.34540724754333496,0.750096321105957,0.7799999713897705,-0.0729544535279274,0.7799999713897705,-0.0729544535279274,0,nominal-sac-a-star,2.2988581044952543,99.0,99.0,2.379948625564575,99.0,customer-2,0,,waiter-1,-6.0000505447387695,-2.549999952316284,0.4687523919784198,0.0,8.125179531210483,0,0,waiter-2,3.3947324752807617,-2.200000047683716,-0.470987996626242,0.0,12.9658339940859,0,0,customer-1,2.141448974609375,2.549999952316284,-0.430468341604211,0.0,9.637130116054498,0,0,customer-2,-7.664648532867432,2.200000047683716,-0.39306345969804646,0.0,3.3699485489902954,0,0
1,31,1.2400000000000004,to_table,-6.983715534210205,5.508277416229248,-0.029575967293301395,-0.36817896366119385,0.7525603771209717,0.7799999713897705,-0.025783972814679146,0.7799999713897705,-0.025783972814679146,0,nominal-sac-a-star,2.308967677603376,99.0,99.0,2.3908326721191404,99.0,customer-2,0,,waiter-1,-5.981300354003906,-2.549999952316284,0.46875264630870106,0.0,8.120386095618922,0,0,waiter-2,3.3758931159973145,-2.200000047683716,-0.47098916190067897,0.0,12.912746913268414,0,0,customer-1,2.12423038482666,2.549999952316284,-0.43047060676493665,0.0,9.57632938121886,0,0,customer-2,-7.680371284484863,2.200000047683716,-0.3930620135475138,0.0,3.380832498308856,0,0
1,32,1.2800000000000005,to_table,-6.937439918518066,5.506903648376465,-0.029839496318590633,-0.3450468182563782,0.7330524921417236,0.7799999713897705,-0.04015227034687996,0.7799999713897705,-0.04015227034687996,0,nominal-sac-a-star,2.3201298821122007,99.0,99.0,2.402811059951782,99.0,customer-2,0,,waiter-1,-5.962550163269043,-2.549999952316284,0.46875290063898234,0.0,8.115670376853984,0,0,waiter-2,3.357053279876709,-2.200000047683716,-0.4709855588035339,0.0,12.859741630069493,0,0,customer-1,2.107011318206787,2.549999952316284,-0.4304681035540803,0.0,9.515533492204632,0,0,customer-2,-7.696093559265137,2.200000047683716,-0.3930653357685632,0.0,3.392811042615467,0,0
1,33,1.3200000000000005,to_table,-6.891149997711182,5.505515098571777,-0.030392197806318806,-0.3569314479827881,0.7147997617721558,0.7799999713897705,-0.05712291970849037,0.7799999713897705,-0.05712291970849037,0,nominal-sac-a-star,2.3323839618257924,99.0,99.0,2.415865907669067,99.0,customer-2,0,,waiter-1,-5.94379997253418,-2.549999952316284,0.4687531549692636,0.0,8.111029207522739,0,0,waiter-2,3.3382139205932617,-2.200000047683716,-0.4709867240779708,0.0,12.80682825067478,0,0,customer-1,2.0897927284240723,2.549999952316284,-0.43047036871480593,0.0,9.454755524595406,0,0,customer-2,-7.711816310882568,2.200000047683716,-0.3930638896180305,0.0,3.405865961722778,0,0
1,34,1.3600000000000005,to_table,-6.844851970672607,5.504103183746338,-0.030614001429141953,-0.3366917371749878,0.6118485927581787,0.7799999713897705,-0.027800949290394783,0.7799999713897705,-0.027800949290394783,0,nominal-sac-a-star,2.3457112136634795,99.0,99.0,2.4299757575988767,99.0,customer-2,0,,waiter-1,-5.925049781799316,-2.549999952316284,0.4687534092995449,0.0,8.106455044776963,0,0,waiter-2,3.3193745613098145,-2.200000047683716,-0.47098788935240776,0.0,12.754007511131018,0,0,customer-1,2.0725741386413574,2.549999952316284,-0.4304726338755316,0.0,9.393998845913272,0,0,customer-2,-7.7275390625,2.200000047683716,-0.39306244346749786,0.0,3.4199757361445644,0,0
1,35,1.4000000000000006,to_table,-6.798555850982666,5.50268030166626,-0.030929649541905205,-0.2744700312614441,0.5513433218002319,0.7799999713897705,-0.04522725194692612,0.7799999713897705,-0.04522725194692612,0,nominal-sac-a-star,2.3600899929744523,99.0,99.0,2.445136795043945,99.0,customer-2,0,,waiter-1,-5.906299591064453,-2.549999952316284,0.4687536636298262,0.0,8.101961522140401,0,0,waiter-2,3.300535202026367,-2.200000047683716,-0.4709890546268447,0.0,12.701296180360073,0,0,customer-1,2.0553550720214844,2.549999952316284,-0.4304701306646752,0.0,9.33327701710014,0,0,customer-2,-7.743261337280273,2.200000047683716,-0.39306576568854723,0.0,3.435136870036913,0,0
1,36,1.4400000000000006,to_table,-6.752257823944092,5.501239776611328,-0.03163180155049043,-0.2651327848434448,0.5125107765197754,0.7799999713897705,-0.0622987225651741,0.7799999713897705,-0.0622987225651741,0,nominal-sac-a-star,2.3755166877731106,99.0,99.0,2.4613304233551023,99.0,customer-2,0,,waiter-1,-5.88754940032959,-2.549999952316284,0.46875391796010746,0.0,8.097541715269656,0,0,waiter-2,3.2816953659057617,-2.200000047683716,-0.4709854515296996,0.0,12.648688131478536,0,0,customer-1,2.0381364822387695,2.549999952316284,-0.43047239582540087,0.0,9.272585861488537,0,0,customer-2,-7.758984088897705,2.200000047683716,-0.3930643195380146,0.0,3.451330398614063,0,0
1,37,1.4800000000000006,to_table,-6.705954551696777,5.499770164489746,-0.031901192955670364,-0.23904865980148315,0.45681655406951904,0.7799999713897705,-0.031466007232666016,0.7799999713897705,-0.031466007232666016,0,nominal-sac-a-star,2.3919719275962175,99.0,99.0,2.478532085418701,99.0,customer-2,0,,waiter-1,-5.868799209594727,-2.549999952316284,0.46875417229038874,0.0,8.093184045864357,0,0,waiter-2,3.2628560066223145,-2.200000047683716,-0.47098661680413656,0.0,12.59617581918925,0,0,customer-1,2.0209174156188965,2.549999952316284,-0.4304698926145445,0.0,9.211918293088905,0,0,customer-2,-7.774706840515137,2.200000047683716,-0.3930628733874819,0.0,3.4685320062845846,0,0
1,38,1.5200000000000007,to_table,-6.659657001495361,5.498288154602051,-0.03234130944233069,-0.13985347747802734,0.3427540063858032,0.7799999713897705,-0.053517598658800125,0.7799999713897705,-0.053517598658800125,0,nominal-sac-a-star,2.40943138862695,99.0,99.0,2.496739158630371,99.0,customer-2,0,,waiter-1,-5.850049018859863,-2.549999952316284,0.46875442662067,0.0,8.088906386991399,0,0,waiter-2,3.244016647338867,-2.200000047683716,-0.4709877820785735,0.0,12.543779055295326,0,0,customer-1,2.0036988258361816,2.549999952316284,-0.43047215777527015,0.0,9.151291576312977,0,0,customer-2,-7.79042911529541,2.200000047683716,-0.3930661956085313,0.0,3.486739165694326,0,0
1,39,1.5600000000000007,to_table,-6.613368988037109,5.4967756271362305,-0.03434636333000336,-0.5704166889190674,-0.09591031074523926,0.7799999713897705,-0.11621978133916855,0.7799999713897705,-0.11621978133916855,0,nominal-sac-a-star,2.4278924868049954,99.0,99.0,2.5159180259704588,99.0,customer-2,0,,waiter-1,-5.831298828125,-2.549999952316284,0.4687546809509513,0.0,8.084691148157628,0,0,waiter-2,3.22517728805542,-2.200000047683716,-0.47098894735301045,0.0,12.49149104852236,0,0,customer-1,1.9864797592163086,2.549999952316284,-0.4304696545644138,0.0,9.090703237557957,0,0,customer-2,-7.806151866912842,2.200000047683716,-0.39306474945799863,0.0,3.5059178851498425,0,0
1,40,1.6000000000000008,to_table,-6.566931247711182,5.495299816131592,-0.03574591189374259,-0.43040698766708374,0.10407006740570068,0.7799999713897705,-0.05714191123843193,0.7799999713897705,-0.05714191123843193,0,nominal-sac-a-star,2.4473208103255004,99.0,99.0,2.5361712074279783,99.0,customer-2,0,,waiter-1,-5.812548637390137,-2.549999952316284,0.4687549352812326,0.0,8.080590416977106,0,0,waiter-2,3.2063374519348145,-2.200000047683716,-0.47098534425586536,0.0,12.439229118780473,0,0,customer-1,1.9692611694335938,2.549999952316284,-0.43047191972513943,0.0,9.030026150034695,0,0,customer-2,-7.821874618530273,2.200000047683716,-0.39306330330746597,0.0,3.5261712136388685,0,0
1,41,1.6400000000000008,to_table,-6.520761489868164,5.493626117706299,-0.03589753670116801,0.14079487323760986,0.48434484004974365,0.7799999713897705,-0.016990993171930313,0.7799999713897705,-0.016990993171930313,0,nominal-sac-a-star,2.467819962868794,99.0,99.0,2.5571155643463133,99.0,customer-2,0,,waiter-1,-5.793798446655273,-2.549999952316284,0.46875518961151386,0.0,8.076409822473368,0,0,waiter-2,3.187498092651367,-2.200000047683716,-0.4709865095303023,0.0,12.387178358865919,0,0,customer-1,1.9520421028137207,2.549999952316284,-0.43046941651428305,0.0,8.969578346930907,0,0,customer-2,-7.837597370147705,2.200000047683716,-0.3930618571569333,0.0,3.5471156486255135,0,0
1,42,1.6800000000000008,to_table,-6.474477767944336,5.4919562339782715,-0.03613145341935537,0.25522637367248535,0.4026951789855957,0.7799999713897705,-0.03473487123847008,0.7799999713897705,-0.03473487123847008,0,nominal-sac-a-star,2.489005069249755,99.0,99.0,2.5790586566925047,99.0,customer-2,0,,waiter-1,-5.77504825592041,-2.549999952316284,0.46875544394179514,0.0,8.07231447260148,0,0,waiter-2,3.16865873336792,-2.200000047683716,-0.47098767480473924,0.0,12.335164085732304,0,0,customer-1,1.9348235130310059,2.549999952316284,-0.4304716816750087,0.0,8.909065876814692,0,0,customer-2,-7.8533196449279785,2.200000047683716,-0.3930651793779827,0.0,3.569058763064398,0,0
1,43,1.7200000000000009,to_table,-6.428187370300293,5.490281105041504,-0.036199226995406765,0.2669731378555298,0.38001179695129395,0.7799999713897705,-0.008230946958065033,0.7799999713897705,-0.008230946958065033,0,nominal-sac-a-star,2.5111849930528907,99.0,99.0,2.6019373035430906,99.0,customer-2,0,,waiter-1,-5.756298065185547,-2.549999952316284,0.4687556982720764,0.0,8.068305566823437,0,0,waiter-2,3.1498193740844727,-2.200000047683716,-0.4709888400791762,0.0,12.283266560790773,0,0,customer-1,1.9176044464111328,2.549999952316284,-0.43046917846415234,0.0,8.848587136088932,0,0,customer-2,-7.86904239654541,2.200000047683716,-0.39306373322745003,0.0,3.5919371713691346,0,0
1,44,1.760000000000001,to_table,-6.381898880004883,5.488602638244629,-0.036324396789060985,0.32877349853515625,0.3397657871246338,0.7799999713897705,-0.01816674880683422,0.7799999713897705,-0.01816674880683422,0,nominal-sac-a-star,2.5342955085388894,99.0,99.0,2.6257314777374265,99.0,customer-2,0,,waiter-1,-5.737547874450684,-2.549999952316284,0.4687559526023577,0.0,8.06438589275906,0,0,waiter-2,3.130979537963867,-2.200000047683716,-0.4709852369820311,0.0,12.231494882356783,0,0,customer-1,1.900385856628418,2.549999952316284,-0.430471443624878,0.0,8.788152604752277,0,0,customer-2,-7.884765148162842,2.200000047683716,-0.39306228707691737,0.0,3.6157314638411657,0,0
1,45,1.800000000000001,to_table,-6.335611343383789,5.486917495727539,-0.03651253337307495,0.3405642509460449,0.31763577461242676,0.7799999713897705,-0.02695549838244915,0.7799999713897705,-0.02695549838244915,0,nominal-sac-a-star,2.5583172874766458,99.0,99.0,2.650420913696289,99.0,customer-2,0,,waiter-1,-5.71879768371582,-2.549999952316284,0.468756206932639,0.0,8.060552162068317,0,0,waiter-2,3.11214017868042,-2.200000047683716,-0.47098640225646804,0.0,12.179848527049517,0,0,customer-1,1.883166790008545,2.549999952316284,-0.4304689404140216,0.0,8.727760231738998,0,0,customer-2,-7.900487422943115,2.200000047683716,-0.39306560929796674,0.0,3.640420779886837,0,0
1,46,1.840000000000001,to_table,-6.28932523727417,5.485222339630127,-0.03678129562522338,0.35159480571746826,0.2848018407821655,0.7799999713897705,-0.038431186228990555,0.7799999713897705,-0.038431186228990555,0,nominal-sac-a-star,2.5832296367118417,99.0,99.0,2.6759841537475584,99.0,customer-2,0,,waiter-1,-5.700047492980957,-2.549999952316284,0.46875646126292025,0.0,8.056801197802502,0,0,waiter-2,3.0933008193969727,-2.200000047683716,-0.470987567530905,0.0,12.128326960541349,0,0,customer-1,1.86594820022583,2.549999952316284,-0.4304712055747473,0.0,8.667411107325037,0,0,customer-2,-7.916210174560547,2.200000047683716,-0.3930641631474341,0.0,3.6659841934562305,0,0
1,47,1.880000000000001,to_table,-6.243039608001709,5.48351526260376,-0.036989610519476,0.34990227222442627,0.12006115913391113,0.7799999713897705,-0.028807073831558228,0.7799999713897705,-0.028807073831558228,0,nominal-sac-a-star,2.6090111973689085,99.0,99.0,2.702402124404907,99.0,customer-2,0,,waiter-1,-5.681297302246094,-2.549999952316284,0.46875671559320153,0.0,8.053131138037395,0,0,waiter-2,3.0744614601135254,-2.200000047683716,-0.4709887328053419,0.0,12.076929811742328,0,0,customer-1,1.848729133605957,2.549999952316284,-0.4304687023638909,0.0,8.607103661705832,0,0,customer-2,-7.9319329261779785,2.200000047683716,-0.39306271699690143,0.0,3.6924020375348987,0,0
1,48,1.920000000000001,to_table,-6.196767330169678,5.4817914962768555,-0.03835863132903212,0.6817545890808105,-0.3983728289604187,0.7799999713897705,-0.09525582939386368,0.7799999713897705,-0.09525582939386368,0,nominal-sac-a-star,2.6356424860830954,99.0,99.0,2.7296455001831053,99.0,customer-2,0,,waiter-1,-5.6625471115112305,-2.549999952316284,0.46875696992347393,0.0,8.049538192698844,0,0,waiter-2,3.05562162399292,-2.200000047683716,-0.47098512970818796,0.0,12.025665165967919,0,0,customer-1,1.8315105438232422,2.549999952316284,-0.43047096752461655,0.0,8.546850137874362,0,0,customer-2,-7.947655200958252,2.200000047683716,-0.3930660392179508,0.0,3.7196456078682556,0,0
1,49,1.960000000000001,to_table,-6.149064540863037,5.479897499084473,-0.0411393501491892,0.8821048736572266,-0.490537166595459,0.8199999928474426,-0.11011240631341934,0.8199999928474426,-0.11011240631341934,0,nominal-sac-a-star,2.6630949794979495,99.0,99.0,2.758261213302612,99.0,customer-2,0,,waiter-1,-5.643796920776367,-2.549999952316284,0.4687572242537552,0.0,8.045778299699814,0,0,waiter-2,3.0367822647094727,-2.200000047683716,-0.4709862949826249,0.0,11.973329021801026,0,0,customer-1,1.8142914772033691,2.549999952316284,-0.4304684643137602,0.0,8.48524240696945,0,0,customer-2,-7.963377952575684,2.200000047683716,-0.39306459306741814,0.0,3.7482609897958765,0,0
1,50,2.000000000000001,to_table,-6.102134704589844,5.477869510650635,-0.04022978234978911,-0.07729071378707886,0.9091696739196777,0.7799999713897705,0.08606614172458649,0.7799999713897705,0.08606614172458649,0,nominal-sac-a-star,2.6919192222371082,99.0,99.0,2.7872252559661863,99.0,customer-2,0,,waiter-1,-5.625046730041504,-2.549999952316284,0.4687574785840454,0.0,8.04203339024997,0,0,waiter-2,3.0179429054260254,-2.200000047683716,-0.4709874602570707,0.0,11.921639843893544,0,0,customer-1,1.7970728874206543,2.549999952316284,-0.43047072947448584,0.0,8.424363520901581,0,0,customer-2,-7.979100704193115,2.200000047683716,-0.39306314691689437,0.0,3.7772251163940105,0,0
1,51,2.040000000000001,to_table,-6.055008888244629,5.475876808166504,-0.0417766353249087,0.8008687496185303,-0.7949177026748657,0.8008687496185303,-0.1216718927025795,0.8008687496185303,-0.1216718927025795,0,nominal-sac-a-star,2.721085101815114,99.0,99.0,2.817131290435791,99.0,customer-2,0,,waiter-1,-5.606296539306641,-2.549999952316284,0.46875773291432665,0.0,8.03841032459448,0,0,waiter-2,2.999103546142578,-2.200000047683716,-0.47098862553150767,0.0,11.869963668044738,0,0,customer-1,1.7798538208007812,2.549999952316284,-0.4304682262636206,0.0,8.36336230502962,0,0,customer-2,-7.994823455810547,2.200000047683716,-0.39306170076635283,0.0,3.807131348720734,0,0
1,52,2.080000000000001,to_table,-6.00831937789917,5.4739155769348145,-0.042338365076009625,0.6748664379119873,-0.009916722774505615,0.7799999713897705,-0.028329825028777122,0.7799999713897705,-0.028329825028777122,0,nominal-sac-a-star,2.7511888308414534,99.0,99.0,2.8476338481903074,99.0,customer-2,0,,waiter-1,-5.587546348571777,-2.549999952316284,0.46875798724460793,0.0,8.034940594849864,0,0,waiter-2,2.9802637100219727,-2.200000047683716,-0.4709850224343626,0.0,11.81878195679345,0,0,customer-1,1.7626352310180664,2.549999952316284,-0.43047049142434624,0.0,8.302831933367097,0,0,customer-2,-8.01054573059082,2.200000047683716,-0.3930650229873933,0.0,3.837633810055932,0,0
1,53,2.120000000000001,to_table,-5.961954593658447,5.471922874450684,-0.05069101633875983,0.7745859622955322,-0.8919986486434937,0.7799999713897705,-0.4610123634338379,0.7799999713897705,-0.4610123634338379,0,nominal-sac-a-star,2.781882890797176,99.0,99.0,2.8787036037445066,99.0,customer-2,0,,waiter-1,-5.568796157836914,-2.549999952316284,0.4687582415748892,0.0,8.031551493594657,0,0,waiter-2,2.9614243507385254,-2.200000047683716,-0.4709861877087995,0.0,11.767968945764535,0,0,customer-1,1.7454166412353516,2.549999952316284,-0.4304727565850719,0.0,8.24264550465218,0,0,customer-2,-8.026268005371094,2.200000047683716,-0.3930683452084516,0.0,3.8687037682013665,0,0
1,54,2.160000000000001,to_table,-5.915718078613281,5.469701766967773,-0.06451683583367125,0.24925684928894043,-0.7042060494422913,0.7799999713897705,-0.46099239587783813,0.7799999713897705,-0.46099239587783813,0,nominal-sac-a-star,2.8131388850470085,99.0,99.0,2.910254726409912,99.0,customer-2,0,,waiter-1,-5.550045967102051,-2.549999952316284,0.4687584959051705,0.0,8.0280341154871,0,0,waiter-2,2.942584991455078,-2.200000047683716,-0.47098735298323646,0.0,11.717246229675762,0,0,customer-1,1.7281975746154785,2.549999952316284,-0.4304702533742155,0.0,8.182548820517654,0,0,customer-2,-8.041991233825684,2.200000047683716,-0.39306213068634577,0.0,3.9002547177929325,0,0
1,55,2.200000000000001,to_table,-5.868673801422119,5.467653274536133,-0.08063049378635478,0.2210373878479004,-0.6736879944801331,0.7799999713897705,-0.47883981466293335,0.7799999713897705,-0.47883981466293335,0,nominal-sac-a-star,2.844870822199762,99.0,99.0,2.943122634887695,99.0,customer-2,0,,waiter-1,-5.5312957763671875,-2.549999952316284,0.46875875023545177,0.0,8.024748419598396,0,0,waiter-2,2.923745632171631,-2.200000047683716,-0.4709885182576734,0.0,11.666171049919768,0,0,customer-1,1.7109789848327637,2.549999952316284,-0.4304725185349412,0.0,8.121812437433034,0,0,customer-2,-8.057713508605957,2.200000047683716,-0.39306545290738626,0.0,3.933122481004948,0,0
1,56,2.240000000000001,to_table,-5.823153495788574,5.4634857177734375,-0.09619721083189639,0.16923391819000244,-0.6619936227798462,0.7799999713897705,-0.36526739597320557,0.7799999713897705,-0.36526739597320557,0,nominal-sac-a-star,2.8779174679724946,99.0,99.0,2.974102506637573,99.0,customer-2,0,,waiter-1,-5.512545108795166,-2.549999952316284,0.468754236194151,0.0,8.019503111465445,0,0,waiter-2,2.9049057960510254,-2.200000047683716,-0.4709849151605283,0.0,11.61499173823348,0,0,customer-1,1.6937599182128906,2.549999952316284,-0.4304700153240848,0.0,8.061785570152347,0,0,customer-2,-8.07343578338623,2.200000047683716,-0.39306877512842675,0.0,3.964102558304553,0,0
1,57,2.280000000000001,to_table,-5.777076244354248,5.459141254425049,-0.11023350290332669,0.3419058322906494,-0.7529529333114624,0.7799999713897705,-0.38170236349105835,0.7799999713897705,-0.38170236349105835,0,nominal-sac-a-star,2.909071692546669,99.0,99.0,3.0059638118743894,99.0,customer-2,0,,waiter-1,-5.493794918060303,-2.549999952316284,0.4687544905244323,0.0,8.014149435800961,0,0,waiter-2,2.886066436767578,-2.200000047683716,-0.47098608043496526,0.0,11.563411546734079,0,0,customer-1,1.6765413284301758,2.549999952316284,-0.43047228048481045,0.0,8.001219784317628,0,0,customer-2,-8.08915901184082,2.200000047683716,-0.39306256060632094,0.0,3.995963979966251,0,0
1,58,2.320000000000001,to_table,-5.7352118492126465,5.456858158111572,-0.12170018225693476,0.31005167961120605,-0.7671726942062378,0.3400000035762787,-0.39569565653800964,0.3400000035762787,-0.39569565653800964,0,nominal-sac-a-star,2.941104198831299,99.0,99.0,3.0377113914489744,99.0,customer-2,0,,waiter-1,-5.4750447273254395,-2.549999952316284,0.4687547448547136,0.0,8.011083805068788,0,0,waiter-2,2.867227077484131,-2.200000047683716,-0.4709872457094022,0.0,11.51648527421464,0,0,customer-1,1.6593222618103027,2.549999952316284,-0.4304697772739541,0.0,7.945373455519971,0,0,customer-2,-8.104881286621094,2.200000047683716,-0.3930658828273792,0.0,4.027711260014473,0,0
1,59,2.360000000000001,to_table,-5.703632354736328,5.456945896148682,-0.13700002486970866,-0.3638315200805664,-0.8441944122314453,0.3400000035762787,-0.42777949571609497,0.3400000035762787,-0.42777949571609497,0,nominal-sac-a-star,2.9730042525038662,99.0,99.0,3.0657918548583982,99.0,customer-2,0,,waiter-1,-5.456294536590576,-2.549999952316284,0.46875499918499486,0.0,8.010765120544695,0,0,waiter-2,2.8483877182006836,-2.200000047683716,-0.47098841098383915,0.0,11.47893150579308,0,0,customer-1,1.642103672027588,2.549999952316284,-0.43047204243467974,0.0,7.900010917414035,0,0,customer-2,-8.120603561401367,2.200000047683716,-0.3930692050484197,0.0,4.055791670399385,0,0
1,60,2.4000000000000012,to_table,-5.6763691902160645,5.456771373748779,-0.14659611129488068,-0.029033362865447998,-0.37852925062179565,0.3400000035762787,-0.24881400167942047,0.3400000035762787,-0.24881400167942047,0,nominal-sac-a-star,3.001203774756716,99.0,99.0,3.0914151763916013,99.0,customer-2,0,,waiter-1,-5.437544345855713,-2.549999952316284,0.46875525351527614,0.0,8.010332351043958,0,0,waiter-2,2.829547882080078,-2.200000047683716,-0.47098480788669406,0.0,11.444508457808242,0,0,customer-1,1.6248846054077148,2.549999952316284,-0.43046953922382336,0.0,7.858602107535877,0,0,customer-2,-8.136326789855957,2.200000047683716,-0.3930629905262961,0.0,4.08141530137594,0,0
1,61,2.4400000000000013,to_table,-5.652459144592285,5.455442905426025,-0.15509573803203286,0.2962031364440918,-0.6477347016334534,0.3400000035762787,-0.2888139486312866,0.3400000035762787,-0.2888139486312866,0,nominal-sac-a-star,3.026933433760674,99.0,99.0,3.114370594024658,99.0,customer-2,0,,waiter-1,-5.41879415512085,-2.549999952316284,0.4687555078455574,0.0,8.008852269575337,0,0,waiter-2,2.810708522796631,-2.200000047683716,-0.470985973161131,0.0,11.411880378564032,0,0,customer-1,1.607666015625,2.549999952316284,-0.430471804384549,0.0,7.819911514575796,0,0,customer-2,-8.15204906463623,2.200000047683716,-0.3930663127473544,0.0,4.104370593454094,0,0
1,62,2.4800000000000013,to_table,-5.631672382354736,5.452239036560059,-0.16186787718642862,0.27047955989837646,-0.6628780961036682,0.3400000035762787,-0.29615816473960876,0.3400000035762787,-0.29615816473960876,0,nominal-sac-a-star,3.0499874102402327,99.0,99.0,3.1341798400878904,99.0,customer-2,0,,waiter-1,-5.400043964385986,-2.549999952316284,0.4687557621758387,0.0,8.005590581531346,0,0,waiter-2,2.7918691635131836,-2.200000047683716,-0.47098713843556794,0.0,11.380369729380101,0,0,customer-1,1.590446949005127,2.549999952316284,-0.43046930117369264,0.0,7.7834439253144225,0,0,customer-2,-8.167771339416504,2.200000047683716,-0.39306963496841263,0.0,4.12417947727511,0,0
1,63,2.5200000000000014,to_table,-5.610745906829834,5.448543071746826,-0.16982457261998857,0.2961916923522949,-0.6952053308486938,0.3400000035762787,-0.30171704292297363,0.3400000035762787,-0.30171704292297363,0,nominal-sac-a-star,3.0698893846695494,99.0,99.0,3.153919467926025,99.0,customer-2,0,,waiter-1,-5.381293773651123,-2.549999952316284,0.46875601650612,0.0,8.001833464226115,0,0,waiter-2,2.7730298042297363,-2.200000047683716,-0.4709883037100049,0.0,11.34847597799549,0,0,customer-1,1.573228359222412,2.549999952316284,-0.4304715663344183,0.0,7.7466791898528395,0,0,customer-2,-8.183494567871094,2.200000047683716,-0.39306342044628906,0.0,4.143919334649106,0,0
1,64,2.5600000000000014,to_table,-5.590917110443115,5.4451775550842285,-0.1781966360527307,0.2969207763671875,-0.6926469802856445,0.3400000035762787,-0.30140772461891174,0.3400000035762787,-0.30140772461891174,0,nominal-sac-a-star,3.089721549218533,99.0,99.0,3.1734607315063474,99.0,customer-2,0,,waiter-1,-5.36254358291626,-2.549999952316284,0.46875627083640126,0.0,7.998438462782478,0,0,waiter-2,2.754189968109131,-2.200000047683716,-0.4709847006128598,0.0,11.317665515925421,0,0,customer-1,1.556009292602539,2.549999952316284,-0.4304690631235619,0.0,7.711070636566639,0,0,customer-2,-8.199216842651367,2.200000047683716,-0.39306674266732955,0.0,4.163460645613916,0,0
1,65,2.6000000000000014,to_table,-5.570797443389893,5.441429138183594,-0.18657853134443744,0.3068115711212158,-0.6914340257644653,0.3400000035762787,-0.3015204966068268,0.3400000035762787,-0.3015204966068268,0,nominal-sac-a-star,3.1093512116815507,99.0,99.0,3.1931026077270506,99.0,customer-2,0,,waiter-1,-5.3437933921813965,-2.549999952316284,0.46875652516668254,0.0,7.994652572047942,0,0,waiter-2,2.7353506088256836,-2.200000047683716,-0.47098586588729674,0.0,11.286431476243912,0,0,customer-1,1.5387907028198242,2.549999952316284,-0.4304713282842876,0.0,7.675063931043898,0,0,customer-2,-8.21493911743164,2.200000047683716,-0.3930700648883878,0.0,4.183102645303264,0,0
1,66,2.6400000000000015,to_table,-5.5449628829956055,5.435232162475586,-0.19092043227154937,0.39250385761260986,-0.780906617641449,0.7799999713897705,-0.3127671480178833,0.7799999713897705,-0.3127671480178833,0,nominal-sac-a-star,3.1290815947582846,99.0,99.0,3.214724311828613,99.0,customer-2,0,,waiter-1,-5.325042724609375,-2.549999952316284,0.4687520111253818,0.0,7.988259935878906,0,0,waiter-2,2.7165112495422363,-2.200000047683716,-0.4709870311617337,0.0,11.249387794260006,0,0,customer-1,1.5215716361999512,2.549999952316284,-0.4304688250734312,0.0,7.6328549716028995,0,0,customer-2,-8.23066234588623,2.200000047683716,-0.393063850366282,0.0,4.204724538129896,0,0
1,67,2.6800000000000015,to_table,-5.508871555328369,5.4248456954956055,-0.20133528627138528,0.3605763912200928,-0.9381482601165771,0.7799999713897705,-0.3376477062702179,0.7799999713897705,-0.3376477062702179,0,nominal-sac-a-star,3.1508070444983103,99.0,99.0,3.2400834655761717,99.0,customer-2,0,,waiter-1,-5.306292533874512,-2.549999952316284,0.46875226545566306,0.0,7.977418214332093,0,0,waiter-2,2.697671890258789,-2.200000047683716,-0.4709881964361706,0.0,11.202036776032712,0,0,customer-1,1.5043530464172363,2.549999952316284,-0.43047109023415686,0.0,7.579581608611789,0,0,customer-2,-8.246384620666504,2.200000047683716,-0.3930671725873225,0.0,4.2300835967044765,0,0
1,68,2.7200000000000015,to_table,-5.467404365539551,5.415496349334717,-0.20906091280894948,0.4352158308029175,-0.853460431098938,0.7799999713897705,-0.18163980543613434,0.7799999713897705,-0.18163980543613434,0,nominal-sac-a-star,3.176298276909405,99.0,99.0,3.2702558135986326,99.0,customer-2,0,,waiter-1,-5.287542343139648,-2.549999952316284,0.46875251978594434,0.0,7.967526697709745,0,0,waiter-2,2.6788320541381836,-2.200000047683716,-0.47098459333902554,0.0,11.15154487854865,0,0,customer-1,1.4871339797973633,2.549999952316284,-0.4304685870233005,0.0,7.5217466853176544,0,0,customer-2,-8.262106895446777,2.200000047683716,-0.393070494808363,0.0,4.260255707889037,0,0
1,69,2.7600000000000016,to_table,-5.423435688018799,5.405391693115234,-0.21525978422572006,0.6238647699356079,-0.8842315077781677,0.7799999713897705,-0.18111936748027802,0.7799999713897705,-0.18111936748027802,0,nominal-sac-a-star,3.2066091530530674,99.0,99.0,3.302098045349121,99.0,customer-2,0,,waiter-1,-5.268792152404785,-2.549999952316284,0.4687527741162256,0.0,7.95689454845977,0,0,waiter-2,2.6599926948547363,-2.200000047683716,-0.4709857586134625,0.0,11.098819664813837,0,0,customer-1,1.4699153900146484,2.549999952316284,-0.43047085218402614,0.0,7.461337083824034,0,0,customer-2,-8.277830123901367,2.200000047683716,-0.3930642802862572,0.0,4.292097761724393,0,0
1,70,2.8000000000000016,to_table,-5.378371238708496,5.395461559295654,-0.21822056520885968,0.6327970027923584,-0.885775625705719,0.7799999713897705,-0.08587806671857834,0.7799999713897705,-0.08587806671857834,0,nominal-sac-a-star,3.23859247534213,99.0,99.0,3.3354194259643553,99.0,customer-2,0,,waiter-1,-5.250041961669922,-2.549999952316284,0.4687530284465069,0.0,7.9464977842979305,0,0,waiter-2,2.641153335571289,-2.200000047683716,-0.4709869238878994,0.0,11.045533550742354,0,0,customer-1,1.4526963233947754,2.549999952316284,-0.43046834897316977,0.0,7.400009175319525,0,0,customer-2,-8.29355239868164,2.200000047683716,-0.39306760250731543,0.0,4.325419686880757,0,0
1,71,2.8400000000000016,to_table,-5.333345413208008,5.385419845581055,-0.21955150034637333,0.7212744951248169,-0.9005473256111145,0.7799999713897705,-0.08188211172819138,0.7799999713897705,-0.08188211172819138,0,nominal-sac-a-star,3.2720545644183208,99.0,99.0,3.316164264678955,99.0,customer-1,0,,waiter-1,-5.231291770935059,-2.549999952316284,0.4687532827767882,0.0,7.936076002330259,0,0,waiter-2,2.622313976287842,-2.200000047683716,-0.47098808916233637,0.0,10.992320559318237,0,0,customer-1,1.4354777336120605,2.549999952316284,-0.4304706141338954,0.0,7.338703752301814,0,0,customer-2,-8.309274673461914,2.200000047683716,-0.3930709247283559,0.0,4.359249276064824,0,0
1,72,2.8800000000000017,to_table,-5.2881178855896,5.375281810760498,-0.22024626874998052,0.7274909019470215,-0.6759278774261475,0.7799999713897705,-0.05039789155125618,0.7799999713897705,-0.05039789155125618,0,nominal-sac-a-star,3.3060207966523434,99.0,99.0,3.257641086578369,99.0,customer-1,0,,waiter-1,-5.212541580200195,-2.549999952316284,0.46875353710706946,0.0,7.9256421066115355,0,0,waiter-2,2.6034746170043945,-2.200000047683716,-0.4709892544367733,0.0,10.939018578550444,0,0,customer-1,1.4182586669921875,2.549999952316284,-0.43046811092303905,0.0,7.27720441135693,0,0,customer-2,-8.324997901916504,2.200000047683716,-0.39306471020623235,0.0,4.3937517577229706,0,0
1,73,2.9200000000000017,to_table,-5.241568565368652,5.364797592163086,-0.22078472275556846,0.9542906284332275,-0.7402380704879761,0.8199999928474426,-0.05352019518613815,0.8199999928474426,-0.05352019518613815,0,nominal-sac-a-star,3.340656226852981,99.0,99.0,3.0860564804077146,99.0,customer-1,0,,waiter-1,-5.193791389465332,-2.549999952316284,0.46875379143735074,0.0,7.914941745119415,0,0,waiter-2,2.584634780883789,-2.200000047683716,-0.4709856513396282,0.0,10.884650759152755,0,0,customer-1,1.4010400772094727,2.549999952316284,-0.4304703760837647,0.0,7.2143839190703405,0,0,customer-2,-8.340720176696777,2.200000047683716,-0.3930680324272906,0.0,4.429524151366642,0,0
1,74,2.9600000000000017,to_table,-5.194231033325195,5.3541741371154785,-0.2206778748887605,0.9548187255859375,-0.7548073530197144,0.8199999928474426,0.019961504265666008,0.8199999928474426,0.019961504265666008,0,nominal-sac-a-star,3.3765616774549603,99.0,99.0,3.026759395599365,99.0,customer-1,0,,waiter-1,-5.175041198730469,-2.549999952316284,0.468754045767632,0.0,7.904197384035663,0,0,waiter-2,2.565795421600342,-2.200000047683716,-0.47098681661406516,0.0,10.829753376482346,0,0,customer-1,1.3838214874267578,2.549999952316284,-0.43047264124449036,0.0,7.150815885230535,0,0,customer-2,-8.356443405151367,2.200000047683716,-0.3930618179051848,0.0,4.466363316051796,0,0
1,75,3.0000000000000018,to_table,-5.14674711227417,5.3435258865356445,-0.22046987349846855,0.9639427661895752,-0.7722609639167786,0.8199999928474426,0.029699718579649925,0.8199999928474426,0.029699718579649925,0,nominal-sac-a-star,3.4135312166657696,99.0,99.0,2.9676156139373777,99.0,customer-1,0,,waiter-1,-5.1562910079956055,-2.549999952316284,0.4687543000979133,0.0,7.893531608511401,0,0,waiter-2,2.5469560623168945,-2.200000047683716,-0.4709879818885021,0.0,10.7748713244731,0,0,customer-1,1.3666024208068848,2.549999952316284,-0.430470138033634,0.0,7.087136889128313,0,0,customer-2,-8.37216567993164,2.200000047683716,-0.3930651401262253,0.0,4.503896050767524,0,0
1,76,3.040000000000002,to_table,-5.099235534667969,5.332884788513184,-0.22010991942987673,0.9633262157440186,-0.7411145567893982,0.8199999928474426,0.04806520789861679,0.8199999928474426,0.04806520789861679,0,nominal-sac-a-star,3.451191636285814,99.0,99.0,2.9088034725189207,99.0,customer-1,0,,waiter-1,-5.137540817260742,-2.549999952316284,0.4687545544281946,0.0,7.882977808663207,0,0,waiter-2,2.5281167030334473,-2.200000047683716,-0.47098914716293905,0.0,10.720114556914679,0,0,customer-1,1.34938383102417,2.549999952316284,-0.43047240319435964,0.0,7.023470633178039,0,0,customer-2,-8.387887954711914,2.200000047683716,-0.3930684623472658,0.0,4.542048165660842,0,0
1,77,3.080000000000002,to_table,-5.0517258644104,5.322268486022949,-0.2186261780752122,0.965177059173584,-0.7530340552330017,0.8199999928474426,0.09977668523788452,0.8199999928474426,0.09977668523788452,0,nominal-sac-a-star,3.4244754403769475,99.0,99.0,2.8513126468658445,99.0,customer-1,0,,waiter-1,-5.118790626525879,-2.549999952316284,0.46875480875847586,0.0,7.872554099375224,0,0,waiter-2,2.509276866912842,-2.200000047683716,-0.47098554406579396,0.0,10.665518561995519,0,0,customer-1,1.3321647644042969,2.549999952316284,-0.43046989998350327,0.0,6.959851462757536,0,0,customer-2,-8.403611183166504,2.200000047683716,-0.39306224782515997,0.0,4.580796370844487,0,0
1,78,3.120000000000002,to_table,-5.00421667098999,5.31172513961792,-0.21626917562987563,0.9689967632293701,-0.7688837647438049,0.8199999928474426,0.11639782041311264,0.8199999928474426,0.11639782041311264,0,nominal-sac-a-star,3.364829647540727,99.0,99.0,2.7950093841552732,99.0,customer-1,0,,waiter-1,-5.100040435791016,-2.549999952316284,0.46875506308875714,0.0,7.862309051102514,0,0,waiter-2,2.4904375076293945,-2.200000047683716,-0.4709867093402309,0.0,10.611119476598065,0,0,customer-1,1.314946174621582,2.549999952316284,-0.4304721651442289,0.0,6.8962993757184,0,0,customer-2,-8.419333457946777,2.200000047683716,-0.3930655700462182,0.0,4.6201575423709285,0,0
1,79,3.160000000000002,to_table,-4.956750869750977,5.301416397094727,-0.21259318493383475,0.9698889255523682,-0.7727903723716736,0.8199999928474426,0.13798268139362335,0.8199999928474426,0.13798268139362335,0,nominal-sac-a-star,3.305990871361007,99.0,99.0,2.740563640594482,99.0,customer-1,0,,waiter-1,-5.081290245056152,-2.549999952316284,0.4687553174190384,0.0,7.852404010734542,0,0,waiter-2,2.4715981483459473,-2.200000047683716,-0.47098787461466785,0.0,10.557064829423659,0,0,customer-1,1.297727108001709,2.549999952316284,-0.43046966193337255,0.0,6.832919378039709,0,0,customer-2,-8.43505573272705,2.200000047683716,-0.3930688922672587,0.0,4.66019185143669,0,0
1,80,3.200000000000002,to_table,-4.909163951873779,5.290793418884277,-0.2154379739824382,0.9711263179779053,-0.7623955607414246,0.8199999928474426,-0.18728861212730408,0.8199999928474426,-0.18728861212730408,0,nominal-sac-a-star,3.2484451740841154,99.0,99.0,2.6794607734680174,99.0,customer-1,0,,waiter-1,-5.062540054321289,-2.549999952316284,0.4687555717493197,0.0,7.842293345614193,0,0,waiter-2,2.4527587890625,-2.200000047683716,-0.4709890398891048,0.0,10.502851670012886,0,0,customer-1,1.2805085182189941,2.549999952316284,-0.4304719270940982,0.0,6.769342221619924,0,0,customer-2,-8.45077896118164,2.200000047683716,-0.39306267774513515,0.0,4.700642566459617,0,0
1,81,3.240000000000002,to_table,-4.861439228057861,5.281115531921387,-0.21299033065914266,0.9377821683883667,-0.6663225293159485,0.8199999928474426,0.21016059815883636,0.8199999928474426,0.21016059815883636,0,nominal-sac-a-star,3.186305127393461,99.0,99.0,2.6245603656768797,99.0,customer-1,0,,waiter-1,-5.043789863586426,-2.549999952316284,0.4687558260795921,0.0,7.8332382500307425,0,0,waiter-2,2.4339189529418945,-2.200000047683716,-0.4709854367919597,0.0,10.449370378376406,0,0,customer-1,1.263289451599121,2.549999952316284,-0.43046942388324183,0.0,6.706063950528244,0,0,customer-2,-8.466501235961914,2.200000047683716,-0.3930659999661934,0.0,4.742335364358191,0,0
1,82,3.280000000000002,to_table,-4.813754081726074,5.270636558532715,-0.20709120453702926,0.9756720066070557,-0.7722845077514648,0.8199999928474426,0.22623786330223083,0.8199999928474426,0.22623786330223083,0,nominal-sac-a-star,3.1284401704852733,99.0,99.0,2.5733730888366697,99.0,customer-1,0,,waiter-1,-5.0250396728515625,-2.549999952316284,0.4687560804098734,0.0,7.82349008025457,0,0,waiter-2,2.4150795936584473,-2.200000047683716,-0.47098660206639664,0.0,10.395501315882473,0,0,customer-1,1.2460708618164062,2.549999952316284,-0.4304716890439675,0.0,6.642540318994269,0,0,customer-2,-8.482223510742188,2.200000047683716,-0.39306932218725166,0.0,4.78398124300093,0,0
1,83,3.320000000000002,to_table,-4.766016483306885,5.260669708251953,-0.20408539618272908,0.9058029651641846,0.9243192672729492,0.8199999928474426,0.0819118320941925,0.8199999928474426,0.0819118320941925,0,nominal-sac-a-star,3.0729686110190935,99.0,99.0,2.5198280906677244,99.0,customer-1,0,,waiter-1,-5.006289482116699,-2.549999952316284,0.46875633474015466,0.0,7.814364443796962,0,0,waiter-2,2.396240234375,-2.200000047683716,-0.4709877673408336,0.0,10.342123306996125,0,0,customer-1,1.2288517951965332,2.549999952316284,-0.4304691858331111,0.0,6.579223069812337,0,0,customer-2,-8.497946739196777,2.200000047683716,-0.3930631076651281,0.0,4.826489635951712,0,0
1,84,3.360000000000002,to_table,-4.718135356903076,5.250832557678223,-0.20503496481970124,0.9642951488494873,-0.491536021232605,0.8199999928474426,-0.09480546414852142,0.8199999928474426,-0.09480546414852142,0,nominal-sac-a-star,3.0159449824530205,99.0,99.0,2.4621546363830564,99.0,customer-1,0,,waiter-1,-4.987539291381836,-2.549999952316284,0.46875658907043594,0.0,7.805483093883416,0,0,waiter-2,2.3774008750915527,-2.200000047683716,-0.47098893261527053,0.0,10.28890377701498,0,0,customer-1,1.2116332054138184,2.549999952316284,-0.43047145099383677,0.0,6.515876914493392,0,0,customer-2,-8.51366901397705,2.200000047683716,-0.3930664298861686,0.0,4.869666800307874,0,0
1,85,3.400000000000002,to_table,-4.67047643661499,5.2408647537231445,-0.2065819437611164,0.9463880062103271,-0.39039355516433716,0.8199999928474426,-0.08577253669500351,0.8199999928474426,-0.08577253669500351,0,nominal-sac-a-star,2.956097496483496,99.0,99.0,2.404165754318237,99.0,customer-1,0,,waiter-1,-4.968789100646973,-2.549999952316284,0.4687568434007172,0.0,7.796573818885619,0,0,waiter-2,2.3585610389709473,-2.200000047683716,-0.47098532951812544,0.0,10.235909184142221,0,0,customer-1,1.1944141387939453,2.549999952316284,-0.4304689477829804,0.0,6.4527277054723875,0,0,customer-2,-8.529391288757324,2.200000047683716,-0.39306975210722683,0.0,4.9130522077951655,0,0
1,86,3.440000000000002,to_table,-4.623073577880859,5.230255603790283,-0.213031596123112,0.9525742530822754,-0.5932388305664062,0.8199999928474426,-0.350663959980011,0.8199999928474426,-0.350663959980011,0,nominal-sac-a-star,2.896076929127177,99.0,99.0,2.3404910659790037,99.0,customer-1,0,,waiter-1,-4.950038909912109,-2.549999952316284,0.4687570977309985,0.0,7.787122886321842,0,0,waiter-2,2.3397216796875,-2.200000047683716,-0.4709864947925624,0.0,10.182790228865453,0,0,customer-1,1.1771955490112305,2.549999952316284,-0.43047121294370605,0.0,6.38959249887157,0,0,customer-2,-8.545114517211914,2.200000047683716,-0.393063537585121,0.0,4.956294368286002,0,0
1,87,3.480000000000002,to_table,-4.575436115264893,5.219789505004883,-0.22168810242881284,0.9257547855377197,-0.6367236971855164,0.8199999928474426,-0.3720102906227112,0.8199999928474426,-0.3720102906227112,0,nominal-sac-a-star,2.8322208754485274,99.0,99.0,2.2743828392028806,99.0,customer-1,0,,waiter-1,-4.931288719177246,-2.549999952316284,0.4687573520612798,0.0,7.777934127183796,0,0,waiter-2,2.3208823204040527,-2.200000047683716,-0.4709876600669993,0.0,10.129782079212477,0,0,customer-1,1.1599764823913574,2.549999952316284,-0.4304687097328497,0.0,6.326352339302578,0,0,customer-2,-8.560836791992188,2.200000047683716,-0.3930668598061615,0.0,5.000254685574171,0,0
1,88,3.5200000000000022,to_table,-4.528134346008301,5.2091193199157715,-0.22944324991990792,0.9457354545593262,-0.05632889270782471,0.8199999928474426,-0.3211268484592438,0.8199999928474426,-0.3211268484592438,0,nominal-sac-a-star,2.766704314896816,99.0,99.0,2.2096662616729734,99.0,customer-1,0,,waiter-1,-4.912538528442383,-2.549999952316284,0.46875760639156105,0.0,7.768635559491494,0,0,waiter-2,2.3020429611206055,-2.200000047683716,-0.47098882534143627,0.0,10.077021973289355,0,0,customer-1,1.1427578926086426,2.549999952316284,-0.43047097489357533,0.0,6.263380444548182,0,0,customer-2,-8.576559066772461,2.200000047683716,-0.393070182027202,0.0,5.044258271957607,0,0
1,89,3.5600000000000023,to_table,-4.480289936065674,5.198835372924805,-0.23288079766811137,0.9197220802307129,-0.651638388633728,0.8199999928474426,0.013407798483967781,0.8199999928474426,0.013407798483967781,0,nominal-sac-a-star,2.7022111876630897,99.0,99.0,2.1500022506713865,99.0,customer-1,0,,waiter-1,-4.893787860870361,-2.549999952316284,0.4687530923502603,0.0,7.759860142523315,0,0,waiter-2,2.283203125,-2.200000047683716,-0.4709852222442912,0.0,10.02435055095016,0,0,customer-1,1.1255388259887695,2.549999952316284,-0.43046847168271896,0.0,6.200132675592287,0,0,customer-2,-8.59228229522705,2.200000047683716,-0.3930639675050962,0.0,5.089351085326633,0,0
1,90,3.6000000000000023,to_table,-4.4332780838012695,5.187701225280762,-0.23874767194023716,0.9526546001434326,-0.5221323370933533,0.8199999928474426,-0.25931721925735474,0.8199999928474426,-0.25931721925735474,0,nominal-sac-a-star,2.6409709299322257,99.0,99.0,2.087825307846069,99.0,customer-1,0,,waiter-1,-4.875037670135498,-2.549999952316284,0.4687533466805416,0.0,7.750301351941413,0,0,waiter-2,2.2643637657165527,-2.200000047683716,-0.4709863875187281,0.0,9.971787023546655,0,0,customer-1,1.1083202362060547,2.549999952316284,-0.4304707368434446,0.0,6.137326775209743,0,0,customer-2,-8.608004570007324,2.200000047683716,-0.39306728972615446,0.0,5.133682845798436,0,0
1,91,3.6400000000000023,to_table,-4.386352062225342,5.176187992095947,-0.24572284205127556,0.8531787395477295,-0.8039982318878174,0.8199999928474426,-0.30599114298820496,0.8199999928474426,-0.30599114298820496,0,nominal-sac-a-star,2.578196421450385,99.0,99.0,2.024395713806152,99.0,customer-1,0,,waiter-1,-4.856287479400635,-2.549999952316284,0.46875360101082286,0.0,7.740466358605056,0,0,waiter-2,2.2455244064331055,-2.200000047683716,-0.47098755279316507,0.0,9.919170101058565,0,0,customer-1,1.0911011695861816,2.549999952316284,-0.43046823363258824,0.0,6.074484136695416,0,0,customer-2,-8.623726844787598,2.200000047683716,-0.39307061194719495,0.0,5.178130910701199,0,0
1,92,3.6800000000000024,to_table,-4.338562965393066,5.164491176605225,-0.2529712330593554,0.9306906461715698,-0.6286495923995972,0.8199999928474426,-0.29982703924179077,0.8199999928474426,-0.29982703924179077,0,nominal-sac-a-star,2.514574875410722,99.0,99.0,1.9601221179962158,99.0,customer-1,0,,waiter-1,-4.8375372886657715,-2.549999952316284,0.46875385534110414,0.0,7.730611150064018,0,0,waiter-2,2.226685047149658,-2.200000047683716,-0.470988718067602,0.0,9.866012997093861,0,0,customer-1,1.0738825798034668,2.549999952316284,-0.4304704987933139,0.0,6.0108344796377216,0,0,customer-2,-8.639450073242188,2.200000047683716,-0.3930643974250714,0.0,5.223584743058841,0,0
1,93,3.7200000000000024,to_table,-4.291361331939697,5.151297092437744,-0.2648435957886089,0.988541841506958,-0.992357611656189,0.8199999928474426,-0.5120503306388855,0.8199999928474426,-0.5120503306388855,0,nominal-sac-a-star,2.45011291930932,99.0,99.0,1.8901851272583008,99.0,customer-1,0,,waiter-1,-4.818787097930908,-2.549999952316284,0.4687541096713854,0.0,7.719336377576025,0,0,waiter-2,2.2078452110290527,-2.200000047683716,-0.4709851149704569,0.0,9.812301225019835,0,0,customer-1,1.056663990020752,2.549999952316284,-0.43047276395403955,0.0,5.947110361808855,0,0,customer-2,-8.655172348022461,2.200000047683716,-0.39306771964612963,0.0,5.268111694949068,0,0
1,94,3.7600000000000025,to_table,-4.244641304016113,5.13877534866333,-0.27645858904140425,0.42720651626586914,0.8106727600097656,0.7799999713897705,-0.314386785030365,0.7799999713897705,-0.314386785030365,0,nominal-sac-a-star,2.4710740426836963,99.0,99.0,1.9289658164978027,99.0,customer-1,0,,waiter-1,-4.800036907196045,-2.549999952316284,0.4687543640016667,0.0,7.70880859179846,0,0,waiter-2,2.1890058517456055,-2.200000047683716,-0.47098628024489386,0.0,9.759581960456584,0,0,customer-1,1.039444923400879,2.549999952316284,-0.43047026074319206,0.0,5.884158844857075,0,0,customer-2,-8.670894622802734,2.200000047683716,-0.3930710418671879,0.0,5.313014089169856,0,0
1,95,3.8000000000000025,to_table,-4.1992011070251465,5.126739978790283,-0.2884228888365391,0.658133864402771,-0.11222171783447266,0.7799999713897705,-0.45113980770111084,0.7799999713897705,-0.45113980770111084,0,nominal-sac-a-star,2.4044709743339743,99.0,99.0,1.8621549701690674,99.0,customer-1,0,,waiter-1,-4.781286716461182,-2.549999952316284,0.468754618331948,0.0,7.6987765019227945,0,0,waiter-2,2.170166492462158,-2.200000047683716,-0.4709874455193308,0.0,9.708242015572896,0,0,customer-1,1.022226333618164,2.549999952316284,-0.43047252590390883,0.0,5.822619142785846,0,0,customer-2,-8.686617851257324,2.200000047683716,-0.3930648273450643,0.0,5.3574915455601975,0,0
1,96,3.8400000000000025,to_table,-4.152565002441406,5.114304542541504,-0.303384450150847,0.6552796363830566,-0.12687504291534424,0.7799999713897705,-0.5312826633453369,0.7799999713897705,-0.5312826633453369,0,nominal-sac-a-star,2.3392093084831576,99.0,99.0,1.791562089920044,99.0,customer-1,0,,waiter-1,-4.762536525726318,-2.549999952316284,0.46875487266222926,0.0,7.688538785043346,0,0,waiter-2,2.151327133178711,-2.200000047683716,-0.47098861079376775,0.0,9.655988178126716,0,0,customer-1,1.005007266998291,2.549999952316284,-0.43047002269306134,0.0,5.7598793169599904,0,0,customer-2,-8.702340126037598,2.200000047683716,-0.3930681495661048,0.0,5.403112470053076,0,0
1,97,3.8800000000000026,to_table,-4.106039047241211,5.098010540008545,-0.3036497027786815,0.38163113594055176,-0.772108793258667,0.7799999713897705,0.37808844447135925,0.7799999713897705,0.37808844447135925,0,nominal-sac-a-star,2.2711259810624345,99.0,99.0,1.7332534885406494,99.0,customer-1,0,,waiter-1,-4.743786334991455,-2.549999952316284,0.46875512699251054,0.0,7.674554455715554,0,0,waiter-2,2.1324872970581055,-2.200000047683716,-0.47098500769662266,0.0,9.601050436623325,0,0,customer-1,0.987788200378418,2.549999952316284,-0.4304675194821961,0.0,5.695562657331058,0,0,customer-2,-8.718063354492188,2.200000047683716,-0.393061935043999,0.0,5.4469471288326865,0,0
1,98,3.9200000000000026,to_table,-4.060272216796875,5.083686828613281,-0.2912187825256148,0.8668898344039917,-0.47278428077697754,0.8199999928474426,0.47425490617752075,0.8199999928474426,0.47425490617752075,0,nominal-sac-a-star,2.120273455499256,99.0,99.0,1.5844900703430176,99.0,customer-1,0,,waiter-1,-4.725036144256592,-2.549999952316284,0.4687553813227918,0.0,7.662576913061979,0,0,waiter-2,2.113647937774658,-2.200000047683716,-0.4709861729710507,0.0,9.548266051329199,0,0,customer-1,0.9705696105957031,2.549999952316284,-0.43046978464291286,0.0,5.6328446347615815,0,0,customer-2,-8.733785629272461,2.200000047683716,-0.39306525726505726,0.0,5.491573277950238,0,0
1,99,3.9600000000000026,to_table,-4.014673233032227,5.068714618682861,-0.28278007895364193,0.8865584135055542,-0.5833434462547302,0.8199999928474426,0.0885099545121193,0.8199999928474426,0.0885099545121193,0,nominal-sac-a-star,2.070958756433913,99.0,99.0,1.5401458835601807,99.0,customer-1,0,,waiter-1,-4.7062859535217285,-2.549999952316284,0.4687556356530731,0.0,7.650041821421474,0,0,waiter-2,2.094808578491211,-2.200000047683716,-0.47098733824548766,0.0,9.495260970946942,0,0,customer-1,0.9533510208129883,2.549999952316284,-0.43047204980362963,0.0,5.570025902755247,0,0,customer-2,-8.749507904052734,2.200000047683716,-0.39306857948609775,0.0,5.53608007996278,0,0
1,100,4.000000000000003,to_table,-3.9690773487091064,5.05515193939209,-0.2799506058852317,0.7526249885559082,-0.2952768802642822,0.7799999713897705,0.13207785785198212,0.7799999713897705,0.13207785785198212,0,nominal-sac-a-star,2.282424706654174,99.0,99.0,1.594125280380249,99.0,customer-1,0,,waiter-1,-4.687535762786865,-2.549999952316284,0.4687558899833544,0.0,7.639012880517652,0,0,waiter-2,2.0759692192077637,-2.200000047683716,-0.4709885035199246,0.0,9.443506677281144,0,0,customer-1,0.9361324310302734,2.549999952316284,-0.29217478247828055,0.0,5.5078915622587115,0,0,customer-2,-8.765231132507324,2.200000047683716,-0.3930623649639742,0.0,5.581664934638039,0,0
1,101,4.040000000000003,to_table,-3.9243366718292236,5.0420823097229,-0.2756161561046914,0.7548935413360596,-0.23284631967544556,0.7799999713897705,0.15574882924556732,0.7799999713897705,0.15574882924556732,0,nominal-sac-a-star,2.679799904047899,99.0,99.0,1.5471463298797608,99.0,customer-1,0,,waiter-1,-4.668785572052002,-2.549999952316284,0.46875614431363566,0.0,7.628493772601045,0,0,waiter-2,2.057129383087158,-2.200000047683716,-0.4709849004227795,0.0,9.392853295861546,0,0,customer-1,0.9189128875732422,2.549999952316284,0.052208815079897164,0.0,5.44679178698337,0,0,customer-2,-8.780953407287598,2.200000047683716,-0.39306568718503243,0.0,5.627091406697791,0,0
1,102,4.080000000000003,to_table,-3.8798062801361084,5.029026508331299,-0.27674118765820227,0.7606596946716309,-0.24299311637878418,0.7799999713897705,-0.12221892923116684,0.7799999713897705,-0.12221892923116684,0,nominal-sac-a-star,3.097837914554174,99.0,99.0,1.4943494892120361,99.0,customer-1,0,,waiter-1,-4.650035381317139,-2.549999952316284,0.46875639864391694,0.0,7.618063727713386,0,0,waiter-2,2.038290023803711,-2.200000047683716,-0.47098606569721646,0.0,9.342520474169508,0,0,customer-1,0.9016942977905273,2.549999952316284,0.3965828758949108,0.0,5.38593728538872,0,0,customer-2,-8.796675682067871,2.200000047683716,-0.3930690094060907,0.0,5.6726532972408075,0,0
1,103,4.120000000000003,to_table,-3.8352572917938232,5.016367435455322,-0.2793267679063094,0.5429143905639648,-0.027279198169708252,0.7799999713897705,-0.10230494290590286,0.7799999713897705,-0.10230494290590286,0,nominal-sac-a-star,3.1119120518232855,99.0,99.0,2.8339579200744627,99.0,customer-1,0,,waiter-1,-4.631285190582275,-2.549999952316284,0.4687566529741982,0.0,7.608125647121193,0,0,waiter-2,2.0194506645202637,-2.200000047683716,-0.4709872309716534,0.0,9.292661884811796,0,0,customer-1,0.9155240058898926,2.549999952316284,0.4304739578891237,0.0,5.352839573563452,0,0,customer-2,-8.812398910522461,2.200000047683716,-0.3930627948839671,0.0,5.7187292256046,0,0
1,104,4.160000000000003,to_table,-3.7905402183532715,5.003696441650391,-0.2817407873413933,0.541290283203125,-0.009709060192108154,0.7799999713897705,-0.10682850331068039,0.7799999713897705,-0.10682850331068039,0,nominal-sac-a-star,3.080820993157409,99.0,99.0,2.8025355434417722,99.0,customer-1,0,,waiter-1,-4.612534999847412,-2.549999952316284,0.4687569073044795,0.0,7.598289586020576,0,0,waiter-2,2.0006113052368164,-2.200000047683716,-0.47098839624609035,0.0,9.242871798289984,0,0,customer-1,0.9327428340911865,2.549999952316284,0.43047383886404944,0.0,5.322596101084466,0,0,customer-2,-8.828121185302734,2.200000047683716,-0.3930661171050076,0.0,5.765235074835476,0,0
1,105,4.200000000000003,to_table,-3.7458384037017822,4.991037368774414,-0.2762644885738144,0.5299406051635742,0.006323575973510742,0.7799999713897705,0.336203008890152,0.7799999713897705,0.336203008890152,0,nominal-sac-a-star,3.049656558275342,99.0,99.0,2.775118598937988,99.0,customer-1,0,,waiter-1,-4.593784809112549,-2.549999952316284,0.4687571616347608,0.0,7.588560929750239,0,0,waiter-2,1.981771469116211,-2.200000047683716,-0.47098479314894526,0.0,9.193287441394562,0,0,customer-1,0.9499616622924805,2.549999952316284,0.4304737198389752,0.0,5.292372051201645,0,0,customer-2,-8.843843460083008,2.200000047683716,-0.39306943932606586,0.0,5.812017281685395,0,0
1,106,4.240000000000003,to_table,-3.7003121376037598,4.9776387214660645,-0.2739667681232693,0.8184161186218262,-0.3481708765029907,0.8184161186218262,-0.04283864423632622,0.8184161186218262,-0.04283864423632622,0,nominal-sac-a-star,2.9315944614184035,99.0,99.0,2.6328601932525633,99.0,customer-1,0,,waiter-1,-4.5750346183776855,-2.549999952316284,0.46875741596504206,0.0,7.578290270331097,0,0,waiter-2,1.9629321098327637,-2.200000047683716,-0.4709859584233822,0.0,9.142802289589602,0,0,customer-1,0.9671804308891296,2.549999952316284,0.4304741968603487,0.0,5.261075638157601,0,0,customer-2,-8.859566688537598,2.200000047683716,-0.39306322480396005,0.0,5.859452544685628,0,0
1,107,4.280000000000003,to_table,-3.6550612449645996,4.9649176597595215,-0.2740487243124419,0.5553841590881348,-0.06822669506072998,0.7799999713897705,-0.01093925442546606,0.7799999713897705,-0.01093925442546606,0,nominal-sac-a-star,2.9912558928012025,99.0,99.0,2.7143149471282957,99.0,customer-1,0,,waiter-1,-4.556284427642822,-2.549999952316284,0.46875767029532334,0.0,7.56876409602544,0,0,waiter-2,1.9440927505493164,-2.200000047683716,-0.47098712369781914,0.0,9.093215669932892,0,0,customer-1,0.9843992590904236,2.549999952316284,0.43047407783527447,0.0,5.230336633755938,0,0,customer-2,-8.875288963317871,2.200000047683716,-0.39306654702500055,0.0,5.907245282958105,0,0
1,108,4.320000000000003,to_table,-3.610344171524048,4.952345848083496,-0.27408327511461744,0.5516639947891235,-0.013798356056213379,0.7799999713897705,-0.0046027181670069695,0.7799999713897705,-0.0046027181670069695,0,nominal-sac-a-star,2.9605096276490013,99.0,99.0,2.6841418838500974,99.0,customer-1,0,,waiter-1,-4.537533760070801,-2.549999952316284,0.4687531562540226,0.0,7.559422798196018,0,0,waiter-2,1.9252533912658691,-2.200000047683716,-0.4709882889722561,0.0,9.044274000154116,0,0,customer-1,1.0016181468963623,2.549999952316284,0.4304733627637525,0.0,5.200140597083826,0,0,customer-2,-8.891011238098145,2.200000047683716,-0.3930698692460588,0.0,5.954901516648162,0,0
1,109,4.360000000000003,to_table,-3.5654096603393555,4.939812660217285,-0.2774481031449085,0.7894636392593384,0.5445772409439087,0.7894636392593384,-0.16272403299808502,0.7894636392593384,-0.16272403299808502,0,nominal-sac-a-star,2.908164220950204,99.0,99.0,2.624370584487915,99.0,customer-1,0,,waiter-1,-4.5187835693359375,-2.549999952316284,0.46875341058430386,0.0,7.550246007993538,0,0,waiter-2,1.9064135551452637,-2.200000047683716,-0.470984685875111,0.0,8.995430773755144,0,0,customer-1,1.0188368558883667,2.549999952316284,0.43047443583157374,0.0,5.169769907877054,0,0,customer-2,-8.906733512878418,2.200000047683716,-0.3930731914670993,0.0,6.003025374717382,0,0
1,110,4.400000000000003,to_table,-3.5209670066833496,4.927031993865967,-0.2819605090166612,0.06174147129058838,0.7342658042907715,0.7799999713897705,-0.1562463492155075,0.7799999713897705,-0.1562463492155075,0,nominal-sac-a-star,2.8986159555764077,99.0,99.0,2.619727144241333,99.0,customer-1,0,,waiter-1,-4.500033378601074,-2.549999952316284,0.46875366491458514,0.0,7.540860540074327,0,0,waiter-2,1.8875741958618164,-2.200000047683716,-0.47098585114954794,0.0,8.94689352015014,0,0,customer-1,1.0360556840896606,2.549999952316284,0.4304743168064995,0.0,5.139721503230884,0,0,customer-2,-8.922456741333008,2.200000047683716,-0.3930669769449757,0.0,6.050850732667613,0,0
1,111,4.440000000000003,to_table,-3.476511001586914,4.914069175720215,-0.28984005907922133,-0.1675671935081482,-0.15239137411117554,0.7799999713897705,-0.2802583873271942,0.7799999713897705,-0.2802583873271942,0,nominal-sac-a-star,2.8667995369212065,99.0,99.0,2.5857536888122556,99.0,customer-1,0,,waiter-1,-4.481283187866211,-2.549999952316284,0.4687539192448664,0.0,7.531393967548638,0,0,waiter-2,1.8687348365783691,-2.200000047683716,-0.4709870164239849,0.0,8.898406261000128,0,0,customer-1,1.0532745122909546,2.549999952316284,0.43047419778142526,0.0,5.1095772912035935,0,0,customer-2,-8.938179016113281,2.200000047683716,-0.3930702991660162,0.0,6.098851427331313,0,0
1,112,4.480000000000003,to_table,-3.4318392276763916,4.900845050811768,-0.29993535452704645,0.7138745784759521,-0.42494356632232666,0.7799999713897705,-0.330831378698349,0.7799999713897705,-0.330831378698349,0,nominal-sac-a-star,2.8336751427586693,99.0,99.0,2.550708303451538,99.0,customer-1,0,,waiter-1,-4.462532997131348,-2.549999952316284,0.4687541735751477,0.0,7.521796388299242,0,0,waiter-2,1.8498954772949219,-2.200000047683716,-0.4709881816984218,0.0,8.849786585366099,0,0,customer-1,1.0704933404922485,2.549999952316284,0.430474078756351,0.0,5.079121108175337,0,0,customer-2,-8.953902244567871,2.200000047683716,-0.39306408464389264,0.0,6.147173634561041,0,0
1,113,4.520000000000003,to_table,-3.386820077896118,4.8877644538879395,-0.30640065284093165,0.6768507957458496,-0.4060150980949402,0.7799999713897705,0.19127346575260162,0.7799999713897705,0.19127346575260162,0,nominal-sac-a-star,2.799630434576298,99.0,99.0,2.5172677135467527,99.0,customer-1,0,,waiter-1,-4.443782806396484,-2.549999952316284,0.468754427905429,0.0,7.512490237706629,0,0,waiter-2,1.8310556411743164,-2.200000047683716,-0.47098457860127674,0.0,8.801285852044808,0,0,customer-1,1.0877121686935425,2.549999952316284,0.4304739597312768,0.0,5.048423683743202,0,0,customer-2,-8.969624519348145,2.200000047683716,-0.21444220617217624,0.0,6.196110306858232,0,0
1,114,4.560000000000003,to_table,-3.3424878120422363,4.874359607696533,-0.3017333850563182,0.8003287315368652,-0.562307596206665,0.8003287315368652,0.20376235246658325,0.8003287315368652,0.20376235246658325,0,nominal-sac-a-star,2.718738748148821,99.0,99.0,2.4290835952758787,99.0,customer-1,0,,waiter-1,-4.425032615661621,-2.549999952316284,0.46875468223571026,0.0,7.50286732710882,0,0,waiter-2,1.8122162818908691,-2.200000047683716,-0.4709857438757137,0.0,8.75314451095619,0,0,customer-1,1.1049309968948364,2.549999952316284,0.43047384070620254,0.0,5.018185117116211,0,0,customer-2,-8.985346794128418,2.200000047683716,0.100006611654333,0.0,6.24452212326473,0,0
1,115,4.600000000000003,to_table,-3.2979888916015625,4.860956192016602,-0.295953956442868,0.7990716695785522,-0.5907274484634399,0.7990716695785522,0.22448226809501648,0.7990716695785522,0.22448226809501648,0,nominal-sac-a-star,2.693079285519132,99.0,99.0,2.405079135894775,99.0,customer-1,0,,waiter-1,-4.406282424926758,-2.549999952316284,0.46875493656599154,0.0,7.493369437658589,0,0,waiter-2,1.7933769226074219,-2.200000047683716,-0.4709869091501506,0.0,8.70511969320691,0,0,customer-1,1.1221498250961304,2.549999952316284,0.4304737216811283,0.0,4.9877996167307845,0,0,customer-2,-8.998929977416992,2.200000047683716,0.39306451456385005,0.0,6.29137638883586,0,0
1,116,4.640000000000003,to_table,-3.2528698444366455,4.847080707550049,-0.2961052091392965,0.8001391887664795,-0.5968915224075317,0.8001391887664795,-0.09215284883975983,0.8001391887664795,-0.09215284883975983,0,nominal-sac-a-star,2.6622622248332073,99.0,99.0,2.370725164413452,99.0,customer-1,0,,waiter-1,-4.3875322341918945,-2.549999952316284,0.4687551908962728,0.0,7.483599469993944,0,0,waiter-2,1.7745375633239746,-2.200000047683716,-0.47098807442458757,0.0,8.656568166103265,0,0,customer-1,1.1393686532974243,2.549999952316284,0.43047360265605406,0.0,4.956645944289602,0,0,customer-2,-8.983207702636719,2.200000047683716,0.39306783678489055,0.0,6.31219517988468,0,0
1,117,4.680000000000003,to_table,-3.2083208560943604,4.8334197998046875,-0.2973422376022812,0.6827555894851685,-0.5226603150367737,0.7799999713897705,-0.08480077981948853,0.7799999713897705,-0.08480077981948853,0,nominal-sac-a-star,2.6785046430882256,99.0,99.0,2.398869047164917,99.0,customer-1,0,,waiter-1,-4.368782043457031,-2.549999952316284,0.4687554452265541,0.0,7.474058964403833,0,0,waiter-2,1.7556982040405273,-2.200000047683716,-0.4709892396990245,0.0,8.608744390468697,0,0,customer-1,1.1565873622894287,2.549999952316284,0.4304746757238753,0.0,4.926096827592644,0,0,customer-2,-8.967485427856445,2.200000047683716,0.39307115900593104,0.0,6.332683171886972,0,0
1,118,4.720000000000003,to_table,-3.1640851497650146,4.819652080535889,-0.29910343721306076,0.6523877382278442,-0.5687071084976196,0.7799999713897705,-0.09100503474473953,0.7799999713897705,-0.09100503474473953,0,nominal-sac-a-star,2.647521488202746,99.0,99.0,2.367765197753906,99.0,customer-1,0,,waiter-1,-4.350031852722168,-2.549999952316284,0.4687556995568354,0.0,7.464465196353795,0,0,waiter-2,1.7368583679199219,-2.200000047683716,-0.4709856366018794,0.0,8.561236088600525,0,0,customer-1,1.1738061904907227,2.549999952316284,0.4304745566988011,0.0,4.895775940849162,0,0,customer-2,-8.951762199401855,2.200000047683716,0.39306494448380747,0.0,6.352934944112015,0,0
1,119,4.760000000000003,to_table,-3.119710683822632,4.805569171905518,-0.30619247516928605,0.6355321407318115,-0.5662979483604431,0.7799999713897705,-0.294610857963562,0.7799999713897705,-0.294610857963562,0,nominal-sac-a-star,2.6165865708478826,99.0,99.0,2.33412576675415,99.0,customer-1,0,,waiter-1,-4.331281661987305,-2.549999952316284,0.46875595388711666,0.0,7.454683184169263,0,0,waiter-2,1.7180190086364746,-2.200000047683716,-0.47098680187631636,0.0,8.513614312837797,0,0,customer-1,1.1910250186920166,2.549999952316284,0.43047443767372684,0.0,4.865185998632821,0,0,customer-2,-8.936039924621582,2.200000047683716,0.39306826670484796,0.0,6.37327830072333,0,0
1,120,4.800000000000003,to_table,-3.076219081878662,4.7913641929626465,-0.3156414044187259,0.5695565938949585,-0.5116652846336365,0.7799999713897705,-0.29807788133621216,0.7799999713897705,-0.29807788133621216,0,nominal-sac-a-star,2.5836046839161835,99.0,99.0,2.3005011177062986,99.0,customer-1,0,,waiter-1,-4.312531471252441,-2.549999952316284,0.46875620821739794,0.0,7.444736116055837,0,0,waiter-2,1.6991796493530273,-2.200000047683716,-0.4709879671507533,0.0,8.4666172104116,0,0,customer-1,1.2082438468933105,2.549999952316284,0.4304743186486526,0.0,4.835321731515862,0,0,customer-2,-8.920317649841309,2.200000047683716,0.39307158892588845,0.0,6.3928597830313985,0,0
1,121,4.840000000000003,to_table,-3.032944440841675,4.7768778800964355,-0.3253820744532532,0.5784885883331299,-0.4878120422363281,0.7799999713897705,-0.30447328090667725,0.7799999713897705,-0.30447328090667725,0,nominal-sac-a-star,2.5507705103645755,99.0,99.0,2.2672009563446043,99.0,customer-1,0,,waiter-1,-4.293781280517578,-2.549999952316284,0.4687564625476792,0.0,7.434571158270316,0,0,waiter-2,1.68034029006958,-2.200000047683716,-0.47098913242519025,0.0,8.419731502476017,0,0,customer-1,1.2254626750946045,2.549999952316284,0.43047419962357836,0.0,4.8055193757065595,0,0,customer-2,-8.904594421386719,2.200000047683716,0.3930653744037649,0.0,6.412220587067688,0,0
1,122,4.8800000000000034,to_table,-2.9891507625579834,4.76235294342041,-0.33458316519583864,0.5816988945007324,-0.4572666883468628,0.7799999713897705,-0.31294143199920654,0.7799999713897705,-0.31294143199920654,0,nominal-sac-a-star,2.5181764365237154,99.0,99.0,2.2339723205566404,99.0,customer-1,0,,waiter-1,-4.275031089782715,-2.549999952316284,0.4687567168779605,0.0,7.424553393149813,0,0,waiter-2,1.6615004539489746,-2.200000047683716,-0.47098552932804516,0.0,8.372748408398177,0,0,customer-1,1.2426815032958984,2.549999952316284,0.4304740805985041,0.0,4.775239269771659,0,0,customer-2,-8.888872146606445,2.200000047683716,0.39306869662480537,0.0,6.432135319758822,0,0
1,123,4.9200000000000035,to_table,-2.9452550411224365,4.747341156005859,-0.34475865457334365,0.5826616287231445,-0.43137913942337036,0.7799999713897705,-0.42504996061325073,0.7799999713897705,-0.42504996061325073,0,nominal-sac-a-star,2.4855117826009625,99.0,99.0,2.200533876419067,99.0,customer-1,0,,waiter-1,-4.256280899047852,-2.549999952316284,0.4687569712082418,0.0,7.414173996566126,0,0,waiter-2,1.6426610946655273,-2.200000047683716,-0.4709866946024821,0.0,8.325534473504177,0,0,customer-1,1.2599003314971924,2.549999952316284,0.4304739615734299,0.0,4.744643303063327,0,0,customer-2,-8.873149871826172,2.200000047683716,0.39307201884584586,0.0,6.452044935214878,0,0
1,124,4.9600000000000035,to_table,-2.9019007682800293,4.7305908203125,-0.3522690606306187,0.6576060056686401,-0.4708327651023865,0.7799999713897705,-0.4479389488697052,0.7799999713897705,-0.4479389488697052,0,nominal-sac-a-star,2.4525750214134563,99.0,99.0,2.1678662395477293,99.0,customer-1,0,,waiter-1,-4.237530708312988,-2.549999952316284,0.46875722553852306,0.0,7.402088173968197,0,0,waiter-2,1.62382173538208,-2.200000047683716,-0.47098785987691905,0.0,8.277394152733466,0,0,customer-1,1.2771191596984863,2.549999952316284,0.43047384254835563,0.0,4.713722954526501,0,0,customer-2,-8.857426643371582,2.200000047683716,0.3930658043237223,0.0,6.4708715106544155,0,0
1,125,5.0000000000000036,to_table,-2.858011245727539,4.713796138763428,-0.35999277453265605,0.7100441455841064,-0.32990217208862305,0.7799999713897705,-0.48824894428253174,0.7799999713897705,-0.48824894428253174,0,nominal-sac-a-star,2.4201797103156943,99.0,99.0,2.1349284744262693,99.0,customer-1,0,,waiter-1,-4.218780517578125,-2.549999952316284,0.46875747986880434,0.0,7.390157418079649,0,0,waiter-2,1.6049823760986328,-2.200000047683716,-0.470989025151356,0.0,8.22914878806989,0,0,customer-1,1.2943379878997803,2.549999952316284,0.4304737235232814,0.0,4.682309055849324,0,0,customer-2,-8.841704368591309,2.200000047683716,0.3930691265447628,0.0,6.490281517479408,0,0
1,126,5.040000000000004,to_table,-2.814037322998047,4.69657564163208,-0.367666812331215,0.6715874671936035,-0.31998103857040405,0.7799999713897705,-0.5064823627471924,0.7799999713897705,-0.5064823627471924,0,nominal-sac-a-star,2.387440021339992,99.0,99.0,2.102032432556152,99.0,customer-1,0,,waiter-1,-4.200030326843262,-2.549999952316284,0.4687577341990856,0.0,7.377928872354081,0,0,waiter-2,1.5861425399780273,-2.200000047683716,-0.4709854220542109,0.0,8.180729739149301,0,0,customer-1,1.3115568161010742,2.549999952316284,0.43047360449820715,0.0,4.650625139756009,0,0,customer-2,-8.825982093811035,2.200000047683716,0.3930724487658033,0.0,6.509713482450995,0,0
1,127,5.080000000000004,to_table,-2.7695984840393066,4.678530693054199,-0.3763847055235896,0.6389480829238892,-0.31121671199798584,0.7799999713897705,-0.5283693075180054,0.7799999713897705,-0.5283693075180054,0,nominal-sac-a-star,2.354651796585692,99.0,99.0,2.0685410594940183,99.0,customer-1,0,,waiter-1,-4.18127965927124,-2.549999952316284,0.46875322015778487,0.0,7.365086491791147,0,0,waiter-2,1.56730318069458,-2.200000047683716,-0.47098658732864784,0.0,8.131598932611473,0,0,customer-1,1.3287756443023682,2.549999952316284,0.4304734854731329,0.0,4.61815045338788,0,0,customer-2,-8.810258865356445,2.200000047683716,0.3930662342436797,0.0,6.529371486020316,0,0
1,128,5.120000000000004,to_table,-2.724869966506958,4.659499645233154,-0.3849355288577248,0.6051896810531616,-0.3129284381866455,0.7799999713897705,-0.554430365562439,0.7799999713897705,-0.554430365562439,0,nominal-sac-a-star,2.321174918143022,99.0,99.0,2.034787425994873,99.0,customer-1,0,,waiter-1,-4.162529468536377,-2.549999952316284,0.46875347448806615,0.0,7.351445387870401,0,0,waiter-2,1.5484638214111328,-2.200000047683716,-0.4709877526030848,0.0,8.08171502220222,0,0,customer-1,1.345994472503662,2.549999952316284,0.43047336644805867,0.0,4.584967419210045,0,0,customer-2,-8.794536590576172,2.200000047683716,0.3930695564647202,0.0,6.549045059982838,0,0
1,129,5.160000000000004,to_table,-2.679226875305176,4.640621185302734,-0.3928189153514605,0.3357114791870117,-0.6240133047103882,0.7799999713897705,-0.4168977737426758,0.7799999713897705,-0.4168977737426758,0,nominal-sac-a-star,2.2873089423867548,99.0,99.0,2.000681171417236,99.0,customer-1,0,,waiter-1,-4.143779277801514,-2.549999952316284,0.4687537288183474,0.0,7.338252249986452,0,0,waiter-2,1.5296244621276855,-2.200000047683716,-0.47098891787752173,0.0,8.03172014165057,0,0,customer-1,1.363213300704956,2.549999952316284,0.43047324742298443,0.0,4.551046002452031,0,0,customer-2,-8.778814315795898,2.200000047683716,0.3930728786857607,0.0,6.569748738086177,0,0
1,130,5.200000000000004,to_table,-2.6337149143218994,4.621045112609863,-0.39781236908189466,-0.9767844676971436,0.9564248323440552,0.7799999713897705,-0.2438223659992218,0.7799999713897705,-0.2438223659992218,0,nominal-sac-a-star,2.2529931530034126,99.0,99.0,1.9667961692810059,99.0,customer-1,0,,waiter-1,-4.12502908706665,-2.549999952316284,0.4687539831486287,0.0,7.3244730380438305,0,0,waiter-2,1.51078462600708,-2.200000047683716,-0.47098531478037664,0.0,7.9814493369657855,0,0,customer-1,1.3804320096969604,2.549999952316284,0.4304743204908057,0.0,4.516924128606272,0,0,customer-2,-8.763091087341309,2.200000047683716,0.3930666641636371,0.0,6.5901981363826465,0,0
1,131,5.240000000000004,to_table,-2.588325262069702,4.601855754852295,-0.4026349068977914,0.020342111587524414,-0.4388129711151123,0.7799999713897705,-0.43441590666770935,0.7799999713897705,-0.43441590666770935,0,nominal-sac-a-star,2.2188715870216953,99.0,99.0,1.933346996307373,99.0,customer-1,0,,waiter-1,-4.106278896331787,-2.549999952316284,0.46875423747891,0.0,7.311171129985213,0,0,waiter-2,1.4919452667236328,-2.200000047683716,-0.4709864800548136,0.0,7.93182513338716,0,0,customer-1,1.3976508378982544,2.549999952316284,0.43047420146573145,0.0,4.483092426430272,0,0,customer-2,-8.747368812561035,2.200000047683716,0.3930699863846776,0.0,6.610803906856349,0,0
1,132,5.280000000000004,to_table,-2.543527364730835,4.5830864906311035,-0.4074480639865403,0.14479613304138184,-0.014529168605804443,0.7799999713897705,-0.4301307499408722,0.7799999713897705,-0.4301307499408722,0,nominal-sac-a-star,2.1851442956467944,99.0,99.0,1.900770673751831,99.0,customer-1,0,,waiter-1,-4.087528705596924,-2.549999952316284,0.46875449180919126,0.0,7.298278039589619,0,0,waiter-2,1.4731059074401855,-2.200000047683716,-0.4709876453292505,0.0,7.883121579005299,0,0,customer-1,1.4148696660995483,2.549999952316284,0.4304740824406572,0.0,4.449982912996828,0,0,customer-2,-8.731646537780762,2.200000047683716,0.3930733086057181,0.0,6.631132625308269,0,0
1,133,5.320000000000004,to_table,-2.499401569366455,4.563541889190674,-0.4132819663684357,-0.1425185203552246,-0.37204283475875854,0.7799999713897705,-0.497109055519104,0.7799999713897705,-0.497109055519104,0,nominal-sac-a-star,2.1522417720808944,99.0,99.0,1.8687572574615479,99.0,customer-1,0,,waiter-1,-4.0687785148620605,-2.549999952316284,0.46875474613947254,0.0,7.284601672564075,0,0,waiter-2,1.4542665481567383,-2.200000047683716,-0.47098881060368747,0.0,7.834346885055446,0,0,customer-1,1.4320884943008423,2.549999952316284,0.43047396341558297,0.0,4.41712182900433,0,0,customer-2,-8.715923309326172,2.200000047683716,0.3930670940835945,0.0,6.6506745958546105,0,0
1,134,5.360000000000004,to_table,-2.455470085144043,4.542642593383789,-0.42772573871510616,-0.4844322204589844,-0.6879940032958984,0.7799999713897705,-0.5600870847702026,0.7799999713897705,-0.5600870847702026,0,nominal-sac-a-star,2.1197723780624154,99.0,99.0,1.8376777267456055,99.0,customer-1,0,,waiter-1,-4.050028324127197,-2.549999952316284,0.4687550004697538,0.0,7.269676351708092,0,0,waiter-2,1.4354267120361328,-2.200000047683716,-0.4709852075065424,0.0,7.784748401293951,0,0,customer-1,1.4493073225021362,2.549999952316284,0.43047384439050873,0.0,4.383823821535771,0,0,customer-2,-8.700201034545898,2.200000047683716,0.393070416304635,0.0,6.6696805566189985,0,0
1,135,5.400000000000004,to_table,-2.4114902019500732,4.521305084228516,-0.4447160877726258,-0.09355688095092773,-0.15774577856063843,0.7799999713897705,-0.5135456323623657,0.7799999713897705,-0.5135456323623657,0,nominal-sac-a-star,2.087518143632974,99.0,99.0,1.8080973720550537,99.0,customer-1,0,,waiter-1,-4.031278133392334,-2.549999952316284,0.4687552548000351,0.0,7.2544515893835735,0,0,waiter-2,1.4165873527526855,-2.200000047683716,-0.4709863727809793,0.0,7.734993241179255,0,0,customer-1,1.4665261507034302,2.549999952316284,0.4304737253654345,0.0,4.350293640037587,0,0,customer-2,-8.684477806091309,2.200000047683716,0.39306420178251145,0.0,6.688709184468843,0,0
1,136,5.440000000000004,to_table,-2.366506338119507,4.500194072723389,-0.46158275284078765,-0.1787029504776001,-0.16824179887771606,0.7799999713897705,-0.533866286277771,0.7799999713897705,-0.533866286277771,0,nominal-sac-a-star,2.0561405388924197,99.0,99.0,1.7791853046417236,99.0,customer-1,0,,waiter-1,-4.012527942657471,-2.549999952316284,0.4687555091303164,0.0,7.2397943971711545,0,0,waiter-2,1.3977479934692383,-2.200000047683716,-0.47098753805541627,0.0,7.685194332222352,0,0,customer-1,1.4837448596954346,2.549999952316284,0.43047479843325576,0.0,4.31598093062815,0,0,customer-2,-8.668755531311035,2.200000047683716,0.39306752400355194,0.0,6.708892415735363,0,0
1,137,5.480000000000004,to_table,-2.3220064640045166,4.479803562164307,-0.47707827472024766,-0.2750707268714905,-0.30659306049346924,0.7799999713897705,-0.34165340662002563,0.7799999713897705,-0.34165340662002563,0,nominal-sac-a-star,2.024979598270539,99.0,99.0,1.7520053482055664,99.0,customer-1,0,,waiter-1,-3.9937777519226074,-2.549999952316284,0.46875576346059766,0.0,7.225853353847626,0,0,waiter-2,1.378908634185791,-2.200000047683716,-0.4709887033298532,0.0,7.636527275545583,0,0,customer-1,1.5009636878967285,2.549999952316284,0.4304746794081815,0.0,4.2824342090580085,0,0,customer-2,-8.653033256530762,2.200000047683716,0.39307084622459243,0.0,6.728997273912601,0,0
1,138,5.520000000000004,to_table,-2.2804861068725586,4.458388328552246,-0.48832238553006435,-0.29882752895355225,-0.33162355422973633,0.7799999713897705,-0.3548590838909149,0.7799999713897705,-0.3548590838909149,0,nominal-sac-a-star,1.9952911743402468,99.0,99.0,1.7268464660644531,99.0,customer-1,0,,waiter-1,-3.975027561187744,-2.549999952316284,0.46875601779087894,0.0,7.210338205369286,0,0,waiter-2,1.3600687980651855,-2.200000047683716,-0.4709851002327081,0.0,7.588661000773485,0,0,customer-1,1.5181825160980225,2.549999952316284,0.4304745603831073,0.0,4.251097446741693,0,0,customer-2,-8.637310028076172,2.200000047683716,0.39306463170246886,0.0,6.746075006427871,0,0
1,139,5.560000000000004,to_table,-2.2369179725646973,4.437560081481934,-0.4985599212715998,-0.3241696357727051,-0.4001363515853882,0.7799999713897705,-0.3878118693828583,0.7799999713897705,-0.3878118693828583,0,nominal-sac-a-star,1.9678380143059322,99.0,99.0,1.7002527809143066,99.0,customer-1,0,,waiter-1,-3.956277370452881,-2.549999952316284,0.4687562721211602,0.0,7.19598443335174,0,0,waiter-2,1.3412294387817383,-2.200000047683716,-0.47098626550714506,0.0,7.540579776490314,0,0,customer-1,1.5354013442993164,2.549999952316284,0.43047444135803303,0.0,4.218207708209877,0,0,customer-2,-8.621587753295898,2.200000047683716,0.39306795392350935,0.0,6.765403396238342,0,0
1,140,5.600000000000004,to_table,-2.1952686309814453,4.414939880371094,-0.509694494454877,-0.3514217138290405,-0.39140570163726807,0.7799999713897705,-0.4011651277542114,0.7799999713897705,-0.4011651277542114,0,nominal-sac-a-star,1.9389276523823156,99.0,99.0,1.6762225723266602,99.0,customer-1,0,,waiter-1,-3.9375271797180176,-2.549999952316284,0.4687565264514415,0.0,7.179543977412559,0,0,waiter-2,1.322390079498291,-2.200000047683716,-0.470987430781582,0.0,7.492086028282626,0,0,customer-1,1.5526201725006104,2.549999952316284,0.4304743223329588,0.0,4.186247892626431,0,0,customer-2,-8.605865478515625,2.200000047683716,0.39307127614454984,0.0,6.782456074611936,0,0
1,141,5.640000000000004,to_table,-2.1528403759002686,4.39186429977417,-0.5214861095800418,-0.3600708246231079,-0.39527660608291626,0.7799999713897705,-0.41372165083885193,0.7799999713897705,-0.41372165083885193,0,nominal-sac-a-star,1.9120572742363422,99.0,99.0,1.6526184177398682,99.0,customer-1,0,,waiter-1,-3.9187769889831543,-2.549999952316284,0.4687567807817228,0.0,7.162961078763308,0,0,waiter-2,1.3035507202148438,-2.200000047683716,-0.47098859605601895,0.0,7.4430716095299125,0,0,customer-1,1.5698390007019043,2.549999952316284,0.43047420330788455,0.0,4.153408963178994,0,0,customer-2,-8.590142250061035,2.200000047683716,0.39306506162242627,0.0,6.800229725433234,0,0
1,142,5.680000000000004,to_table,-2.112079620361328,4.367326259613037,-0.533203918883626,-0.21472817659378052,-0.5860121250152588,0.7799999713897705,-0.4523369073867798,0.7799999713897705,-0.4523369073867798,0,nominal-sac-a-star,1.8851780195801842,99.0,99.0,1.631230125427246,99.0,customer-1,0,,waiter-1,-3.900026798248291,-2.549999952316284,0.46875703511200406,0.0,7.144659336396551,0,0,waiter-2,1.2847108840942383,-2.200000047683716,-0.47098499295887386,0.0,7.393778503422422,0,0,customer-1,1.5870578289031982,2.549999952316284,0.4304740842828103,0.0,4.121443045311207,0,0,customer-2,-8.574419975280762,2.200000047683716,0.39306838384346676,0.0,6.816094612880321,0,0
1,143,5.720000000000004,to_table,-2.0717499256134033,4.341316223144531,-0.5441948172804536,-0.0816720724105835,-0.49265003204345703,0.7799999713897705,-0.45700329542160034,0.7799999713897705,-0.45700329542160034,0,nominal-sac-a-star,1.8601147545087373,99.0,99.0,1.6104605293273926,99.0,customer-1,0,,waiter-1,-3.8812766075134277,-2.549999952316284,0.46875728944228534,0.0,7.124929855281103,0,0,waiter-2,1.265871524810791,-2.200000047683716,-0.4709861582333108,0.0,7.343605075256571,0,0,customer-1,1.6042766571044922,2.549999952316284,0.43047396525773607,0.0,4.089252427887355,0,0,customer-2,-8.558697700500488,2.200000047683716,0.39307170606450725,0.0,6.831231689629816,0,0
1,144,5.760000000000004,to_table,-2.0322704315185547,4.314313888549805,-0.5556895383947057,0.1345125436782837,-0.7604122161865234,0.7799999713897705,-0.4728797376155853,0.7799999713897705,-0.4728797376155853,0,nominal-sac-a-star,1.835440545746229,99.0,99.0,1.5917551612854004,99.0,customer-1,0,,waiter-1,-3.8625264167785645,-2.549999952316284,0.4687575437725666,0.0,7.104128481206252,0,0,waiter-2,1.2470321655273438,-2.200000047683716,-0.47098732350774775,0.0,7.293155118520258,0,0,customer-1,1.6214954853057861,2.549999952316284,0.4304738462326618,0.0,4.057438729116564,0,0,customer-2,-8.542974472045898,2.200000047683716,0.3930654915423837,0.0,6.845406497865338,0,0
1,145,5.800000000000004,to_table,-1.992634654045105,4.287670612335205,-0.567228536116076,0.03233695030212402,-0.9012255668640137,0.7799999713897705,-0.49766331911087036,0.7799999713897705,-0.49766331911087036,0,nominal-sac-a-star,1.8123030120350807,99.0,99.0,1.5741529560089111,99.0,customer-1,0,,waiter-1,-3.843775749206543,-2.549999952316284,0.46875302973126587,0.0,7.083816916387443,0,0,waiter-2,1.2281928062438965,-2.200000047683716,-0.4709884887821847,0.0,7.243176107331785,0,0,customer-1,1.63871431350708,2.549999952316284,0.4304737272075876,0.0,4.025691822138515,0,0,customer-2,-8.527252197265625,2.200000047683716,0.3930688137634242,0.0,6.859999622644134,0,0
1,146,5.840000000000004,to_table,-1.9522662162780762,4.2617926597595215,-0.5800380265251271,0.31687355041503906,-0.40620511770248413,0.7799999713897705,-0.45002076029777527,0.7799999713897705,-0.45002076029777527,0,nominal-sac-a-star,1.7899437291639522,99.0,99.0,1.558295259475708,99.0,customer-1,0,,waiter-1,-3.8250255584716797,-2.549999952316284,0.46875328406154715,0.0,7.064541467335579,0,0,waiter-2,1.209352970123291,-2.200000047683716,-0.4709848856850396,0.0,7.193789048463115,0,0,customer-1,1.655933141708374,2.549999952316284,0.43047360818251335,0.0,3.9936620888890535,0,0,customer-2,-8.511529922485352,2.200000047683716,0.39307213598446467,0.0,6.875676631632582,0,0
1,147,5.880000000000004,to_table,-1.9110733270645142,4.236464023590088,-0.5912336036118924,0.2727893590927124,-0.4328542947769165,0.7799999713897705,-0.46971461176872253,0.7799999713897705,-0.46971461176872253,0,nominal-sac-a-star,1.7686549323254936,99.0,99.0,1.5413889980316162,99.0,customer-1,0,,waiter-1,-3.8062753677368164,-2.549999952316284,0.46875353839182843,0.0,7.04612546519315,0,0,waiter-2,1.1905136108398438,-2.200000047683716,-0.47098605095947654,0.0,7.144782101238461,0,0,customer-1,1.673151969909668,2.549999952316284,0.4304734891574391,0.0,3.961165490504919,0,0,customer-2,-8.495806694030762,2.200000047683716,0.3930659214623411,0.0,6.892452324042804,0,0
1,148,5.920000000000004,to_table,-1.8711872100830078,4.210578918457031,-0.6020356596546417,0.23121869564056396,-0.41057920455932617,0.7799999713897705,-0.4352528154850006,0.7799999713897705,-0.4352528154850006,0,nominal-sac-a-star,1.7465363398781204,99.0,99.0,1.5263578987121582,99.0,customer-1,0,,waiter-1,-3.787525177001953,-2.549999952316284,0.4687537927221097,0.0,7.026932322955846,0,0,waiter-2,1.1716742515563965,-2.200000047683716,-0.4709872162339135,0.0,7.0960924850128935,0,0,customer-1,1.690370798110962,2.549999952316284,0.43047337013236486,0.0,3.929658757261204,0,0,customer-2,-8.480084419250488,2.200000047683716,0.3930692436833816,0.0,6.907962776169383,0,0
1,149,5.960000000000004,to_table,-1.832457423210144,4.182958126068115,-0.6137611626800388,0.9177064895629883,-0.8861076831817627,0.8199999928474426,-0.5059942007064819,0.8199999928474426,-0.5059942007064819,0,nominal-sac-a-star,1.6373249083951353,99.0,99.0,1.4097211456298828,99.0,customer-1,0,,waiter-1,-3.76877498626709,-2.549999952316284,0.468754047052391,0.0,7.005858276491506,0,0,waiter-2,1.1528348922729492,-2.200000047683716,-0.47098838150835043,0.0,7.046568331943409,0,0,customer-1,1.7075896263122559,2.549999952316284,0.4304732511072906,0.0,3.898523503847984,0,0,customer-2,-8.464362144470215,2.200000047683716,0.3930725659044221,0.0,6.922014372457021,0,0
1,150,6.000000000000004,to_table,-1.7932548522949219,4.1561408042907715,-0.6243019614591095,0.2229173183441162,-0.26724493503570557,0.7799999713897705,-0.44427964091300964,0.7799999713897705,-0.44427964091300964,0,nominal-sac-a-star,1.707794271494617,99.0,99.0,1.5018198585510254,99.0,customer-1,0,,waiter-1,-3.7500247955322266,-2.549999952316284,0.46875430138267227,0.0,6.985790753965021,0,0,waiter-2,1.1339950561523438,-2.200000047683716,-0.47098477841120534,0.0,6.9978081251663,0,0,customer-1,1.7248084545135498,2.549999952316284,0.4304731320822164,0.0,3.8673579957244053,0,0,customer-2,-8.448638916015625,2.200000047683716,0.3930663513822985,0.0,6.936903033435506,0,0
1,151,6.0400000000000045,to_table,-1.7534997463226318,4.129653453826904,-0.6354401344637088,0.2245086431503296,-0.2835865020751953,0.7799999713897705,-0.46592384576797485,0.7799999713897705,-0.46592384576797485,0,nominal-sac-a-star,1.689178275540619,99.0,99.0,1.4905591106414795,99.0,customer-1,0,,waiter-1,-3.7312746047973633,-2.549999952316284,0.46875455571295355,0.0,6.966301961371976,0,0,waiter-2,1.1151556968688965,-2.200000047683716,-0.4709859436856423,0.0,6.949366697832115,0,0,customer-1,1.7420271635055542,2.549999952316284,0.43047420515003765,0.0,3.8358849777030266,0,0,customer-2,-8.432916641235352,2.200000047683716,0.393069673603339,0.0,6.9525658805857775,0,0
1,152,6.0800000000000045,to_table,-1.7190401554107666,4.105862617492676,-0.6407524221009274,0.22675788402557373,-0.352422833442688,0.3400000035762787,-0.4996148943901062,0.3400000035762787,-0.4996148943901062,0,nominal-sac-a-star,2.646166778928733,99.0,99.0,2.656425724029541,99.0,customer-1,0,,waiter-1,-3.7125244140625,-2.549999952316284,0.4687548100432348,0.0,6.947984314725832,0,0,waiter-2,1.0963163375854492,-2.200000047683716,-0.4709871089600792,0.0,6.905804524798067,0,0,customer-1,1.7592459917068481,2.549999952316284,0.4304740861249634,0.0,3.8104045919193523,0,0,customer-2,-8.417194366455078,2.200000047683716,0.3930729958243795,0.0,6.9640205319864945,0,0
1,153,6.1200000000000045,to_table,-1.685585856437683,4.0848493576049805,-0.6433610378706294,-0.15003585815429688,-0.30374181270599365,0.3400000035762787,-0.5254022479057312,0.3400000035762787,-0.5254022479057312,0,nominal-sac-a-star,2.624173888914733,99.0,99.0,2.6363275146484373,99.0,customer-1,0,,waiter-1,-3.6937742233276367,-2.549999952316284,0.4687550643735161,0.0,6.932102558551397,0,0,waiter-2,1.077476978302002,-2.200000047683716,-0.47098827423451617,0.0,6.865409549027457,0,0,customer-1,1.776464819908142,2.549999952316284,0.43047396709988917,0.0,3.7870248985848574,0,0,customer-2,-8.401471138000488,2.200000047683716,0.3930667813022559,0.0,6.975368953411897,0,0
1,154,6.160000000000005,to_table,-1.6602588891983032,4.065135478973389,-0.6502431607292767,-0.1652134656906128,-0.274517297744751,0.3400000035762787,-0.5638565421104431,0.3400000035762787,-0.5638565421104431,0,nominal-sac-a-star,2.6033165731451176,99.0,99.0,2.6262102222442625,99.0,customer-1,0,,waiter-1,-3.6750240325927734,-2.549999952316284,0.4687553187037974,0.0,6.91514969883815,0,0,waiter-2,1.0586371421813965,-2.200000047683716,-0.4709846711373711,0.0,6.829664618180989,0,0,customer-1,1.793683648109436,2.549999952316284,0.4304738480748149,0.0,3.7716514572746944,0,0,customer-2,-8.385748863220215,2.200000047683716,0.3930701035232964,0.0,6.979322715544924,0,0
1,155,6.200000000000005,to_table,-1.6308692693710327,4.046651363372803,-0.6572532829045812,-0.2005627155303955,-0.2431049346923828,0.3400000035762787,-0.5857076048851013,0.3400000035762787,-0.5857076048851013,0,nominal-sac-a-star,2.591957201929742,99.0,99.0,2.6126997566223142,99.0,customer-1,0,,waiter-1,-3.65627384185791,-2.549999952316284,0.46875557303407867,0.0,6.900584921804333,0,0,waiter-2,1.0397977828979492,-2.200000047683716,-0.4709858364118169,0.0,6.793608492938748,0,0,customer-1,1.81090247631073,2.549999952316284,0.4304737290497407,0.0,3.753099811567867,0,0,customer-2,-8.370025634765625,2.200000047683716,0.39306388900117284,0.0,6.987585391175888,0,0
1,156,6.240000000000005,to_table,-1.6068649291992188,4.029504776000977,-0.6666483513372745,-0.22205638885498047,-0.2169278860092163,0.3400000035762787,-0.48096051812171936,0.3400000035762787,-0.48096051812171936,0,nominal-sac-a-star,2.577233255523721,99.0,99.0,2.605919370651245,99.0,customer-1,0,,waiter-1,-3.637523651123047,-2.549999952316284,0.46875582736435994,0.0,6.885743047404144,0,0,waiter-2,1.020958423614502,-2.200000047683716,-0.47098700168625385,0.0,6.761078754304227,0,0,customer-1,1.8281211853027344,2.549999952316284,0.43047480211756195,0.0,3.74006204896757,0,0,customer-2,-8.354303359985352,2.200000047683716,0.39306721122221333,0.0,6.991066651676613,0,0
1,157,6.280000000000005,to_table,-1.5818592309951782,4.013586521148682,-0.6755460139785692,-0.24788284301757812,-0.2721409797668457,0.3400000035762787,-0.4994795024394989,0.3400000035762787,-0.4994795024394989,0,nominal-sac-a-star,2.568946529981093,99.0,99.0,2.598468551635742,99.0,customer-1,0,,waiter-1,-3.6187734603881836,-2.549999952316284,0.4687560816946412,0.0,6.872385828266336,0,0,waiter-2,1.0021190643310547,-2.200000047683716,-0.4709881669606908,0.0,6.72945777006524,0,0,customer-1,1.8453400135040283,2.549999952316284,0.4304746830924877,0.0,3.726631227524736,0,0,customer-2,-8.338581085205078,2.200000047683716,0.3930705334432538,0.0,6.995883511887027,0,0
1,158,6.320000000000005,to_table,-1.5578986406326294,3.998140573501587,-0.6863976290051161,-0.2640545964241028,-0.2571101784706116,0.3400000035762787,-0.515428900718689,0.3400000035762787,-0.515428900718689,0,nominal-sac-a-star,2.5600517005618784,99.0,99.0,2.5932321643829344,99.0,customer-1,0,,waiter-1,-3.6000232696533203,-2.549999952316284,0.4687563360249225,0.0,6.85918488935174,0,0,waiter-2,0.9832792282104492,-2.200000047683716,-0.47098456386352794,0.0,6.698845581224065,0,0,customer-1,1.8625588417053223,2.549999952316284,0.43047456406741347,0.0,3.7143829429945203,0,0,customer-2,-8.322857856750488,2.200000047683716,0.39306431892113025,0.0,6.99985589468287,0,0
1,159,6.360000000000005,to_table,-1.534293293952942,3.983262777328491,-0.6980380148286219,-0.1476796269416809,0.3200291395187378,0.3400000035762787,-0.4626184403896332,0.3400000035762787,-0.4626184403896332,0,nominal-sac-a-star,2.5531149782883755,99.0,99.0,2.5890979862213133,99.0,customer-1,0,,waiter-1,-3.581273078918457,-2.549999952316284,0.4687565903552038,0.0,6.846433241814527,0,0,waiter-2,0.9644403457641602,-2.200000047683716,-0.4709904975095469,0.0,6.669063574853055,0,0,customer-1,1.8797776699066162,2.549999952316284,0.4304744450423392,0.0,3.702718308463514,0,0,customer-2,-8.307135581970215,2.200000047683716,0.39306764114217074,0.0,7.003671795657988,0,0
1,160,6.400000000000005,to_table,-1.5102964639663696,3.9663591384887695,-0.7066846667526275,0.9090808629989624,-0.9430205225944519,0.8199999928474426,-0.632243275642395,0.8199999928474426,-0.632243275642395,0,nominal-sac-a-star,1.5537935865768715,99.0,99.0,1.4141774272918701,99.0,customer-1,0,,waiter-1,-3.5625228881835938,-2.549999952316284,0.46875684468548506,0.0,6.83187888479978,0,0,waiter-2,0.9456005096435547,-2.200000047683716,-0.44102377529585013,0.0,6.637425371172182,0,0,customer-1,1.8969964981079102,2.549999952316284,0.430474326017265,0.0,3.6899483294019313,0,0,customer-2,-8.291413307189941,2.200000047683716,0.39307096336321123,0.0,7.007393957750633,0,0
1,161,6.440000000000005,to_table,-1.4839059114456177,3.9440104961395264,-0.7108609119973975,0.18829631805419922,-0.5194776058197021,0.7799999713897705,-0.31652310490608215,0.7799999713897705,-0.31652310490608215,0,nominal-sac-a-star,1.6330847166544478,99.0,99.0,1.4993543720245361,99.0,customer-1,0,,waiter-1,-3.5437726974487305,-2.549999952316284,0.46875709901576634,0.0,6.812871852657441,0,0,waiter-2,0.9267606735229492,-2.200000047683716,-0.06423065598088584,0.0,6.600013556538743,0,0,customer-1,1.914215326309204,2.549999952316284,0.43047420699219074,0.0,3.672940694153764,0,0,customer-2,-8.275690078735352,2.200000047683716,0.39306474884108766,0.0,7.012125542185518,0,0
1,162,6.480000000000005,to_table,-1.458530306816101,3.9196724891662598,-0.7126038996015838,0.45576608180999756,-0.3700704574584961,0.7799999713897705,-0.3094622790813446,0.7799999713897705,-0.3094622790813446,0,nominal-sac-a-star,1.6270514929761821,99.0,99.0,1.4954867458343506,99.0,customer-1,0,,waiter-1,-3.525022506713867,-2.549999952316284,0.4687573533460476,0.0,6.791689886347654,0,0,waiter-2,0.9079217910766602,-2.200000047683716,0.3125529265909144,0.0,6.561287029988619,0,0,customer-1,1.931434154510498,2.549999952316284,0.4304740879671165,0.0,3.656208679391589,0,0,customer-2,-8.259967803955078,2.200000047683716,0.39306807106212815,0.0,7.01547042852314,0,0
1,163,6.520000000000005,to_table,-1.427660584449768,3.8934409618377686,-0.7170643629414375,0.4887533187866211,-0.34307175874710083,0.7799999713897705,-0.3174455165863037,0.7799999713897705,-0.3174455165863037,0,nominal-sac-a-star,1.6194487339127266,99.0,99.0,1.491130599975586,99.0,customer-1,0,,waiter-1,-3.506272315979004,-2.549999952316284,0.4687576076763289,0.0,6.770417826445085,0,0,waiter-2,0.9109175205230713,-2.200000047683716,0.47099039023571265,0.0,6.526788711884012,0,0,customer-1,1.948652982711792,2.549999952316284,0.43047396894204226,0.0,3.6337758667621927,0,0,customer-2,-8.244245529174805,2.200000047683716,0.39307139328316865,0.0,7.0237861896830935,0,0
1,164,6.560000000000005,to_table,-1.3964476585388184,3.86637282371521,-0.7223878409841376,0.5564429759979248,-0.2188549041748047,0.7799999713897705,-0.32092607021331787,0.7799999713897705,-0.32092607021331787,0,nominal-sac-a-star,1.6097080552601775,99.0,99.0,1.4884924983978272,99.0,customer-1,0,,waiter-1,-3.4875216484069824,-2.549999952316284,0.46875309363502815,0.0,6.7485131719587885,0,0,waiter-2,0.9297569990158081,-2.200000047683716,0.4709903634172541,0.0,6.497084571072912,0,0,customer-1,1.965871810913086,2.549999952316284,0.430473849916968,0.0,3.61082120177812,0,0,customer-2,-8.228522300720215,2.200000047683716,0.3930651787610451,0.0,7.032356798757936,0,0
1,165,6.600000000000005,to_table,-1.3653703927993774,3.8388900756835938,-0.7295466372542324,0.5696671009063721,0.1799858808517456,0.7799999713897705,-0.2941162884235382,0.7799999713897705,-0.2941162884235382,0,nominal-sac-a-star,1.6010459059195947,99.0,99.0,1.4898164367675781,99.0,customer-1,0,,waiter-1,-3.468771457672119,-2.549999952316284,0.46875334796530943,0.0,6.726233108477884,0,0,waiter-2,0.9485964775085449,-2.200000047683716,0.4709903365987955,0.0,6.467042337806818,0,0,customer-1,1.9830906391143799,2.549999952316284,0.4304737308918938,0.0,3.5879561079197644,0,0,customer-2,-8.212800025939941,2.200000047683716,0.39306850098208557,0.0,7.040827586632765,0,0
1,166,6.640000000000005,to_table,-1.332616925239563,3.810011625289917,-0.7362678798239851,0.6013517379760742,-0.2837718725204468,0.7799999713897705,-0.5592536330223083,0.7799999713897705,-0.5592536330223083,0,nominal-sac-a-star,1.595241541591241,99.0,99.0,1.4896006679534912,99.0,customer-1,0,,waiter-1,-3.450021266937256,-2.549999952316284,0.4687536022955907,0.0,6.703219257455716,0,0,waiter-2,0.9674359560012817,-2.200000047683716,0.47099030978033696,0.0,6.435097789916144,0,0,customer-1,2.000309467315674,2.549999952316284,0.43047361186681954,0.0,3.5631485731331884,0,0,customer-2,-8.197077751159668,2.200000047683716,0.39307182320312606,0.0,7.05074178442366,0,0
1,167,6.680000000000005,to_table,-1.3049355745315552,3.782565116882324,-0.7441335161724598,0.6040006875991821,-0.17219477891921997,0.20000000298023224,-0.5832259058952332,0.20000000298023224,-0.5832259058952332,0,nominal-sac-a-star,2.515282996656018,99.0,99.0,2.5537245368957517,99.0,customer-1,0,,waiter-1,-3.4312710762023926,-2.549999952316284,0.468753856625872,0.0,6.680021184195462,0,0,waiter-2,0.9862754344940186,-2.200000047683716,0.4709902829618784,0.0,6.406304226007307,0,0,customer-1,2.0175282955169678,2.549999952316284,0.4304734928417453,0.0,3.543724460603493,0,0,customer-2,-8.181354522705078,2.200000047683716,0.3930656086810025,0.0,7.056178126227218,0,0
1,168,6.720000000000005,to_table,-1.277620792388916,3.760503053665161,-0.7456946302744204,0.25578927993774414,-0.1507667899131775,0.20000000298023224,-0.6128038167953491,0.20000000298023224,-0.6128038167953491,0,nominal-sac-a-star,2.495896178104763,99.0,99.0,2.5366270637512205,99.0,customer-1,0,,waiter-1,-3.4125208854675293,-2.549999952316284,0.46875411095615327,0.0,6.661850088070725,0,0,waiter-2,1.0051149129867554,-2.200000047683716,0.4709902561434198,0.0,6.382670250121539,0,0,customer-1,2.0347471237182617,2.549999952316284,0.43047337381667106,0.0,3.52662713793668,0,0,customer-2,-8.165632247924805,2.200000047683716,0.393068930902043,0.0,7.06256833193639,0,0
1,169,6.760000000000005,to_table,-1.2566481828689575,3.7416179180145264,-0.7504737081699804,0.2536308765411377,-0.14953511953353882,0.20000000298023224,-0.6631246209144592,0.20000000298023224,-0.6631246209144592,0,nominal-sac-a-star,2.478827709061953,99.0,99.0,2.5266573524475096,99.0,customer-1,0,,waiter-1,-3.393770694732666,-2.549999952316284,0.46875436528643455,0.0,6.64467817557635,0,0,waiter-2,1.0239543914794922,-2.200000047683716,0.47099022932496126,0.0,6.36427310479625,0,0,customer-1,2.0519657135009766,2.549999952316284,0.43047563897738783,0.0,3.5166574031922777,0,0,customer-2,-8.149909973144531,2.200000047683716,0.39307225312308347,0.0,7.063543287005221,0,0
1,170,6.800000000000005,to_table,-1.2338836193084717,3.724071741104126,-0.757959476203309,0.06980156898498535,-0.2702248692512512,0.20000000298023224,-0.7155008316040039,0.20000000298023224,-0.7155008316040039,0,nominal-sac-a-star,2.468885544655782,99.0,99.0,2.5155251121520994,99.0,customer-1,0,,waiter-1,-3.3750205039978027,-2.549999952316284,0.46875461961671583,0.0,6.629362169406374,0,0,waiter-2,1.042793869972229,-2.200000047683716,0.4709902025065027,0.0,6.346486189137218,0,0,customer-1,2.0691847801208496,2.549999952316284,0.4304731357665226,0.0,3.5055249844404277,0,0,customer-2,-8.134186744689941,2.200000047683716,0.3930660386009599,0.0,7.066610060618503,0,0
1,171,6.840000000000005,to_table,-1.2125835418701172,3.7059826850891113,-0.7705026218255462,0.1341853141784668,-0.02405625581741333,0.20000000298023224,-0.7325281500816345,0.20000000298023224,-0.7325281500816345,0,nominal-sac-a-star,2.4577770019144065,99.0,99.0,2.5056560134887693,99.0,customer-1,0,,waiter-1,-3.3562703132629395,-2.549999952316284,0.4687548739469971,0.0,6.61307127841235,0,0,waiter-2,1.0616333484649658,-2.200000047683716,0.47099017568804413,0.0,6.328719815578516,0,0,customer-1,2.0864033699035645,2.549999952316284,0.43047540092723935,0.0,3.4956559788576143,0,0,customer-2,-8.118464469909668,2.200000047683716,0.3930693608220004,0.0,7.068180465751205,0,0
1,172,6.880000000000005,to_table,-1.1937851905822754,3.6887545585632324,-0.7870442095357244,0.11842119693756104,-0.012565016746520996,0.20000000298023224,-0.8358570337295532,0.20000000298023224,-0.8358570337295532,0,nominal-sac-a-star,2.4479338055053494,99.0,99.0,2.4985039329528806,99.0,customer-1,0,,waiter-1,-3.337520122528076,-2.549999952316284,0.4687551282772784,0.0,6.596791440197589,0,0,waiter-2,1.0804728269577026,-2.200000047683716,0.47099014886958557,0.0,6.312660322157333,0,0,customer-1,2.1036224365234375,2.549999952316284,0.4304728977163741,0.0,3.488503850154615,0,0,customer-2,-8.102742195129395,2.200000047683716,0.3930726830430409,0.0,7.067536832896225,0,0
1,173,6.920000000000005,to_table,-1.1766260862350464,3.672144651412964,-0.8049300141458735,0.01345360279083252,0.12473022937774658,0.20000000298023224,-0.8405397534370422,0.20000000298023224,-0.8405397534370422,0,nominal-sac-a-star,2.4408068524936573,99.0,99.0,2.493173608779907,99.0,customer-1,0,,waiter-1,-3.318769931793213,-2.549999952316284,0.46875538260755967,0.0,6.5805671278986075,0,0,waiter-2,1.0993123054504395,-2.200000047683716,0.470990122051127,0.0,6.297775712890794,0,0,customer-1,2.1208410263061523,2.549999952316284,0.43047516287709087,0.0,3.483173565012454,0,0,customer-2,-8.087018966674805,2.200000047683716,0.3930664685209173,0.0,7.065461025037336,0,0
1,174,6.960000000000005,to_table,-1.159967303276062,3.656477451324463,-0.8244364834317468,0.03587067127227783,0.0810844898223877,0.20000000298023224,-0.864413321018219,0.20000000298023224,-0.864413321018219,0,nominal-sac-a-star,2.4355018723297785,99.0,99.0,2.4886891937255857,99.0,customer-1,0,,waiter-1,-3.3000197410583496,-2.549999952316284,0.46875563693784095,0.0,6.565073205864585,0,0,waiter-2,1.1181517839431763,-2.200000047683716,0.47099009523266844,0.0,6.283960158366833,0,0,customer-1,2.1380600929260254,2.549999952316284,0.4304726596662256,0.0,3.478689000458494,0,0,customer-2,-8.071296691894531,2.200000047683716,0.3930697907419578,0.0,7.06312964239631,0,0
1,175,7.000000000000005,to_table,-1.1392375230789185,3.6414151191711426,-0.8450022329727146,-0.30350470542907715,0.6325600147247314,0.20000000298023224,-0.8040928244590759,0.20000000298023224,-0.8040928244590759,0,nominal-sac-a-star,2.431040753081745,99.0,99.0,2.4805939292907713,99.0,customer-1,0,,waiter-1,-3.2812695503234863,-2.549999952316284,0.4687558912681222,0.0,6.551482411880775,0,0,waiter-2,1.136991262435913,-2.200000047683716,0.4709900684142099,0.0,6.269238281926146,0,0,customer-1,2.1552786827087402,2.549999952316284,0.4304749248269424,0.0,3.4705941993610154,0,0,customer-2,-8.055574417114258,2.200000047683716,0.3930731129629983,0.0,7.064941149090027,0,0
1,176,7.040000000000005,to_table,-1.1220335960388184,3.628096342086792,-0.86765207211555,0.2393796443939209,0.23494422435760498,0.20000000298023224,-0.8518067002296448,0.20000000298023224,-0.8518067002296448,0,nominal-sac-a-star,2.422966735717959,99.0,99.0,2.476443300247192,99.0,customer-1,0,,waiter-1,-3.262519359588623,-2.549999952316284,0.4687561455984035,0.0,6.538390713843614,0,0,waiter-2,1.15583074092865,-2.200000047683716,0.4709900415957513,0.0,6.25742546628278,0,0,customer-1,2.1724977493286133,2.549999952316284,0.4304724216160771,0.0,3.466443221984855,0,0,customer-2,-8.039851188659668,2.200000047683716,0.3930668984408747,0.0,7.063685954999863,0,0
1,177,7.080000000000005,to_table,-1.1039003133773804,3.6151187419891357,-0.8908470691945507,0.19440603256225586,0.23412740230560303,0.20000000298023224,-0.8519046902656555,0.20000000298023224,-0.8519046902656555,0,nominal-sac-a-star,2.418835081748905,99.0,99.0,2.4715588188171385,99.0,customer-1,0,,waiter-1,-3.2437691688537598,-2.549999952316284,0.4687563999286848,0.0,6.5259273083227,0,0,waiter-2,1.1746702194213867,-2.200000047683716,0.47099001477729274,0.0,6.245597666432341,0,0,customer-1,2.189716339111328,2.549999952316284,0.4304746867767939,0.0,3.4615587081060877,0,0,customer-2,-8.024128913879395,2.200000047683716,0.3930702206619152,0.0,7.063435764709603,0,0
1,178,7.120000000000005,to_table,-1.0911272764205933,3.6022043228149414,-0.9134087550900019,0.12196242809295654,0.2529890537261963,0.20000000298023224,-0.8496413230895996,0.20000000298023224,-0.8496413230895996,0,nominal-sac-a-star,2.413969244278916,99.0,99.0,2.471841821670532,99.0,customer-1,0,,waiter-1,-3.2250189781188965,-2.549999952316284,0.46875665425896607,0.0,6.5117671363094525,0,0,waiter-2,1.193509578704834,-2.200000047683716,0.4709911800517297,0.0,6.23579514711886,0,0,customer-1,2.206935167312622,2.549999952316284,0.43047456775171966,0.0,3.461841983693072,0,0,customer-2,-8.008405685424805,2.200000047683716,0.39306400613979164,0.0,7.0579683632665935,0,0
1,179,7.1600000000000055,to_table,-1.0732948780059814,3.589742422103882,-0.9372251086208799,0.04450833797454834,0.2541705369949341,0.20000000298023224,-0.849499523639679,0.20000000298023224,-0.849499523639679,0,nominal-sac-a-star,2.4142731830228463,99.0,99.0,2.467489490509033,99.0,customer-1,0,,waiter-1,-3.206268787384033,-2.549999952316284,0.46875690858924735,0.0,6.499693386794339,0,0,waiter-2,1.2123491764068604,-2.200000047683716,0.4709899611403756,0.0,6.224571198880688,0,0,customer-1,2.224153995513916,2.549999952316284,0.4304744487266454,0.0,3.457489476044382,0,0,customer-2,-7.992683410644531,2.200000047683716,0.39306732836083214,0.0,7.057571928990088,0,0
1,180,7.2000000000000055,to_table,-1.0570672750473022,3.5792884826660156,-0.964320191643151,-0.23721468448638916,0.3902432918548584,0.20000000298023224,-0.8331708312034607,0.20000000298023224,-0.8331708312034607,0,nominal-sac-a-star,2.409938181194322,99.0,99.0,2.4653062915802,99.0,customer-1,0,,waiter-1,-3.18751859664917,-2.549999952316284,0.4687571629195286,0.0,6.4889906420739205,0,0,waiter-2,1.2311885356903076,-2.200000047683716,0.47099112641481256,0.0,6.2158097278155475,0,0,customer-1,2.24137282371521,2.549999952316284,0.4304743297015712,0.0,3.4553063487676403,0,0,customer-2,-7.976961135864258,2.200000047683716,0.3930706505818726,0.0,7.056016413802346,0,0
1,181,7.2400000000000055,to_table,-1.0487103462219238,3.570573091506958,-0.9903488428102902,-0.21310830116271973,0.2461695671081543,0.0,-0.850459635257721,0.0,-0.850459635257721,0,nominal-sac-a-star,2.407770288003629,99.0,99.0,2.471187124252319,99.0,customer-1,0,,waiter-1,-3.1687684059143066,-2.549999952316284,0.4687574172498099,0.0,6.477349810010444,0,0,waiter-2,1.250028133392334,-2.200000047683716,0.4709899075034585,0.0,6.211578941976684,0,0,customer-1,2.258591651916504,2.549999952316284,0.43047421067649694,0.0,3.4611870852827273,0,0,customer-2,-7.961238384246826,2.200000047683716,0.3930692044313311,0.0,7.04709261645789,0,0
1,182,7.280000000000006,to_table,-1.0329856872558594,3.561408758163452,-1.0212066556601096,-0.40229523181915283,0.3872106075286865,0.20000000298023224,-0.8335347175598145,0.20000000298023224,-0.8335347175598145,0,nominal-sac-a-star,2.413667089611959,99.0,99.0,2.4699249362945555,99.0,customer-1,0,,waiter-1,-3.1500182151794434,-2.549999952316284,0.4687576715800912,0.0,6.467699989239924,0,0,waiter-2,1.2688674926757812,-2.200000047683716,0.4709910727778954,0.0,6.204221102608666,0,0,customer-1,2.275810480117798,2.549999952316284,0.4304740916514227,0.0,3.459924832965566,0,0,customer-2,-7.9455156326293945,2.200000047683716,0.39306775828078955,0.0,7.045317872364309,0,0
1,183,7.320000000000006,to_table,-1.0219846963882446,3.552750587463379,-1.0531057199047078,-0.8100315928459167,0.9334628582000732,0.20000000298023224,-0.7679844498634338,0.20000000298023224,-0.7679844498634338,0,nominal-sac-a-star,2.412418202345683,99.0,99.0,2.4733545875549314,99.0,customer-1,0,,waiter-1,-3.131267547607422,-2.549999952316284,0.46875315753879043,0.0,6.456983684138304,0,0,waiter-2,1.2877070903778076,-2.200000047683716,0.47098985386654135,0.0,6.199098000519097,0,0,customer-1,2.293029308319092,2.549999952316284,0.43047397262634846,0.0,3.463354831329541,0,0,customer-2,-7.929793357849121,2.200000047683716,0.39307108050183004,0.0,7.039016588006316,0,0
1,184,7.360000000000006,to_table,-1.0109872817993164,3.5457723140716553,-1.0883368875241264,-0.06944388151168823,0.0025513172149658203,0.20000000298023224,-0.879693865776062,0.20000000298023224,-0.879693865776062,0,nominal-sac-a-star,2.4158627220846673,99.0,99.0,2.477299699783325,99.0,customer-1,0,,waiter-1,-3.1125173568725586,-2.549999952316284,0.4687534118690717,0.0,6.4478576426671905,0,0,waiter-2,1.3065464496612549,-2.200000047683716,0.4709910191409783,0.0,6.195551842214659,0,0,customer-1,2.3102481365203857,2.549999952316284,0.4304738536012742,0.0,3.4672997130817977,0,0,customer-2,-7.9140706062316895,2.200000047683716,0.3930696343512885,0.0,7.033040763214389,0,0
1,185,7.400000000000006,to_table,-1.0003962516784668,3.5386500358581543,-1.1254719746636663,-0.658668041229248,0.3338310718536377,0.20000000298023224,-0.8399402499198914,0.20000000298023224,-0.8399402499198914,0,nominal-sac-a-star,2.419819675633242,99.0,99.0,2.4816138839721678,99.0,customer-1,0,,waiter-1,-3.0937671661376953,-2.549999952316284,0.468753666199353,0.0,6.4384672449272005,0,0,waiter-2,1.3253860473632812,-2.200000047683716,0.4709898002296242,0.0,6.192040704313161,0,0,customer-1,2.3274669647216797,2.549999952316284,0.4304737345762,0.0,3.4716138285754763,0,0,customer-2,-7.898347854614258,2.200000047683716,0.39306818820074696,0.0,7.026643587608801,0,0
1,186,7.440000000000006,to_table,-0.9896504878997803,3.531331777572632,-1.1647483686041182,-0.8303336501121521,-0.07695668935775757,0.20000000298023224,-0.8892347812652588,0.20000000298023224,-0.8892347812652588,0,nominal-sac-a-star,2.424146094062725,99.0,99.0,2.485746154785156,99.0,customer-1,0,,waiter-1,-3.075016975402832,-2.549999952316284,0.46875392052963427,0.0,6.428946180841346,0,0,waiter-2,1.3442254066467285,-2.200000047683716,0.47099096550406117,0.0,6.188306810618032,0,0,customer-1,2.3446857929229736,2.549999952316284,0.43047361555112573,0.0,3.475746047235308,0,0,customer-2,-7.882625579833984,2.200000047683716,0.39307151042178745,0.0,7.020366784793681,0,0
1,187,7.480000000000006,to_table,-0.9807919859886169,3.523135185241699,-1.1939651955545707,0.33422112464904785,0.5554474592208862,0.20000000298023224,-0.8133463263511658,0.20000000298023224,-0.8133463263511658,0,nominal-sac-a-star,2.4282906827892834,99.0,99.0,2.491467008590698,99.0,customer-1,0,,waiter-1,-3.0562667846679688,-2.549999952316284,0.46875417485991555,0.0,6.417987693895534,0,0,waiter-2,1.3630650043487549,-2.200000047683716,0.4709897465927071,0.0,6.184492096001547,0,0,customer-1,2.3619046211242676,2.549999952316284,0.4304734965260515,0.0,3.4814670454802226,0,0,customer-2,-7.866902828216553,2.200000047683716,0.3930700642712459,0.0,7.0120759496521226,0,0
1,188,7.520000000000006,to_table,-0.9733998775482178,3.515166759490967,-1.2244570756835194,0.37047553062438965,0.0998910665512085,0.20000000298023224,-0.8680130839347839,0.20000000298023224,-0.8680130839347839,0,nominal-sac-a-star,2.434025802113318,99.0,99.0,2.498690137863159,99.0,customer-1,0,,waiter-1,-3.0375165939331055,-2.549999952316284,0.46875442919019683,0.0,6.406779617005279,0,0,waiter-2,1.3819043636322021,-2.200000047683716,0.47099091186714404,0.0,6.181471483583317,0,0,customer-1,2.3791232109069824,2.549999952316284,0.43047576168676827,0.0,3.4886900155068186,0,0,customer-2,-7.851180076599121,2.200000047683716,0.39306861812070437,0.0,7.002394158164948,0,0
1,189,7.560000000000006,to_table,-0.96595698595047,3.503542900085449,-1.2558057808460177,-0.5128236413002014,0.2593700885772705,0.20000000298023224,-0.8425847291946411,0.20000000298023224,-0.8425847291946411,0,nominal-sac-a-star,2.441263186888748,99.0,99.0,2.5048964118957517,99.0,customer-1,0,,waiter-1,-3.018766403198242,-2.549999952316284,0.4687546835204781,0.0,6.392136385388319,0,0,waiter-2,1.4007439613342285,-2.200000047683716,0.47098969295578996,0.0,6.175085062646964,0,0,customer-1,2.3963422775268555,2.549999952316284,0.430473258475903,0.0,3.494896349023884,0,0,customer-2,-7.8354573249816895,2.200000047683716,0.39306717197016283,0.0,6.992085445415959,0,0
1,190,7.600000000000006,to_table,-0.9593349099159241,3.4921247959136963,-1.2879068444643422,-0.6396464705467224,0.062137484550476074,0.20000000298023224,-0.8555322885513306,0.20000000298023224,-0.8555322885513306,0,nominal-sac-a-star,2.447487967312397,99.0,99.0,2.512002954483032,99.0,customer-1,0,,waiter-1,-3.000016212463379,-2.549999952316284,0.4687549378507594,0.0,6.377432998608451,0,0,waiter-2,1.4195833206176758,-2.200000047683716,0.4709908582302269,0.0,6.169241216119206,0,0,customer-1,2.4135608673095703,2.549999952316284,0.4304755236366198,0.0,3.502003018980569,0,0,customer-2,-7.819735050201416,2.200000047683716,0.3930704941912033,0.0,6.981022593418358,0,0
1,191,7.640000000000006,to_table,-0.9566105604171753,3.481372594833374,-1.3172322391355815,-0.6907402276992798,0.09643840789794922,0.20000000298023224,-0.838556170463562,0.20000000298023224,-0.838556170463562,0,nominal-sac-a-star,2.454613247132162,99.0,99.0,2.523099670410156,99.0,customer-1,0,,waiter-1,-2.9812660217285156,-2.549999952316284,0.46875519218104067,0.0,6.362128931382041,0,0,waiter-2,1.4384229183197021,-2.200000047683716,0.47098963931887283,0.0,6.165564083472987,0,0,customer-1,2.4307799339294434,2.549999952316284,0.4304730204257545,0.0,3.5130996798296366,0,0,customer-2,-7.804012298583984,2.200000047683716,0.3930690480406618,0.0,6.966263429446136,0,0
1,192,7.680000000000006,to_table,-0.950173020362854,3.4675731658935547,-1.3430786317531709,-0.7218589186668396,0.13671815395355225,0.20000000298023224,-0.8152100443840027,0.20000000298023224,-0.8152100443840027,0,nominal-sac-a-star,2.465728229822827,99.0,99.0,2.5298736190795896,99.0,customer-1,0,,waiter-1,-2.9625158309936523,-2.549999952316284,0.46875544651132195,0.0,6.345132766183789,0,0,waiter-2,1.4572622776031494,-2.200000047683716,0.4709908045933098,0.0,6.157688758385832,0,0,customer-1,2.447998523712158,2.549999952316284,0.4304752855864713,0.0,3.5198736405211584,0,0,customer-2,-7.788289546966553,2.200000047683716,0.39306760189012024,0.0,6.954608489442008,0,0
1,193,7.720000000000006,to_table,-0.9501990079879761,3.4581198692321777,-1.3672529778209979,-0.7849488258361816,0.19417762756347656,0.20000000298023224,-0.8071323037147522,0.20000000298023224,-0.8071323037147522,0,nominal-sac-a-star,2.4725230942345178,99.0,99.0,2.5440845584869383,99.0,customer-1,0,,waiter-1,-2.943765640258789,-2.549999952316284,0.46875570084160323,0.0,6.330229988506509,0,0,waiter-2,1.4761018753051758,-2.200000047683716,0.4709895856819557,0.0,6.1563996759851,0,0,customer-1,2.4652175903320312,2.549999952316284,0.43047278237560604,0.0,3.53408436848629,0,0,customer-2,-7.772566795349121,2.200000047683716,0.3930661557395787,0.0,6.937403528078509,0,0
1,194,7.760000000000006,to_table,-0.9426809549331665,3.4431190490722656,-1.3896592900712135,-0.644471287727356,0.6462768316268921,0.20000000298023224,-0.7340977787971497,0.20000000298023224,-0.7340977787971497,0,nominal-sac-a-star,2.4867506666380095,99.0,99.0,2.549645195007324,99.0,customer-1,0,,waiter-1,-2.925015449523926,-2.549999952316284,0.4687559551718845,0.0,6.312457953384631,0,0,waiter-2,1.494941234588623,-2.200000047683716,0.47099075095639265,0.0,6.1470964754932105,0,0,customer-1,2.482436180114746,2.549999952316284,0.4304750475363228,0.0,3.539645336723588,0,0,customer-2,-7.756844520568848,2.200000047683716,0.3930694779606192,0.0,6.926627603015052,0,0
1,195,7.800000000000006,to_table,-0.9420372843742371,3.432924509048462,-1.4108489885593325,-0.8336501717567444,0.5218310356140137,0.20000000298023224,-0.7584340572357178,0.20000000298023224,-0.7584340572357178,0,nominal-sac-a-star,2.4923327970754174,99.0,99.0,2.5631399250030515,99.0,customer-1,0,,waiter-1,-2.9062652587890625,-2.549999952316284,0.4687562095021658,0.0,6.297108594098597,0,0,waiter-2,1.5137807130813599,-2.200000047683716,0.4709907241379341,0.0,6.144988291157536,0,0,customer-1,2.499655246734619,2.549999952316284,0.43047254432545756,0.0,3.55313991443782,0,0,customer-2,-7.741121768951416,2.200000047683716,0.39306803181007766,0.0,6.909967623357556,0,0
1,196,7.840000000000006,to_table,-0.9378449320793152,3.4201066493988037,-1.4321711844940117,-0.9866636395454407,0.9494390487670898,0.20000000298023224,-0.6960707306861877,0.20000000298023224,-0.6960707306861877,0,nominal-sac-a-star,2.5058440888997726,99.0,99.0,2.5726070499420164,99.0,customer-1,0,,waiter-1,-2.887515068054199,-2.549999952316284,0.46875646383244707,0.0,6.2803969997886595,0,0,waiter-2,1.5326201915740967,-2.200000047683716,0.4709906973194755,0.0,6.1391202312529805,0,0,customer-1,2.516873836517334,2.549999952316284,0.43047480948617434,0.0,3.562606831296684,0,0,customer-2,-7.725399017333984,2.200000047683716,0.3930665856595361,0.0,6.896343275954735,0,0
1,197,7.880000000000006,to_table,-0.9354559779167175,3.400446891784668,-1.4434106456031637,-0.9233149290084839,0.45523369312286377,0.7799999713897705,-0.321145236492157,0.7799999713897705,-0.321145236492157,0,nominal-sac-a-star,2.5147742885682005,99.0,99.0,2.5822503662109373,99.0,customer-1,0,,waiter-1,-2.868764877319336,-2.549999952316284,0.46875671816272835,0.0,6.256636552092533,0,0,waiter-2,1.5514596700668335,-2.200000047683716,0.47099067050101695,0.0,6.127785518601824,0,0,customer-1,2.534092903137207,2.549999952316284,0.4304723062753091,0.0,3.5722583102112986,0,0,customer-2,-7.709676742553711,2.200000047683716,0.3930699078805766,0.0,6.879763047776496,0,0
1,198,7.920000000000006,to_table,-0.9313557744026184,3.3681509494781494,-1.4643531971966124,-0.7021383047103882,-0.4240915775299072,0.7799999713897705,-0.4322207272052765,0.7799999713897705,-0.4322207272052765,0,nominal-sac-a-star,2.5250054599012257,99.0,99.0,2.5874769783020017,99.0,customer-1,0,,waiter-1,-2.8500146865844727,-2.549999952316284,0.4687569724930096,0.0,6.221395512078067,0,0,waiter-2,1.5702991485595703,-2.200000047683716,0.4709906436825584,0.0,6.104308550587497,0,0,customer-1,2.551311492919922,2.549999952316284,0.43047457143602585,0.0,3.577477092734041,0,0,customer-2,-7.693953990936279,2.200000047683716,0.39306846173003507,0.0,6.8627480769461,0,0
1,199,7.960000000000006,to_table,-0.9318256378173828,3.332000494003296,-1.478114364705753,-0.6483843922615051,-0.35463786125183105,0.7799999713897705,-0.4354974031448364,0.7799999713897705,-0.4354974031448364,0,nominal-sac-a-star,2.5302648112131516,99.0,99.0,2.596644172668457,99.0,customer-1,0,,waiter-1,-2.8312644958496094,-2.549999952316284,0.4687572268232909,0.0,6.181083822915404,0,0,waiter-2,1.5891386270523071,-2.200000047683716,0.4709906168640998,0.0,6.079333089901833,0,0,customer-1,2.568530321121216,2.549999952316284,0.4304744524109516,0.0,3.5866442096304643,0,0,customer-2,-7.678231239318848,2.200000047683716,0.39306701557949353,0.0,6.840717327184194,0,0
1,200,8.000000000000005,to_table,-0.9281636476516724,3.2894256114959717,-1.4933365621580434,-0.6836627721786499,-0.3532896041870117,0.7799999713897705,-0.4488111436367035,0.7799999713897705,-0.4488111436367035,0,nominal-sac-a-star,2.539473792850975,99.0,99.0,2.600867757797241,99.0,customer-1,0,,waiter-1,-2.812514305114746,-2.549999952316284,0.4687574811535722,0.0,6.135932554680307,0,0,waiter-2,1.607978105545044,-2.200000047683716,0.47099059004564126,0.0,6.046966930616378,0,0,customer-1,2.5857491493225098,2.549999952316284,0.4304743333858774,0.0,3.5908680636013677,0,0,customer-2,-7.662508964538574,2.200000047683716,0.393070337800534,0.0,6.821895257636561,0,0
1,201,8.040000000000004,to_table,-0.9256540536880493,3.2452025413513184,-1.5085399135791835,-0.7453194856643677,-0.16631746292114258,0.7799999713897705,-0.47450414299964905,0.7799999713897705,-0.47450414299964905,0,nominal-sac-a-star,2.543742663404638,99.0,99.0,2.563250722885132,99.0,waiter-1,0,,waiter-1,-2.793764114379883,-2.549999952316284,0.4687577354838446,0.0,6.088859264383538,0,0,waiter-2,1.6268175840377808,-2.200000047683716,0.4709905632271827,0.0,6.013762773590975,0,0,customer-1,2.6029679775238037,2.549999952316284,0.43047421436080313,0.0,3.5964538199391187,0,0,customer-2,-7.646786212921143,2.200000047683716,0.3930688916499925,0.0,6.801916329582883,0,0
1,202,8.080000000000004,to_table,-0.9268598556518555,3.2125844955444336,-1.5092672625004562,-0.9478443264961243,0.3724949359893799,0.0,0.9246993660926819,0.0,0.9246993660926819,0,nominal-sac-a-star,2.5493724535004905,99.0,99.0,2.61840106010437,99.0,customer-1,0,,waiter-1,-2.7750134468078613,-2.549999952316284,0.46875322144253495,0.0,6.051698209199551,0,0,waiter-2,1.6456570625305176,-2.200000047683716,0.4709905364087241,0.0,5.992821933941205,0,0,customer-1,2.6201868057250977,2.549999952316284,0.4304740953357289,0.0,3.608401071792082,0,0,customer-2,-7.631063461303711,2.200000047683716,0.39306744549945094,0.0,6.780241385827257,0,0
1,203,8.120000000000003,to_table,-0.930499255657196,3.188366413116455,-1.4967236677527131,-0.5358068346977234,-0.8929592370986938,0.0,0.7728449106216431,0.0,0.7728449106216431,0,nominal-sac-a-star,2.5613515245609273,99.0,99.0,2.6345632171630857,99.0,customer-1,0,,waiter-1,-2.756263256072998,-2.549999952316284,0.46875347577280735,0.0,6.021815567513178,0,0,waiter-2,1.6644965410232544,-2.200000047683716,0.47099050959026556,0.0,5.980676909904544,0,0,customer-1,2.6374056339263916,2.549999952316284,0.43047397631065465,0.0,3.62456301357681,0,0,customer-2,-7.6153411865234375,2.200000047683716,0.39307076772049143,0.0,6.757512834836958,0,0
1,204,8.160000000000002,to_table,-0.9362244009971619,3.1631762981414795,-1.4837673447487667,-0.4766792058944702,-0.907564640045166,0.0,0.7710922360420227,0.0,0.7710922360420227,0,nominal-sac-a-star,2.5775369547780045,99.0,99.0,2.6528258419036863,99.0,customer-1,0,,waiter-1,-2.7375130653381348,-2.549999952316284,0.46875373010307975,0.0,5.990410980982683,0,0,waiter-2,1.6833360195159912,-2.200000047683716,0.470990482771807,0.0,5.968731633533036,0,0,customer-1,2.6546244621276855,2.549999952316284,0.4304738572855804,0.0,3.6428259344751224,0,0,customer-2,-7.599618434906006,2.200000047683716,0.3930693215699499,0.0,6.732646473755907,0,0
1,205,8.200000000000001,to_table,-0.9393442869186401,3.1472764015197754,-1.4648158743359505,0.04319560527801514,-0.9407113194465637,0.0,0.7671146392822266,0.0,0.7671146392822266,0,nominal-sac-a-star,2.595823224998628,99.0,99.0,2.670247802734375,99.0,customer-1,0,,waiter-1,-2.7187628746032715,-2.549999952316284,0.46875398443335214,0.0,5.968692349432753,0,0,waiter-2,1.702175498008728,-2.200000047683716,0.47099045595334843,0.0,5.964142201387307,0,0,customer-1,2.6718432903289795,2.549999952316284,0.43047373826050617,0.0,3.6602479253242755,0,0,customer-2,-7.583895683288574,2.200000047683716,0.39306787541940835,0.0,6.711735673396158,0,0
1,206,8.24,to_table,-0.9409810304641724,3.1399734020233154,-1.4392226710031715,-0.5692912340164185,-0.888808012008667,0.0,0.773343026638031,0.0,0.773343026638031,0,nominal-sac-a-star,2.6132600206696166,99.0,99.0,2.68767333984375,99.0,customer-1,0,,waiter-1,-2.700012683868408,-2.549999952316284,0.46875423876362454,0.0,5.955668655220224,0,0,waiter-2,1.7210149765014648,-2.200000047683716,0.47099042913488987,0.0,5.966702538645362,0,0,customer-1,2.6890621185302734,2.549999952316284,0.4304736192354319,0.0,3.677673440494782,0,0,customer-2,-7.568173408508301,2.200000047683716,0.39307119764044884,0.0,6.693521399269194,0,0
1,207,8.28,to_table,-0.9451107978820801,3.1309871673583984,-1.4134681181089117,-0.543882429599762,-0.8936827778816223,0.0,0.7727580666542053,0.0,0.7727580666542053,0,nominal-sac-a-star,2.6306932724004115,99.0,99.0,2.707324514389038,99.0,customer-1,0,,waiter-1,-2.681262493133545,-2.549999952316284,0.46875449309389694,0.0,5.940356669665062,0,0,waiter-2,1.7398544549942017,-2.200000047683716,0.4709904023164313,0.0,5.968958292373593,0,0,customer-1,2.7062809467315674,2.549999952316284,0.4304735002103577,0.0,3.697324413231153,0,0,customer-2,-7.552450656890869,2.200000047683716,0.3930697514899073,0.0,6.672606464451987,0,0
1,208,8.319999999999999,to_table,-0.945053219795227,3.128476142883301,-1.38852027486164,-0.31315672397613525,-0.809119701385498,0.0,0.782905638217926,0.0,0.782905638217926,0,nominal-sac-a-star,2.6503532777252072,99.0,99.0,2.723881492614746,99.0,customer-1,0,,waiter-1,-2.6625123023986816,-2.549999952316284,0.46875474742416934,0.0,5.932516874326631,0,0,waiter-2,1.7586939334869385,-2.200000047683716,0.47099037549797274,0.0,5.975190974548094,0,0,customer-1,2.7234997749328613,2.549999952316284,0.43047338118528344,0.0,3.713881497595387,0,0,customer-2,-7.5367279052734375,2.200000047683716,0.39306830533936576,0.0,6.656744175535915,0,0
1,209,8.359999999999998,to_table,-0.9478577375411987,3.1225297451019287,-1.3631673900327153,0.2737234830856323,-0.9332674741744995,0.0,0.7680078744888306,0.0,0.7680078744888306,0,nominal-sac-a-star,2.6669140836843592,99.0,99.0,2.7427449321746824,99.0,customer-1,0,,waiter-1,-2.6437621116638184,-2.549999952316284,0.46875500175444174,0.0,5.92061523950508,0,0,waiter-2,1.7775334119796753,-2.200000047683716,0.47099034867951417,0.0,5.979722427753441,0,0,customer-1,2.740718364715576,2.549999952316284,0.4304756463460002,0.0,3.7327448380202677,0,0,customer-2,-7.521005630493164,2.200000047683716,0.39307162756040626,0.0,6.637569906617737,0,0
1,210,8.399999999999997,to_table,-0.9490535259246826,3.121005058288574,-1.3400545268017166,-0.4704385995864868,-0.8599889278411865,0.0,0.776801347732544,0.0,0.776801347732544,0,nominal-sac-a-star,2.6857840260700083,99.0,99.0,2.7607104873657224,99.0,customer-1,0,,waiter-1,-2.625011920928955,-2.549999952316284,0.46875525608471413,0.0,5.913470586051029,0,0,waiter-2,1.796372890472412,-2.200000047683716,0.4709903218610556,0.0,5.987525494361939,0,0,customer-1,2.757937431335449,2.549999952316284,0.43047314313513496,0.0,3.750710437804392,0,0,customer-2,-7.505282878875732,2.200000047683716,0.3930701814098647,0.0,6.620603715527475,0,0
1,211,8.439999999999996,to_table,-0.95151686668396,3.116830825805664,-1.3143415404631744,-0.4063924551010132,-0.871468722820282,0.0,0.7754237651824951,0.0,0.7754237651824951,0,nominal-sac-a-star,2.703752398733907,99.0,99.0,2.779534349441528,99.0,customer-1,0,,waiter-1,-2.606261730194092,-2.549999952316284,0.46875551041498653,0.0,5.903486396290193,0,0,waiter-2,1.815212368965149,-2.200000047683716,0.47099029504259704,0.0,5.993620041401135,0,0,customer-1,2.775156021118164,2.549999952316284,0.43047540829585174,0.0,3.7695341956029735,0,0,customer-2,-7.489560127258301,2.200000047683716,0.3930687352593232,0.0,6.6020139618796065,0,0
1,212,8.479999999999995,to_table,-0.9530726075172424,3.1148576736450195,-1.2896083713773134,-0.3550124168395996,-0.8787968754768372,0.0,0.774544358253479,0.0,0.774544358253479,0,nominal-sac-a-star,2.722581276218669,99.0,99.0,2.7978017425537107,99.0,customer-1,0,,waiter-1,-2.5875115394592285,-2.549999952316284,0.46875576474525893,0.0,5.8959310159345995,0,0,waiter-2,1.8340518474578857,-2.200000047683716,0.4709902682241385,0.0,6.001314466472165,0,0,customer-1,2.792375087738037,2.549999952316284,0.4304729050849865,0.0,3.7878018273449543,0,0,customer-2,-7.473837375640869,2.200000047683716,0.39306728910878164,0.0,6.584628891363728,0,0
1,213,8.519999999999994,to_table,-0.9545246958732605,3.1117303371429443,-1.2671971991978663,-0.31097412109375,-0.8824252486228943,0.0,0.7741089463233948,0.0,0.7741089463233948,0,nominal-sac-a-star,2.74085189149055,99.0,99.0,2.8158021068572996,99.0,customer-1,0,,waiter-1,-2.5687613487243652,-2.549999952316284,0.4687560190755313,0.0,5.88735508033854,0,0,waiter-2,1.8528913259506226,-2.200000047683716,0.4709902414056799,0.0,6.00800003334589,0,0,customer-1,2.809593677520752,2.549999952316284,0.43047517024570325,0.0,3.8058019068469515,0,0,customer-2,-7.4581146240234375,2.200000047683716,0.3930658429582401,0.0,6.567186161077957,0,0
1,214,8.559999999999993,to_table,-0.9530432820320129,3.1144800186157227,-1.2410254392419273,0.06010699272155762,-0.5089701414108276,0.0,0.8189235925674438,0.0,0.8189235925674438,0,nominal-sac-a-star,2.7588561181103204,99.0,99.0,2.831773052215576,99.0,customer-1,0,,waiter-1,-2.550011157989502,-2.549999952316284,0.4687562734058037,0.0,5.885290115018123,0,0,waiter-2,1.8717308044433594,-2.200000047683716,0.47099021458722135,0.0,6.01855854957953,0,0,customer-1,2.826812744140625,2.549999952316284,0.430472667034838,0.0,3.821773060222575,0,0,customer-2,-7.442392349243164,2.200000047683716,0.3930691651792806,0.0,6.553466634793377,0,0
1,215,8.599999999999993,to_table,-0.9537064433097839,3.108997344970703,-1.2148852649268238,-0.15746748447418213,-0.7539353966712952,0.0,0.7895277738571167,0.0,0.7895277738571167,0,nominal-sac-a-star,2.774826757629982,99.0,99.0,2.8486573791503904,99.0,customer-1,0,,waiter-1,-2.5312609672546387,-2.549999952316284,0.4687565277360761,0.0,5.874770522047674,0,0,waiter-2,1.8905702829360962,-2.200000047683716,0.4709901877687628,0.0,6.022903237698195,0,0,customer-1,2.84403133392334,2.549999952316284,0.43047493219555477,0.0,3.838657357673126,0,0,customer-2,-7.426669597625732,2.200000047683716,0.39306771902873905,0.0,6.5364767331955616,0,0
1,216,8.639999999999992,to_table,-0.9505000710487366,3.1127147674560547,-1.1963817688395788,-0.19537734985351562,-0.8882218599319458,0.0,0.773413360118866,0.0,0.773413360118866,0,nominal-sac-a-star,2.791716557038204,99.0,99.0,2.8630621528625486,99.0,customer-1,0,,waiter-1,-2.5125107765197754,-2.549999952316284,0.4687567820663485,0.0,5.874199131927045,0,0,waiter-2,1.909409761428833,-2.200000047683716,0.4709901609503042,0.0,6.03357464169521,0,0,customer-1,2.861250400543213,2.549999952316284,0.4304724289846895,0.0,3.8530623691888555,0,0,customer-2,-7.410946846008301,2.200000047683716,0.3930662728781975,0.0,6.52460119024715,0,0
1,217,8.67999999999999,to_table,-0.9509854316711426,3.108086109161377,-1.1765374132652515,-0.1758791208267212,-0.8940343856811523,0.0,0.7727158665657043,0.0,0.7727158665657043,0,nominal-sac-a-star,2.806120255533486,99.0,99.0,2.8799071407318113,99.0,customer-1,0,,waiter-1,-2.493760585784912,-2.549999952316284,0.4687570363966209,0.0,5.864647734965721,0,0,waiter-2,1.9282492399215698,-2.200000047683716,0.47099013413184565,0.0,6.03868950539702,0,0,customer-1,2.8784689903259277,2.549999952316284,0.4304746941454063,0.0,3.869907147285971,0,0,customer-2,-7.395224571228027,2.200000047683716,0.393069595099238,0.0,6.507905836968361,0,0
1,218,8.71999999999999,to_table,-0.9494448900222778,3.1066746711730957,-1.1587620164293082,-0.1880720853805542,-0.8933960199356079,0.0,0.7727924585342407,0.0,0.7727924585342407,0,nominal-sac-a-star,2.822969860441849,99.0,99.0,2.8952198123931883,99.0,customer-1,0,,waiter-1,-2.475010395050049,-2.549999952316284,0.4687572907268933,0.0,5.858781264577075,0,0,waiter-2,1.9470887184143066,-2.200000047683716,0.4709901073133871,0.0,6.0457177834031155,0,0,customer-1,2.8956878185272217,2.549999952316284,0.43047457512033205,0.0,3.8852197220970037,0,0,customer-2,-7.379501819610596,2.200000047683716,0.39306814894869646,0.0,6.493665451085878,0,0
1,219,8.75999999999999,to_table,-0.9471790790557861,3.106362819671631,-1.142889910624356,-0.7466962933540344,-0.9389130473136902,0.0,0.7673304080963135,0.0,0.7673304080963135,0,nominal-sac-a-star,2.8382847404177722,99.0,99.0,2.9099745845794676,99.0,customer-1,0,,waiter-1,-2.4562602043151855,-2.549999952316284,0.4687575450571657,0.0,5.854209225074296,0,0,waiter-2,1.9659281969070435,-2.200000047683716,0.4709900804949285,0.0,6.053402421887648,0,0,customer-1,2.9129066467285156,2.549999952316284,0.4304744560952578,0.0,3.8999745448625154,0,0,customer-2,-7.363779067993164,2.200000047683716,0.3930667027981549,0.0,6.480296975639062,0,0
1,220,8.799999999999988,to_table,-0.9461516737937927,3.106009006500244,-1.1294499141078362,-0.5710347294807434,-0.757843017578125,0.0,0.7890588641166687,0.0,0.7890588641166687,0,nominal-sac-a-star,2.853041088965349,99.0,99.0,2.9259510135650633,99.0,customer-1,0,,waiter-1,-2.437509536743164,-2.549999952316284,0.4687530310158561,0.0,5.849323517945792,0,0,waiter-2,1.9847676753997803,-2.200000047683716,0.47099005367646996,0.0,6.061684610284457,0,0,customer-1,2.9301257133483887,2.549999952316284,0.43047195288439255,0.0,3.9159510275799363,0,0,customer-2,-7.348056793212891,2.200000047683716,0.3930700250191954,0.0,6.465697285792172,0,0
1,221,8.839999999999987,to_table,-0.9471657872200012,3.101123094558716,-1.1175868303496281,-0.6813595294952393,-0.7857692837715149,0.0,0.7857077121734619,0.0,0.7857077121734619,0,nominal-sac-a-star,2.8690189782490894,99.0,99.0,2.943312177658081,99.0,customer-1,0,,waiter-1,-2.418759346008301,-2.549999952316284,0.4687532853461285,0.0,5.839587253666905,0,0,waiter-2,2.0036072731018066,-2.200000047683716,0.4709888347651159,0.0,6.067039494081046,0,0,customer-1,2.9473443031311035,2.549999952316284,0.4304742180451093,0.0,3.933312288868218,0,0,customer-2,-7.332334041595459,2.200000047683716,0.3930685788686539,0.0,6.448441391708031,0,0
1,222,8.879999999999987,to_table,-0.9470452666282654,3.102043867111206,-1.102901054420452,-0.6792243719100952,-0.7859123945236206,0.0,0.7856904864311218,0.0,0.7856904864311218,0,nominal-sac-a-star,2.886385025655403,99.0,99.0,2.960371503829956,99.0,customer-1,0,,waiter-1,-2.4000091552734375,-2.549999952316284,0.4687535396764009,0.0,5.835812145574546,0,0,waiter-2,2.022446632385254,-2.200000047683716,0.4709900000395528,0.0,6.076968965917201,0,0,customer-1,2.9645633697509766,2.549999952316284,0.43047171483424407,0.0,3.950371451909146,0,0,customer-2,-7.316611289978027,2.200000047683716,0.39306713271811233,0.0,6.433121666654458,0,0
1,223,8.919999999999986,to_table,-0.946995735168457,3.096942663192749,-1.0802562995217484,-0.6820693016052246,-0.7827774286270142,0.0,0.7860667109489441,0.0,0.7860667109489441,0,nominal-sac-a-star,2.9034448389692322,99.0,99.0,2.976666221618652,99.0,customer-1,0,,waiter-1,-2.381258964538574,-2.549999952316284,0.4687537940066733,0.0,5.826239946481366,0,0,waiter-2,2.041285991668701,-2.200000047683716,0.47099116531398977,0.0,6.081729175263905,0,0,customer-1,2.9817819595336914,2.549999952316284,0.43047397999496084,0.0,3.966666169892549,0,0,customer-2,-7.300889015197754,2.200000047683716,0.3930704549391528,0.0,6.416889111517952,0,0
1,224,8.959999999999985,to_table,-0.9469423294067383,3.09324049949646,-1.0558196502134856,-0.7478737831115723,-0.8769468069076538,0.0,0.7747663855552673,0.0,0.7747663855552673,0,nominal-sac-a-star,2.919744248627996,99.0,99.0,2.993161449432373,99.0,customer-1,0,,waiter-1,-2.362508773803711,-2.549999952316284,0.4687540483369457,0.0,5.8180745230254995,0,0,waiter-2,2.0601255893707275,-2.200000047683716,0.4709899464026357,0.0,6.087762557660485,0,0,customer-1,2.9990005493164062,2.549999952316284,0.4304762451556776,0.0,3.983161494873954,0,0,customer-2,-7.285166263580322,2.200000047683716,0.3930690087886113,0.0,6.400856282130189,0,0
1,225,8.999999999999984,to_table,-0.945064902305603,3.0935938358306885,-1.0312621068749754,-0.6623386740684509,-0.6560972332954407,0.0,0.8012683391571045,0.0,0.8012683391571045,0,nominal-sac-a-star,2.9362433567771156,99.0,99.0,3.008408555984497,99.0,customer-1,0,,waiter-1,-2.3437585830688477,-2.549999952316284,0.46875430266721807,0.0,5.814335289456408,0,0,waiter-2,2.078965187072754,-2.200000047683716,0.4709887274912816,0.0,6.09646571261143,0,0,customer-1,3.0162196159362793,2.549999952316284,0.43047374194481236,0.0,3.998408351413984,0,0,customer-2,-7.269443511962891,2.200000047683716,0.39306756263806975,0.0,6.387196149838011,0,0
1,226,9.039999999999983,to_table,-0.9442729949951172,3.0868685245513916,-1.0059687849769918,-0.626628577709198,-0.6633789539337158,0.0,0.8003945350646973,0.0,0.8003945350646973,0,nominal-sac-a-star,2.9514909800718323,99.0,99.0,3.023778209686279,99.0,customer-1,0,,waiter-1,-2.3250083923339844,-2.549999952316284,0.46875455699749047,0.0,5.80350897845166,0,0,waiter-2,2.097804546356201,-2.200000047683716,0.47098989276571857,0.0,6.099607779823336,0,0,customer-1,3.033438205718994,2.549999952316284,0.43047600710552913,0.0,4.0137780531738745,0,0,customer-2,-7.253721237182617,2.200000047683716,0.39307088485911024,0.0,6.371473363053833,0,0
1,227,9.079999999999982,to_table,-0.9398362040519714,3.089806079864502,-0.9828612877542202,-0.7022213339805603,-0.8144021034240723,0.0,0.7822717428207397,0.0,0.7822717428207397,0,nominal-sac-a-star,2.966866028594773,99.0,99.0,3.0368387794494627,99.0,customer-1,0,,waiter-1,-2.306258201599121,-2.549999952316284,0.46875481132776287,0.0,5.802975198637637,0,0,waiter-2,2.1166439056396484,-2.200000047683716,0.4709910580401555,0.0,6.109346898645318,0,0,customer-1,3.050657272338867,2.549999952316284,0.4304735038946639,0.0,4.026838566475746,0,0,customer-2,-7.2379984855651855,2.200000047683716,0.3930694387085687,0.0,6.360707735714717,0,0
1,228,9.119999999999981,to_table,-0.9392496943473816,3.084813117980957,-0.9575074075542046,-0.6471685767173767,-0.9321810603141785,0.0,0.7681382894515991,0.0,0.7681382894515991,0,nominal-sac-a-star,2.9799256066506326,99.0,99.0,3.052657375335693,99.0,customer-1,0,,waiter-1,-2.287508010864258,-2.549999952316284,0.46875506565803526,0.0,5.7938690721528685,0,0,waiter-2,2.1354832649230957,-2.200000047683716,0.47099222331459245,0.0,6.114182935340326,0,0,customer-1,3.067875862121582,2.549999952316284,0.43047576905538065,0.0,4.042657584742365,0,0,customer-2,-7.222275733947754,2.200000047683716,0.39306799255802716,0.0,6.345022488822649,0,0
1,229,9.15999999999998,to_table,-0.9388604164123535,3.0837292671203613,-0.9330709636776325,-0.7838706374168396,-0.6691550016403198,0.0,0.7997013926506042,0.0,0.7997013926506042,0,nominal-sac-a-star,2.995748901040929,99.0,99.0,3.069197425842285,99.0,customer-1,0,,waiter-1,-2.2687578201293945,-2.549999952316284,0.46875531998830766,0.0,5.788569082454451,0,0,waiter-2,2.154322862625122,-2.200000047683716,0.4709910044032384,0.0,6.122546714385852,0,0,customer-1,3.085094928741455,2.549999952316284,0.4304732658445154,0.0,4.05919740851232,0,0,customer-2,-7.2065534591674805,2.200000047683716,0.39307131477906765,0.0,6.329688255474129,0,0
1,230,9.19999999999998,to_table,-0.9385696053504944,3.082230806350708,-0.9113555450788846,-0.5765455961227417,-0.8056339025497437,0.0,0.7833239436149597,0.0,0.7833239436149597,0,nominal-sac-a-star,3.01229031304742,99.0,99.0,3.085782775878906,99.0,customer-1,0,,waiter-1,-2.2500076293945312,-2.549999952316284,0.46875557431858006,0.0,5.782896593384935,0,0,waiter-2,2.1731624603271484,-2.200000047683716,0.4709897854918843,0.0,6.130647538709079,0,0,customer-1,3.10231351852417,2.549999952316284,0.43047553100523217,0.0,4.075782882195919,0,0,customer-2,-7.190830707550049,2.200000047683716,0.3930698686285261,0.0,6.3141982865297885,0,0
1,231,9.239999999999979,to_table,-0.9374734163284302,3.0817008018493652,-0.889991746039584,-0.6242472529411316,-0.7387593388557434,0.20000000298023224,0.7913488745689392,0.20000000298023224,0.7913488745689392,0,nominal-sac-a-star,3.028878054697503,99.0,99.0,3.101699123382568,99.0,customer-1,0,,waiter-1,-2.231257438659668,-2.549999952316284,0.46875582864885246,0.0,5.778402069855432,0,0,waiter-2,2.1920018196105957,-2.200000047683716,0.47099095076632125,0.0,6.139216490425638,0,0,customer-1,3.119532585144043,2.549999952316284,0.4304730277943669,0.0,4.091699340051498,0,0,customer-2,-7.175107955932617,2.200000047683716,0.39306842247798457,0.0,6.29964132864399,0,0
1,232,9.279999999999978,to_table,-0.9355073571205139,3.0785083770751953,-0.8680295626598461,-0.412505567073822,-0.7437711954116821,0.20000000298023224,0.7907474637031555,0.20000000298023224,0.7907474637031555,0,nominal-sac-a-star,3.0447956981876656,99.0,99.0,3.116410980224609,99.0,customer-1,0,,waiter-1,-2.2125072479248047,-2.549999952316284,0.46875608297912486,0.0,5.771553927249006,0,0,waiter-2,2.210841178894043,-2.200000047683716,0.4709921160407582,0.0,6.145092375248052,0,0,customer-1,3.136751174926758,2.549999952316284,0.4304752929550837,0.0,4.106410927668217,0,0,customer-2,-7.1593852043151855,2.200000047683716,0.39306697632744303,0.0,6.285573350268915,0,0
1,233,9.319999999999977,to_table,-0.9327164888381958,3.078634023666382,-0.8468332484699033,0.21385979652404785,-0.8025937676429749,0.20000000298023224,0.7836887240409851,0.20000000298023224,0.7836887240409851,0,nominal-sac-a-star,3.059510288069209,99.0,99.0,3.1307356452941892,99.0,customer-1,0,,waiter-1,-2.1937570571899414,-2.549999952316284,0.46875633730939725,0.0,5.768166411487738,0,0,waiter-2,2.2296807765960693,-2.200000047683716,0.4709908971294041,0.0,6.153432710580675,0,0,customer-1,3.153970241546631,2.549999952316284,0.43047278974421843,0.0,4.120735664137607,0,0,customer-2,-7.143662929534912,2.200000047683716,0.3930702985484835,0.0,6.272786729433284,0,0
1,234,9.359999999999976,to_table,-0.9303228855133057,3.076106071472168,-0.8280706381045687,-0.2624863386154175,-0.6075544953346252,0.20000000298023224,0.8070934414863586,0.20000000298023224,0.8070934414863586,0,nominal-sac-a-star,3.073835700539865,99.0,99.0,3.1451165771484373,99.0,customer-1,0,,waiter-1,-2.175006866455078,-2.549999952316284,0.46875659163966965,0.0,5.762144323367974,0,0,waiter-2,2.2485203742980957,-2.200000047683716,0.47098967821805005,0.0,6.159735404304517,0,0,customer-1,3.1711888313293457,2.549999952316284,0.4304750549049352,0.0,4.135116202963445,0,0,customer-2,-7.1279401779174805,2.200000047683716,0.393068852397942,0.0,6.259234926732313,0,0
1,235,9.399999999999975,to_table,-0.9272820353507996,3.07600736618042,-0.8094651187268048,-0.07105684280395508,-0.4050135612487793,0.20000000298023224,0.8313983678817749,0.20000000298023224,0.8313983678817749,0,nominal-sac-a-star,3.0882187978880564,99.0,99.0,3.1591670608520506,99.0,customer-1,0,,waiter-1,-2.156256675720215,-2.549999952316284,0.46875684596994205,0.0,5.758674935647054,0,0,waiter-2,2.267359733581543,-2.200000047683716,0.470990843492487,0.0,6.167818922678947,0,0,customer-1,3.1884078979492188,2.549999952316284,0.43047255169406995,0.0,4.149167076234355,0,0,customer-2,-7.112217426300049,2.200000047683716,0.39306740624740044,0.0,6.246664278819242,0,0
1,236,9.439999999999975,to_table,-0.9223985075950623,3.073657512664795,-0.7871954751853519,-0.23243564367294312,-0.5428751707077026,0.20000000298023224,0.8148549795150757,0.20000000298023224,0.8148549795150757,0,nominal-sac-a-star,3.102270419142366,99.0,99.0,3.1711065864562986,99.0,customer-1,0,,waiter-1,-2.1375064849853516,-2.549999952316284,0.46875710030021445,0.0,5.753434685486134,0,0,waiter-2,2.2861990928649902,-2.200000047683716,0.47099200876692393,0.0,6.173051322117694,0,0,customer-1,3.2056264877319336,2.549999952316284,0.4304748168547867,0.0,4.161106535833299,0,0,customer-2,-7.096494674682617,2.200000047683716,0.3930659600968589,0.0,6.23560268511091,0,0
1,237,9.479999999999974,to_table,-0.9170166254043579,3.0753140449523926,-0.7655216102740909,-0.20731890201568604,-0.5242706537246704,0.20000000298023224,0.8170875310897827,0.20000000298023224,0.8170875310897827,0,nominal-sac-a-star,3.114212129184735,99.0,99.0,3.1830580329895017,99.0,customer-1,0,,waiter-1,-2.1187562942504883,-2.549999952316284,0.46875735463048684,0.0,5.7522461525516535,0,0,waiter-2,2.3050386905670166,-2.200000047683716,0.47099078985556986,0.0,6.181470636923265,0,0,customer-1,3.2228455543518066,2.549999952316284,0.43047231364392147,0.0,4.173058082904857,0,0,customer-2,-7.080772399902344,2.200000047683716,0.3930692823178994,0.0,6.225597147380461,0,0
1,238,9.519999999999973,to_table,-0.9111311435699463,3.0703816413879395,-0.7420722273974922,-0.5617787837982178,-0.6127539277076721,0.20000000298023224,0.8064695000648499,0.20000000298023224,0.8064695000648499,0,nominal-sac-a-star,3.1261633468067833,99.0,99.0,3.193685302734375,99.0,customer-1,0,,waiter-1,-2.100006103515625,-2.549999952316284,0.46875760896075924,0.0,5.744746550478538,0,0,waiter-2,2.323878288269043,-2.200000047683716,0.4709895709442158,0.0,6.184028555285706,0,0,customer-1,3.2400641441345215,2.549999952316284,0.43047457880463824,0.0,4.183684909141802,0,0,customer-2,-7.065049648284912,2.200000047683716,0.39306783616735785,0.0,6.215165088823658,0,0
1,239,9.559999999999972,to_table,-0.9034082293510437,3.070141315460205,-0.7161633837293989,-0.14524078369140625,-0.8894720077514648,0.20000000298023224,0.7583955526351929,0.20000000298023224,0.7583955526351929,0,nominal-sac-a-star,3.136793637962371,99.0,99.0,3.2030775642395017,99.0,customer-1,0,,waiter-1,-2.0812554359436035,-2.549999952316284,0.4687530949194496,0.0,5.742239276784121,0,0,waiter-2,2.3427176475524902,-2.200000047683716,0.47099073621865273,0.0,6.189646451633825,0,0,customer-1,3.2572832107543945,2.549999952316284,0.430472075593773,0.0,4.193077664129283,0,0,customer-2,-7.0493268966674805,2.200000047683716,0.3930663900168163,0.0,6.207210491932453,0,0
1,240,9.599999999999971,to_table,-0.8957071304321289,3.0676820278167725,-0.6885763176006092,0.26497650146484375,-0.540285587310791,0.20000000298023224,0.7682129740715027,0.20000000298023224,0.7682129740715027,0,nominal-sac-a-star,3.1461868645430924,99.0,99.0,3.2122180557250974,99.0,customer-1,0,,waiter-1,-2.0625052452087402,-2.549999952316284,0.468753349249722,0.0,5.737575155983398,0,0,waiter-2,2.3615570068359375,-2.200000047683716,0.47099190149308967,0.0,6.193403273522709,0,0,customer-1,3.2745018005371094,2.549999952316284,0.43047434075448976,0.0,4.202218135607681,0,0,customer-2,-7.033604621887207,2.200000047683716,0.3930697122378568,0.0,6.198923909377995,0,0
1,241,9.63999999999997,to_table,-0.8871840834617615,3.063873291015625,-0.6591695624934648,0.30316388607025146,-0.5427902936935425,0.20000000298023224,0.7392638921737671,0.20000000298023224,0.7392638921737671,0,nominal-sac-a-star,3.1553293863809815,99.0,99.0,3.220381507873535,99.0,customer-1,0,,waiter-1,-2.043755054473877,-2.549999952316284,0.4687536035799944,0.0,5.731773652473188,0,0,waiter-2,2.380396604537964,-2.200000047683716,0.4709906825817356,0.0,6.195598928147181,0,0,customer-1,3.2917208671569824,2.549999952316284,0.4304718375436245,0.0,4.2103815022550934,0,0,customer-2,-7.017881870269775,2.200000047683716,0.39306826608731527,0.0,6.1912625799361365,0,0
1,242,9.67999999999997,to_table,-0.8777740001678467,3.0635313987731934,-0.6285754661094785,0.17016029357910156,-0.5451803207397461,0.20000000298023224,0.7116016149520874,0.20000000298023224,0.7116016149520874,0,nominal-sac-a-star,3.1634949263984966,99.0,99.0,3.2280900573730467,99.0,customer-1,0,,waiter-1,-2.0250048637390137,-2.549999952316284,0.4687538579102668,0.0,5.729561316889339,0,0,waiter-2,2.3992362022399902,-2.200000047683716,0.4709894636703815,0.0,6.200287021947115,0,0,customer-1,3.3089394569396973,2.549999952316284,0.4304741027043413,0.0,4.218090103165831,0,0,customer-2,-7.002159118652344,2.200000047683716,0.3930668199367737,0.0,6.184963983228099,0,0
1,243,9.719999999999969,to_table,-0.867367148399353,3.0600056648254395,-0.6001037344572383,0.4847456216812134,-0.505387544631958,0.20000000298023224,0.6788752675056458,0.20000000298023224,0.6788752675056458,0,nominal-sac-a-star,3.1712043916910027,99.0,99.0,3.234424362182617,99.0,customer-1,0,,waiter-1,-2.0062546730041504,-2.549999952316284,0.4687541122405392,0.0,5.724441266889034,0,0,waiter-2,2.4180755615234375,-2.200000047683716,0.47099062894481847,0.0,6.201757323195882,0,0,customer-1,3.326158046722412,2.549999952316284,0.43047636786505805,0.0,4.224424148793894,0,0,customer-2,-6.98643684387207,2.200000047683716,0.3930701421578142,0.0,6.179208978467057,0,0
1,244,9.759999999999968,to_table,-0.855523407459259,3.0537054538726807,-0.5727086408261557,0.4409945011138916,-0.47489500045776367,0.20000000298023224,0.655968964099884,0.20000000298023224,0.655968964099884,0,nominal-sac-a-star,3.1775407919706407,99.0,99.0,3.2390053367614744,99.0,customer-1,0,,waiter-1,-1.987504482269287,-2.549999952316284,0.4687543665708116,0.0,5.716895611525498,0,0,waiter-2,2.4369149208068848,-2.200000047683716,0.4709917942192554,0.0,6.20012674406902,0,0,customer-1,3.343377113342285,2.549999952316284,0.4304738646541928,0.0,4.2290051804042115,0,0,customer-2,-6.970714092254639,2.200000047683716,0.3930686960072727,0.0,6.174493504083104,0,0
1,245,9.799999999999967,to_table,-0.8430407047271729,3.053462505340576,-0.5456133323031993,-0.24175024032592773,-0.29756832122802734,0.20000000298023224,0.6598472595214844,0.20000000298023224,0.6598472595214844,0,nominal-sac-a-star,3.1821249314996543,99.0,99.0,3.243678340911865,99.0,customer-1,0,,waiter-1,-1.9687542915344238,-2.549999952316284,0.468754620901084,0.0,5.715419721585835,0,0,waiter-2,2.455754518508911,-2.200000047683716,0.47099057530790134,0.0,6.20329901914084,0,0,customer-1,3.360595703125,2.549999952316284,0.43047612981490957,0.0,4.233678494136991,0,0,customer-2,-6.954991340637207,2.200000047683716,0.39306724985673114,0.0,6.171250986828421,0,0
1,246,9.839999999999966,to_table,-0.830268144607544,3.0462989807128906,-0.5180804619677631,0.4979041814804077,-0.5683827996253967,0.20000000298023224,0.5943613052368164,0.20000000298023224,0.5943613052368164,0,nominal-sac-a-star,3.186798857844318,99.0,99.0,3.24724889755249,99.0,customer-1,0,,waiter-1,-1.9500041007995605,-2.549999952316284,0.4687548752313564,0.0,5.707220896321846,0,0,waiter-2,2.4745941162109375,-2.200000047683716,0.47098935639654727,0.0,6.200465148546311,0,0,customer-1,3.377814769744873,2.549999952316284,0.4304736266040443,0.0,4.237248463289844,0,0,customer-2,-6.939269065856934,2.200000047683716,0.39307057207777163,0.0,6.167342550878151,0,0
1,247,9.879999999999965,to_table,-0.8169570565223694,3.043034553527832,-0.49144119867308944,0.40244626998901367,-0.3470041751861572,0.20000000298023224,0.6072314977645874,0.20000000298023224,0.6072314977645874,0,nominal-sac-a-star,3.1903722282712144,99.0,99.0,3.2507484054565428,99.0,customer-1,0,,waiter-1,-1.9312539100646973,-2.549999952316284,0.4687551295616288,0.0,5.702954713249726,0,0,waiter-2,2.4934334754943848,-2.200000047683716,0.4709905216709842,0.0,6.200652973999408,0,0,customer-1,3.395033359527588,2.549999952316284,0.4304758917647611,0.0,4.240748328171399,0,0,customer-2,-6.923546314239502,2.200000047683716,0.3930691259272301,0.0,6.164506431216542,0,0
1,248,9.919999999999964,to_table,-0.803966224193573,3.0363712310791016,-0.4689968049010845,0.45317232608795166,-0.36672359704971313,0.20000000298023224,0.5820277333259583,0.20000000298023224,0.5820277333259583,0,nominal-sac-a-star,3.193874063695276,99.0,99.0,3.2541792488098142,99.0,customer-1,0,,waiter-1,-1.912503719329834,-2.549999952316284,0.4687553838919012,0.0,5.695296162342511,0,0,waiter-2,2.512272834777832,-2.200000047683716,0.47099168694542115,0.0,6.198146954154902,0,0,customer-1,3.412252426147461,2.549999952316284,0.43047338855389583,0.0,4.244179158363717,0,0,customer-2,-6.90782356262207,2.200000047683716,0.39306767977668855,0.0,6.160892075365516,0,0
1,249,9.959999999999964,to_table,-0.7922363877296448,3.0316359996795654,-0.44988403192406,0.4968688488006592,-0.37175703048706055,0.20000000298023224,0.574741780757904,0.20000000298023224,0.574741780757904,0,nominal-sac-a-star,3.197307961056551,99.0,99.0,3.2590925788879392,99.0,customer-1,0,,waiter-1,-1.8937535285949707,-2.549999952316284,0.4687556382221736,0.0,5.689288172718335,0,0,waiter-2,2.5311124324798584,-2.200000047683716,0.4709904680340671,0.0,6.197956365840178,0,0,customer-1,3.429471015930176,2.549999952316284,0.4304756537146126,0.0,4.24909245418782,0,0,customer-2,-6.892101287841797,2.200000047683716,0.39307100199772904,0.0,6.1562951648107545,0,0
1,250,9.999999999999963,to_table,-0.7803401947021484,3.0259218215942383,-0.43120199705424006,0.17174911499023438,-0.29952776432037354,0.20000000298023224,0.5759522318840027,0.20000000298023224,0.5759522318840027,0,nominal-sac-a-star,3.2022239347129036,99.0,99.0,3.263737926483154,99.0,customer-1,0,,waiter-1,-1.8750033378601074,-2.549999952316284,0.468755892552446,0.0,5.682357875544088,0,0,waiter-2,2.5499520301818848,-2.200000047683716,0.470989249122713,0.0,6.196862568019451,0,0,customer-1,3.446690082550049,2.549999952316284,0.43047315050374735,0.0,4.253737955077136,0,0,customer-2,-6.876378536224365,2.200000047683716,0.3930695558471875,0.0,6.151733921255733,0,0
1,251,10.039999999999962,to_table,-0.7680505514144897,3.0217998027801514,-0.41234000846915675,-0.22837799787521362,-0.6872609853744507,0.20000000298023224,0.5266596078872681,0.20000000298023224,0.5266596078872681,0,nominal-sac-a-star,3.2068720381197693,99.0,99.0,3.268177280426025,99.0,customer-1,0,,waiter-1,-1.8562531471252441,-2.549999952316284,0.4687561468827184,0.0,5.677071199148759,0,0,waiter-2,2.568791389465332,-2.200000047683716,0.47099041439714995,0.0,6.196911151268758,0,0,customer-1,3.4639086723327637,2.549999952316284,0.4304754156644641,0.0,4.258177306120212,0,0,customer-2,-6.860655784606934,2.200000047683716,0.39306810969664596,0.0,6.147779547527751,0,0
1,252,10.079999999999961,to_table,-0.7564060688018799,3.016576051712036,-0.39615584660649295,0.5979056358337402,-0.6332882642745972,0.20000000298023224,0.4990062415599823,0.20000000298023224,0.4990062415599823,0,nominal-sac-a-star,3.2113136979924173,99.0,99.0,3.2731425857543943,99.0,customer-1,0,,waiter-1,-1.8375029563903809,-2.549999952316284,0.4687564012129908,0.0,5.670585409724242,0,0,waiter-2,2.5876307487487793,-2.200000047683716,0.4709915796715869,0.0,6.196389952054449,0,0,customer-1,3.4811277389526367,2.549999952316284,0.43047291245359887,0.0,4.263142740794618,0,0,customer-2,-6.84493350982666,2.200000047683716,0.39307143191768645,0.0,6.143041817411519,0,0
1,253,10.11999999999996,to_table,-0.7448527812957764,3.011536121368408,-0.38041437735692407,0.5755738019943237,-0.6117354035377502,0.20000000298023224,0.49585264921188354,0.20000000298023224,0.49585264921188354,0,nominal-sac-a-star,3.2162814569215863,99.0,99.0,3.278226146697998,99.0,customer-1,0,,waiter-1,-1.8187527656555176,-2.549999952316284,0.4687566555432632,0.0,5.664269121016762,0,0,waiter-2,2.6064703464508057,-2.200000047683716,0.4709903607602328,0.0,6.196085534263356,0,0,customer-1,3.4983463287353516,2.549999952316284,0.43047517761431564,0.0,4.268226133033753,0,0,customer-2,-6.82921028137207,2.200000047683716,0.3930652173955629,0.0,6.138240544946591,0,0
1,254,10.15999999999996,to_table,-0.7336540222167969,3.006885528564453,-0.36445855447336895,0.9038033485412598,-0.41379857063293457,0.20000000298023224,0.5145832300186157,0.20000000298023224,0.5145832300186157,0,nominal-sac-a-star,3.2213675347557524,99.0,99.0,3.2837116813659666,99.0,customer-1,0,,waiter-1,-1.8000025749206543,-2.549999952316284,0.4687569098735356,0.0,5.658274956510752,0,0,waiter-2,2.625309944152832,-2.200000047683716,0.47098914184887875,0.0,6.196313124069087,0,0,customer-1,3.5155653953552246,2.549999952316284,0.4304726744034504,0.0,4.273711512076445,0,0,customer-2,-6.813488006591797,2.200000047683716,0.3930685396166034,0.0,6.133143195525221,0,0
1,255,10.199999999999958,to_table,-0.7148708701133728,2.9992759227752686,-0.35382077290614034,0.7567366361618042,-0.6335582137107849,0.7799999713897705,0.48252072930336,0.7799999713897705,0.48252072930336,0,nominal-sac-a-star,2.1490673047214717,99.0,99.0,1.9458859062194824,99.0,customer-1,0,,waiter-1,-1.781252384185791,-2.549999952316284,0.468757164203808,0.0,5.650808107822146,0,0,waiter-2,2.6441493034362793,-2.200000047683716,0.4709903071233157,0.0,6.189950496030299,0,0,customer-1,3.5327839851379395,2.549999952316284,0.43047493956416716,0.0,4.271348811203776,0,0,customer-2,-6.797765731811523,2.200000047683716,0.39307186183764387,0.0,6.135181482480949,0,0
1,256,10.239999999999958,to_table,-0.6907137632369995,2.9967751502990723,-0.33382280889908805,0.883181095123291,-0.6356906294822693,0.20000000298023224,0.49352332949638367,0.20000000298023224,0.49352332949638367,0,nominal-sac-a-star,3.224495615078154,99.0,99.0,3.274186859130859,99.0,customer-1,0,,waiter-1,-1.7625021934509277,-2.549999952316284,0.4687574185340804,0.0,5.649375583029865,0,0,waiter-2,2.6629886627197266,-2.200000047683716,0.47099147239775263,0.0,6.184965029831379,0,0,customer-1,3.5500030517578125,2.549999952316284,0.4304724363533019,0.0,4.264186579233172,0,0,customer-2,-6.782042503356934,2.200000047683716,0.3930656473155203,0.0,6.143218731606324,0,0
1,257,10.279999999999957,to_table,-0.6692347526550293,2.9865219593048096,-0.3214504462483458,0.7073335647583008,-0.5684090852737427,0.20000000298023224,0.49113157391548157,0.20000000298023224,0.49113157391548157,0,nominal-sac-a-star,3.217333876690107,99.0,99.0,3.2688868141174314,99.0,customer-1,0,,waiter-1,-1.7437520027160645,-2.549999952316284,0.46875767286435277,0.0,5.639828206473954,0,0,waiter-2,2.681828260421753,-2.200000047683716,0.47099025348639856,0.0,6.174919744141419,0,0,customer-1,3.5672216415405273,2.549999952316284,0.4304747015140187,0.0,4.25888650265603,0,0,customer-2,-6.76632022857666,2.200000047683716,0.3930689695365608,0.0,6.14760669026204,0,0
1,258,10.319999999999956,to_table,-0.6550171971321106,2.9803245067596436,-0.30646185847276575,0.6996874809265137,-0.5598034858703613,0.20000000298023224,0.5139862298965454,0.20000000298023224,0.5139862298965454,0,nominal-sac-a-star,3.212038095023252,99.0,99.0,3.2712419128417967,99.0,customer-1,0,,waiter-1,-1.725001335144043,-2.549999952316284,0.46875315882304314,0.0,5.632881560822186,0,0,waiter-2,2.7006678581237793,-2.200000047683716,0.4709890345750445,0.0,6.172226881720771,0,0,customer-1,3.5844407081604004,2.549999952316284,0.4304721983031534,0.0,4.261241902650451,0,0,customer-2,-6.750597953796387,2.200000047683716,0.3930722917576013,0.0,6.145324321990497,0,0
1,259,10.359999999999955,to_table,-0.6428378224372864,2.9750590324401855,-0.2908471198313985,0.7061433792114258,-0.5717947483062744,0.20000000298023224,0.5188332200050354,0.20000000298023224,0.5188332200050354,0,nominal-sac-a-star,3.2143958961081243,99.0,99.0,3.2757275199890135,99.0,customer-1,0,,waiter-1,-1.7062511444091797,-2.549999952316284,0.46875341315331553,0.0,5.626466446926124,0,0,waiter-2,2.7195072174072266,-2.200000047683716,0.47099019984948143,0.0,6.171434245760043,0,0,customer-1,3.6016592979431152,2.549999952316284,0.4304744634638702,0.0,4.2657274908874925,0,0,customer-2,-6.734874725341797,2.200000047683716,0.3930660772354777,0.0,6.141142406442152,0,0
1,260,10.399999999999954,to_table,-0.629977285861969,2.9703636169433594,-0.27374284644175595,0.7046182155609131,-0.5691942572593689,0.20000000298023224,0.5222562551498413,0.20000000298023224,0.5222562551498413,0,nominal-sac-a-star,3.2188840273904447,99.0,99.0,3.279599437713623,99.0,customer-1,0,,waiter-1,-1.6875009536743164,-2.549999952316284,0.46875366748358793,0.0,5.620744634369395,0,0,waiter-2,2.738346576690674,-2.200000047683716,0.47099136512391837,0.0,6.170758953932447,0,0,customer-1,3.6188783645629883,2.549999952316284,0.43047196025300494,0.0,4.269599506825762,0,0,customer-2,-6.719152450561523,2.200000047683716,0.3930693994565182,0.0,6.137712457849121,0,0
1,261,10.439999999999953,to_table,-0.6175370812416077,2.96671462059021,-0.2548231525464568,0.7015061378479004,-0.5644165277481079,0.20000000298023224,0.5240421295166016,0.20000000298023224,0.5240421295166016,0,nominal-sac-a-star,3.2227578255723106,99.0,99.0,3.2839973068237303,99.0,customer-1,0,,waiter-1,-1.6687507629394531,-2.549999952316284,0.46875392181386033,0.0,5.615976307242367,0,0,waiter-2,2.7571861743927,-2.200000047683716,0.4709901462125643,0.0,6.17119903385687,0,0,customer-1,3.636096954345703,2.549999952316284,0.4304742254137217,0.0,4.273997382247846,0,0,customer-2,-6.703429698944092,2.200000047683716,0.39306795330597666,0.0,6.133998711323045,0,0
1,262,10.479999999999952,to_table,-0.5970571637153625,2.9620957374572754,-0.2391196801046115,0.6955361366271973,-0.5553279519081116,0.7799999713897705,0.4438786208629608,0.7799999713897705,0.4438786208629608,0,nominal-sac-a-star,2.0845628171844366,99.0,99.0,1.851451644897461,99.0,customer-1,0,,waiter-1,-1.6500005722045898,-2.549999952316284,0.46875417614413273,0.0,5.611763422909163,0,0,waiter-2,2.7760257720947266,-2.200000047683716,0.4709889273012102,0.0,6.166435063050903,0,0,customer-1,3.653316020965576,2.549999952316284,0.43047172220285645,0.0,4.270303870356974,0,0,customer-2,-6.68770694732666,2.200000047683716,0.3930665071554351,0.0,6.138143418573387,0,0
1,263,10.519999999999952,to_table,-0.5683507323265076,2.9558515548706055,-0.22501195379982075,0.8433840274810791,-0.5169597864151001,0.8199999928474426,0.44820886850357056,0.8199999928474426,0.44820886850357056,0,nominal-sac-a-star,1.980842503402372,99.0,99.0,1.7156217193603516,99.0,customer-1,0,,waiter-1,-1.6312503814697266,-2.549999952316284,0.4687544304744051,0.0,5.607508937428538,0,0,waiter-2,2.794865131378174,-2.200000047683716,0.47099009257564717,0.0,6.155812431632139,0,0,customer-1,3.670534610748291,2.549999952316284,0.43047398736357323,0.0,4.258270127062193,0,0,customer-2,-6.671984672546387,2.200000047683716,0.3930698293764756,0.0,6.150256805786303,0,0
1,264,10.55999999999995,to_table,-0.5306008458137512,2.9483091831207275,-0.21542512755096893,0.8556268215179443,-0.5137110352516174,0.8199999928474426,0.4599701464176178,0.8199999928474426,0.4599701464176178,0,nominal-sac-a-star,1.9626728870845438,99.0,99.0,1.6891942119598389,99.0,customer-1,0,,waiter-1,-1.6125001907348633,-2.549999952316284,0.4687546848046775,0.0,5.603740673993652,0,0,waiter-2,2.813704490661621,-2.200000047683716,0.4709912578500841,0.0,6.139174709972334,0,0,customer-1,3.687753200531006,2.549999952316284,0.43047625252429,0.0,4.23711707457526,0,0,customer-2,-6.656261920928955,2.200000047683716,0.39306838322593407,0.0,6.171198438663275,0,0
1,265,10.59999999999995,to_table,-0.4885766804218292,2.9419267177581787,-0.20178441520236262,0.8591207265853882,-0.4972388744354248,0.8199999928474426,0.49144959449768066,0.8199999928474426,0.49144959449768066,0,nominal-sac-a-star,1.9379213083644535,99.0,99.0,1.656333932876587,99.0,customer-1,0,,waiter-1,-1.59375,-2.549999952316284,0.4687549391349499,0.0,5.602023439417459,0,0,waiter-2,2.8325440883636475,-2.200000047683716,0.47099003893873004,0.0,6.121213443593188,0,0,customer-1,3.704972267150879,2.549999952316284,0.43047374931342475,0.0,4.2118237576088005,0,0,customer-2,-6.640539169311523,2.200000047683716,0.39306693707539253,0.0,6.196539167024902,0,0
1,266,10.639999999999949,to_table,-0.45291420817375183,2.934795618057251,-0.17705414454371346,0.8666822910308838,-0.5072662830352783,0.20000000298023224,0.5219310522079468,0.20000000298023224,0.5219310522079468,0,nominal-sac-a-star,3.1649911692945008,99.0,99.0,3.2028000450134275,99.0,customer-1,0,,waiter-1,-1.5749998092651367,-2.549999952316284,0.4687551934652223,0.0,5.598397855187301,0,0,waiter-2,2.851383686065674,-2.200000047683716,0.47098882002737597,0.0,6.10610441302696,0,0,customer-1,3.7221908569335938,2.549999952316284,0.4304760144741415,0.0,4.192799781656411,0,0,customer-2,-6.62481689453125,2.200000047683716,0.393070259296433,0.0,6.2154893049628415,0,0
1,267,10.679999999999948,to_table,-0.4161805510520935,2.925248861312866,-0.15210425625031965,0.07928025722503662,-0.9765026569366455,0.7799999713897705,0.3783823847770691,0.7799999713897705,0.3783823847770691,0,nominal-sac-a-star,1.9748643480286077,99.0,99.0,1.713627109527588,99.0,customer-1,0,,waiter-1,-1.5562496185302734,-2.549999952316284,0.4687554477954947,0.0,5.592683349678219,0,0,waiter-2,2.870223045349121,-2.200000047683716,0.4709899853018129,0.0,6.088400855529265,0,0,customer-1,3.739409923553467,2.549999952316284,0.43047351126327627,0.0,4.172498524425814,0,0,customer-2,-6.609094142913818,2.200000047683716,0.3930688131458915,0.0,6.2352357291393705,0,0
1,268,10.719999999999947,to_table,-0.3735258877277374,2.920062780380249,-0.13609958836759514,0.8176207542419434,0.09914147853851318,0.8176207542419434,0.5214277505874634,0.8176207542419434,0.5214277505874634,0,nominal-sac-a-star,1.8589897919241325,99.0,99.0,1.5711865520477295,99.0,customer-1,0,,waiter-1,-1.5374994277954102,-2.549999952316284,0.4687557021257671,0.0,5.592532583866913,0,0,waiter-2,2.8890624046325684,-2.200000047683716,0.47099115057624985,0.0,6.071204635718425,0,0,customer-1,3.7566285133361816,2.549999952316284,0.43047577642399304,0.0,4.146700118569266,0,0,customer-2,-6.593371391296387,2.200000047683716,0.39306736699534994,0.0,6.261387100897176,0,0
1,269,10.759999999999946,to_table,-0.3290479779243469,2.915635824203491,-0.11987859286208999,0.9061605930328369,-0.645084798336029,0.8199999928474426,0.4570091664791107,0.8199999928474426,0.4570091664791107,0,nominal-sac-a-star,1.8241865277758829,99.0,99.0,1.53250337600708,99.0,customer-1,0,,waiter-1,-1.5187492370605469,-2.549999952316284,0.4687559564560395,0.0,5.5936181070540725,0,0,waiter-2,2.9079017639160156,-2.200000047683716,0.4709923158506868,0.0,6.053723978258306,0,0,customer-1,3.7738475799560547,2.549999952316284,0.4304732732131278,0.0,4.119155441311417,0,0,customer-2,-6.577649116516113,2.200000047683716,0.39307068921639043,0.0,6.289447571436253,0,0
1,270,10.799999999999946,to_table,-0.29140231013298035,2.9119081497192383,-0.10252606424254913,0.8992996215820312,-0.6200181841850281,0.20000000298023224,0.4929794371128082,0.20000000298023224,0.4929794371128082,0,nominal-sac-a-star,3.0723295265391357,99.0,99.0,3.1084787940979,99.0,customer-1,0,,waiter-1,-1.4999990463256836,-2.549999952316284,0.4687562107863119,0.0,5.594027724798737,0,0,waiter-2,2.926741600036621,-2.200000047683716,0.4709887127535417,0.0,6.040534384078714,0,0,customer-1,3.7910661697387695,2.549999952316284,0.43047553837384456,0.0,4.098478550937386,0,0,customer-2,-6.561926364898682,2.200000047683716,0.3930692430658489,0.0,6.310807006012711,0,0
1,271,10.839999999999945,to_table,-0.25877484679222107,2.9074926376342773,-0.0821028494296378,0.7600263357162476,-0.6601600050926208,0.7799999713897705,0.3845997750759125,0.7799999713897705,0.3845997750759125,0,nominal-sac-a-star,1.8672456162449504,99.0,99.0,1.6111593341827393,99.0,customer-1,0,,waiter-1,-1.4812488555908203,-2.549999952316284,0.4687564651165843,0.0,5.592733506216205,0,0,waiter-2,2.9455809593200684,-2.200000047683716,0.47098987802797865,0.0,6.029459151759994,0,0,customer-1,3.8082852363586426,2.549999952316284,0.4304730351629793,0.0,4.082741571544172,0,0,customer-2,-6.54620361328125,2.200000047683716,0.39306779691530735,0.0,6.327108838838535,0,0
1,272,10.879999999999944,to_table,-0.22364407777786255,2.9026122093200684,-0.06973288587178385,0.9652777910232544,-0.7901155948638916,0.8199999928474426,0.37738630175590515,0.8199999928474426,0.37738630175590515,0,nominal-sac-a-star,1.754513729738821,99.0,99.0,1.4727432823181152,99.0,customer-1,0,,waiter-1,-1.462498664855957,-2.549999952316284,0.4687567194468567,0.0,5.591577601459994,0,0,waiter-2,2.9644203186035156,-2.200000047683716,0.4709910433024156,0.0,6.0166773588750635,0,0,customer-1,3.8255038261413574,2.549999952316284,0.4304753003236961,0.0,4.064472186102731,0,0,customer-2,-6.530481338500977,2.200000047683716,0.39307111913634785,0.0,6.345853771000773,0,0
1,273,10.919999999999943,to_table,-0.1813938319683075,2.897552013397217,-0.057974150786792245,0.8638916015625,-0.502220094203949,0.8199999928474426,0.4381266236305237,0.8199999928474426,0.4381266236305237,0,nominal-sac-a-star,1.7362292486016317,99.0,99.0,1.447826156616211,99.0,customer-1,0,,waiter-1,-1.4437484741210938,-2.549999952316284,0.4687569737771291,0.0,5.591901435264549,0,0,waiter-2,2.983259677886963,-2.200000047683716,0.47099220857685253,0.0,6.000005737736402,0,0,customer-1,3.8427228927612305,2.549999952316284,0.4304727971128308,0.0,4.03909740528866,0,0,customer-2,-6.514758586883545,2.200000047683716,0.3930696729858063,0.0,6.371662880573117,0,0
1,274,10.959999999999942,to_table,-0.1343853622674942,2.894688129425049,-0.04093317612786905,0.8867919445037842,-0.4779707193374634,0.8199999928474426,0.48254629969596863,0.8199999928474426,0.48254629969596863,0,nominal-sac-a-star,1.7112597830582337,99.0,99.0,1.4197156524658203,99.0,customer-1,0,,waiter-1,-1.4249982833862305,-2.549999952316284,0.4687572281074015,0.0,5.59556163576229,0,0,waiter-2,3.0020995140075684,-2.200000047683716,0.47098860547970745,0.0,5.982757307552599,0,0,customer-1,3.8599414825439453,2.549999952316284,0.4304750622735476,0.0,4.009171595556852,0,0,customer-2,-6.499035835266113,2.200000047683716,0.39306822683526477,0.0,6.402450091516138,0,0
1,275,10.999999999999941,to_table,-0.09944950044155121,2.8917927742004395,-0.02118796249459441,0.9032154083251953,-0.5799163579940796,0.20000000298023224,0.5165397524833679,0.20000000298023224,0.5165397524833679,0,nominal-sac-a-star,2.962350062054915,99.0,99.0,3.0012717342376707,99.0,customer-1,0,,waiter-1,-1.4062480926513672,-2.549999952316284,0.4687574824376739,0.0,5.596501642899059,0,0,waiter-2,3.0209388732910156,-2.200000047683716,0.4709897707541444,0.0,5.971865516228273,0,0,customer-1,3.8771605491638184,2.549999952316284,0.43047255906268234,0.0,3.9912717045716084,0,0,customer-2,-6.48331356048584,2.200000047683716,0.39307154905630526,0.0,6.421238004745393,0,0
1,276,11.03999999999994,to_table,-0.06816241890192032,2.8880672454833984,-9.89596916794586e-05,0.7461135387420654,-0.6399196982383728,0.20000000298023224,0.5481284856796265,0.20000000298023224,0.5481284856796265,0,nominal-sac-a-star,2.944450424698373,99.0,99.0,2.98693657875061,99.0,customer-1,0,,waiter-1,-1.387497901916504,-2.549999952316284,0.4687577367679463,0.0,5.595821741668172,0,0,waiter-2,3.039778232574463,-2.200000047683716,0.47099093602858133,0.0,5.962191197277757,0,0,customer-1,3.894379138946533,2.549999952316284,0.4304748242233991,0.0,3.9769366467653704,0,0,customer-2,-6.46759033203125,2.200000047683716,0.3930653345341817,0.0,6.436312149362142,0,0
1,277,11.07999999999994,to_table,-0.03617004305124283,2.888413906097412,0.015750029808829787,0.9242086410522461,-0.9630209803581238,0.8199999928474426,0.3397408723831177,0.8199999928474426,0.3397408723831177,0,nominal-sac-a-star,1.6575904148687657,99.0,99.0,1.3890998458862305,99.0,customer-1,0,,waiter-1,-1.3687472343444824,-2.549999952316284,0.46875322272663666,0.0,5.599295247273636,0,0,waiter-2,3.05861759185791,-2.200000047683716,0.4709921013030183,0.0,5.9556416170066075,0,0,customer-1,3.9115982055664062,2.549999952316284,0.43047232101253385,0.0,3.9622466037473534,0,0,customer-2,-6.451868057250977,2.200000047683716,0.3930686567552222,0.0,6.452526222330479,0,0
1,278,11.119999999999939,to_table,0.0011894339695572853,2.890120029449463,0.03373780594009754,0.8992538452148438,-0.4420124292373657,0.8199999928474426,0.41578954458236694,0.8199999928474426,0.41578954458236694,0,nominal-sac-a-star,1.6472904435282125,99.0,99.0,1.3780717945098877,99.0,customer-1,0,,waiter-1,-1.3499970436096191,-2.549999952316284,0.46875347705690906,0.0,5.605409022827841,0,0,waiter-2,3.0774574279785156,-2.200000047683716,0.4709884982058732,0.0,5.947499236704295,0,0,customer-1,3.928816795349121,2.549999952316284,0.43047458617325063,0.0,3.9423265157425096,0,0,customer-2,-6.436145782470703,2.200000047683716,0.39307197897626267,0.0,6.474221982451199,0,0
1,279,11.159999999999938,to_table,0.04471162334084511,2.8935461044311523,0.045245373871422766,0.7820479869842529,-0.8838821053504944,0.7820479869842529,0.23450684547424316,0.7820479869842529,0.23450684547424316,0,nominal-sac-a-star,1.7231275550591147,99.0,99.0,1.4699688053131104,99.0,customer-1,0,,waiter-1,-1.3312468528747559,-2.549999952316284,0.46875373138718146,0.0,5.614753369490073,0,0,waiter-2,3.096296787261963,-2.200000047683716,0.47098966348031013,0.0,5.937708684028516,0,0,customer-1,3.946035861968994,2.549999952316284,0.43047208296238537,0.0,3.916421169070104,0,0,customer-2,-6.420422554016113,2.200000047683716,0.3930657644541391,0.0,6.502227777005275,0,0
1,280,11.199999999999937,to_table,0.09051711857318878,2.896254301071167,0.051810540998439854,0.8783730268478394,-0.520946741104126,0.8199999928474426,0.2895297408103943,0.8199999928474426,0.2895297408103943,0,nominal-sac-a-star,1.612517614983051,99.0,99.0,1.335721263885498,99.0,customer-1,0,,waiter-1,-1.3124966621398926,-2.549999952316284,0.46875398571745386,0.0,5.624067305910529,0,0,waiter-2,3.11513614654541,-2.200000047683716,0.47099082875474707,0.0,5.926223810452545,0,0,customer-1,3.963254451751709,2.549999952316284,0.43047434812310215,0.0,3.888185505583079,0,0,customer-2,-6.40470027923584,2.200000047683716,0.3930690866751796,0.0,6.532428264448161,0,0
1,281,11.239999999999936,to_table,0.13023555278778076,2.898528575897217,0.059891810683189294,0.8922032117843628,-0.5473387837409973,0.3400000035762787,0.31299418210983276,0.3400000035762787,0.31299418210983276,0,nominal-sac-a-star,2.719825506316365,99.0,99.0,2.7256507968902586,99.0,customer-1,0,,waiter-1,-1.2937464714050293,-2.549999952316284,0.46875424004772626,0.0,5.631535130670911,0,0,waiter-2,3.1339755058288574,-2.200000047683716,0.470991994029184,0.0,5.917554210226492,0,0,customer-1,3.980473518371582,2.549999952316284,0.4304718449122369,0.0,3.865980418092946,0,0,customer-2,-6.388977527618408,2.200000047683716,0.39306764052463805,0.0,6.55652966838916,0,0
1,282,11.279999999999935,to_table,0.16153013706207275,2.8993027210235596,0.06508461561643367,0.7991046905517578,-0.5202269554138184,0.3400000035762787,0.34277716279029846,0.3400000035762787,0.34277716279029846,0,nominal-sac-a-star,2.698736844335169,99.0,99.0,2.712665567398071,99.0,customer-1,0,,waiter-1,-1.274996280670166,-2.549999952316284,0.46875449437799865,0.0,5.63546872713454,0,0,waiter-2,3.152815341949463,-2.200000047683716,0.4709883909320389,0.0,5.911909666421154,0,0,customer-1,3.997692108154297,2.549999952316284,0.43047411007295366,0.0,3.852032073163559,0,0,customer-2,-6.373254776000977,2.200000047683716,0.3930661943740965,0.0,6.572095410821171,0,0
1,283,11.319999999999935,to_table,0.18637429177761078,2.8987786769866943,0.07666562292733455,0.8107649087905884,-0.5430538058280945,0.3400000035762787,0.37071049213409424,0.3400000035762787,0.37071049213409424,0,nominal-sac-a-star,2.68553681607347,99.0,99.0,2.707202920913696,99.0,customer-1,0,,waiter-1,-1.2562460899353027,-2.549999952316284,0.46875474870827105,0.0,5.6365186167422845,0,0,waiter-2,3.17165470123291,-2.200000047683716,0.47098955620647587,0.0,5.908421414069008,0,0,customer-1,4.01491117477417,2.549999952316284,0.4304716068620884,0.0,3.8443908832541633,0,0,customer-2,-6.357532501220703,2.200000047683716,0.393069516595137,0.0,6.581109913093689,0,0
1,284,11.359999999999934,to_table,0.2089940756559372,2.8988277912139893,0.08821831788194029,0.8227862119674683,-0.5600329041481018,0.3400000035762787,0.3918607831001282,0.3400000035762787,0.3918607831001282,0,nominal-sac-a-star,2.6795884997944865,99.0,99.0,2.704183349609375,99.0,customer-1,0,,waiter-1,-1.2374958992004395,-2.549999952316284,0.46875500303854345,0.0,5.637557718199009,0,0,waiter-2,3.1904940605163574,-2.200000047683716,0.4709907214809128,0.0,5.906554620964825,0,0,customer-1,4.032129764556885,2.549999952316284,0.4304738720228052,0.0,3.83901645697673,0,0,customer-2,-6.3418097496032715,2.200000047683716,0.39306807044459546,0.0,6.587973206697057,0,0
1,285,11.399999999999933,to_table,0.22975289821624756,2.900177001953125,0.0958476083692388,0.8313920497894287,-0.5662598609924316,0.3400000035762787,0.23021554946899414,0.3400000035762787,0.23021554946899414,0,nominal-sac-a-star,2.6760424556548896,99.0,99.0,2.702470550537109,99.0,customer-1,0,,waiter-1,-1.2187457084655762,-2.549999952316284,0.46875525736881585,0.0,5.639377363362781,0,0,waiter-2,3.2093334197998047,-2.200000047683716,0.47099188675534975,0.0,5.906750885405825,0,0,customer-1,4.0493483543396,2.549999952316284,0.43047613718352196,0.0,3.8356138249999203,0,0,customer-2,-6.32608699798584,2.200000047683716,0.3930666242940539,0.0,6.593124032803037,0,0
1,286,11.439999999999932,to_table,0.24983714520931244,2.9020426273345947,0.10186634322799694,0.7526233196258545,-0.43141013383865356,0.3400000035762787,0.2520621418952942,0.3400000035762787,0.2520621418952942,0,nominal-sac-a-star,2.6739507644340152,99.0,99.0,2.7012043094635008,99.0,customer-1,0,,waiter-1,-1.199995517730713,-2.549999952316284,0.46875551169908825,0.0,5.641523113561973,0,0,waiter-2,3.22817325592041,-2.200000047683716,0.47098828365820467,0.0,5.907734375043762,0,0,customer-1,4.066567420959473,2.549999952316284,0.4304736339726567,0.0,3.8329315207634407,0,0,customer-2,-6.310364723205566,2.200000047683716,0.3930699465150944,0.0,6.597659610649592,0,0
1,287,11.479999999999931,to_table,0.26992931962013245,2.903907537460327,0.10868933170887715,0.759075403213501,-0.44345200061798096,0.3400000035762787,0.2576037645339966,0.3400000035762787,0.2576037645339966,0,nominal-sac-a-star,2.6723659665189636,99.0,99.0,2.700173864364624,99.0,customer-1,0,,waiter-1,-1.1812453269958496,-2.549999952316284,0.46875576602936064,0.0,5.643670327191555,0,0,waiter-2,3.2470126152038574,-2.200000047683716,0.4709894489326416,0.0,5.908713699827954,0,0,customer-1,4.0837860107421875,2.549999952316284,0.4304758991333735,0.0,3.83024195570449,0,0,customer-2,-6.294641971588135,2.200000047683716,0.3930685003645529,0.0,6.602202813570588,0,0
1,288,11.51999999999993,to_table,0.2896452844142914,2.9057607650756836,0.11568542999182635,0.7596415281295776,-0.44239670038223267,0.3400000035762787,0.26511508226394653,0.3400000035762787,0.26511508226394653,0,nominal-sac-a-star,2.670962768152614,99.0,99.0,2.699627170562744,99.0,customer-1,0,,waiter-1,-1.1624951362609863,-2.549999952316284,0.46875602035963304,0.0,5.645709592849803,0,0,waiter-2,3.2658519744873047,-2.200000047683716,0.47099061420707855,0.0,5.909873073014757,0,0,customer-1,4.1010050773620605,2.549999952316284,0.4304733959225082,0.0,3.827927536826434,0,0,customer-2,-6.278919219970703,2.200000047683716,0.39306705421401134,0.0,6.606371003696364,0,0
1,289,11.55999999999993,to_table,0.3094104826450348,2.9079320430755615,0.12013586664443678,0.7612490653991699,-0.44270050525665283,0.3400000035762787,0.14369544386863708,0.3400000035762787,0.14369544386863708,0,nominal-sac-a-star,2.670017251819929,99.0,99.0,2.6984944438934324,99.0,customer-1,0,,waiter-1,-1.143744945526123,-2.549999952316284,0.46875627468990544,0.0,5.6480689058071265,0,0,waiter-2,3.284691333770752,-2.200000047683716,0.4709917794815155,0.0,5.911282973000346,0,0,customer-1,4.118223667144775,2.549999952316284,0.430475661083225,0.0,3.825594497070274,0,0,customer-2,-6.26319694519043,2.200000047683716,0.3930703764350518,0.0,6.610622974465977,0,0
1,290,11.599999999999929,to_table,0.32929477095603943,2.910273313522339,0.12389305482505424,0.7051162719726562,-0.32944464683532715,0.3400000035762787,0.1597299873828888,0.3400000035762787,0.1597299873828888,0,nominal-sac-a-star,2.6686145348094668,99.0,99.0,2.697120199203491,99.0,customer-1,0,,waiter-1,-1.1249947547912598,-2.549999952316284,0.46875652902017784,0.0,5.650623165840232,0,0,waiter-2,3.3035311698913574,-2.200000047683716,0.4709881763843704,0.0,5.912780731855694,0,0,customer-1,4.135442733764648,2.549999952316284,0.43047315787235974,0.0,3.8231608924536293,0,0,customer-2,-6.247474193572998,2.200000047683716,0.3930689302845103,0.0,6.61501157406073,0,0
1,291,11.639999999999928,to_table,0.349151074886322,2.912698984146118,0.12786989998005094,0.7094700336456299,-0.34190356731414795,0.3400000035762787,0.16184133291244507,0.3400000035762787,0.16184133291244507,0,nominal-sac-a-star,2.667000999677083,99.0,99.0,2.695866832733154,99.0,customer-1,0,,waiter-1,-1.1062445640563965,-2.549999952316284,0.46875678335045023,0.0,5.65325181964159,0,0,waiter-2,3.3223705291748047,-2.200000047683716,0.47098934165880735,0.0,5.914366011115073,0,0,customer-1,4.152661323547363,2.549999952316284,0.4304754230330765,0.0,3.8207644260487816,0,0,customer-2,-6.231751441955566,2.200000047683716,0.39306748413396875,0.0,6.619381973433059,0,0
1,292,11.679999999999927,to_table,0.36911019682884216,2.915297031402588,0.13508078791689845,0.9392292499542236,0.6594445705413818,0.3400000035762787,0.28579598665237427,0.3400000035762787,0.28579598665237427,0,nominal-sac-a-star,2.6654903384426776,99.0,99.0,2.6954429244995115,99.0,customer-1,0,,waiter-1,-1.0874943733215332,-2.549999952316284,0.46875703768072263,0.0,5.656073549206159,0,0,waiter-2,3.341209888458252,-2.200000047683716,0.4709905069332443,0.0,5.916049423753363,0,0,customer-1,4.169880390167236,2.549999952316284,0.43047291982221125,0.0,3.818284433951792,0,0,customer-2,-6.216029167175293,2.200000047683716,0.39307080635500924,0.0,6.623874260451665,0,0
1,293,11.719999999999926,to_table,0.3890841603279114,2.918008327484131,0.14105800134621974,0.7012736797332764,-0.3642140030860901,0.3400000035762787,0.16315880417823792,0.3400000035762787,0.16315880417823792,0,nominal-sac-a-star,2.6646020549389346,99.0,99.0,2.694748888015747,99.0,customer-1,0,,waiter-1,-1.06874418258667,-2.549999952316284,0.46875729201099503,0.0,5.659008572653956,0,0,waiter-2,3.360049247741699,-2.200000047683716,0.47099167220768123,0.0,5.91782420142064,0,0,customer-1,4.187098979949951,2.549999952316284,0.430475184982928,0.0,3.815802239930984,0,0,customer-2,-6.200306415557861,2.200000047683716,0.3930693602044677,0.0,6.628393776129642,0,0
1,294,11.759999999999925,to_table,0.4090651273727417,2.920834541320801,0.14606936881076313,0.6229376792907715,-0.23169457912445068,0.3400000035762787,0.18132264912128448,0.3400000035762787,0.18132264912128448,0,nominal-sac-a-star,2.6635044557889547,99.0,99.0,2.693841228485107,99.0,customer-1,0,,waiter-1,-1.0499939918518066,-2.549999952316284,0.46875754634126743,0.0,5.662056478891892,0,0,waiter-2,3.3788886070251465,-2.200000047683716,0.4709928374821182,0.0,5.919695802001972,0,0,customer-1,4.204318046569824,2.549999952316284,0.43047268177206277,0.0,3.813327026767587,0,0,customer-2,-6.18458366394043,2.200000047683716,0.39306791405392616,0.0,6.632933495098732,0,0
1,295,11.799999999999924,to_table,0.4290376603603363,2.9237635135650635,0.15123282699858343,0.6313056945800781,-0.24698525667190552,0.3400000035762787,0.18354713916778564,0.3400000035762787,0.18354713916778564,0,nominal-sac-a-star,2.6622426019339436,99.0,99.0,2.6930434799194334,99.0,customer-1,0,,waiter-1,-1.0312433242797852,-2.549999952316284,0.4687530322999578,0.0,5.6652014116462714,0,0,waiter-2,3.397728443145752,-2.200000047683716,0.4709892343849731,0.0,5.921661759622535,0,0,customer-1,4.221536636352539,2.549999952316284,0.43047494693277955,0.0,3.8108722994373974,0,0,customer-2,-6.168861389160156,2.200000047683716,0.39307123627496665,0.0,6.637477338734047,0,0
1,296,11.839999999999923,to_table,0.4489970803260803,2.9267964363098145,0.1565458780872369,0.6295702457427979,-0.24493300914764404,0.3400000035762787,0.18838821351528168,0.3400000035762787,0.18838821351528168,0,nominal-sac-a-star,2.661070907241035,99.0,99.0,2.6923647022247312,99.0,customer-1,0,,waiter-1,-1.0124931335449219,-2.549999952316284,0.4687532866302213,0.0,5.668443554249136,0,0,waiter-2,3.416567802429199,-2.200000047683716,0.47099039965941003,0.0,5.9237250256044165,0,0,customer-1,4.238755702972412,2.549999952316284,0.4304724437219143,0.0,3.8084440403230437,0,0,customer-2,-6.153138637542725,2.200000047683716,0.3930697901244251,0.0,6.6420199508642686,0,0
1,297,11.879999999999923,to_table,0.4689369201660156,2.9299283027648926,0.15957215305122308,0.6293773651123047,-0.2450578808784485,0.3400000035762787,0.07479961216449738,0.3400000035762787,0.07479961216449738,0,nominal-sac-a-star,2.6599966707536007,99.0,99.0,2.6910579299926756,99.0,customer-1,0,,waiter-1,-0.9937429428100586,-2.549999952316284,0.4687535409605026,0.0,5.671776270481121,0,0,waiter-2,3.4354071617126465,-2.200000047683716,0.470991564933847,0.0,5.925884792562044,0,0,customer-1,4.255974292755127,2.549999952316284,0.43047470888263106,0.0,3.8060475053342726,0,0,customer-2,-6.137415885925293,2.200000047683716,0.39306834397388357,0.0,6.64655494644529,0,0
1,298,11.919999999999922,to_table,0.48886531591415405,2.933130979537964,0.16135095548538023,0.552001953125,-0.12421643733978271,0.3400000035762787,0.08984691649675369,0.3400000035762787,0.08984691649675369,0,nominal-sac-a-star,2.6584443106978632,99.0,99.0,2.689404020309448,99.0,customer-1,0,,waiter-1,-0.9749927520751953,-2.549999952316284,0.46875379529078387,0.0,5.675174469483237,0,0,waiter-2,3.4542465209960938,-2.200000047683716,0.4709927302082839,0.0,5.928112670494642,0,0,customer-1,4.273193359375,2.549999952316284,0.4304722056717658,0.0,3.803672978128395,0,0,customer-2,-6.1216936111450195,2.200000047683716,0.39307166619492406,0.0,6.651087902844407,0,0
1,299,11.959999999999921,to_table,0.5087798833847046,2.936375141143799,0.16307936450426852,0.557544469833374,-0.13787329196929932,0.3400000035762787,0.09046757221221924,0.3400000035762787,0.09046757221221924,0,nominal-sac-a-star,2.656627826790295,99.0,99.0,2.6877641773223875,99.0,customer-1,0,,waiter-1,-0.956242561340332,-2.549999952316284,0.46875404962106515,0.0,5.678609198535083,0,0,waiter-2,3.473086357116699,-2.200000047683716,0.47098912711113883,0.0,5.9303847219731285,0,0,customer-1,4.290411949157715,2.549999952316284,0.4304744708324826,0.0,3.801319095711927,0,0,customer-2,-6.10597038269043,2.200000047683716,0.3930654516728005,0.0,6.65561186975393,0,0
1,300,11.99999999999992,to_table,0.5286886692047119,2.9396543502807617,0.1648768351263846,0.5542844533920288,-0.1378811001777649,0.3400000035762787,0.09306305646896362,0.3400000035762787,0.09306305646896362,0,nominal-sac-a-star,2.6548275581370415,99.0,99.0,2.68616868019104,99.0,customer-1,0,,waiter-1,-0.9374923706054688,-2.549999952316284,0.2810935849951868,0.0,5.682076310955452,0,0,waiter-2,3.4919257164001465,-2.200000047683716,0.47099029238557577,0.0,5.932690884277312,0,0,customer-1,4.307631015777588,2.549999952316284,0.4304719676216173,0.0,3.7989782585025114,0,0,customer-2,-6.090248107910156,2.200000047683716,0.393068773893841,0.0,6.660136075696508,0,0
1,301,12.03999999999992,to_table,0.5485947132110596,2.9429709911346436,0.1667961990180524,0.5528762340545654,-0.1400817632675171,0.3400000035762787,0.09564634412527084,0.3400000035762787,0.09564634412527084,0,nominal-sac-a-star,2.653063809771065,99.0,99.0,2.6846308803558347,99.0,customer-1,0,,waiter-1,-0.9187421798706055,-2.549999952316284,-0.09391048403236013,0.0,5.68557889254865,0,0,waiter-2,3.5107650756835938,-2.200000047683716,0.4709914576600127,0.0,5.935031959681014,0,0,customer-1,4.324849605560303,2.549999952316284,0.4304742327823341,0.0,3.796646842852463,0,0,customer-2,-6.074525833129883,2.200000047683716,0.3930720961148815,0.0,6.664662901765993,0,0
1,302,12.079999999999918,to_table,0.5684899687767029,2.946324348449707,0.16877814053582188,0.5519156455993652,-0.14214986562728882,0.3400000035762787,0.09847558289766312,0.3400000035762787,0.09847558289766312,0,nominal-sac-a-star,2.6513476920452588,99.0,99.0,2.6831424331665037,99.0,customer-1,0,,waiter-1,-0.9000075459480286,-2.549999952316284,-0.46875898493704327,0.0,5.6891181891347165,0,0,waiter-2,3.529604434967041,-2.200000047683716,0.47099262293444966,0.0,5.937411361201086,0,0,customer-1,4.342068672180176,2.549999952316284,0.43047172957146884,0.0,3.794333835833473,0,0,customer-2,-6.058802604675293,2.200000047683716,0.3930658815927579,0.0,6.669183369502282,0,0
1,303,12.119999999999918,to_table,0.5883781909942627,2.9497175216674805,0.17087817520674142,0.551140546798706,-0.14442843198776245,0.3400000035762787,0.10163629055023193,0.3400000035762787,0.10163629055023193,0,nominal-sac-a-star,2.6496732617989514,99.0,99.0,2.6817176437377928,99.0,customer-1,0,,waiter-1,-0.9187577366828918,-2.549999952316284,-0.46875923926732455,0.0,5.702486387369779,0,0,waiter-2,3.5484442710876465,-2.200000047683716,0.47098901983730457,0.0,5.9398301526730375,0,0,customer-1,4.359287261962891,2.549999952316284,0.4304739947321856,0.0,3.792034988863039,0,0,customer-2,-6.0430803298950195,2.200000047683716,0.3930692038137984,0.0,6.673703499937022,0,0
1,304,12.159999999999917,to_table,0.6082606315612793,2.953153371810913,0.1731109860958566,0.5506105422973633,-0.14696073532104492,0.3400000035762787,0.10511768609285355,0.3400000035762787,0.10511768609285355,0,nominal-sac-a-star,2.6480519952838044,99.0,99.0,2.680363187789917,99.0,customer-1,0,,waiter-1,-0.9375079870223999,-2.549999952316284,-0.46875889755115807,0.0,5.7161260597585075,0,0,waiter-2,3.5672836303710938,-2.200000047683716,0.4709901851117415,0.0,5.942289733119264,0,0,customer-1,4.3765058517456055,2.549999952316284,0.4304762598929024,0.0,3.789749954692556,0,0,customer-2,-6.027357578277588,2.200000047683716,0.39306775766325686,0.0,6.678223488053467,0,0
1,305,12.199999999999916,to_table,0.6281488537788391,2.9566328525543213,0.17342917790197146,0.5503218173980713,-0.1497182846069336,0.3400000035762787,0.00833361316472292,0.3400000035762787,0.00833361316472292,0,nominal-sac-a-star,2.646487989018725,99.0,99.0,2.6783840751647947,99.0,customer-1,0,,waiter-1,-0.9562581777572632,-2.549999952316284,-0.46875915188143935,0.0,5.730039309573552,0,0,waiter-2,3.586122989654541,-2.200000047683716,0.47099135038617845,0.0,5.944785434002387,0,0,customer-1,4.3937249183654785,2.549999952316284,0.43047375668203713,0.0,3.7874679422727526,0,0,customer-2,-6.011634826660156,2.200000047683716,0.3930663115127153,0.0,6.682755458972771,0,0
1,306,12.239999999999915,to_table,0.6480364203453064,2.960117816925049,0.17356507948499822,0.4840962886810303,-0.062040090560913086,0.3400000035762787,0.019562305882573128,0.3400000035762787,0.019562305882573128,0,nominal-sac-a-star,2.6444412594420177,99.0,99.0,2.6763501262664793,99.0,customer-1,0,,waiter-1,-0.9750084280967712,-2.549999952316284,-0.4687588101652729,0.0,5.7441859659105265,0,0,waiter-2,3.6049623489379883,-2.200000047683716,0.4709925156606154,0.0,5.947287392066925,0,0,customer-1,4.410943508148193,2.549999952316284,0.4304760218427539,0.0,3.785190406612124,0,0,customer-2,-5.995912551879883,2.200000047683716,0.3930696337337558,0.0,6.687289209287165,0,0
1,307,12.279999999999914,to_table,0.6679227948188782,2.9636054039001465,0.17370398419164237,0.48736631870269775,-0.0711027979850769,0.3400000035762787,0.01948826014995575,0.3400000035762787,0.01948826014995575,0,nominal-sac-a-star,2.6423533636534247,99.0,99.0,2.674323568344116,99.0,customer-1,0,,waiter-1,-0.9937586188316345,-2.549999952316284,-0.46875906449555416,0.0,5.758561378032718,0,0,waiter-2,3.6238021850585938,-2.200000047683716,0.4709889125634703,0.0,5.949793629132904,0,0,customer-1,4.428162574768066,2.549999952316284,0.43047351863188865,0.0,3.7829185389447932,0,0,customer-2,-5.980189800262451,2.200000047683716,0.39306818758321427,0.0,6.691822936758072,0,0
1,308,12.319999999999913,to_table,0.6878087520599365,2.9670944213867188,0.17361350252625066,0.9299981594085693,-0.3637182116508484,0.3400000035762787,-0.014515458606183529,0.3400000035762787,-0.014515458606183529,0,nominal-sac-a-star,2.640272039447103,99.0,99.0,2.6722240543365476,99.0,customer-1,0,,waiter-1,-1.0125088691711426,-2.549999952316284,-0.4687587227793877,0.0,5.773162940833581,0,0,waiter-2,3.642641544342041,-2.200000047683716,0.47099007783790725,0.0,5.952302250612274,0,0,customer-1,4.445381164550781,2.549999952316284,0.4304757837926054,0.0,3.780650503715123,0,0,customer-2,-5.9644670486450195,2.200000047683716,0.39306674143267273,0.0,6.696357749315038,0,0
1,309,12.359999999999912,to_table,0.7076968550682068,2.9705874919891357,0.17487168477599127,0.1415334939956665,0.49312329292297363,0.3400000035762787,0.08981692045927048,0.3400000035762787,0.08981692045927048,0,nominal-sac-a-star,2.6381358013177447,99.0,99.0,2.670583734512329,99.0,customer-1,0,,waiter-1,-1.0312590599060059,-2.549999952316284,-0.46875897710966896,0.0,5.787992173841154,0,0,waiter-2,3.6614809036254883,-2.200000047683716,0.4709912431123442,0.0,5.954814498448427,0,0,customer-1,4.462600231170654,2.549999952316284,0.43047328058174017,0.0,3.7783850045215908,0,0,customer-2,-5.948744773864746,2.200000047683716,0.3930700636537132,0.0,6.700896967474782,0,0
1,310,12.399999999999912,to_table,0.7275598049163818,2.974093437194824,0.1742240689989796,0.024942874908447266,-0.85626620054245,0.3400000035762787,-0.07212969660758972,0.3400000035762787,-0.07212969660758972,0,nominal-sac-a-star,2.63635507654688,99.0,99.0,2.6683297252655027,99.0,customer-1,0,,waiter-1,-1.0500092506408691,-2.549999952316284,-0.46875923143995024,0.0,5.803047434177582,0,0,waiter-2,3.6803202629089355,-2.200000047683716,0.47099240838678114,0.0,5.957351568654224,0,0,customer-1,4.479818820953369,2.549999952316284,0.43047554574245694,0.0,3.7761492300155837,0,0,customer-2,-5.9330220222473145,2.200000047683716,0.3930686175031717,0.0,6.705413548173452,0,0
1,311,12.43999999999991,to_table,0.7474398612976074,2.977593183517456,0.17438263215471692,0.41646552085876465,0.5752873420715332,0.3400000035762787,0.032146651297807693,0.3400000035762787,0.032146651297807693,0,nominal-sac-a-star,2.6341063893310412,99.0,99.0,2.6663358306884763,99.0,customer-1,0,,waiter-1,-1.0687594413757324,-2.549999952316284,-0.4687594857702315,0.0,5.8183215605832075,0,0,waiter-2,3.699160099029541,-2.200000047683716,0.47098880528963605,0.0,5.959876175694966,0,0,customer-1,4.497037887573242,2.549999952316284,0.4304730425315917,0.0,3.7739000159012157,0,0,customer-2,-5.917299270629883,2.200000047683716,0.39306717135263014,0.0,6.709947748048515,0,0
1,312,12.47999999999991,to_table,0.7673220038414001,2.9810969829559326,0.17451875983764456,0.4478112459182739,0.47542381286621094,0.3400000035762787,0.018499767407774925,0.3400000035762787,0.018499767407774925,0,nominal-sac-a-star,2.6320554769836875,99.0,99.0,2.664336929321289,99.0,customer-1,0,,waiter-1,-1.0875097513198853,-2.549999952316284,-0.4687585480076173,0.0,5.833818144862968,0,0,waiter-2,3.7179994583129883,-2.200000047683716,0.470989970564073,0.0,5.962404203107159,0,0,customer-1,4.514256477355957,2.549999952316284,0.43047530769230846,0.0,3.7716525023705634,0,0,customer-2,-5.901576995849609,2.200000047683716,0.39307049357367063,0.0,6.714486301301939,0,0
1,313,12.519999999999909,to_table,0.7872044444084167,2.9846034049987793,0.17464821496533173,0.43691229820251465,0.4877607822418213,0.3400000035762787,0.018213706091046333,0.3400000035762787,0.018213706091046333,0,nominal-sac-a-star,2.6300015233702734,99.0,99.0,2.6623411273956297,99.0,customer-1,0,,waiter-1,-1.1062599420547485,-2.549999952316284,-0.4687588023378986,0.0,5.84953346050841,0,0,waiter-2,3.7368388175964355,-2.200000047683716,0.47099113583850993,0.0,5.964935531676727,0,0,customer-1,4.53147554397583,2.549999952316284,0.4304728044814432,0.0,3.769409267795063,0,0,customer-2,-5.885854244232178,2.200000047683716,0.3930690474231291,0.0,6.719026320111553,0,0
1,314,12.559999999999908,to_table,0.8070865869522095,2.988112449645996,0.17476364653077117,0.43252992630004883,0.48631906509399414,0.3400000035762787,0.01613764464855194,0.3400000035762787,0.01613764464855194,0,nominal-sac-a-star,2.6279502145298324,99.0,99.0,2.660344610214233,99.0,customer-1,0,,waiter-1,-1.1250101327896118,-2.549999952316284,-0.46875905666817985,0.0,5.865465600547456,0,0,waiter-2,3.755678176879883,-2.200000047683716,0.4709923011129469,0.0,5.967470456495025,0,0,customer-1,4.548694133758545,2.549999952316284,0.43047506964216,0.0,3.7671699715614904,0,0,customer-2,-5.870131492614746,2.200000047683716,0.39306760127258755,0.0,6.723567686892323,0,0
1,315,12.599999999999907,to_table,0.8269684314727783,2.991623878479004,0.17486481542236534,0.4272273778915405,0.4866945743560791,0.3400000035762787,0.014132327400147915,0.3400000035762787,0.014132327400147915,0,nominal-sac-a-star,2.625900177565451,99.0,99.0,2.658348808288574,99.0,customer-1,0,,waiter-1,-1.143760323524475,-2.549999952316284,-0.46875931099846113,0.0,5.881612577160388,0,0,waiter-2,3.7745180130004883,-2.200000047683716,0.4709886980158018,0.0,5.970009005543408,0,0,customer-1,4.565913200378418,2.549999952316284,0.4304725664312947,0.0,3.7649355475341437,0,0,customer-2,-5.854409217834473,2.200000047683716,0.39307092349362804,0.0,6.728110847938335,0,0
1,316,12.639999999999906,to_table,0.8426368236541748,2.9943878650665283,0.17495785124274055,0.42191457748413086,0.48691606521606445,0.2199999988079071,0.011938856914639473,0.2199999988079071,0.011938856914639473,0,nominal-sac-a-star,2.7180589198918987,99.0,99.0,2.7768001651763914,99.0,customer-1,0,,waiter-1,-1.162510633468628,-2.549999952316284,-0.4687583732358469,0.0,5.895833494455978,0,0,waiter-2,3.7933573722839355,-2.200000047683716,0.47098986329023873,0.0,5.973978368242704,0,0,customer-1,4.583131790161133,2.549999952316284,0.4304748315920115,0.0,3.76680012895062,0,0,customer-2,-5.838686466217041,2.200000047683716,0.3930694773430865,0.0,6.7283826368735715,0,0
1,317,12.679999999999906,to_table,0.8560192584991455,2.996753692626953,0.17502942615287678,0.39248836040496826,0.4862489700317383,0.2199999988079071,0.009957700967788696,0.2199999988079071,0.009957700967788696,0,nominal-sac-a-star,2.719922353929788,99.0,99.0,2.7808895206451414,99.0,customer-1,0,,waiter-1,-1.1812608242034912,-2.549999952316284,-0.4687586275661282,0.0,5.909059665722453,0,0,waiter-2,3.812196731567383,-2.200000047683716,0.4709910285646757,0.0,5.978731863004816,0,0,customer-1,4.600350856781006,2.549999952316284,0.43047232838114624,0.0,3.770889553192133,0,0,customer-2,-5.822963714599609,2.200000047683716,0.39306803119254496,0.0,6.7263385229761825,0,0
1,318,12.719999999999905,to_table,0.8689782023429871,2.9990453720092773,0.1750881152118664,0.38847649097442627,0.4858088493347168,0.2199999988079071,0.008162081241607666,0.2199999988079071,0.008162081241607666,0,nominal-sac-a-star,2.724010509695008,99.0,99.0,2.785391101837158,99.0,customer-1,0,,waiter-1,-1.2000110149383545,-2.549999952316284,-0.46875888189640946,0.0,5.922214146131988,0,0,waiter-2,3.83103609085083,-2.200000047683716,0.4709921938391126,0.0,5.983632693515054,0,0,customer-1,4.617569446563721,2.549999952316284,0.430474593541863,0.0,3.775391119499489,0,0,customer-2,-5.807241439819336,2.200000047683716,0.39307135341358546,0.0,6.723866606404425,0,0
1,319,12.759999999999904,to_table,0.8818591833114624,3.001324415206909,0.17513476518417118,0.3852766752243042,0.48666226863861084,0.2199999988079071,0.006476234644651413,0.2199999988079071,0.006476234644651413,0,nominal-sac-a-star,2.7285113458293546,99.0,99.0,2.7899696922302244,99.0,customer-1,0,,waiter-1,-1.2187612056732178,-2.549999952316284,-0.46875913622669074,0.0,5.935470348007387,0,0,waiter-2,3.8498759269714355,-2.200000047683716,0.4709885907419675,0.0,5.988564064858153,0,0,customer-1,4.634788513183594,2.549999952316284,0.43047209033099776,0.0,3.7799698842474916,0,0,customer-2,-5.791518688201904,2.200000047683716,0.3930699072630439,0.0,6.7213163114073655,0,0
1,320,12.799999999999903,to_table,0.8947260975837708,3.0036001205444336,0.17485484458777198,0.38225996494293213,0.48765552043914795,0.2199999988079071,-0.04184865951538086,0.2199999988079071,-0.04184865951538086,0,nominal-sac-a-star,2.7330889173093507,99.0,99.0,2.794562587738037,99.0,customer-1,0,,waiter-1,-1.237511396408081,-2.549999952316284,-0.468759390556972,0.0,5.9488579156055845,0,0,waiter-2,3.868715286254883,-2.200000047683716,0.47098975601640447,0.0,5.993502015109087,0,0,customer-1,4.652007102966309,2.549999952316284,0.43047435549171453,0.0,3.784562546190117,0,0,customer-2,-5.775795936584473,2.200000047683716,0.3930684611125024,0.0,6.718752658449765,0,0
1,321,12.839999999999902,to_table,0.9075914025306702,3.005871295928955,0.17458850734413306,0.35383808612823486,0.544818639755249,0.2199999988079071,-0.03722349926829338,0.2199999988079071,-0.03722349926829338,0,nominal-sac-a-star,2.7376808607771617,99.0,99.0,2.7991576290130613,99.0,customer-1,0,,waiter-1,-1.2562615871429443,-2.549999952316284,-0.4687596448872533,0.0,5.962379146615682,0,0,waiter-2,3.88755464553833,-2.200000047683716,0.4709909212908414,0.0,5.9984395784174005,0,0,customer-1,4.669226169586182,2.549999952316284,0.4304718522808493,0.0,3.7891575320442925,0,0,customer-2,-5.760073661804199,2.200000047683716,0.39307178333354287,0.0,6.716188344507624,0,0
1,322,12.879999999999901,to_table,0.9204566478729248,3.0081396102905273,0.1743022871229287,0.3540945053100586,0.5381259918212891,0.2199999988079071,-0.04040274769067764,0.2199999988079071,-0.04040274769067764,0,nominal-sac-a-star,2.7422746560038584,99.0,99.0,2.8037526702880857,99.0,customer-1,0,,waiter-1,-1.2750118970870972,-2.549999952316284,-0.4687587071246391,0.0,5.976035268413659,0,0,waiter-2,3.9063940048217773,-2.200000047683716,0.47099208656527836,0.0,6.003377432461394,0,0,customer-1,4.6864447593688965,2.549999952316284,0.43047411744156605,0.0,3.7937525488805606,0,0,customer-2,-5.744350433349609,2.200000047683716,0.3930655688114193,0.0,6.713623684908498,0,0
1,323,12.9199999999999,to_table,0.9333226084709167,3.010404109954834,0.17399701340922122,0.35004186630249023,0.5405023097991943,0.2199999988079071,-0.042608194053173065,0.2199999988079071,-0.042608194053173065,0,nominal-sac-a-star,2.7468689558661854,99.0,99.0,2.80834771156311,99.0,customer-1,0,,waiter-1,-1.2937620878219604,-2.549999952316284,-0.46875896145492035,0.0,5.989824670237276,0,0,waiter-2,3.925233840942383,-2.200000047683716,0.47098848346813327,0.0,6.008314598032131,0,0,customer-1,4.7036638259887695,2.549999952316284,0.4304716142307008,0.0,3.798347651925093,0,0,customer-2,-5.728628158569336,2.200000047683716,0.3930688910324598,0.0,6.711061225068189,0,0
1,324,12.9599999999999,to_table,0.9461894631385803,3.0126640796661377,0.17366564940437978,0.3465083837509155,0.5417153835296631,0.2199999988079071,-0.0450776033103466,0.2199999988079071,-0.0450776033103466,0,nominal-sac-a-star,2.7514628693654455,99.0,99.0,2.812941560745239,99.0,customer-1,0,,waiter-1,-1.3125122785568237,-2.549999952316284,-0.46875921578520163,0.0,6.003745888247502,0,0,waiter-2,3.94407320022583,-2.200000047683716,0.4709896487425702,0.0,6.013249887178498,0,0,customer-1,4.720882415771484,2.549999952316284,0.43047387939141757,0.0,3.802941622138435,0,0,customer-2,-5.7129058837890625,2.200000047683716,0.3930722132535003,0.0,6.708500105712998,0,0
1,325,12.999999999999899,to_table,0.9590572714805603,3.0149197578430176,0.1733059963713463,0.34281158447265625,0.5432100296020508,0.2199999988079071,-0.04763960838317871,0.2199999988079071,-0.04763960838317871,0,nominal-sac-a-star,2.7560561245404784,99.0,99.0,2.8175346946716306,99.0,customer-1,0,,waiter-1,-1.3312625885009766,-2.549999952316284,-0.4687582780225874,0.0,6.017798305156574,0,0,waiter-2,3.9629125595092773,-2.200000047683716,0.47099081401700715,0.0,6.018183710181425,0,0,customer-1,4.738101005554199,2.549999952316284,0.43047614455213434,0.0,3.807534894076776,0,0,customer-2,-5.697182655334473,2.200000047683716,0.3930659987313767,0.0,6.70593946418641,0,0
1,326,13.039999999999898,to_table,0.9719259738922119,3.0171709060668945,0.17290708822920406,0.33904218673706055,0.5447797775268555,0.2199999988079071,-0.05033087357878685,0.2199999988079071,-0.05033087357878685,0,nominal-sac-a-star,2.760648682500314,99.0,99.0,2.8221278285980222,99.0,customer-1,0,,waiter-1,-1.3500127792358398,-2.549999952316284,-0.4687585323528687,0.0,6.031980681310969,0,0,waiter-2,3.9817519187927246,-2.200000047683716,0.4709919792914441,0.0,6.023115886254831,0,0,customer-1,4.755320072174072,2.549999952316284,0.4304736413412691,0.0,3.812127962561365,0,0,customer-2,-5.681460380554199,2.200000047683716,0.3930693209524172,0.0,6.703381101602713,0,0
1,327,13.079999999999897,to_table,0.9847959876060486,3.0194168090820312,0.17243455026358243,0.3351825475692749,0.5464699268341064,0.2199999988079071,-0.053147491067647934,0.2199999988079071,-0.053147491067647934,0,nominal-sac-a-star,2.7652405649905534,99.0,99.0,2.82671929359436,99.0,customer-1,0,,waiter-1,-1.3687629699707031,-2.549999952316284,-0.46875878668314996,0.0,6.046291659268039,0,0,waiter-2,4.00059175491333,-2.200000047683716,0.470988376194299,0.0,6.02804582222124,0,0,customer-1,4.772538661956787,2.549999952316284,0.43047590650198586,0.0,3.8167193704166302,0,0,customer-2,-5.665737628936768,2.200000047683716,0.39306787480187566,0.0,6.700823920506087,0,0
1,328,13.119999999999896,to_table,0.9976679682731628,3.0216572284698486,0.17186582503230136,0.3312469720840454,0.5482907295227051,0.2199999988079071,-0.056061264127492905,0.2199999988079071,-0.056061264127492905,0,nominal-sac-a-star,2.7698312617450194,99.0,99.0,2.8313093280792234,99.0,customer-1,0,,waiter-1,-1.3875131607055664,-2.549999952316284,-0.46875904101343124,0.0,6.060730381582893,0,0,waiter-2,4.019431114196777,-2.200000047683716,0.47098954146873595,0.0,6.0329725028106695,0,0,customer-1,4.78975772857666,2.549999952316284,0.4304734032911206,0.0,3.8213093745923317,0,0,customer-2,-5.650014877319336,2.200000047683716,0.3930664286513341,0.0,6.6982690105968565,0,0
1,329,13.159999999999895,to_table,1.0105427503585815,3.023890495300293,0.17118306494034205,0.327225923538208,0.5501642227172852,0.2199999988079071,-0.059072528034448624,0.2199999988079071,-0.059072528034448624,0,nominal-sac-a-star,2.774420083375011,99.0,99.0,2.8358957862854,99.0,customer-1,0,,waiter-1,-1.4062633514404297,-2.549999952316284,-0.4687592953437125,0.0,6.075294762867417,0,0,waiter-2,4.038270473480225,-2.200000047683716,0.4709907067431729,0.0,6.037894299375995,0,0,customer-1,4.806976318359375,2.549999952316284,0.4304756684518374,0.0,3.825895984337906,0,0,customer-2,-5.6342926025390625,2.200000047683716,0.3930697508723746,0.0,6.695717462437629,0,0
1,330,13.199999999999894,to_table,1.0234206914901733,3.0261149406433105,0.1703811950021268,0.3231019973754883,0.5520578622817993,0.2199999988079071,-0.06217994540929794,0.2199999988079071,-0.06217994540929794,0,nominal-sac-a-star,2.7790059864348198,99.0,99.0,2.8404793834686277,99.0,customer-1,0,,waiter-1,-1.425013542175293,-2.549999952316284,-0.4687595496739938,0.0,6.089982553018587,0,0,waiter-2,4.057109832763672,-2.200000047683716,0.47099187201760984,0.0,6.0428095847128205,0,0,customer-1,4.824195384979248,2.549999952316284,0.4304731652409721,0.0,3.830479572165425,0,0,customer-2,-5.618569850921631,2.200000047683716,0.3930683047218331,0.0,6.693168471049978,0,0
1,331,13.239999999999894,to_table,1.0362852811813354,3.028327226638794,0.16967866101027845,0.3188575506210327,0.5539400577545166,0.2199999988079071,-0.06540022045373917,0.2199999988079071,-0.06540022045373917,0,nominal-sac-a-star,2.7835883980164606,99.0,99.0,2.8450751399993894,99.0,customer-1,0,,waiter-1,-1.4437637329101562,-2.549999952316284,-0.4687598040042751,0.0,6.104783143385611,0,0,waiter-2,4.075949668884277,-2.200000047683716,0.47098826892046475,0.0,6.047724008029314,0,0,customer-1,4.841413974761963,2.549999952316284,0.4304754304016889,0.0,3.8350751434713004,0,0,customer-2,-5.602847099304199,2.200000047683716,0.39306685857129153,0.0,6.690605703597186,0,0
1,332,13.279999999999893,to_table,1.0491594076156616,3.0305275917053223,0.168075924847846,0.3143066167831421,0.555558443069458,0.2199999988079071,-0.09043197333812714,0.2199999988079071,-0.09043197333812714,0,nominal-sac-a-star,2.7881832728576033,99.0,99.0,2.849660882949829,99.0,customer-1,0,,waiter-1,-1.462514042854309,-2.549999952316284,-0.46875886624166085,0.0,6.11970515559202,0,0,waiter-2,4.094789028167725,-2.200000047683716,0.4709894341949017,0.0,6.052625808027187,0,0,customer-1,4.858633041381836,2.549999952316284,0.43047292719082364,0.0,3.839660945783685,0,0,customer-2,-5.587124824523926,2.200000047683716,0.393070180792332,0.0,6.688052363066775,0,0
1,333,13.319999999999892,to_table,1.0620322227478027,3.0327088832855225,0.16640366273467752,0.297985315322876,0.5824484825134277,0.2199999988079071,-0.08930046111345291,0.2199999988079071,-0.08930046111345291,0,nominal-sac-a-star,2.7927679105793306,99.0,99.0,2.854245910644531,99.0,customer-1,0,,waiter-1,-1.4812642335891724,-2.549999952316284,-0.46875912057194213,0.0,6.1347367350133855,0,0,waiter-2,4.113628387451172,-2.200000047683716,0.47099059946933863,0.0,6.057514499254421,0,0,customer-1,4.875851631164551,2.549999952316284,0.4304751923515404,0.0,3.8442458808007767,0,0,customer-2,-5.571402072906494,2.200000047683716,0.3930687346417905,0.0,6.6854958349887506,0,0
1,334,13.359999999999891,to_table,1.0749092102050781,3.0348708629608154,0.16465612860017215,0.29562556743621826,0.5787203311920166,0.2199999988079071,-0.09192538261413574,0.2199999988079071,-0.09192538261413574,0,nominal-sac-a-star,2.797352163862991,99.0,99.0,2.858825454711914,99.0,customer-1,0,,waiter-1,-1.5000145435333252,-2.549999952316284,-0.4687581828093279,0.0,6.1498792151472506,0,0,waiter-2,4.132467746734619,-2.200000047683716,0.4709917647437756,0.0,6.062387125169175,0,0,customer-1,4.893070697784424,2.549999952316284,0.43047268914067516,0.0,3.8488253981212734,0,0,customer-2,-5.5556793212890625,2.200000047683716,0.39306728849124895,0.0,6.682941983302195,0,0
1,335,13.39999999999989,to_table,1.0877923965454102,3.0370101928710938,0.16279056934650504,0.2910090684890747,0.5787245035171509,0.2199999988079071,-0.0941900759935379,0.2199999988079071,-0.0941900759935379,0,nominal-sac-a-star,2.8019305359841242,99.0,99.0,2.86339617729187,99.0,customer-1,0,,waiter-1,-1.5187647342681885,-2.549999952316284,-0.4687584371396092,0.0,6.16512955570456,0,0,waiter-2,4.151307582855225,-2.200000047683716,0.4709881616466305,0.0,6.067240027922647,0,0,customer-1,4.910289287567139,2.549999952316284,0.43047495430139193,0.0,3.853396093873044,0,0,customer-2,-5.539957046508789,2.200000047683716,0.39307061071228944,0.0,6.680392852449012,0,0
1,336,13.43999999999989,to_table,1.1006125211715698,3.039058208465576,0.1603883766103543,0.28658342361450195,0.578303337097168,0.2199999988079071,-0.09654688835144043,0.2199999988079071,-0.09654688835144043,0,nominal-sac-a-star,2.8065005709649267,99.0,99.0,2.86801887512207,99.0,customer-1,0,,waiter-1,-1.5375149250030518,-2.549999952316284,-0.46875869146989046,0.0,6.180395419943787,0,0,waiter-2,4.170146942138672,-2.200000047683716,0.47098932692106743,0.0,6.072048498886344,0,0,customer-1,4.927508354187012,2.549999952316284,0.4304724510905267,0.0,3.8580188821024115,0,0,customer-2,-5.524234294891357,2.200000047683716,0.3930691645617479,0.0,6.677770131823477,0,0
1,337,13.479999999999889,to_table,1.113601565361023,3.041360855102539,0.15808456909795496,0.28223514556884766,0.5780029296875,0.2199999988079071,-0.09824715554714203,0.2199999988079071,-0.09824715554714203,0,nominal-sac-a-star,2.8111222801863187,99.0,99.0,2.872506628036499,99.0,customer-1,0,,waiter-1,-1.556265115737915,-2.549999952316284,-0.46875894580017174,0.0,6.196087779686593,0,0,waiter-2,4.188986301422119,-2.200000047683716,0.4709904921955044,0.0,6.07699394339454,0,0,customer-1,4.944726943969727,2.549999952316284,0.43047471625124345,0.0,3.8625065959046085,0,0,customer-2,-5.508511543273926,2.200000047683716,0.39306771841120636,0.0,6.675347933390085,0,0
1,338,13.519999999999888,to_table,1.126489281654358,3.0433967113494873,0.15556347279410054,0.2781643867492676,0.5773838758468628,0.2199999988079071,-0.10108820348978043,0.2199999988079071,-0.10108820348978043,0,nominal-sac-a-star,2.8156092328062527,99.0,99.0,2.8770623302459715,99.0,customer-1,0,,waiter-1,-1.5750153064727783,-2.549999952316284,-0.468759200130453,0.0,6.211619215372056,0,0,waiter-2,4.207825660705566,-2.200000047683716,0.4709916574699413,0.0,6.081763186240016,0,0,customer-1,4.9619460105896,2.549999952316284,0.4304722130403782,0.0,3.867062021917814,0,0,customer-2,-5.492789268493652,2.200000047683716,0.39307104063224685,0.0,6.672793002688762,0,0
1,339,13.559999999999887,to_table,1.1394091844558716,3.0455169677734375,0.15288528279786776,0.2726362943649292,0.5761504173278809,0.2199999988079071,-0.10330875962972641,0.2199999988079071,-0.10330875962972641,0,nominal-sac-a-star,2.8201635805018643,99.0,99.0,2.881596574783325,99.0,customer-1,0,,waiter-1,-1.5937654972076416,-2.549999952316284,-0.4687594544607343,0.0,6.227363281798872,0,0,waiter-2,4.226665019989014,-2.200000047683716,0.47099282274437826,0.0,6.086591603967196,0,0,customer-1,4.9791646003723145,2.549999952316284,0.43047447820109497,0.0,3.871596410612452,0,0,customer-2,-5.477066516876221,2.200000047683716,0.3930695944817053,0.0,6.6702810711750375,0,0
1,340,13.599999999999886,to_table,1.1522929668426514,3.0474634170532227,0.15015985480109648,0.26805198192596436,0.5754793882369995,0.2199999988079071,-0.10584623366594315,0.2199999988079071,-0.10584623366594315,0,nominal-sac-a-star,2.8246973135558493,99.0,99.0,2.8861453628540037,99.0,customer-1,0,,waiter-1,-1.6125156879425049,-2.549999952316284,-0.4687597087910156,0.0,6.243057189311046,0,0,waiter-2,4.245504856109619,-2.200000047683716,0.47098921964723317,0.0,6.0912915383891715,0,0,customer-1,4.9963836669921875,2.549999952316284,0.4304719749902297,0.0,3.8761454061637357,0,0,customer-2,-5.461343765258789,2.200000047683716,0.39306814833116377,0.0,6.667712125356383,0,0
1,341,13.639999999999885,to_table,1.165204405784607,3.0494086742401123,0.14734926651296157,0.2625850439071655,0.5737400054931641,0.2199999988079071,-0.1082906723022461,0.2199999988079071,-0.1082906723022461,0,nominal-sac-a-star,2.8292452803595776,99.0,99.0,2.8906667327880857,99.0,customer-1,0,,waiter-1,-1.6312659978866577,-2.549999952316284,-0.46875877102840136,0.0,6.258883581419575,0,0,waiter-2,4.264344215393066,-2.200000047683716,0.4709903849216701,0.0,6.095978960701055,0,0,customer-1,5.013602256774902,2.549999952316284,0.4304742401509465,0.0,3.8806668358724528,0,0,customer-2,-5.445621490478516,2.200000047683716,0.39307147055220426,0.0,6.66517171913609,0,0
1,342,13.679999999999884,to_table,1.1781255006790161,3.051330089569092,0.14443047732598177,0.25754284858703613,0.5726034641265869,0.2199999988079071,-0.11092878878116608,0.2199999988079071,-0.11092878878116608,0,nominal-sac-a-star,2.83376615255648,99.0,99.0,2.89517689704895,99.0,customer-1,0,,waiter-1,-1.650016188621521,-2.549999952316284,-0.46875902535868263,0.0,6.274813435703672,0,0,waiter-2,4.283183574676514,-2.200000047683716,0.47099155019610706,0.0,6.100643724502902,0,0,customer-1,5.030821323394775,2.549999952316284,0.43047173694008123,0.0,3.885176573707993,0,0,customer-2,-5.429898262023926,2.200000047683716,0.3930652560300807,0.0,6.662637682529593,0,0
1,343,13.719999999999883,to_table,1.1910525560379028,3.0532150268554688,0.14142902431076543,0.25229334831237793,0.5715179443359375,0.2199999988079071,-0.1124962717294693,0.2199999988079071,-0.1124962717294693,0,nominal-sac-a-star,2.8382748724450027,99.0,99.0,2.8996758556365965,99.0,customer-1,0,,waiter-1,-1.6687664985656738,-2.549999952316284,-0.4687580875960684,0.0,6.290833261809472,0,0,waiter-2,4.302022933959961,-2.200000047683716,0.470992715470544,0.0,6.105276841526045,0,0,customer-1,5.04803991317749,2.549999952316284,0.430474002100798,0.0,3.8896756785596014,0,0,customer-2,-5.414175987243652,2.200000047683716,0.3930685782511212,0.0,6.660106598971553,0,0
1,344,13.759999999999883,to_table,1.2039850950241089,3.0550591945648193,0.13836807223911735,0.24757647514343262,0.5691016912460327,0.2199999988079071,-0.11373092234134674,0.2199999988079071,-0.11373092234134674,0,nominal-sac-a-star,2.8427734521136507,99.0,99.0,2.9041648006439207,99.0,customer-1,0,,waiter-1,-1.687516689300537,-2.549999952316284,-0.4687583419263497,0.0,6.306938291182825,0,0,waiter-2,4.320862770080566,-2.200000047683716,0.4709891123733989,0.0,6.10987512808626,0,0,customer-1,5.065258979797363,2.549999952316284,0.43047149888993275,0.0,3.8941649748582305,0,0,customer-2,-5.398453712463379,2.200000047683716,0.3930719004721617,0.0,6.657576462293306,0,0
1,345,13.799999999999882,to_table,1.2169232368469238,3.0568628311157227,0.13524993022833848,0.24298524856567383,0.5661790370941162,0.2199999988079071,-0.1150936707854271,0.2199999988079071,-0.1150936707854271,0,nominal-sac-a-star,2.8472617728664558,99.0,99.0,2.9086434936523435,99.0,customer-1,0,,waiter-1,-1.7062668800354004,-2.549999952316284,-0.46875859625663097,0.0,6.32312823938226,0,0,waiter-2,4.339702129364014,-2.200000047683716,0.47099027764783585,0.0,6.114438268397988,0,0,customer-1,5.082477569580078,2.549999952316284,0.4304737640506495,0.0,3.8986433893364647,0,0,customer-2,-5.382730484008789,2.200000047683716,0.3930656859500381,0.0,6.655046435963877,0,0
1,346,13.83999999999988,to_table,1.2298675775527954,3.0586256980895996,0.1320713794519268,0.23827946186065674,0.5633022785186768,0.2199999988079071,-0.11653299629688263,0.2199999988079071,-0.11653299629688263,0,nominal-sac-a-star,2.8517397070251125,99.0,99.0,2.913111457824707,99.0,customer-1,0,,waiter-1,-1.7250170707702637,-2.549999952316284,-0.46875885058691225,0.0,6.3394025721108855,0,0,waiter-2,4.358541488647461,-2.200000047683716,0.4709914429222728,0.0,6.118966021810739,0,0,customer-1,5.099696636199951,2.549999952316284,0.43047126083978426,0.0,3.903111206769978,0,0,customer-2,-5.367008209228516,2.200000047683716,0.3930690081710786,0.0,6.652518932987449,0,0
1,347,13.87999999999988,to_table,1.2428102493286133,3.0603718757629395,0.1288048994961563,0.23321771621704102,0.5604971647262573,0.2199999988079071,-0.11805383861064911,0.2199999988079071,-0.11805383861064911,0,nominal-sac-a-star,2.8562065939426375,99.0,99.0,2.9175784683227537,99.0,customer-1,0,,waiter-1,-1.743767261505127,-2.549999952316284,-0.4687591049171935,0.0,6.355778258995736,0,0,waiter-2,4.377380847930908,-2.200000047683716,0.47099260819670974,0.0,6.1234831273228645,0,0,customer-1,5.116915225982666,2.549999952316284,0.43047352600050104,0.0,3.9075783895372256,0,0,customer-2,-5.351285457611084,2.200000047683716,0.39306756202053705,0.0,6.649987810126642,0,0
1,348,13.91999999999988,to_table,1.2557635307312012,3.0620415210723877,0.12549749419046283,0.22777307033538818,0.5579438209533691,0.2199999988079071,-0.1196790486574173,0.2199999988079071,-0.1196790486574173,0,nominal-sac-a-star,2.860673328545844,99.0,99.0,2.9220259284973142,99.0,customer-1,0,,waiter-1,-1.7625174522399902,-2.549999952316284,-0.4687593592474748,0.0,6.37220759165927,0,0,waiter-2,4.396220684051514,-2.200000047683716,0.47098900509956465,0.0,6.127932163720313,0,0,customer-1,5.134134292602539,2.549999952316284,0.4304710227896358,0.0,3.91202586068557,0,0,customer-2,-5.335562705993652,2.200000047683716,0.3930661158699955,0.0,6.647457939752574,0,0
1,349,13.959999999999878,to_table,1.2686632871627808,3.063741683959961,0.12276141532157635,0.22200751304626465,0.5550585985183716,0.2199999988079071,-0.12139255553483963,0.2199999988079071,-0.12139255553483963,0,nominal-sac-a-star,2.8651199215108214,99.0,99.0,2.926530132293701,99.0,customer-1,0,,waiter-1,-1.7812676429748535,-2.549999952316284,-0.4687596135777561,0.0,6.388753699859755,0,0,waiter-2,4.415060043334961,-2.200000047683716,0.4709901703740016,0.0,6.132437489669013,0,0,customer-1,5.151352882385254,2.549999952316284,0.43047328795035256,0.0,3.916530232192916,0,0,customer-2,-5.319840431213379,2.200000047683716,0.393069438091036,0.0,6.644880048676097,0,0
1,350,13.999999999999877,to_table,1.2815845012664795,3.065304756164551,0.1192891240354853,0.21574127674102783,0.5517563819885254,0.2199999988079071,-0.12426766753196716,0.2199999988079071,-0.12426766753196716,0,nominal-sac-a-star,2.86962387431051,99.0,99.0,2.9309961891174314,99.0,customer-1,0,,waiter-1,-1.8000178337097168,-2.549999952316284,-0.46875986790803736,0.0,6.405304045868376,0,0,waiter-2,4.433899402618408,-2.200000047683716,0.47099133564843854,0.0,6.136817083367652,0,0,customer-1,5.168571949005127,2.549999952316284,0.4304707847394873,0.0,3.9209961055511013,0,0,customer-2,-5.304117679595947,2.200000047683716,0.39306799194049447,0.0,6.642305733217587,0,0
1,351,14.039999999999877,to_table,1.2947145700454712,3.0670993328094482,0.11549601839523767,0.21001732349395752,0.5514695644378662,0.2199999988079071,-0.12583187222480774,0.2199999988079071,-0.12583187222480774,0,nominal-sac-a-star,2.8740889328190393,99.0,99.0,2.9352853393554685,99.0,customer-1,0,,waiter-1,-1.8187681436538696,-2.549999952316284,-0.46875893014542314,0.0,6.422272104751139,0,0,waiter-2,4.4527387619018555,-2.200000047683716,0.4709925009228755,0.0,6.14129079920025,0,0,customer-1,5.185790538787842,2.549999952316284,0.4304730499002041,0.0,3.925285207960154,0,0,customer-2,-5.288394927978516,2.200000047683716,0.3930665457899529,0.0,6.639969264480008,0,0
1,352,14.079999999999876,to_table,1.3075345754623413,3.0683977603912354,0.10917629777404647,0.8949451446533203,-0.2115442156791687,0.2199999988079071,-0.2196248471736908,0.2199999988079071,-0.2196248471736908,0,nominal-sac-a-star,2.8783775454920972,99.0,99.0,2.939816961288452,99.0,customer-1,0,,waiter-1,-1.837518334388733,-2.549999952316284,-0.4687591844757044,0.0,6.438769343897931,0,0,waiter-2,4.471578598022461,-2.200000047683716,0.4709888978257304,0.0,6.145501610188331,0,0,customer-1,5.203009605407715,2.549999952316284,0.4304705466893388,0.0,3.9298170436223647,0,0,customer-2,-5.272672653198242,2.200000047683716,0.3930698680109934,0.0,6.637261616024537,0,0
1,353,14.119999999999875,to_table,1.320725917816162,3.07025146484375,0.10358990947742167,0.5667097568511963,0.40914154052734375,0.2199999988079071,-0.14311906695365906,0.2199999988079071,-0.14311906695365906,0,nominal-sac-a-star,2.8829087253038788,99.0,99.0,2.9440536594390867,99.0,customer-1,0,,waiter-1,-1.8562686443328857,-2.549999952316284,-0.4687582467130902,0.0,6.456045263163355,0,0,waiter-2,4.490417957305908,-2.200000047683716,0.47099006310016733,0.0,6.149999888658756,0,0,customer-1,5.22022819519043,2.549999952316284,0.4304728118500556,0.0,3.93405384400547,0,0,customer-2,-5.2569499015808105,2.200000047683716,0.3930684218604519,0.0,6.634994854116218,0,0
1,354,14.159999999999874,to_table,1.3337461948394775,3.071685552597046,0.09892433536277287,0.5875759124755859,0.33378779888153076,0.2199999988079071,-0.15328902006149292,0.2199999988079071,-0.15328902006149292,0,nominal-sac-a-star,2.8871449976588943,99.0,99.0,2.9484050369262693,99.0,customer-1,0,,waiter-1,-1.875018835067749,-2.549999952316284,-0.46875850104337147,0.0,6.4729839280897465,0,0,waiter-2,4.5092573165893555,-2.200000047683716,0.4709912283746043,0.0,6.154229436132902,0,0,customer-1,5.2374467849731445,2.549999952316284,0.43047507701077237,0.0,3.938405027793642,0,0,customer-2,-5.241227149963379,2.200000047683716,0.39306697570991034,0.0,6.6325040598814615,0,0
1,355,14.199999999999873,to_table,1.3468149900436401,3.0730795860290527,0.09480126940698196,0.5788018703460693,0.3303260803222656,0.2199999988079071,-0.13395625352859497,0.2199999988079071,-0.13395625352859497,0,nominal-sac-a-star,2.8914959061397143,99.0,99.0,2.9527032470703123,99.0,customer-1,0,,waiter-1,-1.8937690258026123,-2.549999952316284,-0.46875875537365275,0.0,6.490023748671204,0,0,waiter-2,4.528096675872803,-2.200000047683716,0.4709923936490412,0.0,6.1584025516418155,0,0,customer-1,5.254665851593018,2.549999952316284,0.4304725737999071,0.0,3.942703470883563,0,0,customer-2,-5.2255048751831055,2.200000047683716,0.39307029793095083,0.0,6.630057035284946,0,0
1,356,14.239999999999872,to_table,1.3597391843795776,3.074218511581421,0.09058155105112126,0.5827102661132812,0.30080604553222656,0.2199999988079071,-0.13716711103916168,0.2199999988079071,-0.13716711103916168,0,nominal-sac-a-star,2.8957936207659936,99.0,99.0,2.957110891342163,99.0,customer-1,0,,waiter-1,-1.9125192165374756,-2.549999952316284,-0.468759009703934,0.0,6.506881616567194,0,0,waiter-2,4.546936511993408,-2.200000047683716,0.47098879055189613,0.0,6.1624352504546085,0,0,customer-1,5.271884441375732,2.549999952316284,0.4304748389606239,0.0,3.947111046032975,0,0,customer-2,-5.209782123565674,2.200000047683716,0.3930688517804093,0.0,6.627432997636895,0,0
1,357,14.279999999999871,to_table,1.3730199337005615,3.075805187225342,0.08625145764334598,0.578567385673523,0.29529857635498047,0.2199999988079071,-0.13697119057178497,0.2199999988079071,-0.13697119057178497,0,nominal-sac-a-star,2.9002010973331025,99.0,99.0,2.9612252807617185,99.0,customer-1,0,,waiter-1,-1.9312694072723389,-2.549999952316284,-0.4687592640342153,0.0,6.524416565253946,0,0,waiter-2,4.5657758712768555,-2.200000047683716,0.4709899558263331,0.0,6.166669389031854,0,0,customer-1,5.2891035079956055,2.549999952316284,0.43047233574975863,0.0,3.9512253423363766,0,0,customer-2,-5.194059371948242,2.200000047683716,0.39306740562986775,0.0,6.625221901878329,0,0
1,358,14.31999999999987,to_table,1.3860607147216797,3.0769875049591064,0.08219737308299101,0.5773924589157104,0.2907588481903076,0.2199999988079071,-0.1379586011171341,0.2199999988079071,-0.1379586011171341,0,nominal-sac-a-star,2.9043145393789658,99.0,99.0,2.9655232524871824,99.0,customer-1,0,,waiter-1,-1.9500195980072021,-2.549999952316284,-0.4687595183644966,0.0,6.541591526326893,0,0,waiter-2,4.584615230560303,-2.200000047683716,0.47099112110077,0.0,6.170684615303146,0,0,customer-1,5.30632209777832,2.549999952316284,0.4304746009104754,0.0,3.9555233777751377,0,0,customer-2,-5.178337097167969,2.200000047683716,0.39307072785090824,0.0,6.62272041029666,0,0
1,359,14.35999999999987,to_table,1.3989959955215454,3.0779640674591064,0.07789086132747629,0.5730270147323608,0.28061676025390625,0.2199999988079071,-0.13917845487594604,0.2199999988079071,-0.13917845487594604,0,nominal-sac-a-star,2.908612443189053,99.0,99.0,2.9698991870880125,99.0,customer-1,0,,waiter-1,-1.968769907951355,-2.549999952316284,-0.46875858060188236,0.0,6.558645148845988,0,0,waiter-2,4.60345458984375,-2.200000047683716,0.47099228637520696,0.0,6.174581773971481,0,0,customer-1,5.323541164398193,2.549999952316284,0.43047209769961015,0.0,3.9598991009155244,0,0,customer-2,-5.162614345550537,2.200000047683716,0.3930692817003667,0.0,6.620086939616749,0,0
1,360,14.399999999999869,to_table,1.4122978448867798,3.079387664794922,0.07346181714838074,0.5699149370193481,0.2737596035003662,0.2199999988079071,-0.13940182328224182,0.2199999988079071,-0.13940182328224182,0,nominal-sac-a-star,2.912987688324497,99.0,99.0,2.973970899581909,99.0,customer-1,0,,waiter-1,-1.9875200986862183,-2.549999952316284,-0.46875883493216364,0.0,6.576379474538092,0,0,waiter-2,4.6222944259643555,-2.200000047683716,0.47098868327806187,0.0,6.178674021924134,0,0,customer-1,5.340759754180908,2.549999952316284,0.4304743628603269,0.0,3.96397077725079,0,0,customer-2,-5.1468915939331055,2.200000047683716,0.39306783554982516,0.0,6.617876447581569,0,0
1,361,14.439999999999868,to_table,1.425352692604065,3.0804107189178467,0.06929115886377203,0.5684823989868164,0.26952290534973145,0.2199999988079071,-0.1407558172941208,0.2199999988079071,-0.1407558172941208,0,nominal-sac-a-star,2.9170590755805996,99.0,99.0,2.978234539031982,99.0,customer-1,0,,waiter-1,-2.006270408630371,-2.549999952316284,-0.4687578971695494,0.0,6.593751696543708,0,0,waiter-2,4.641133785247803,-2.200000047683716,0.4709898485524988,0.0,6.182554965372055,0,0,customer-1,5.357978820800781,2.549999952316284,0.43047185964946166,0.0,3.9682343486117793,0,0,customer-2,-5.131169319152832,2.200000047683716,0.39307115777086565,0.0,6.61536876074763,0,0
1,362,14.479999999999867,to_table,1.4415864944458008,3.08111572265625,0.06481176607321931,0.5639646053314209,0.2589765787124634,0.3400000035762787,-0.14236781001091003,0.3400000035762787,-0.14236781001091003,0,nominal-sac-a-star,2.805349166485742,99.0,99.0,2.8336153125762937,99.0,customer-1,0,,waiter-1,-2.0250205993652344,-2.549999952316284,-0.4687581514998307,0.0,6.612626443992006,0,0,waiter-2,4.65997314453125,-2.200000047683716,0.47099101382693576,0.0,6.184512625032124,0,0,customer-1,5.375197410583496,2.549999952316284,0.43047412481017844,0.0,3.9693045739854047,0,0,customer-2,-5.1154465675354,2.200000047683716,0.3930697116203241,0.0,6.615969120892031,0,0
1,363,14.519999999999866,to_table,1.4608124494552612,3.0818021297454834,0.060650488922686686,0.5837500095367432,0.2024250030517578,0.3400000035762787,-0.14923840761184692,0.3400000035762787,-0.14923840761184692,0,nominal-sac-a-star,2.8056356513419276,99.0,99.0,2.8308169937133787,99.0,customer-1,0,,waiter-1,-2.0437707901000977,-2.549999952316284,-0.46875840583011197,0.0,6.633196693487054,0,0,waiter-2,4.678812503814697,-2.200000047683716,0.4709921791013727,0.0,6.184897621735801,0,0,customer-1,5.392416477203369,2.549999952316284,0.4304716215993132,0.0,3.96740769104003,0,0,customer-2,-5.099723815917969,2.200000047683716,0.3930682654697826,0.0,6.619532536456467,0,0
1,364,14.559999999999865,to_table,1.4806784391403198,3.0826826095581055,0.056395086761740536,0.5781612396240234,0.1983281373977661,0.3400000035762787,-0.1513708233833313,0.3400000035762787,-0.1513708233833313,0,nominal-sac-a-star,2.8030339355699976,99.0,99.0,2.8274154758453367,99.0,customer-1,0,,waiter-1,-2.062520980834961,-2.549999952316284,-0.46875866016039325,0.0,6.654425217293903,0,0,waiter-2,4.697652339935303,-2.200000047683716,0.4709885760042276,0.0,6.185115773816978,0,0,customer-1,5.409635066986084,2.549999952316284,0.43047388676002996,0.0,3.9649023943622326,0,0,customer-2,-5.084001541137695,2.200000047683716,0.39307158769082307,0.0,6.6237566190569,0,0
1,365,14.599999999999865,to_table,1.5009499788284302,3.0837864875793457,0.0533071542923957,0.5742665529251099,0.19373345375061035,0.3400000035762787,-0.12366253137588501,0.3400000035762787,-0.12366253137588501,0,nominal-sac-a-star,2.799827925986281,99.0,99.0,2.823914060592651,99.0,customer-1,0,,waiter-1,-2.081271171569824,-2.549999952316284,-0.4687589144906745,0.0,6.676215845875002,0,0,waiter-2,4.71649169921875,-2.200000047683716,0.47098974127866455,0.0,6.185313953696931,0,0,customer-1,5.426854133605957,2.549999952316284,0.4304713835491647,0.0,3.9620261858962507,0,0,customer-2,-5.0682783126831055,2.200000047683716,0.3930653731686995,0.0,6.628411485215667,0,0
1,366,14.639999999999864,to_table,1.5298449993133545,3.0848121643066406,0.048028416084770195,0.948845624923706,-0.2842977046966553,0.8199999928474426,-0.1830715537071228,0.8199999928474426,-0.1830715537071228,0,nominal-sac-a-star,1.6781028084591354,99.0,99.0,1.4182043170928955,99.0,customer-1,0,,waiter-1,-2.1000213623046875,-2.549999952316284,-0.4687591688209558,0.0,6.702763414655684,0,0,waiter-2,4.735331058502197,-2.200000047683716,0.4709909065531015,0.0,6.1809692598860595,0,0,customer-1,5.444072723388672,2.549999952316284,0.4304736487098815,0.0,3.9505952435062057,0,0,customer-2,-5.052556037902832,2.200000047683716,0.39306869538974,0.0,6.64160341306732,0,0
1,367,14.679999999999863,to_table,1.5687867403030396,3.0857975482940674,0.04427028090150507,0.9794695377349854,0.9662916660308838,0.8199999928474426,-0.034272197633981705,0.8199999928474426,-0.034272197633981705,0,nominal-sac-a-star,1.664065639605414,99.0,99.0,1.3946487998962402,99.0,customer-1,0,,waiter-1,-2.118771553039551,-2.549999952316284,-0.4687594231512371,0.0,6.735005540805858,0,0,waiter-2,4.7541704177856445,-2.200000047683716,0.47099207182753844,0.0,6.171411945285869,0,0,customer-1,5.461291790008545,2.549999952316284,0.4304711454990162,0.0,3.929207887836737,0,0,customer-2,-5.036833763122559,2.200000047683716,0.3930720176107805,0.0,6.6647475156501015,0,0
1,368,14.719999999999862,to_table,1.615047574043274,3.0870394706726074,0.04176967382939332,0.8934611082077026,0.1987147331237793,0.8199999928474426,-0.132736936211586,0.8199999928474426,-0.132736936211586,0,nominal-sac-a-star,1.6411198505374232,99.0,99.0,1.3651101684570313,99.0,customer-1,0,,waiter-1,-2.137521743774414,-2.549999952316284,-0.46875967748151837,0.0,6.771852770206809,0,0,waiter-2,4.77301025390625,-2.200000047683716,0.47098846873039335,0.0,6.1583695209096385,0,0,customer-1,5.47851037979126,2.549999952316284,0.430473410659733,0.0,3.9006097338332233,0,0,customer-2,-5.021110534667969,2.200000047683716,0.3930658030886569,0.0,6.695179861792396,0,0
1,369,14.759999999999861,to_table,1.662972331047058,3.0886454582214355,0.03836722264902673,0.8777036666870117,0.27327871322631836,0.8199999928474426,-0.13684409856796265,0.8199999928474426,-0.13684409856796265,0,nominal-sac-a-star,1.6118080061191156,99.0,99.0,1.3334009742736816,99.0,customer-1,0,,waiter-1,-2.1562719345092773,-2.549999952316284,-0.46875993181179965,0.0,6.810355998460215,0,0,waiter-2,4.791849613189697,-2.200000047683716,0.4709896340048303,0.0,6.144887658357886,0,0,customer-1,5.495729446411133,2.549999952316284,0.43047090744886773,0.0,3.870421951984791,0,0,customer-2,-5.005388259887695,2.200000047683716,0.3930691253096974,0.0,6.7273117689312905,0,0
1,370,14.79999999999986,to_table,1.7112301588058472,3.0902342796325684,0.03533599103348663,0.8744874000549316,0.27380824089050293,0.8199999928474426,-0.1119658499956131,0.8199999928474426,-0.1119658499956131,0,nominal-sac-a-star,1.58049889577877,99.0,99.0,1.3016760444641113,99.0,customer-1,0,,waiter-1,-2.1750221252441406,-2.549999952316284,-0.4687601861420809,0.0,6.849467060036964,0,0,waiter-2,4.8106889724731445,-2.200000047683716,0.47099079927926724,0.0,6.131331354243993,0,0,customer-1,5.512948036193848,2.549999952316284,0.4304731726095845,0.0,3.8399104088067473,0,0,customer-2,-4.989665508270264,2.200000047683716,0.39306767915915586,0.0,6.759772165448549,0,0
1,371,14.83999999999986,to_table,1.759810209274292,3.0919699668884277,0.031838162059741,0.872941255569458,0.2414393424987793,0.8199999928474426,-0.1272181123495102,0.8199999928474426,-0.1272181123495102,0,nominal-sac-a-star,1.5490809755586656,99.0,99.0,1.269357213973999,99.0,customer-1,0,,waiter-1,-2.193772315979004,-2.549999952316284,-0.4687604404723622,0.0,6.889313416676516,0,0,waiter-2,4.829528331756592,-2.200000047683716,0.4709919645537042,0.0,6.117852236416547,0,0,customer-1,5.530167102813721,2.549999952316284,0.43047066939871925,0.0,3.809110473766234,0,0,customer-2,-4.97394323348999,2.200000047683716,0.39307100138019635,0.0,6.7925728383806,0,0
1,372,14.879999999999859,to_table,1.808575987815857,3.093644857406616,0.027625818790732982,0.8728601932525635,0.24878239631652832,0.8199999928474426,-0.14138086140155792,0.8199999928474426,-0.14138086140155792,0,nominal-sac-a-star,1.5171614612757647,99.0,99.0,1.236341962814331,99.0,customer-1,0,,waiter-1,-2.212522506713867,-2.549999952316284,-0.4687606948026435,0.0,6.929643558006533,0,0,waiter-2,4.848368167877197,-2.200000047683716,0.4709883614565591,0.0,6.104343771377142,0,0,customer-1,5.5473856925964355,2.549999952316284,0.430472934559436,0.0,3.7781275509691454,0,0,customer-2,-4.958220481872559,2.200000047683716,0.3930695552296548,0.0,6.825550198198845,0,0
1,373,14.919999999999858,to_table,1.8571457862854004,3.0948758125305176,0.024181103443898778,0.8711177110671997,0.25692296028137207,0.8199999928474426,-0.112335704267025,0.8199999928474426,-0.112335704267025,0,nominal-sac-a-star,1.4847041614665548,99.0,99.0,1.2039983367919922,99.0,customer-1,0,,waiter-1,-2.2312729358673096,-2.549999952316284,-0.46875856494713375,0.0,6.9699203760303865,0,0,waiter-2,4.8672075271606445,-2.200000047683716,0.47098952673099603,0.0,6.090663515493228,0,0,customer-1,5.564604759216309,2.549999952316284,0.43047043134857077,0.0,3.7472845820687417,0,0,customer-2,-4.942497730255127,2.200000047683716,0.39306810907911327,0.0,6.858276356821864,0,0
1,374,14.959999999999857,to_table,1.9056540727615356,3.0958948135375977,0.020468046398635045,0.8676037788391113,0.21076512336730957,0.8199999928474426,-0.12891718745231628,0.8199999928474426,-0.12891718745231628,0,nominal-sac-a-star,1.452757222354647,99.0,99.0,1.1714885330200195,99.0,customer-1,0,,waiter-1,-2.250023126602173,-2.549999952316284,-0.46875881927741503,0.0,7.010405173198454,0,0,waiter-2,4.886046886444092,-2.200000047683716,0.470990692005433,0.0,6.076943615417288,0,0,customer-1,5.581823348999023,2.549999952316284,0.43047269650928754,0.0,3.716479752004616,0,0,customer-2,-4.926774978637695,2.200000047683716,0.39306666292857173,0.0,6.890915336433077,0,0
1,375,14.999999999999856,to_table,1.9543330669403076,3.0969090461730957,0.016390379181696658,0.8592356443405151,0.21518421173095703,0.8199999928474426,-0.14213530719280243,0.8199999928474426,-0.14213530719280243,0,nominal-sac-a-star,1.4207090089435057,99.0,99.0,1.1385841464996338,99.0,customer-1,0,,waiter-1,-2.268773317337036,-2.549999952316284,-0.4687590736076963,0.0,7.051397646576485,0,0,waiter-2,4.904886722564697,-2.200000047683716,0.4709870889082879,0.0,6.063251011074953,0,0,customer-1,5.599041938781738,2.549999952316284,0.4304749616700043,0.0,3.685513847134876,0,0,customer-2,-4.911052703857422,2.200000047683716,0.3930699851496122,0.0,6.92372497528918,0,0
1,376,15.039999999999855,to_table,2.003129005432129,3.0978803634643555,0.01278802587306703,0.8509972095489502,0.21792912483215332,0.8199999928474426,-0.11028964072465897,0.8199999928474426,-0.11028964072465897,0,nominal-sac-a-star,1.3883396244141426,99.0,99.0,1.1059324836730957,99.0,customer-1,0,,waiter-1,-2.2875235080718994,-2.549999952316284,-0.4687593279379776,0.0,7.0928309618248235,0,0,waiter-2,4.9237260818481445,-2.200000047683716,0.47098825418272483,0.0,6.049580492364428,0,0,customer-1,5.616261005401611,2.549999952316284,0.43047245845913906,0.0,3.6544350854986125,0,0,customer-2,-4.89532995223999,2.200000047683716,0.3930685389990707,0.0,6.956646106577008,0,0
1,377,15.079999999999854,to_table,2.0517685413360596,3.0984904766082764,0.009318134531193793,0.848082423210144,0.17148137092590332,0.8199999928474426,-0.1266791671514511,0.8199999928474426,-0.1266791671514511,0,nominal-sac-a-star,1.3561110167201897,99.0,99.0,1.0734543895721436,99.0,customer-1,0,,waiter-1,-2.306273937225342,-2.549999952316284,-0.46875719808246785,0.0,7.134281909947067,0,0,waiter-2,4.942565441131592,-2.200000047683716,0.4709894194571618,0.0,6.035785661525721,0,0,customer-1,5.633479595184326,2.549999952316284,0.43047472361985584,0.0,3.62346463050172,0,0,customer-2,-4.879607200622559,2.200000047683716,0.39306709284852914,0.0,6.989367262283577,0,0
1,378,15.119999999999854,to_table,2.0992791652679443,3.0990219116210938,0.007296907895180451,0.784766674041748,0.7849125862121582,0.784766674041748,-0.06656961888074875,0.784766674041748,-0.06656961888074875,0,nominal-sac-a-star,1.4060791536646116,99.0,99.0,1.1445851421356201,99.0,customer-1,0,,waiter-1,-2.325024127960205,-2.549999952316284,-0.46875745241274913,0.0,7.175368119456449,0,0,waiter-2,4.961404800415039,-2.200000047683716,0.4709905847315987,0.0,6.0225739411451595,0,0,customer-1,5.650698661804199,2.549999952316284,0.4304722204089906,0.0,3.5936062043825445,0,0,customer-2,-4.863884925842285,2.200000047683716,0.39307041506956963,0.0,7.020961078909666,0,0
1,379,15.159999999999853,to_table,2.1465818881988525,3.0993196964263916,0.005062502550017823,0.8020937442779541,0.12301921844482422,0.8020937442779541,-0.11446055769920349,0.8020937442779541,-0.11446055769920349,0,nominal-sac-a-star,1.335442845242562,99.0,99.0,1.0642545318603516,99.0,customer-1,0,,waiter-1,-2.3437743186950684,-2.549999952316284,-0.4687577067430304,0.0,7.216516566769651,0,0,waiter-2,4.9802446365356445,-2.200000047683716,0.4709869816344536,0.0,6.009362222534671,0,0,customer-1,5.667917251586914,2.549999952316284,0.43047448556970735,0.0,3.5639240904818,0,0,customer-2,-4.8481621742248535,2.200000047683716,0.3930689689190281,0.0,7.052320208940199,0,0
1,380,15.199999999999852,to_table,2.1937170028686523,3.099691867828369,0.0016985146609069413,0.7876744270324707,0.13072383403778076,0.7876744270324707,-0.12403397262096405,0.7876744270324707,-0.12403397262096405,0,nominal-sac-a-star,1.3388376022477202,99.0,99.0,1.0749611949920654,99.0,customer-1,0,,waiter-1,-2.3625245094299316,-2.549999952316284,-0.4687579610733117,0.0,7.257985559437432,0,0,waiter-2,4.999083995819092,-2.200000047683716,0.47098814690889057,0.0,5.996400450643698,0,0,customer-1,5.685136318206787,2.549999952316284,0.4304719823588421,0.0,3.534426408555645,0,0,customer-2,-4.832439422607422,2.200000047683716,0.39306752276848655,0.0,7.08352451019222,0,0
1,381,15.239999999999851,to_table,2.2403037548065186,3.0998218059539795,-0.00166155437845808,0.7776048183441162,0.14414894580841064,0.7799999713897705,-0.13473425805568695,0.7799999713897705,-0.13473425805568695,0,nominal-sac-a-star,1.3262366438490611,99.0,99.0,1.0667727088928223,99.0,customer-1,0,,waiter-1,-2.381274700164795,-2.549999952316284,-0.46875821540359297,0.0,7.299278958614962,0,0,waiter-2,5.017923355102539,-2.200000047683716,0.4709893121833275,0.0,5.983584404372042,0,0,customer-1,5.702354907989502,2.549999952316284,0.4304742475195589,0.0,3.505438953682294,0,0,customer-2,-4.816717147827148,2.200000047683716,0.39307084498952705,0.0,7.114156535870229,0,0
1,382,15.27999999999985,to_table,2.2869012355804443,3.1000711917877197,-0.004509252060977978,0.7637019157409668,0.14125466346740723,0.7799999713897705,-0.10104674100875854,0.7799999713897705,-0.10104674100875854,0,nominal-sac-a-star,1.2962402886314643,99.0,99.0,1.036766061782837,99.0,customer-1,0,,waiter-1,-2.400024890899658,-2.549999952316284,-0.46875846973387425,0.0,7.341020395593415,0,0,waiter-2,5.036762714385986,-2.200000047683716,0.47099047745776446,0.0,5.97097088387566,0,0,customer-1,5.719573974609375,2.549999952316284,0.4304717443086936,0.0,3.4764666691579285,0,0,customer-2,-4.800994396209717,2.200000047683716,0.3930693988389855,0.0,7.144815781501909,0,0
1,383,15.31999999999985,to_table,2.3331620693206787,3.099905490875244,-0.006699813078450724,0.7614338397979736,0.08623218536376953,0.7799999713897705,-0.11678777635097504,0.7799999713897705,-0.11678777635097504,0,nominal-sac-a-star,1.2665003378441655,99.0,99.0,1.0073926544189453,99.0,customer-1,0,,waiter-1,-2.4187750816345215,-2.549999952316284,-0.46875872406415553,0.0,7.382569891550874,0,0,waiter-2,5.055602073669434,-2.200000047683716,0.4709916427322014,0.0,5.9582445648803635,0,0,customer-1,5.73679256439209,2.549999952316284,0.4304740094694104,0.0,3.447766907480533,0,0,customer-2,-4.785271644592285,2.200000047683716,0.39306795268844397,0.0,7.175090824934445,0,0
1,384,15.359999999999848,to_table,2.3795323371887207,3.0994935035705566,-0.009665229178440619,0.7438271045684814,0.07488417625427246,0.7799999713897705,-0.12956105172634125,0.7799999713897705,-0.12956105172634125,0,nominal-sac-a-star,1.2372858258837234,99.0,99.0,0.9773922061920166,99.0,customer-1,0,,waiter-1,-2.4375252723693848,-2.549999952316284,-0.4687589783944368,0.0,7.4243397229592,0,0,waiter-2,5.074441909790039,-2.200000047683716,0.4709880396350563,0.0,5.945348560369177,0,0,customer-1,5.754011631011963,2.549999952316284,0.43047150625854513,0.0,3.41892580605544,0,0,customer-2,-4.7695488929748535,2.200000047683716,0.3930665065379024,0.0,7.205445920459079,0,0
1,385,15.399999999999848,to_table,2.4259345531463623,3.099177360534668,-0.010155208741190311,-0.1687660813331604,0.8652580976486206,0.7799999713897705,-0.0010664825094863772,0.7799999713897705,-0.0010664825094863772,0,nominal-sac-a-star,1.2075922343942695,99.0,99.0,0.9489042854309082,99.0,customer-1,0,,waiter-1,-2.456275463104248,-2.549999952316284,-0.4687592327247181,0.0,7.466537280078878,0,0,waiter-2,5.093281269073486,-2.200000047683716,0.47098920490949325,0.0,5.932623341047308,0,0,customer-1,5.771230220794678,2.549999952316284,0.4304737714192619,0.0,3.3900735876502814,0,0,customer-2,-4.75382661819458,2.200000047683716,0.3930698287589429,0.0,7.235847588046678,0,0
1,386,15.439999999999847,to_table,2.472294569015503,3.0987281799316406,-0.011785097295593197,0.7605266571044922,-0.005859076976776123,0.7799999713897705,-0.11553847044706345,0.7799999713897705,-0.11553847044706345,0,nominal-sac-a-star,1.178945982819995,99.0,99.0,0.9197425937652588,99.0,customer-1,0,,waiter-1,-2.4750256538391113,-2.549999952316284,-0.46875948705499937,0.0,7.5089351375221876,0,0,waiter-2,5.112120628356934,-2.200000047683716,0.4709903701839302,0.0,5.919898855023275,0,0,customer-1,5.788449287414551,2.549999952316284,0.43047126820839665,0.0,3.3612475041481487,0,0,customer-2,-4.738103866577148,2.200000047683716,0.3930683826084014,0.0,7.266192803366203,0,0
1,387,15.479999999999846,to_table,2.5186145305633545,3.09806227684021,-0.015765839480918285,0.5845004320144653,-0.3738137483596802,0.7799999713897705,-0.17009681463241577,0.7799999713897705,-0.17009681463241577,0,nominal-sac-a-star,1.1498384923010174,99.0,99.0,0.8891465759277344,99.0,customer-1,0,,waiter-1,-2.4937758445739746,-2.549999952316284,-0.46875974138528065,0.0,7.551467686297384,0,0,waiter-2,5.130959987640381,-2.200000047683716,0.47099153545836714,0.0,5.907098541725103,0,0,customer-1,5.805667877197266,2.549999952316284,0.4304735333691134,0.0,3.332430346635885,0,0,customer-2,-4.722381114959717,2.200000047683716,0.39306693645785984,0.0,7.296474059840246,0,0
1,388,15.519999999999845,to_table,2.5649194717407227,3.0973246097564697,-0.01898557239822436,0.2664562463760376,0.29612088203430176,0.7799999713897705,-0.09948485344648361,0.7799999713897705,-0.09948485344648361,0,nominal-sac-a-star,1.119741709197337,99.0,99.0,0.8590335941314697,99.0,customer-1,0,,waiter-1,-2.512526035308838,-2.549999952316284,-0.46875999571556193,0.0,7.594256223386724,0,0,waiter-2,5.149799823760986,-2.200000047683716,0.47098793236122205,0.0,5.894340926735081,0,0,customer-1,5.822886943817139,2.549999952316284,0.43047103015824817,0.0,3.3036216989464773,0,0,customer-2,-4.706658840179443,2.200000047683716,0.39307025867890033,0.0,7.326734778609554,0,0
1,389,15.559999999999844,to_table,2.611372709274292,3.0966317653656006,-0.02067724250963228,0.2649937868118286,0.199792742729187,0.7799999713897705,-0.07244991511106491,0.7799999713897705,-0.07244991511106491,0,nominal-sac-a-star,1.0899830753199373,99.0,99.0,0.8297149038314819,99.0,customer-1,0,,waiter-1,-2.531276226043701,-2.549999952316284,-0.4687602500458432,0.0,7.637492247266661,0,0,waiter-2,5.168639183044434,-2.200000047683716,0.470989097635659,0.0,5.88165966210855,0,0,customer-1,5.8401055335998535,2.549999952316284,0.43047329531896494,0.0,3.274678914018121,0,0,customer-2,-4.690936088562012,2.200000047683716,0.3930688125283588,0.0,7.357150414128466,0,0
1,390,15.599999999999843,to_table,2.657466411590576,3.0954668521881104,-0.02242007808703189,0.24889802932739258,0.14025664329528809,0.7799999713897705,-0.08818241953849792,0.7799999713897705,-0.08818241953849792,0,nominal-sac-a-star,1.0607323236729889,99.0,99.0,0.8005950546264649,99.0,customer-1,0,,waiter-1,-2.5500264167785645,-2.549999952316284,-0.4687605043761245,0.0,7.680447708192348,0,0,waiter-2,5.187478542327881,-2.200000047683716,0.47099026291009594,0.0,5.868810021573031,0,0,customer-1,5.857324600219727,2.549999952316284,0.4304707921080997,0.0,3.2460170311002385,0,0,customer-2,-4.67521333694458,2.200000047683716,0.39306736637781725,0.0,7.387154600558114,0,0
1,391,15.639999999999842,to_table,2.703707695007324,3.094364643096924,-0.024814579010774624,0.22986185550689697,0.13889360427856445,0.7799999713897705,-0.09777987748384476,0.7799999713897705,-0.09777987748384476,0,nominal-sac-a-star,1.031706263678869,99.0,99.0,0.7709764337539673,99.0,customer-1,0,,waiter-1,-2.5687766075134277,-2.549999952316284,-0.46876075870640577,0.0,7.723855410757108,0,0,waiter-2,5.206317901611328,-2.200000047683716,0.4709914281845329,0.0,5.856052879302177,0,0,customer-1,5.874543190002441,2.549999952316284,0.43047305726881646,0.0,3.2172240601005133,0,0,customer-2,-4.659491062164307,2.200000047683716,0.39307068859885774,0.0,7.4173164936614695,0,0
1,392,15.679999999999842,to_table,2.7501535415649414,3.0933804512023926,-0.026170695663114803,0.21759486198425293,0.1374887228012085,0.7799999713897705,-0.0627690926194191,0.7799999713897705,-0.0627690926194191,0,nominal-sac-a-star,1.0022957352957145,99.0,99.0,0.7418207025527954,99.0,customer-1,0,,waiter-1,-2.58752703666687,-2.549999952316284,-0.46875862885089603,0.0,7.767790955867164,0,0,waiter-2,5.225157737731934,-2.200000047683716,0.4709878250873878,0.0,5.843417054860278,0,0,customer-1,5.8917622566223145,2.549999952316284,0.4304705540579512,0.0,3.188254645584972,0,0,customer-2,-4.643768310546875,2.200000047683716,0.3930692424483162,0.0,7.447698228347321,0,0
1,393,15.71999999999984,to_table,2.7963366508483887,3.092101573944092,-0.026960608292291476,0.18934082984924316,0.21759819984436035,0.7799999713897705,-0.06008636951446533,0.7799999713897705,-0.06008636951446533,0,nominal-sac-a-star,0.9731472624565323,99.0,99.0,0.7131855583190918,99.0,customer-1,0,,waiter-1,-2.6062772274017334,-2.549999952316284,-0.4687588831811773,0.0,7.811628917843607,0,0,waiter-2,5.243997097015381,-2.200000047683716,0.47098899036182473,0.0,5.8307273331348695,0,0,customer-1,5.908980846405029,2.549999952316284,0.430472819218668,0.0,3.1594980703117934,0,0,customer-2,-4.628045558929443,2.200000047683716,0.39306779629777466,0.0,7.4777868604301405,0,0
1,394,15.75999999999984,to_table,2.842641830444336,3.0908708572387695,-0.027897092672836236,0.17252671718597412,0.2472449541091919,0.7799999713897705,-0.06514838337898254,0.7799999713897705,-0.06514838337898254,0,nominal-sac-a-star,0.9444225905161423,99.0,99.0,0.6843756532669067,99.0,customer-1,0,,waiter-1,-2.6250274181365967,-2.549999952316284,-0.4687591375114586,0.0,7.8558787224579705,0,0,waiter-2,5.262836456298828,-2.200000047683716,0.4709901556362617,0.0,5.8181317413384726,0,0,customer-1,5.926199436187744,2.549999952316284,0.43047508437938475,0.0,3.130633936398455,0,0,customer-2,-4.61232328414917,2.200000047683716,0.39307111851881515,0.0,7.508006104094711,0,0
1,395,15.799999999999839,to_table,2.888821601867676,3.089510679244995,-0.028221931914329475,0.15634942054748535,0.2423255443572998,0.7799999713897705,-0.035583268851041794,0.7799999713897705,-0.035583268851041794,0,nominal-sac-a-star,0.9155420093175521,99.0,99.0,0.6560375785827637,99.0,customer-1,0,,waiter-1,-2.64377760887146,-2.549999952316284,-0.46875939184173987,0.0,7.900236337614465,0,0,waiter-2,5.281675815582275,-2.200000047683716,0.4709913209106986,0.0,5.805572755412304,0,0,customer-1,5.943418502807617,2.549999952316284,0.4304725811685195,0.0,3.101875892375941,0,0,customer-2,-4.596600532531738,2.200000047683716,0.3930696723682736,0.0,7.538088198861646,0,0
1,396,15.839999999999838,to_table,2.935108184814453,3.088197708129883,-0.028491562765937294,0.014291167259216309,0.2454829216003418,0.7799999713897705,-0.04106518253684044,0.7799999713897705,-0.04106518253684044,0,nominal-sac-a-star,0.8870150694074481,99.0,99.0,0.6276692247390747,99.0,customer-1,0,,waiter-1,-2.6625280380249023,-2.549999952316284,-0.46875726198623013,0.0,7.944986100774744,0,0,waiter-2,5.300515651702881,-2.200000047683716,0.47098771781355353,0.0,5.793115568414246,0,0,customer-1,5.960637092590332,2.549999952316284,0.43047484632923627,0.0,3.073024893512953,0,0,customer-2,-4.580877780914307,2.200000047683716,0.3930682262177321,0.0,7.56828515061726,0,0
1,397,15.879999999999837,to_table,2.9814019203186035,3.0868728160858154,-0.02882586838132405,-0.049720168113708496,0.25324583053588867,0.7799999713897705,-0.047616343945264816,0.7799999713897705,-0.047616343945264816,0,nominal-sac-a-star,0.8584345460006944,99.0,99.0,0.5992775058746338,99.0,customer-1,0,,waiter-1,-2.6812782287597656,-2.549999952316284,-0.4687575163165114,0.0,7.990011331526343,0,0,waiter-2,5.319355010986328,-2.200000047683716,0.4709888830879905,0.0,5.78074816367444,0,0,customer-1,5.977856159210205,2.549999952316284,0.430472343118371,0.0,3.0441699160236677,0,0,customer-2,-4.565155029296875,2.200000047683716,0.39306678006719054,0.0,7.598490975261001,0,0
1,398,15.919999999999837,to_table,3.020191192626953,3.0840237140655518,-0.025102926329188507,-0.053772926330566406,0.2376396656036377,0.7799999713897705,-0.023419089615345,0.30000001192092896,0.44999998807907104,1,dwa-left-arc,1.9493784582440221,0.3705857826443557,99.0,1.9903178310394287,99.0,customer-1,0,,waiter-1,-2.700028419494629,-2.549999952316284,-0.4687577706467927,0.0,8.028893764663412,0,0,waiter-2,5.338194370269775,-2.200000047683716,0.4709900483624274,0.0,5.770099292585276,0,0,customer-1,5.99507474899292,2.549999952316284,0.4304746082790878,0.0,3.0224350368617454,0,0,customer-2,-4.549432754516602,2.200000047683716,0.393070102288231,0.0,7.621069776868097,0,0
1,399,15.959999999999836,to_table,3.047889471054077,3.0799200534820557,-0.009983492461586143,0.3016033172607422,-0.2886424660682678,0.7799999713897705,-0.09092675149440765,0.30000001192092896,0.44999998807907104,1,dwa-left-arc,1.9277325912934056,0.39098395734165337,99.0,1.9814105129241943,99.0,customer-1,0,,waiter-1,-2.718778610229492,-2.549999952316284,-0.468758024977074,0.0,8.059184824247618,0,0,waiter-2,5.357033729553223,-2.200000047683716,0.47099121363686436,0.0,5.762786086716558,0,0,customer-1,6.012293815612793,2.549999952316284,0.43047210506822253,0.0,3.0113964255239014,0,0,customer-2,-4.53371000289917,2.200000047683716,0.3930686561376895,0.0,7.6324904061552745,0,0
1,400,15.999999999999835,to_table,3.070620536804199,3.077176809310913,0.004855774227417038,0.37277185916900635,-0.35564303398132324,0.7799999713897705,-0.1117909848690033,0.30000001192092896,0.44999998807907104,1,dwa-left-arc,1.9170352045632746,0.4078518521849108,99.0,1.97783185005188,99.0,customer-1,0,,waiter-1,-2.7375288009643555,-2.549999952316284,-0.46875827930735525,0.0,8.087009152734925,0,0,waiter-2,5.375873565673828,-2.200000047683716,0.47098761053971927,0.0,5.758714015048178,0,0,customer-1,6.029512405395508,2.549999952316284,0.4304743702289393,0.0,3.0054877355541647,0,0,customer-2,-4.517987251281738,2.200000047683716,0.39306720998714795,0.0,7.639136550195795,0,0
1,401,16.039999999999836,to_table,3.0920889377593994,3.0756194591522217,0.0205332162063355,0.3795987367630005,-0.35154616832733154,0.7799999713897705,-0.12604136765003204,0.30000001192092896,0.44999998807907104,1,dwa-left-arc,1.9114414722164654,0.4214444583196908,99.0,1.97610426902771,99.0,customer-1,0,,waiter-1,-2.7562789916992188,-2.549999952316284,-0.46875853363763653,0.0,8.114862981037408,0,0,waiter-2,5.394712924957275,-2.200000047683716,0.470988775814174,0.0,5.756234742201443,0,0,customer-1,6.046731472015381,2.549999952316284,0.43047186701807405,0.0,3.001031217965095,0,0,customer-2,-4.502264976501465,2.200000047683716,0.3930705322082062,0.0,7.6446661620236736,0,0
1,402,16.079999999999835,to_table,3.111907720565796,3.0758979320526123,0.03376511586401391,0.39086484909057617,-0.3383815288543701,0.7799999713897705,-0.14317893981933594,0.30000001192092896,0.44999998807907104,1,dwa-left-arc,1.907299186011136,0.43363642142568604,99.0,1.9761266803741455,99.0,customer-1,0,,waiter-1,-2.775029182434082,-2.549999952316284,-0.4687587879679178,0.0,8.142895867272786,0,0,waiter-2,5.413552284240723,-2.200000047683716,0.4709899410886109,0.0,5.756098260982018,0,0,customer-1,6.063950061798096,2.549999952316284,0.4304741321788086,0.0,2.998520079892584,0,0,customer-2,-4.486542224884033,2.200000047683716,0.39306908605766466,0.0,7.64876713447,0,0
1,403,16.119999999999834,to_table,3.130516767501831,3.0748369693756104,0.046685957315728596,0.37327802181243896,-0.34605681896209717,0.7799999713897705,-0.16521693766117096,0.30000001192092896,0.44999998807907104,1,dwa-left-arc,1.9050390530003685,0.44365624161993256,99.0,1.9772198295593262,99.0,customer-1,0,,waiter-1,-2.7937793731689453,-2.549999952316284,-0.4687590422981991,0.0,8.169215088244096,0,0,waiter-2,5.43239164352417,-2.200000047683716,0.47099110636304786,0.0,5.755217936916219,0,0,customer-1,6.081169128417969,2.549999952316284,0.43047162896794333,0.0,2.9969656737199557,0,0,customer-2,-4.470819473266602,2.200000047683716,0.3930676399071231,0.0,7.65151307159407,0,0
1,404,16.159999999999833,to_table,3.149016857147217,3.075364589691162,0.060604120409214035,0.551203727722168,0.45083487033843994,0.7799999713897705,0.2878665030002594,0.30000001192092896,0.44999998807907104,1,dwa-left-arc,1.903706680081505,0.4543870076212524,99.0,1.979139575958252,99.0,customer-1,0,,waiter-1,-2.8125295639038086,-2.549999952316284,-0.46875929662848037,0.0,8.19663113485174,0,0,waiter-2,5.451231479644775,-2.200000047683716,0.4709875032659028,0.0,5.75583740434934,0,0,customer-1,6.098387718200684,2.549999952316284,0.4304738941286601,0.0,2.995796468092468,0,0,customer-2,-4.455097198486328,2.200000047683716,0.3930709621281636,0.0,7.654332998536681,0,0
1,405,16.199999999999832,to_table,3.166823387145996,3.0762627124786377,0.07752747956914725,0.3562842607498169,-0.4436826705932617,0.7799999713897705,0.17249444127082825,0.30000001192092896,0.44999998807907104,1,dwa-left-arc,1.9027608812139643,0.46390360677978504,99.0,1.982778558731079,99.0,customer-1,0,,waiter-1,-2.831279754638672,-2.549999952316284,-0.46875955095876165,0.0,8.22387213377934,0,0,waiter-2,5.470070838928223,-2.200000047683716,0.4709886685403397,0.0,5.757073695760493,0,0,customer-1,6.115606784820557,2.549999952316284,0.43047139091779485,0.0,2.9953757726093104,0,0,customer-2,-4.4393744468688965,2.200000047683716,0.3930695159776221,0.0,7.65650584456685,0,0
1,406,16.23999999999983,to_table,3.1846084594726562,3.0773515701293945,0.09462234979602559,0.9560823440551758,-0.9119086265563965,0.8199999928474426,0.10392364114522934,0.30000001192092896,0.44999998807907104,1,dwa-left-arc,1.9025792916710977,0.4729085416402887,99.0,1.9868531322479248,99.0,customer-1,0,,waiter-1,-2.850029945373535,-2.549999952316284,-0.46875980528904293,0.0,8.251299645172043,0,0,waiter-2,5.48891019821167,-2.200000047683716,0.47098983381477666,0.0,5.758493431548767,0,0,customer-1,6.1328253746032715,2.549999952316284,0.4304736560785116,0.0,2.995009633953184,0,0,customer-2,-4.423651695251465,2.200000047683716,0.39306806982708054,0.0,7.658679277519099,0,0
1,407,16.27999999999983,to_table,3.1988606452941895,3.07881236076355,0.10485836391906675,0.3916553258895874,-0.33593690395355225,0.7799999713897705,0.160573810338974,0.18000000715255737,0.14000000059604645,1,dwa-left-arc,1.9093799602097241,0.4810651656706897,99.0,2.0081875419616697,99.0,customer-1,0,,waiter-1,-2.8687801361083984,-2.549999952316284,-0.4687600596193242,0.0,8.2764601556474,0,0,waiter-2,5.507749557495117,-2.200000047683716,0.4709909990892136,0.0,5.761668894726701,0,0,customer-1,6.1500444412231445,2.549999952316284,0.43047115286764637,0.0,2.9981875125951403,0,0,customer-2,-4.407928943634033,2.200000047683716,0.393066623676539,0.0,7.6573859072040715,0,0
1,408,16.31999999999983,to_table,3.2108378410339355,3.0792181491851807,0.10872538426291231,0.17257940769195557,-0.7731419205665588,0.7799999713897705,0.10135190188884735,0.18000000715255737,0.10135190188884735,1,dwa-slow-forward,1.9125836492270145,0.4879534315199745,99.0,2.013418445587158,99.0,customer-1,0,,waiter-1,-2.8875303268432617,-2.549999952316284,-0.4687603139496055,0.0,8.299288568621387,0,0,waiter-2,5.526589393615723,-2.200000047683716,0.4709873959920685,0.0,5.764794013964128,0,0,customer-1,6.167263031005859,2.549999952316284,0.43047341802836314,0.0,3.0034183531099514,0,0,customer-2,-4.39220666885376,2.200000047683716,0.3930699458975795,0.0,7.653712190129784,0,0
1,409,16.35999999999983,to_table,3.23236346244812,3.0811264514923096,0.11398282069352207,-0.4070670008659363,0.34034013748168945,0.7799999713897705,0.23755033314228058,0.7799999713897705,0.23755033314228058,0,nominal-sac-a-star,1.3372988455770562,0.4989043072068129,99.0,0.6983447170257568,99.0,customer-1,0,,waiter-1,-2.906280517578125,-2.549999952316284,-0.46876056827988677,0.0,8.330218153757006,0,0,waiter-2,5.54542875289917,-2.200000047683716,0.47098856126650546,0.0,5.765463393187804,0,0,customer-1,6.184482097625732,2.549999952316284,0.4304709148174979,0.0,2.999516593434667,0,0,customer-2,-4.376483917236328,2.200000047683716,0.39306849974703795,0.0,7.659695959163102,0,0
1,410,16.399999999999828,to_table,3.262800455093384,3.0849292278289795,0.11623014441689092,-0.2294919490814209,-0.03285437822341919,0.7799999713897705,0.19726502895355225,0.7799999713897705,0.19726502895355225,0,nominal-sac-a-star,0.8821097872892583,99.0,99.0,0.691545615196228,99.0,customer-1,0,,waiter-1,-2.9250307083129883,-2.549999952316284,-0.46876082261016805,0.0,8.369090833063986,0,0,waiter-2,5.564268112182617,-2.200000047683716,0.4709897265409424,0.0,5.764306621251071,0,0,customer-1,6.201700687408447,2.549999952316284,0.43047317997821466,0.0,2.987186620434363,0,0,customer-2,-4.3607611656188965,2.200000047683716,0.3930670535964964,0.0,7.674750252527428,0,0
1,411,16.439999999999827,to_table,3.3028392791748047,3.088630199432373,0.11883775050923917,-0.29390501976013184,0.02436351776123047,0.7799999713897705,0.21562129259109497,0.7799999713897705,0.21562129259109497,0,nominal-sac-a-star,0.8734326999468371,99.0,99.0,0.6769384241104126,99.0,customer-1,0,,waiter-1,-2.9437808990478516,-2.549999952316284,-0.46876107694044933,0.0,8.415130042916006,0,0,waiter-2,5.5831074714660645,-2.200000047683716,0.47099089181537934,0.0,5.7592736451297775,0,0,customer-1,6.21891975402832,2.549999952316284,0.4304706767673494,0.0,2.965408551773304,0,0,customer-2,-4.345038890838623,2.200000047683716,0.3930703758175369,0.0,7.699331402788477,0,0
1,412,16.479999999999826,to_table,3.343813180923462,3.0929787158966064,0.12485007730467938,-0.30639535188674927,-0.011144816875457764,0.7799999713897705,0.44856104254722595,0.7799999713897705,0.44856104254722595,0,nominal-sac-a-star,0.8563187572590716,99.0,99.0,0.6668968296051025,99.0,customer-1,0,,waiter-1,-2.962531089782715,-2.549999952316284,-0.4687613312707306,0.0,8.462457462851695,0,0,waiter-2,5.60194730758667,-2.200000047683716,0.47098728871823425,0.0,5.754545501228858,0,0,customer-1,6.236138343811035,2.549999952316284,0.4304729419280662,0.0,2.942850792271304,0,0,customer-2,-4.329316139221191,2.200000047683716,0.39306892966699536,0.0,7.724915822554109,0,0
1,413,16.519999999999825,to_table,3.3785336017608643,3.096365451812744,0.1348091124671819,-0.10505455732345581,-0.5145625472068787,0.7799999713897705,0.41655439138412476,0.30000001192092896,0.44999998807907104,1,dwa-left-arc,1.8505461224443498,0.5661643675955788,99.0,1.931175241470337,99.0,customer-1,0,,waiter-1,-2.9812817573547363,-2.549999952316284,-0.46875681722942986,0.0,8.504627780155218,0,0,waiter-2,5.620786666870117,-2.200000047683716,0.4709884539926712,0.0,5.751450800645714,0,0,customer-1,6.253357410430908,2.549999952316284,0.4304704387172009,0.0,2.926282144622448,0,0,customer-2,-4.31359338760376,2.200000047683716,0.3930674835164538,0.0,7.744177719953944,0,0
1,414,16.559999999999825,to_table,3.4081759452819824,3.097252368927002,0.14971780065868703,0.0026328563690185547,-0.4446348547935486,0.7799999713897705,0.4479765295982361,0.30000001192092896,0.44999998807907104,1,dwa-left-arc,1.8340423248684252,0.5862841194329755,99.0,1.9234197235107422,99.0,customer-1,0,,waiter-1,-3.0000319480895996,-2.549999952316284,-0.46875707155971114,0.0,8.54146282462539,0,0,waiter-2,5.6396260261535645,-2.200000047683716,0.47098961926710814,0.0,5.748065120430516,0,0,customer-1,6.270576000213623,2.549999952316284,0.4304727038779177,0.0,2.9142442042421446,0,0,customer-2,-4.297871112823486,2.200000047683716,0.3930708057374943,0.0,7.758106920487267,0,0
1,415,16.599999999999824,to_table,3.4303996562957764,3.099729061126709,0.16670160153196223,0.017099976539611816,-0.4741317629814148,0.7799999713897705,0.4644525647163391,0.30000001192092896,0.44999998807907104,1,dwa-left-arc,1.8220997334116018,0.605368098805229,99.0,1.9197952842712402,99.0,customer-1,0,,waiter-1,-3.018782138824463,-2.549999952316284,-0.4687573258899924,0.0,8.573877987926458,0,0,waiter-2,5.658465385437012,-2.200000047683716,0.4709907845415451,0.0,5.749035181675809,0,0,customer-1,6.287794589996338,2.549999952316284,0.43047496903863447,0.0,2.909795164648388,0,0,customer-2,-4.282148361206055,2.200000047683716,0.39306935958695277,0.0,7.764850882013287,0,0
1,416,16.639999999999823,to_table,3.450026035308838,3.1001875400543213,0.17851502437530742,0.1033165454864502,-0.3617480397224426,0.20000000298023224,0.5598918795585632,0.20000000298023224,0.2800000011920929,1,dwa-left-arc,1.8233158455796992,0.6177459627601165,99.0,1.9175179100036621,99.0,customer-1,0,,waiter-1,-3.037532329559326,-2.549999952316284,-0.4687575802202737,0.0,8.60308271705626,0,0,waiter-2,5.677305221557617,-2.200000047683716,0.4709871814444,0.0,5.749153071427945,0,0,customer-1,6.305013656616211,2.549999952316284,0.4304724658277692,0.0,2.907517962028667,0,0,customer-2,-4.266425609588623,2.200000047683716,0.39306791343641123,0.0,7.768781340046919,0,0
1,417,16.679999999999822,to_table,3.4663026332855225,3.1000218391418457,0.1903395190193763,-0.09781700372695923,-0.03982055187225342,0.20000000298023224,0.6063212752342224,0.20000000298023224,0.2800000011920929,1,dwa-left-arc,1.8210905929033063,0.6308498997097847,99.0,1.9184117412567139,99.0,customer-1,0,,waiter-1,-3.0562825202941895,-2.549999952316284,-0.468757834550555,0.0,8.629418481546146,0,0,waiter-2,5.6961445808410645,-2.200000047683716,0.47098834671883694,0.0,5.749993661901574,0,0,customer-1,6.322232246398926,2.549999952316284,0.430474730988486,0.0,2.908411599317611,0,0,customer-2,-4.250702857971191,2.200000047683716,0.3930664672858697,0.0,7.769312258957402,0,0
1,418,16.71999999999982,to_table,3.4796743392944336,3.101463794708252,0.20719416088618914,-0.09393107891082764,-0.03060811758041382,0.20000000298023224,0.6130671501159668,0.20000000298023224,0.6130671501159668,0,nominal-sac-a-star,1.8221006939810516,0.5333906076649033,99.0,1.9224624729156494,99.0,customer-1,0,,waiter-1,-3.0750327110290527,-2.549999952316284,-0.46875808888083625,0.0,8.654665042593678,0,0,waiter-2,5.714983940124512,-2.200000047683716,0.4709895119932739,0.0,5.753444871010109,0,0,customer-1,6.339451313018799,2.549999952316284,0.43047222777762073,0.0,2.91246231029859,0,0,customer-2,-4.234980583190918,2.200000047683716,0.3930697895069102,0.0,7.76714474309749,0,0
1,419,16.75999999999982,to_table,3.491798162460327,3.1030046939849854,0.22756187560425128,0.2397550344467163,-0.43551957607269287,0.20000000298023224,0.5585219860076904,0.20000000298023224,0.5585219860076904,0,nominal-sac-a-star,1.8653943082057187,99.0,99.0,1.9277565574645996,99.0,customer-1,0,,waiter-1,-3.093782901763916,-2.549999952316284,-0.46875834321111753,0.0,8.67907480579426,0,0,waiter-2,5.733823299407959,-2.200000047683716,0.4709906772677108,0.0,5.757476530986972,0,0,customer-1,6.356669902801514,2.549999952316284,0.4304744929383375,0.0,2.917756729563588,0,0,customer-2,-4.219257831573486,2.200000047683716,0.39306834335636864,0.0,7.763749218925511,0,0
1,420,16.79999999999982,to_table,3.5037522315979004,3.104950428009033,0.24773727321975766,0.22604644298553467,-0.33845871686935425,0.20000000298023224,0.55861496925354,0.20000000298023224,0.55861496925354,0,nominal-sac-a-star,1.8706883371530882,99.0,99.0,1.933295259475708,99.0,customer-1,0,,waiter-1,-3.1125330924987793,-2.549999952316284,-0.4687585975413988,0.0,8.703659879257607,0,0,waiter-2,5.7526631355285645,-2.200000047683716,0.47098707417056573,0.0,5.761952776912612,0,0,customer-1,6.373888969421387,2.549999952316284,0.43047198972747225,0.0,2.9232952167503803,0,0,customer-2,-4.203535079956055,2.200000047683716,0.3930668972058271,0.0,7.760232786050398,0,0
1,421,16.83999999999982,to_table,3.5153629779815674,3.1073732376098633,0.26780795672245084,0.21908104419708252,-0.2947312593460083,0.20000000298023224,0.5521478652954102,0.20000000298023224,0.5521478652954102,0,nominal-sac-a-star,1.8762255613243057,99.0,99.0,1.9392614459991455,99.0,customer-1,0,,waiter-1,-3.1312832832336426,-2.549999952316284,-0.4687588518716801,0.0,8.728331910039929,0,0,waiter-2,5.771502494812012,-2.200000047683716,0.4709882394450027,0.0,5.767007604369173,0,0,customer-1,6.391107559204102,2.549999952316284,0.430474254888189,0.0,2.929261319102433,0,0,customer-2,-4.187812805175781,2.200000047683716,0.3930702194268676,0.0,7.756432379130149,0,0
1,422,16.879999999999818,to_table,3.52866268157959,3.1097240447998047,0.2876399962826276,0.21048462390899658,-0.24611294269561768,0.20000000298023224,0.5456275343894958,0.20000000298023224,0.5456275343894958,0,nominal-sac-a-star,1.8821904226408483,99.0,99.0,1.9435567951202393,99.0,customer-1,0,,waiter-1,-3.150033473968506,-2.549999952316284,-0.4687591062019614,0.0,8.754282269933077,0,0,waiter-2,5.790341854095459,-2.200000047683716,0.4709894047194396,0.0,5.771339759335956,0,0,customer-1,6.408326625823975,2.549999952316284,0.43047175167732377,0.0,2.9335567987491955,0,0,customer-2,-4.17209005355835,2.200000047683716,0.39306877327632606,0.0,7.7543014152574266,0,0
1,423,16.919999999999817,to_table,3.541961669921875,3.112382173538208,0.30729778077480735,0.2897711992263794,-0.05899530649185181,0.20000000298023224,0.5590314865112305,0.20000000298023224,0.5590314865112305,0,nominal-sac-a-star,1.886483916805245,99.0,99.0,1.9479122257232666,99.0,customer-1,0,,waiter-1,-3.168783664703369,-2.549999952316284,-0.46875936053224265,0.0,8.780471188119172,0,0,waiter-2,5.809181213378906,-2.200000047683716,0.47099056999387656,0.0,5.7759578705690275,0,0,customer-1,6.4255452156066895,2.549999952316284,0.43047401683804054,0.0,2.9379121545224445,0,0,customer-2,-4.156367301940918,2.200000047683716,0.3930673271257845,0.0,7.752206789205304,0,0
1,424,16.959999999999816,to_table,3.5590853691101074,3.118980646133423,0.32305894356951714,0.7907238006591797,0.14976346492767334,0.7907238006591797,0.5753788948059082,0.7907238006591797,0.5753788948059082,0,nominal-sac-a-star,1.0484630640491324,99.0,99.0,1.0058423376083374,99.0,customer-1,0,,waiter-1,-3.1875338554382324,-2.549999952316284,-0.46875961486252393,0.0,8.812162730376944,0,0,waiter-2,5.828021049499512,-2.200000047683716,0.4709869668967315,0.0,5.782700471487658,0,0,customer-1,6.4427642822265625,2.549999952316284,0.4304715136271753,0.0,2.939275948918225,0,0,customer-2,-4.1406450271606445,2.200000047683716,0.393070649346825,0.0,7.754377700085464,0,0
1,425,16.999999999999815,to_table,3.5892767906188965,3.12951922416687,0.3361646016498148,0.42701268196105957,-0.1718866229057312,0.7799999713897705,0.5331835150718689,0.7799999713897705,0.5331835150718689,0,nominal-sac-a-star,1.0913891616242226,99.0,99.0,1.045853624343872,99.0,customer-1,0,,waiter-1,-3.2062840461730957,-2.549999952316284,-0.4687598691928052,0.0,8.856443143981728,0,0,waiter-2,5.846860408782959,-2.200000047683716,0.4709881321711684,0.0,5.787958142733026,0,0,customer-1,6.459982872009277,2.549999952316284,0.43047377878789206,0.0,2.928616736989999,0,0,customer-2,-4.124922275543213,2.200000047683716,0.39306920319628347,0.0,7.7699982710311,0,0
1,426,17.039999999999814,to_table,3.6152548789978027,3.142915964126587,0.35507706359660046,0.3492870330810547,-0.05073028802871704,0.20000000298023224,0.5590255260467529,0.20000000298023224,0.5590255260467529,0,nominal-sac-a-star,1.8815200389373856,99.0,99.0,1.9327194786071777,99.0,customer-1,0,,waiter-1,-3.225034236907959,-2.549999952316284,-0.4687601235230865,0.0,8.899373394844572,0,0,waiter-2,5.865699768066406,-2.200000047683716,0.47098929744560536,0.0,5.797521341745446,0,0,customer-1,6.47720193862915,2.549999952316284,0.4304712755770268,0.0,2.9227196870711962,0,0,customer-2,-4.109199523925781,2.200000047683716,0.39306775704574193,0.0,7.7817919689700545,0,0
1,427,17.079999999999814,to_table,3.6445322036743164,3.1546716690063477,0.3743745720081498,0.43317198753356934,0.42336416244506836,0.7799999713897705,0.6087031364440918,0.7799999713897705,0.6087031364440918,0,nominal-sac-a-star,1.1343747679329435,99.0,99.0,1.1271989440917969,99.0,customer-1,0,,waiter-1,-3.2437844276428223,-2.549999952316284,-0.46876037785336777,0.0,8.943834989555883,0,0,waiter-2,5.8845391273498535,-2.200000047683716,0.4709904627200423,0.0,5.80432082259715,0,0,customer-1,6.494420528411865,2.549999952316284,0.4304735407377436,0.0,2.9133299415686342,0,0,customer-2,-4.093477249145508,2.200000047683716,0.3930710792667824,0.0,7.796678023138299,0,0
1,428,17.119999999999813,to_table,3.6771790981292725,3.1673758029937744,0.389600185788417,0.35391759872436523,-0.3737905025482178,0.7799999713897705,0.5131457448005676,0.7799999713897705,0.5131457448005676,0,nominal-sac-a-star,1.1611093544718283,99.0,99.0,1.1574902629852295,99.0,customer-1,0,,waiter-1,-3.2625346183776855,-2.549999952316284,-0.46876063218364905,0.0,8.99155225722912,0,0,waiter-2,5.903378486633301,-2.200000047683716,0.47099162799447924,0.0,5.810738958154257,0,0,customer-1,6.511639595031738,2.549999952316284,0.4304710375268783,0.0,2.900916967012384,0,0,customer-2,-4.077754497528076,2.200000047683716,0.3930696331162409,0.0,7.815037487115255,0,0
1,429,17.159999999999812,to_table,3.7097015380859375,3.179368734359741,0.4059067670143632,0.17087483406066895,-0.29406964778900146,0.20000000298023224,0.5335887670516968,0.20000000298023224,0.5335887670516968,0,nominal-sac-a-star,1.8537663543766014,99.0,99.0,1.8985548114776611,99.0,customer-1,0,,waiter-1,-3.281284809112549,-2.549999952316284,-0.46876088651393033,0.0,9.038780650872074,0,0,waiter-2,5.922218322753906,-2.200000047683716,0.47098802489733416,0.0,5.816600297051637,0,0,customer-1,6.528858184814453,2.549999952316284,0.4304733026875951,0.0,2.8885548744319247,0,0,customer-2,-4.0620317459106445,2.200000047683716,0.39306818696569934,0.0,7.833198660957209,0,0
1,430,17.19999999999981,to_table,3.7354414463043213,3.1880640983581543,0.4182088002492796,0.20570766925811768,-0.2756861448287964,0.20000000298023224,0.5490765571594238,0.20000000298023224,0.5490765571594238,0,nominal-sac-a-star,1.8413853797982564,99.0,99.0,1.8921518421173096,99.0,customer-1,0,,waiter-1,-3.300034999847412,-2.549999952316284,-0.4687611408442116,0.0,9.07872831810701,0,0,waiter-2,5.9410576820373535,-2.200000047683716,0.4709891901717711,0.0,5.822025267996615,0,0,customer-1,6.546077251434326,2.549999952316284,0.43047079947672984,0.0,2.8821518841905145,0,0,customer-2,-4.046308994293213,2.200000047683716,0.3930667408151578,0.0,7.844227845235954,0,0
1,431,17.23999999999981,to_table,3.758580207824707,3.1941776275634766,0.43229556481199005,0.1854313611984253,-0.34499579668045044,0.20000000298023224,0.5554658770561218,0.20000000298023224,0.5554658770561218,0,nominal-sac-a-star,1.8349686574462292,99.0,99.0,1.8877413368225098,99.0,customer-1,0,,waiter-1,-3.3187856674194336,-2.549999952316284,-0.46875662680291086,0.0,9.115080021659907,0,0,waiter-2,5.959897041320801,-2.200000047683716,0.47099035544620804,0.0,5.826057723157956,0,0,customer-1,6.563295841217041,2.549999952316284,0.4304730646374466,0.0,2.877741242968561,0,0,customer-2,-4.0305867195129395,2.200000047683716,0.3930700630361983,0.0,7.852357001707587,0,0
1,432,17.27999999999981,to_table,3.7770135402679443,3.198967456817627,0.44908000945159243,0.0644538402557373,-0.7192386984825134,0.20000000298023224,0.5243048071861267,0.20000000298023224,0.5243048071861267,0,nominal-sac-a-star,1.8305486099995936,99.0,99.0,1.8876342868804932,99.0,customer-1,0,,waiter-1,-3.337535858154297,-2.549999952316284,-0.46875688113319214,0.0,9.146990729954533,0,0,waiter-2,5.978736400604248,-2.200000047683716,0.470991520720645,0.0,5.830646076412882,0,0,customer-1,6.580514907836914,2.549999952316284,0.43047056142658136,0.0,2.877634226210792,0,0,customer-2,-4.014863967895508,2.200000047683716,0.39306861688565675,0.0,7.855653441104388,0,0
1,433,17.31999999999981,to_table,3.7955362796783447,3.2033770084381104,0.4659883818228615,0.3904285430908203,-0.6068873405456543,0.20000000298023224,0.5434984564781189,0.20000000298023224,0.5434984564781189,0,nominal-sac-a-star,1.830434746130633,99.0,99.0,1.88736177444458,99.0,customer-1,0,,waiter-1,-3.35628604888916,-2.549999952316284,-0.4687571354634734,0.0,9.17877492217432,0,0,waiter-2,5.9975762367248535,-2.200000047683716,0.4709879176234999,0.0,5.834849062576783,0,0,customer-1,6.597733497619629,2.549999952316284,0.43047282658729813,0.0,2.8773617822068007,0,0,customer-2,-3.999141216278076,2.200000047683716,0.3930671707351152,0.0,7.858992466680585,0,0
1,434,17.359999999999808,to_table,3.8114309310913086,3.2092182636260986,0.4782888911101733,0.09464788436889648,-0.6553501486778259,0.20000000298023224,0.5453274250030518,0.20000000298023224,0.5453274250030518,0,nominal-sac-a-star,1.8301563430903467,99.0,99.0,1.8899824714660645,99.0,customer-1,0,,waiter-1,-3.3750362396240234,-2.549999952316284,-0.4687573897937547,0.0,9.209446500990806,0,0,waiter-2,6.016415596008301,-2.200000047683716,0.47098908289793684,0.0,5.841369711970686,0,0,customer-1,6.614952087402344,2.549999952316284,0.4304750917480149,0.0,2.879982579087889,0,0,customer-2,-3.9834189414978027,2.200000047683716,0.3930704929561557,0.0,7.859911319066673,0,0
1,435,17.399999999999807,to_table,3.827059268951416,3.215481758117676,0.4871928646127082,0.5196549892425537,-0.8530828952789307,0.20000000298023224,0.5294644236564636,0.20000000298023224,0.5294644236564636,0,nominal-sac-a-star,1.8327700562407168,99.0,99.0,1.8929705715179443,99.0,customer-1,0,,waiter-1,-3.3937864303588867,-2.549999952316284,-0.468757644124036,0.0,9.240205190719339,0,0,waiter-2,6.035254955291748,-2.200000047683716,0.4709902481723738,0.0,5.848381945302303,0,0,customer-1,6.632171154022217,2.549999952316284,0.43047258853714965,0.0,2.8829704683916106,0,0,customer-2,-3.967696189880371,2.200000047683716,0.39306904680561416,0.0,7.860624387872367,0,0
1,436,17.439999999999806,to_table,3.841761827468872,3.2222859859466553,0.4932613792539859,0.09531891345977783,-0.6269730925559998,0.20000000298023224,0.5687857866287231,0.20000000298023224,0.5687857866287231,0,nominal-sac-a-star,1.8357498735327467,99.0,99.0,1.8969953155517578,99.0,customer-1,0,,waiter-1,-3.41253662109375,-2.549999952316284,-0.46875789845431726,0.0,9.27060574794798,0,0,waiter-2,6.054094314575195,-2.200000047683716,0.4709914134468107,0.0,5.85624460418185,0,0,customer-1,6.649389743804932,2.549999952316284,0.4304748536978664,0.0,2.886995501833008,0,0,customer-2,-3.9519734382629395,2.200000047683716,0.3930676006550726,0.0,7.860494763809836,0,0
1,437,17.479999999999805,to_table,3.8556580543518066,3.229034423828125,0.4985997133931577,0.14138579368591309,-0.661174476146698,0.20000000298023224,0.578981876373291,0.20000000298023224,0.578981876373291,0,nominal-sac-a-star,1.8397668198694215,99.0,99.0,1.9018042182922363,99.0,customer-1,0,,waiter-1,-3.4312868118286133,-2.549999952316284,-0.46875815278459854,0.0,9.300365788688742,0,0,waiter-2,6.072934150695801,-2.200000047683716,0.47098781034966564,0.0,5.86436088421256,0,0,customer-1,6.666608810424805,2.549999952316284,0.43047235048700117,0.0,2.891804275287096,0,0,customer-2,-3.936251163482666,2.200000047683716,0.3930709228761131,0.0,7.859564937467006,0,0
1,438,17.519999999999804,to_table,3.8693814277648926,3.2356514930725098,0.5039188651133113,0.1577625274658203,-0.6734375357627869,0.20000000298023224,0.5922165513038635,0.20000000298023224,0.5922165513038635,0,nominal-sac-a-star,1.8445673309355481,99.0,99.0,1.9067609405517578,99.0,customer-1,0,,waiter-1,-3.4500370025634766,-2.549999952316284,-0.4687584071148798,0.0,9.329932947548983,0,0,waiter-2,6.091773509979248,-2.200000047683716,0.4709889756241026,0.0,5.872421497101055,0,0,customer-1,6.6838274002075195,2.549999952316284,0.43047461564771794,0.0,2.8967609786000486,0,0,customer-2,-3.9205284118652344,2.200000047683716,0.3930694767255716,0.0,7.858452088414243,0,0
1,439,17.559999999999803,to_table,3.884763717651367,3.243845224380493,0.5158055505907195,0.1748356819152832,-0.6898825764656067,0.20000000298023224,0.6058970093727112,0.20000000298023224,0.6058970093727112,0,nominal-sac-a-star,1.8495164311743861,99.0,99.0,1.9104945755004883,99.0,customer-1,0,,waiter-1,-3.46878719329834,-2.549999952316284,-0.4687586614451611,0.0,9.361802867581744,0,0,waiter-2,6.110612869262695,-2.200000047683716,0.4709901408985395,0.0,5.8813141211726405,0,0,customer-1,6.701046466827393,2.549999952316284,0.4304721124368527,0.0,2.900494748292492,0,0,customer-2,-3.9048056602478027,2.200000047683716,0.39306803057503004,0.0,7.859198677092824,0,0
1,440,17.599999999999802,to_table,3.8960981369018555,3.253926992416382,0.5290564409345413,0.7989475727081299,-0.5152937173843384,0.20000000298023224,0.6375489234924316,0.20000000298023224,0.6375489234924316,0,nominal-sac-a-star,1.8532393831282448,99.0,99.0,1.9186318016052246,99.0,customer-1,0,,waiter-1,-3.487537384033203,-2.549999952316284,-0.4687589157754424,0.0,9.391679375160109,0,0,waiter-2,6.129452228546143,-2.200000047683716,0.47099130617297646,0.0,5.893487138986501,0,0,customer-1,6.718265056610107,2.549999952316284,0.43047437759756946,0.0,2.908631877787158,0,0,customer-2,-3.889082908630371,2.200000047683716,0.3930665844244885,0.0,7.856195384315985,0,0
1,441,17.6399999999998,to_table,3.9134368896484375,3.2669947147369385,0.5361767656108943,0.3866572380065918,-0.7386170625686646,0.7799999713897705,0.2963816821575165,0.7799999713897705,0.2963816821575165,0,nominal-sac-a-star,1.4607862811801413,99.0,99.0,1.5403902626037598,99.0,customer-1,0,,waiter-1,-3.5062875747680664,-2.549999952316284,-0.46875917010572365,0.0,9.428135451105186,0,0,waiter-2,6.148292064666748,-2.200000047683716,0.4709877030758314,0.0,5.906150132331635,0,0,customer-1,6.7354841232299805,2.549999952316284,0.4304718743867042,0.0,2.9117060424953425,0,0,customer-2,-3.8733606338500977,2.200000047683716,0.393069906645529,0.0,7.859560629671543,0,0
1,442,17.6799999999998,to_table,3.9353580474853516,3.282010078430176,0.5400349015120199,0.11156928539276123,-0.470592737197876,0.7799999713897705,0.32997503876686096,0.7799999713897705,0.32997503876686096,0,nominal-sac-a-star,1.4818936731917474,99.0,99.0,1.5548575019836426,99.0,customer-1,0,,waiter-1,-3.5250377655029297,-2.549999952316284,-0.46875942443600493,0.0,9.469416385669204,0,0,waiter-2,6.167131423950195,-2.200000047683716,0.4709888683502683,0.0,5.91888903652641,0,0,customer-1,6.752702713012695,2.549999952316284,0.430474139547421,0.0,2.910888144382854,0,0,customer-2,-3.857637882232666,2.200000047683716,0.39306846049498745,0.0,7.867752618584137,0,0
1,443,17.7199999999998,to_table,3.967200994491577,3.3013198375701904,0.5434554237552894,0.15430498123168945,-0.48756861686706543,0.7799999713897705,0.33986547589302063,0.7799999713897705,0.33986547589302063,0,nominal-sac-a-star,1.4951388538039077,99.0,99.0,1.5640037155151367,99.0,customer-1,0,,waiter-1,-3.543787956237793,-2.549999952316284,-0.4687596787662862,0.0,9.52118156015816,0,0,waiter-2,6.185970783233643,-2.200000047683716,0.47099003362470526,0.0,5.93190187505867,0,0,customer-1,6.769921779632568,2.549999952316284,0.4304716363365557,0.0,2.9016763033528186,0,0,customer-2,-3.8419151306152344,2.200000047683716,0.3930670143444459,0.0,7.886393341382283,0,0
1,444,17.7599999999998,to_table,4.000446796417236,3.322317123413086,0.5494772844014915,0.3648390769958496,-0.6435259580612183,0.7799999713897705,0.34891968965530396,0.7799999713897705,0.34891968965530396,0,nominal-sac-a-star,1.503205484445928,99.0,99.0,1.577683219909668,99.0,customer-1,0,,waiter-1,-3.5625381469726562,-2.549999952316284,-0.4687599330965675,0.0,9.575116139861958,0,0,waiter-2,6.20481014251709,-2.200000047683716,0.4709911988991422,0.0,5.946024276759987,0,0,customer-1,6.787140369415283,2.549999952316284,0.4304739014972725,0.0,2.891735617680079,0,0,customer-2,-3.826192855834961,2.200000047683716,0.3930703365654864,0.0,7.906698670411066,0,0
1,445,17.799999999999798,to_table,4.0306010246276855,3.3416366577148438,0.5540721804302453,-0.13169819116592407,-0.4304465651512146,0.20000000298023224,0.6134948134422302,0.20000000298023224,0.6134948134422302,0,nominal-sac-a-star,1.8443556050405971,99.0,99.0,1.894514570236206,99.0,customer-1,0,,waiter-1,-3.5812883377075195,-2.549999952316284,-0.4687601874268488,0.0,9.62560344129608,0,0,waiter-2,6.223649978637695,-2.200000047683716,0.4709875958019971,0.0,5.959798745704841,0,0,customer-1,6.804359436035156,2.549999952316284,0.43047139828640724,0.0,2.884514586232488,0,0,customer-2,-3.8104701042175293,2.200000047683716,0.39306889041494486,0.0,7.923744733203698,0,0
1,446,17.839999999999797,to_table,4.056379795074463,3.3579182624816895,0.5599085482823102,0.1951054334640503,-0.7038641571998596,0.20000000298023224,0.6181409358978271,0.20000000298023224,0.6181409358978271,0,nominal-sac-a-star,1.8370988692754617,99.0,99.0,1.890807638168335,99.0,customer-1,0,,waiter-1,-3.600038528442383,-2.549999952316284,-0.46876044175713005,0.0,9.670793099711428,0,0,waiter-2,6.242489337921143,-2.200000047683716,0.47098876107643406,0.0,5.972397414422218,0,0,customer-1,6.821578025817871,2.549999952316284,0.430473663447124,0.0,2.880807742840018,0,0,customer-2,-3.7947473526000977,2.200000047683716,0.3930674442644033,0.0,7.936055196450779,0,0
1,447,17.879999999999797,to_table,4.080249309539795,3.37180757522583,0.5691861968403706,0.23310375213623047,-0.7118188142776489,0.14000000059604645,0.75,0.14000000059604645,0.75,0,nominal-sac-a-star,1.8333625591898122,99.0,99.0,1.8883595561981201,99.0,customer-1,0,,waiter-1,-3.618788719177246,-2.549999952316284,-0.46876069608741133,0.0,9.71303201687741,0,0,waiter-2,6.26132869720459,-2.200000047683716,0.470989926350871,0.0,5.9834895739868355,0,0,customer-1,6.838797092437744,2.549999952316284,0.43047116023625875,0.0,2.878359539668981,0,0,customer-2,-3.779025077819824,2.200000047683716,0.3930707664854438,0.0,7.94615169609864,0,0
1,448,17.919999999999796,to_table,4.104474067687988,3.3841168880462646,0.5792796324694252,0.3049185276031494,-0.7643186450004578,0.14000000059604645,0.75,0.14000000059604645,0.75,0,nominal-sac-a-star,1.8308885394676964,99.0,99.0,1.885192642211914,99.0,customer-1,0,,waiter-1,-3.6375389099121094,-2.549999952316284,-0.4687609504176926,0.0,9.754614683338483,0,0,waiter-2,6.280168056488037,-2.200000047683716,0.47099109162530794,0.0,5.992996436241811,0,0,customer-1,6.856015682220459,2.549999952316284,0.43047342539697553,0.0,2.875192570763831,0,0,customer-2,-3.7633023262023926,2.200000047683716,0.3930693203349023,0.0,7.956383479690311,0,0
1,449,17.959999999999795,to_table,4.123161315917969,3.394953966140747,0.5942919673906235,0.26708269119262695,-0.7677701115608215,0.14000000059604645,0.75,0.14000000059604645,0.75,0,nominal-sac-a-star,1.8276981460881288,99.0,99.0,1.8869516944885254,99.0,customer-1,0,,waiter-1,-3.6562891006469727,-2.549999952316284,-0.4687612047479739,0.0,9.790930797241396,0,0,waiter-2,6.299007892608643,-2.200000047683716,0.47098748852816286,0.0,6.003150734581549,0,0,customer-1,6.873234748840332,2.549999952316284,0.43047092218611027,0.0,2.8769517152610438,0,0,customer-2,-3.747579574584961,2.200000047683716,0.39306787418436073,0.0,7.960934432129853,0,0
1,450,17.999999999999794,to_table,4.144575119018555,3.4050233364105225,0.6087157368072231,0.2869882583618164,-0.7679621577262878,0.14000000059604645,0.75,0.14000000059604645,0.75,0,nominal-sac-a-star,1.8294382925765962,99.0,99.0,1.8859193420410156,99.0,customer-1,0,,waiter-1,-3.675039768218994,-2.549999952316284,-0.46875669070667314,0.0,9.828971429096013,0,0,waiter-2,6.31784725189209,-2.200000047683716,0.4709886538025998,0.0,6.011605351299095,0,0,customer-1,6.890453338623047,2.549999952316284,0.43047318734682705,0.0,2.8759193633073754,0,0,customer-2,-3.7318568229675293,2.200000047683716,0.3930664280338192,0.0,7.968077639124298,0,0
1,451,18.039999999999793,to_table,4.161543369293213,3.4133613109588623,0.6255768379901743,0.6917414665222168,-0.28885018825531006,0.14000000059604645,0.75,0.14000000059604645,0.75,0,nominal-sac-a-star,1.82838705841953,99.0,99.0,1.8886485195159912,99.0,customer-1,0,,waiter-1,-3.6937899589538574,-2.549999952316284,-0.4687569450369544,0.0,9.862450976009956,0,0,waiter-2,6.336686611175537,-2.200000047683716,0.47098981907703674,0.0,6.020055968627534,0,0,customer-1,6.90767240524292,2.549999952316284,0.4304706841359618,0.0,2.8786485575150063,0,0,customer-2,-3.716134548187256,2.200000047683716,0.3930697502548597,0.0,7.970574315993551,0,0
1,452,18.079999999999792,to_table,4.178951263427734,3.42065167427063,0.643354290603575,0.8596627712249756,-0.8375961780548096,0.14000000059604645,0.7427365183830261,0.14000000059604645,0.7427365183830261,0,nominal-sac-a-star,1.8311020027728253,99.0,99.0,1.8906631565093994,99.0,customer-1,0,,waiter-1,-3.7125401496887207,-2.549999952316284,-0.4687571993672357,0.0,9.895671658323941,0,0,waiter-2,6.355525970458984,-2.200000047683716,0.4709909843514737,0.0,6.0273711711488716,0,0,customer-1,6.924890995025635,2.549999952316284,0.43047294929667856,0.0,2.88066301925616,0,0,customer-2,-3.700411796569824,2.200000047683716,0.39306830410431814,0.0,7.9733526589975545,0,0
1,453,18.11999999999979,to_table,4.197913646697998,3.428469181060791,0.6620619544400687,0.3907468318939209,-0.6627963185310364,0.14000000059604645,0.7258887887001038,0.14000000059604645,0.7258887887001038,0,nominal-sac-a-star,1.8331041304480913,99.0,99.0,1.8913750743865967,99.0,customer-1,0,,waiter-1,-3.731290340423584,-2.549999952316284,-0.468757453697517,0.0,9.930476778489904,0,0,waiter-2,6.37436580657959,-2.200000047683716,0.4709873812543286,0.0,6.034617623609389,0,0,customer-1,6.942110061645508,2.549999952316284,0.4304704460858133,0.0,2.881375044950194,0,0,customer-2,-3.6846890449523926,2.200000047683716,0.3930668579537766,0.0,7.977754170571703,0,0
1,454,18.15999999999979,to_table,4.2098894119262695,3.4383773803710938,0.6807864948988286,0.4565715789794922,-0.6492236852645874,0.14000000059604645,0.708662211894989,0.14000000059604645,0.708662211894989,0,nominal-sac-a-star,1.833801524322516,99.0,99.0,1.899399766921997,99.0,customer-1,0,,waiter-1,-3.7500405311584473,-2.549999952316284,-0.46875770802779826,0.0,9.960981265792073,0,0,waiter-2,6.393205165863037,-2.200000047683716,0.47098854652876554,0.0,6.046335063704826,0,0,customer-1,6.959328651428223,2.549999952316284,0.4304727112465301,0.0,2.8893996930833845,0,0,customer-2,-3.668966770172119,2.200000047683716,0.3930701801748171,0.0,7.975584815943211,0,0
1,455,18.19999999999979,to_table,4.225036144256592,3.4476029872894287,0.6983316906048636,0.3957946300506592,-0.592107892036438,0.14000000059604645,0.6864114999771118,0.14000000059604645,0.6864114999771118,0,nominal-sac-a-star,1.8418121546640693,99.0,99.0,1.904219160079956,99.0,customer-1,0,,waiter-1,-3.7687907218933105,-2.549999952316284,-0.46875796235807954,0.0,9.99362341631638,0,0,waiter-2,6.412044525146484,-2.200000047683716,0.4709897118032025,0.0,6.05627160047504,0,0,customer-1,6.9765472412109375,2.549999952316284,0.43047497640724686,0.0,2.8942191563625426,0,0,customer-2,-3.6532440185546875,2.200000047683716,0.39306873402427556,0.0,7.976453561493261,0,0
1,456,18.23999999999979,to_table,4.235145568847656,3.456491231918335,0.7125776358055591,0.36968016624450684,-0.7668845057487488,0.14000000059604645,0.6682130098342896,0.14000000059604645,0.6682130098342896,0,nominal-sac-a-star,1.846616951757137,99.0,99.0,1.9137415981292725,99.0,customer-1,0,,waiter-1,-3.787540912628174,-2.549999952316284,-0.4687582166883608,0.0,10.022047431854592,0,0,waiter-2,6.430883884429932,-2.200000047683716,0.4709908770776394,0.0,6.06771459008498,0,0,customer-1,6.9937663078308105,2.549999952316284,0.4304724731963816,0.0,2.9037415211314053,0,0,customer-2,-3.637521266937256,2.200000047683716,0.393067287873734,0.0,7.972305388237893,0,0
1,457,18.279999999999788,to_table,4.248403072357178,3.463555097579956,0.7276632537192416,0.23508501052856445,-0.6453150510787964,0.14000000059604645,0.6516672968864441,0.14000000059604645,0.6516672968864441,0,nominal-sac-a-star,1.8561276039920778,99.0,99.0,1.919714937210083,99.0,customer-1,0,,waiter-1,-3.806291103363037,-2.549999952316284,-0.4687584710186421,0.0,10.051912385338111,0,0,waiter-2,6.449723720550537,-2.200000047683716,0.47098727398049434,0.0,6.076320389808708,0,0,customer-1,7.010984897613525,2.549999952316284,0.4304747383570984,0.0,2.909714993719217,0,0,customer-2,-3.6217989921569824,2.200000047683716,0.3930706100947745,0.0,7.970988138267503,0,0
1,458,18.319999999999787,to_table,4.262582778930664,3.46916127204895,0.7428711009331478,0.23235094547271729,-0.5758826732635498,0.14000000059604645,0.6365708112716675,0.14000000059604645,0.6365708112716675,0,nominal-sac-a-star,1.8620911962089106,99.0,99.0,1.9243640995025635,99.0,customer-1,0,,waiter-1,-3.8250412940979004,-2.549999952316284,-0.4687587253489234,0.0,10.081664792658657,0,0,waiter-2,6.468563079833984,-2.200000047683716,0.4709884392549313,0.0,6.0832342678156435,0,0,customer-1,7.028203964233398,2.549999952316284,0.4304722351462331,0.0,2.914364093981395,0,0,customer-2,-3.606076240539551,2.200000047683716,0.39306916394423297,0.0,7.970355385936202,0,0
1,459,18.359999999999786,to_table,4.273890495300293,3.4745519161224365,0.7568454520592852,0.43679189682006836,-0.7756298184394836,0.14000000059604645,0.6224082708358765,0.14000000059604645,0.6224082708358765,0,nominal-sac-a-star,1.86673197415782,99.0,99.0,1.931675205230713,99.0,customer-1,0,,waiter-1,-3.8437914848327637,-2.549999952316284,-0.46875897967920466,0.0,10.109005190724032,0,0,waiter-2,6.487402439117432,-2.200000047683716,0.4709896045293682,0.0,6.090991308100627,0,0,customer-1,7.045422554016113,2.549999952316284,0.4304745003069499,0.0,2.921675253389289,0,0,customer-2,-3.590353488922119,2.200000047683716,0.39306771779369143,0.0,7.966857342058978,0,0
1,460,18.399999999999785,to_table,4.282719135284424,3.480978488922119,0.7729054841603069,0.1662837266921997,-0.4557226896286011,0.14000000059604645,0.6082388162612915,0.14000000059604645,0.6082388162612915,0,nominal-sac-a-star,1.8740373162370065,99.0,99.0,1.9416701889038086,99.0,customer-1,0,,waiter-1,-3.862541675567627,-2.549999952316284,-0.46875923400948594,0.0,10.134987648511695,0,0,waiter-2,6.506241798400879,-2.200000047683716,0.47099076980380516,0.0,6.100620473916458,0,0,customer-1,7.062641620635986,2.549999952316284,0.43047199709608464,0.0,2.9316701827088174,0,0,customer-2,-3.5746312141418457,2.200000047683716,0.3930710400147319,0.0,7.961084114650887,0,0
1,461,18.439999999999785,to_table,4.295346736907959,3.486849308013916,0.7895403267396395,0.15220701694488525,-0.4352555274963379,0.14000000059604645,0.5891276597976685,0.14000000059604645,0.5891276597976685,0,nominal-sac-a-star,1.884025619177226,99.0,99.0,1.9478907680511475,99.0,customer-1,0,,waiter-1,-3.8812918663024902,-2.549999952316284,-0.4687594883397672,0.0,10.163708370445336,0,0,waiter-2,6.525081634521484,-2.200000047683716,0.4709871667066601,0.0,6.108352749148838,0,0,customer-1,7.079860210418701,2.549999952316284,0.4304742622568014,0.0,2.937890739873409,0,0,customer-2,-3.558908462524414,2.200000047683716,0.3930695938641904,0.0,7.958976426439699,0,0
1,462,18.479999999999784,to_table,4.304689407348633,3.4927423000335693,0.8053474168329288,0.11516809463500977,-0.39400529861450195,0.14000000059604645,0.5719760656356812,0.14000000059604645,0.5719760656356812,0,nominal-sac-a-star,1.8902387591021357,99.0,99.0,1.9572367763519287,99.0,customer-1,0,,waiter-1,-3.9000420570373535,-2.549999952316284,-0.4687597426700485,0.0,10.189816108793112,0,0,waiter-2,6.543920993804932,-2.200000047683716,0.470988331981097,0.0,6.117309337877013,0,0,customer-1,7.097079277038574,2.549999952316284,0.43047175904593615,0.0,2.9472367259055567,0,0,customer-2,-3.5431857109069824,2.200000047683716,0.39306814771364884,0.0,7.953636049175632,0,0
1,463,18.519999999999783,to_table,4.315845012664795,3.4977211952209473,0.8220749510415468,0.07162117958068848,-0.3245777487754822,0.14000000059604645,0.5538285970687866,0.14000000059604645,0.5538285970687866,0,nominal-sac-a-star,1.8995787879283352,99.0,99.0,1.9645750617980957,99.0,customer-1,0,,waiter-1,-3.918792247772217,-2.549999952316284,-0.4687599970003298,0.0,10.216857730699132,0,0,waiter-2,6.562760353088379,-2.200000047683716,0.47098949725553396,0.0,6.1247576204187775,0,0,customer-1,7.114297866821289,2.549999952316284,0.4304740242066529,0.0,2.954575084710048,0,0,customer-2,-3.527462959289551,2.200000047683716,0.3930667015631073,0.0,7.949940887810924,0,0
1,464,18.559999999999782,to_table,4.326557159423828,3.5023276805877686,0.8392905484433905,-0.013163089752197266,-0.1856381893157959,0.14000000059604645,0.535898745059967,0.14000000059604645,0.535898745059967,0,nominal-sac-a-star,1.9069121914798493,99.0,99.0,1.97221661567688,99.0,customer-1,0,,waiter-1,-3.93754243850708,-2.549999952316284,-0.46876025133061106,0.0,10.243339882115391,0,0,waiter-2,6.581599712371826,-2.200000047683716,0.4709906625299709,0.0,6.132027269689858,0,0,customer-1,7.131516933441162,2.549999952316284,0.43047152099578767,0.0,2.962216642295107,0,0,customer-2,-3.5117406845092773,2.200000047683716,0.3930700237841478,0.0,7.945751717341277,0,0
1,465,18.59999999999978,to_table,4.335147857666016,3.507983922958374,0.8582246931993188,-0.12536883354187012,0.06000661849975586,0.14000000059604645,0.5171114802360535,0.14000000059604645,0.5171114802360535,0,nominal-sac-a-star,1.914549273585293,99.0,99.0,1.9822061157226563,99.0,customer-1,0,,waiter-1,-3.9562926292419434,-2.549999952316284,-0.46876050566089233,0.0,10.268746465904407,0,0,waiter-2,6.600439548492432,-2.200000047683716,0.4709870594328258,0.0,6.141060775927416,0,0,customer-1,7.148735523223877,2.549999952316284,0.43047378615650445,0.0,2.972206056077963,0,0,customer-2,-3.4960179328918457,2.200000047683716,0.39306857763360625,0.0,7.939646053646362,0,0
1,466,18.63999999999978,to_table,4.343970775604248,3.5132925510406494,0.876681063987708,-0.17640751600265503,0.18655180931091309,0.14000000059604645,0.49411171674728394,0.14000000059604645,0.49411171674728394,0,nominal-sac-a-star,1.924534095558818,99.0,99.0,1.9918661212921143,99.0,customer-1,0,,waiter-1,-3.9750428199768066,-2.549999952316284,-0.4687607599911736,0.0,10.294148978168463,0,0,waiter-2,6.619278907775879,-2.200000047683716,0.47098822470726276,0.0,6.149694253779204,0,0,customer-1,7.16595458984375,2.549999952316284,0.4304712829456392,0.0,2.981866073214367,0,0,customer-2,-3.480295181274414,2.200000047683716,0.3930671314830647,0.0,7.933717600428181,0,0
1,467,18.67999999999978,to_table,4.352596282958984,3.518550395965576,0.8947937784441987,-0.1709308624267578,0.22852396965026855,0.14000000059604645,0.4721018970012665,0.14000000059604645,0.4721018970012665,0,nominal-sac-a-star,1.9341895611578497,99.0,99.0,2.001697788238525,99.0,customer-1,0,,waiter-1,-3.99379301071167,-2.549999952316284,-0.4687610143214549,0.0,10.319375832439286,0,0,waiter-2,6.638118267059326,-2.200000047683716,0.4709893899816997,0.0,6.158362600267012,0,0,customer-1,7.183173179626465,2.549999952316284,0.43047354810635596,0.0,2.9916977671283815,0,0,customer-2,-3.4645729064941406,2.200000047683716,0.3930704537041052,0.0,7.927591636650405,0,0
1,468,18.71999999999978,to_table,4.362147331237793,3.525303363800049,0.9129447841568449,-0.17634594440460205,0.2894219160079956,0.3400000035762787,0.45050469040870667,0.3400000035762787,0.45050469040870667,0,nominal-sac-a-star,1.9440173800284748,99.0,99.0,2.011141548156738,99.0,customer-1,0,,waiter-1,-4.012543201446533,-2.549999952316284,-0.4687612686517362,0.0,10.346243371439055,0,0,waiter-2,6.656957626342773,-2.200000047683716,0.47099055525613664,0.0,6.168083449830056,0,0,customer-1,7.200392246246338,2.549999952316284,0.4304710448954907,0.0,3.001141606459737,0,0,customer-2,-3.448850154876709,2.200000047683716,0.39306900755356367,0.0,7.92263280783579,0,0
1,469,18.759999999999778,to_table,4.3710527420043945,3.537338972091675,0.9265023561432673,-0.16297417879104614,0.38837122917175293,0.3400000035762787,0.42914727330207825,0.3400000035762787,0.42914727330207825,0,nominal-sac-a-star,1.953453734895745,99.0,99.0,2.0229272937774656,99.0,customer-1,0,,waiter-1,-4.031293869018555,-2.549999952316284,-0.4687567546104354,0.0,10.375698711526905,0,0,waiter-2,6.675797462463379,-2.200000047683716,0.47098695215899156,0.0,6.182952955855382,0,0,customer-1,7.217610836029053,2.549999952316284,0.4304733100562075,0.0,3.0129273676324035,0,0,customer-2,-3.4331274032592773,2.200000047683716,0.3930675614030221,0.0,7.917935535129365,0,0
1,470,18.799999999999777,to_table,4.3799309730529785,3.551217794418335,0.9399934373248999,-0.0760987401008606,0.5905783176422119,0.3400000035762787,0.4126132130622864,0.3400000035762787,0.4126132130622864,0,nominal-sac-a-star,1.965223587182323,99.0,99.0,2.0353736972808836,99.0,customer-1,0,,waiter-1,-4.050044059753418,-2.549999952316284,-0.4687570089407167,0.0,10.406216269461666,0,0,waiter-2,6.694636821746826,-2.200000047683716,0.4709881174334285,0.0,6.199545937670797,0,0,customer-1,7.234829902648926,2.549999952316284,0.4304708068453422,0.0,3.0253735414906324,0,0,customer-2,-3.417405128479004,2.200000047683716,0.3930708836240626,0.0,7.913547856640823,0,0
1,471,18.839999999999776,to_table,4.3894572257995605,3.5658843517303467,0.9553237816830168,0.7651424407958984,0.3683420419692993,0.3400000035762787,0.39570412039756775,0.3400000035762787,0.39570412039756775,0,nominal-sac-a-star,1.9776501529702195,99.0,99.0,2.0475072956085203,99.0,customer-1,0,,waiter-1,-4.068794250488281,-2.549999952316284,-0.468757263270998,0.0,10.437722876978935,0,0,waiter-2,6.713476181030273,-2.200000047683716,0.47098928270786544,0.0,6.216629875718685,0,0,customer-1,7.252048492431641,2.549999952316284,0.430473072006059,0.0,3.0375071806945786,0,0,customer-2,-3.4016823768615723,2.200000047683716,0.3930694374735211,0.0,7.909961835571372,0,0
1,472,18.879999999999775,to_table,4.398497581481934,3.5802717208862305,0.9693334031008783,0.6532788276672363,0.9641348123550415,0.3400000035762787,0.3764343857765198,0.3400000035762787,0.3764343857765198,0,nominal-sac-a-star,1.989762797045105,99.0,99.0,2.0600459671020506,99.0,customer-1,0,,waiter-1,-4.0875444412231445,-2.549999952316284,-0.46875751760127926,0.0,10.468674223529245,0,0,waiter-2,6.732315540313721,-2.200000047683716,0.4709904479823024,0.0,6.233638422582152,0,0,customer-1,7.269267559051514,2.549999952316284,0.43047056879519374,0.0,3.0500459310028583,0,0,customer-2,-3.3859596252441406,2.200000047683716,0.39306799132297954,0.0,7.905879071627315,0,0
1,473,18.919999999999774,to_table,4.409292697906494,3.5952084064483643,0.9822814495772916,-0.23709458112716675,0.6685457229614258,0.3400000035762787,0.3588513433933258,0.3400000035762787,0.3588513433933258,0,nominal-sac-a-star,2.0022808597064667,99.0,99.0,2.071160326004028,99.0,customer-1,0,,waiter-1,-4.106294631958008,-2.549999952316284,-0.46875777193156054,0.0,10.501371974422186,0,0,waiter-2,6.751154899597168,-2.200000047683716,0.4709916132567393,0.0,6.250500747824243,0,0,customer-1,7.2864861488342285,2.549999952316284,0.4304728339559105,0.0,3.061160379112897,0,0,customer-2,-3.370236873626709,2.200000047683716,0.393066545172438,0.0,7.903650214851764,0,0
1,474,18.959999999999773,to_table,4.419242858886719,3.61095929145813,0.9923449902789343,-0.249741792678833,0.6719344854354858,0.3400000035762787,0.3440187871456146,0.3400000035762787,0.3440187871456146,0,nominal-sac-a-star,2.0133729087700134,99.0,99.0,2.083394775390625,99.0,customer-1,0,,waiter-1,-4.125044822692871,-2.549999952316284,-0.4687580262618418,0.0,10.533863051561005,0,0,waiter-2,6.769994735717773,-2.200000047683716,0.47098801015959424,0.0,6.268435436979834,0,0,customer-1,7.303704738616943,2.549999952316284,0.4304750991166273,0.0,3.0733947118665252,0,0,customer-2,-3.3545145988464355,2.200000047683716,0.3930698673934785,0.0,7.900766481756963,0,0
1,475,18.999999999999773,to_table,4.429059028625488,3.627126455307007,1.0023541930620474,-0.25555896759033203,0.29414570331573486,0.3400000035762787,0.3325835168361664,0.3400000035762787,0.3325835168361664,0,nominal-sac-a-star,2.0255838533895894,99.0,99.0,2.0959491825103758,99.0,customer-1,0,,waiter-1,-4.143795013427734,-2.549999952316284,-0.4687582805921231,0.0,10.56649029158241,0,0,waiter-2,6.788834095001221,-2.200000047683716,0.4709891754340312,0.0,6.286806951525192,0,0,customer-1,7.320923805236816,2.549999952316284,0.43047259590576203,0.0,3.0859493498193244,0,0,customer-2,-3.338791847229004,2.200000047683716,0.39306842124293695,0.0,7.897860280661412,0,0
1,476,19.03999999999977,to_table,4.43913459777832,3.6433775424957275,1.0115769803969314,-0.3110000491142273,0.34406816959381104,0.3383350372314453,0.321073979139328,0.3383350372314453,0.321073979139328,0,nominal-sac-a-star,2.038113920981636,99.0,99.0,2.108341703414917,99.0,customer-1,0,,waiter-1,-4.162545204162598,-2.549999952316284,-0.4687585349224044,0.0,10.599378293483174,0,0,waiter-2,6.807673454284668,-2.200000047683716,0.4709903407084681,0.0,6.305159631301313,0,0,customer-1,7.338142395019531,2.549999952316284,0.4304748610664788,0.0,3.098341614988887,0,0,customer-2,-3.3230690956115723,2.200000047683716,0.3930669750923954,0.0,7.8952609057716066,0,0
1,477,19.07999999999977,to_table,4.449163913726807,3.6597554683685303,1.020196050753297,-0.3161323070526123,0.3421781063079834,0.3364645838737488,0.3109451234340668,0.3364645838737488,0.3109451234340668,0,nominal-sac-a-star,2.0504816624958258,99.0,99.0,2.1208746528625486,99.0,customer-1,0,,waiter-1,-4.181295394897461,-2.549999952316284,-0.46875878925268566,0.0,10.632304090014719,0,0,waiter-2,6.826512813568115,-2.200000047683716,0.47099150598290507,0.0,6.323647879150246,0,0,customer-1,7.355361461639404,2.549999952316284,0.43047235785561355,0.0,3.1108747150763856,0,0,customer-2,-3.307346820831299,2.200000047683716,0.3930702973134359,0.0,7.892676647597685,0,0
1,478,19.11999999999977,to_table,4.458926677703857,3.6764087677001953,1.0280494635228075,-0.3173036575317383,0.3423757553100586,0.33458462357521057,0.30168962478637695,0.33458462357521057,0.30168962478637695,0,nominal-sac-a-star,2.0629895208775295,99.0,99.0,2.1338074302673338,99.0,customer-1,0,,waiter-1,-4.200045585632324,-2.549999952316284,-0.46875904358296694,0.0,10.665175394991053,0,0,waiter-2,6.845352649688721,-2.200000047683716,0.47098790288576,0.0,6.342492371716787,0,0,customer-1,7.372580051422119,2.549999952316284,0.4304746230163303,0.0,3.1238074206894373,0,0,customer-2,-3.291624069213867,2.200000047683716,0.39306885116289436,0.0,7.889918858206819,0,0
1,479,19.15999999999977,to_table,4.469445705413818,3.6936776638031006,1.035740793044672,-0.3376971483230591,-0.0936705470085144,0.33268851041793823,0.2933267056941986,0.33268851041793823,0.2933267056941986,0,nominal-sac-a-star,2.0758970443701523,99.0,99.0,2.1463136768341062,99.0,customer-1,0,,waiter-1,-4.2187957763671875,-2.549999952316284,-0.4687592979132482,0.0,10.699020993519476,0,0,waiter-2,6.864192008972168,-2.200000047683716,0.4709890681601969,0.0,6.36162297101006,0,0,customer-1,7.389799118041992,2.549999952316284,0.43047211980546507,0.0,3.1363135625126426,0,0,customer-2,-3.2759013175964355,2.200000047683716,0.3930674050123528,0.0,7.888058907472097,0,0
1,480,19.19999999999977,to_table,4.479333877563477,3.7107925415039062,1.0419917790435618,-0.442812442779541,-0.08432328701019287,0.3307099938392639,0.28569838404655457,0.3307099938392639,0.28569838404655457,0,nominal-sac-a-star,2.088375809503243,99.0,99.0,2.1594083404541013,99.0,customer-1,0,,waiter-1,-4.237545967102051,-2.549999952316284,-0.4687595522435295,0.0,10.732265225804445,0,0,waiter-2,6.883031368255615,-2.200000047683716,0.47099023343463386,0.0,6.380848741284736,0,0,customer-1,7.407017707824707,2.549999952316284,0.43047438496618184,0.0,3.149408205534172,0,0,customer-2,-3.260179042816162,2.200000047683716,0.3930707272333933,0.0,7.8855915570175705,0,0
1,481,19.239999999999768,to_table,4.489404678344727,3.7282607555389404,1.0495623850022109,-0.27650904655456543,0.08334100246429443,0.3287678360939026,0.27977296710014343,0.3287678360939026,0.27977296710014343,0,nominal-sac-a-star,2.1014441865923237,99.0,99.0,2.17252064704895,99.0,customer-1,0,,waiter-1,-4.256296157836914,-2.549999952316284,-0.4687598065738108,0.0,10.765864602148172,0,0,waiter-2,6.9018707275390625,-2.200000047683716,0.4709913987090708,0.0,6.400333474869998,0,0,customer-1,7.42423677444458,2.549999952316284,0.4304718817553166,0.0,3.1625208224941,0,0,customer-2,-3.2444562911987305,2.200000047683716,0.3930692810828518,0.0,7.8834120967638,0,0
1,482,19.279999999999767,to_table,4.499781608581543,3.74526309967041,1.0581307654918475,-0.29876506328582764,0.06372988224029541,0.3267871141433716,0.27205657958984375,0.3267871141433716,0.27205657958984375,0,nominal-sac-a-star,2.114529234796641,99.0,99.0,2.18523193359375,99.0,customer-1,0,,waiter-1,-4.275046348571777,-2.549999952316284,-0.46876006090409206,0.0,10.799441771283751,0,0,waiter-2,6.920710563659668,-2.200000047683716,0.4709877956119257,0.0,6.4192718354049125,0,0,customer-1,7.441455364227295,2.549999952316284,0.43047414691603336,0.0,3.1752320349980527,0,0,customer-2,-3.228733539581299,2.200000047683716,0.39306783493231023,0.0,7.881483635408865,0,0
1,483,19.319999999999766,to_table,4.509454727172852,3.7622451782226562,1.0657183352090962,-0.3167612552642822,0.05738842487335205,0.32484138011932373,0.2633596956729889,0.32484138011932373,0.2633596956729889,0,nominal-sac-a-star,2.127213898817537,99.0,99.0,2.198641548156738,99.0,customer-1,0,,waiter-1,-4.293796539306641,-2.549999952316284,-0.46876031523437334,0.0,10.832436080992371,0,0,waiter-2,6.939549922943115,-2.200000047683716,0.47098896088636266,0.0,6.438457175003111,0,0,customer-1,7.458674430847168,2.549999952316284,0.4304716437051681,0.0,3.1886416149002406,0,0,customer-2,-3.213010787963867,2.200000047683716,0.3930663887817687,0.0,7.878901159449105,0,0
1,484,19.359999999999765,to_table,4.518902778625488,3.779186725616455,1.0731135935194642,0.4831119775772095,-0.8508802652359009,0.32292136549949646,0.2555869519710541,0.32292136549949646,0.2555869519710541,0,nominal-sac-a-star,2.1405970124348963,99.0,99.0,2.212294826507568,99.0,customer-1,0,,waiter-1,-4.312546730041504,-2.549999952316284,-0.4687605695646546,0.0,10.865224545689598,0,0,waiter-2,6.9583892822265625,-2.200000047683716,0.4709901261607996,0.0,6.45769067633775,0,0,customer-1,7.475893020629883,2.549999952316284,0.4304739088658849,0.0,3.2022947108230517,0,0,customer-2,-3.1972885131835938,2.200000047683716,0.3930697110028092,0.0,7.876130942001317,0,0
1,485,19.399999999999764,to_table,4.528137683868408,3.796060085296631,1.0802200693561244,-0.053670287132263184,-0.15497183799743652,0.3210132420063019,0.24798975884914398,0.3210132420063019,0.24798975884914398,0,nominal-sac-a-star,2.1542242999745707,99.0,99.0,2.226168403625488,99.0,customer-1,0,,waiter-1,-4.331296920776367,-2.549999952316284,-0.4687608238949359,0.0,10.897800673299404,0,0,waiter-2,6.97722864151001,-2.200000047683716,0.47099129143523655,0.0,6.476942460537854,0,0,customer-1,7.493112087249756,2.549999952316284,0.4304714056550196,0.0,3.216168382984569,0,0,customer-2,-3.181565761566162,2.200000047683716,0.39306826485226765,0.0,7.873178193093982,0,0
1,486,19.439999999999763,to_table,4.537168502807617,3.8128740787506104,1.0870487611199897,-0.045232176780700684,-0.15260541439056396,0.3191191554069519,0.24072198569774628,0.3191191554069519,0.24072198569774628,0,nominal-sac-a-star,2.1680719969936906,99.0,99.0,2.2402544116973875,99.0,customer-1,0,,waiter-1,-4.3500471115112305,-2.549999952316284,-0.4687610782252172,0.0,10.930176911222352,0,0,waiter-2,6.996068477630615,-2.200000047683716,0.47098768833809146,0.0,6.49621769543847,0,0,customer-1,7.510330677032471,2.549999952316284,0.4304736708157364,0.0,3.2302545369457683,0,0,customer-2,-3.1658430099487305,2.200000047683716,0.3930668187017261,0.0,7.87005393918916,0,0
1,487,19.479999999999762,to_table,4.546011447906494,3.829638719558716,1.0936095583417498,-0.035540103912353516,-0.14545559883117676,0.31723788380622864,0.2337689846754074,0.31723788380622864,0.2337689846754074,0,nominal-sac-a-star,2.182132877879087,99.0,99.0,2.2545409297943113,99.0,customer-1,0,,waiter-1,-4.368797302246094,-2.549999952316284,-0.46876133255549846,0.0,10.962372217521176,0,0,waiter-2,7.0149078369140625,-2.200000047683716,0.4709888536125284,0.0,6.515519399333214,0,0,customer-1,7.527549743652344,2.549999952316284,0.43047116760487114,0.0,3.2445409511406686,0,0,customer-2,-3.150120735168457,2.200000047683716,0.3930701409227666,0.0,7.866776517750617,0,0
1,488,19.51999999999976,to_table,4.554682731628418,3.846357583999634,1.0999109086618089,-0.025141000747680664,-0.1407637596130371,0.3153678774833679,0.2271239310503006,0.3153678774833679,0.2271239310503006,0,nominal-sac-a-star,2.1963938221596475,99.0,99.0,2.2690112686157224,99.0,customer-1,0,,waiter-1,-4.387547969818115,-2.549999952316284,-0.4687568185141977,0.0,10.994402196130466,0,0,waiter-2,7.03374719619751,-2.200000047683716,0.47099001888696534,0.0,6.534845157286034,0,0,customer-1,7.544768333435059,2.549999952316284,0.4304734327655879,0.0,3.259011355511828,0,0,customer-2,-3.1343979835510254,2.200000047683716,0.39306869477222506,0.0,7.863361582804687,0,0
1,489,19.55999999999976,to_table,4.563192367553711,3.863030195236206,1.1059626584920106,-0.01467198133468628,-0.1379079818725586,0.31350821256637573,0.2207845002412796,0.31350821256637573,0.2207845002412796,0,nominal-sac-a-star,2.2108394273563627,99.0,99.0,2.2836556529998777,99.0,customer-1,0,,waiter-1,-4.4062981605529785,-2.549999952316284,-0.468757072844479,0.0,11.026273894984323,0,0,waiter-2,7.052586555480957,-2.200000047683716,0.4709911841614023,0.0,6.55419096070961,0,0,customer-1,7.561987400054932,2.549999952316284,0.43047092955472266,0.0,3.2736554592345763,0,0,customer-2,-3.1186752319335938,2.200000047683716,0.3930672486216835,0.0,7.859819278311766,0,0
1,490,19.59999999999976,to_table,4.571547508239746,3.8796563148498535,1.1117759505036546,-0.005062282085418701,-0.11671268939971924,0.3116585612297058,0.2147424966096878,0.3116585612297058,0.2147424966096878,0,nominal-sac-a-star,2.2254585292612576,99.0,99.0,2.298464069366455,99.0,customer-1,0,,waiter-1,-4.425048351287842,-2.549999952316284,-0.46875732717476026,0.0,11.057993342988489,0,0,waiter-2,7.0714263916015625,-2.200000047683716,0.4709875810642572,0.0,6.573554283488745,0,0,customer-1,7.5792059898376465,2.549999952316284,0.43047319471543943,0.0,3.288464015973687,0,0,customer-2,-3.1029529571533203,2.200000047683716,0.393070570842724,0.0,7.85615698475717,0,0
1,491,19.63999999999976,to_table,4.57975435256958,3.8962337970733643,1.1173624919045544,0.023591160774230957,0.010462045669555664,0.30981868505477905,0.20898547768592834,0.30981868505477905,0.20898547768592834,0,nominal-sac-a-star,2.2402427592612106,99.0,99.0,2.31342960357666,99.0,customer-1,0,,waiter-1,-4.443798542022705,-2.549999952316284,-0.46875758150504154,0.0,11.089564301327394,0,0,waiter-2,7.09026575088501,-2.200000047683716,0.47098874633869414,0.0,6.592930651162151,0,0,customer-1,7.5964250564575195,2.549999952316284,0.4304706915045742,0.0,3.3034296875316094,0,0,customer-2,-3.0872302055358887,2.200000047683716,0.39306912469218247,0.0,7.852379330291945,0,0
1,492,19.679999999999758,to_table,4.587408065795898,3.9126694202423096,1.1223895054989497,0.024919748306274414,0.0014719963073730469,0.3079885244369507,0.20350012183189392,0.3079885244369507,0.20350012183189392,0,nominal-sac-a-star,2.2551839134664915,99.0,99.0,2.328880796432495,99.0,customer-1,0,,waiter-1,-4.462548732757568,-2.549999952316284,-0.4687578358353228,0.0,11.12060310750685,0,0,waiter-2,7.109105110168457,-2.200000047683716,0.4709899116131311,0.0,6.612388676394661,0,0,customer-1,7.613643646240234,2.549999952316284,0.43047295666529095,0.0,3.318880815450453,0,0,customer-2,-3.071507453918457,2.200000047683716,0.39306767854164093,0.0,7.848071311973514,0,0
1,493,19.719999999999757,to_table,4.595755577087402,3.9293177127838135,1.1283185800060134,0.04797780513763428,0.0008159875869750977,0.30618926882743835,0.19841238856315613,0.30618926882743835,0.19841238856315613,0,nominal-sac-a-star,2.270611744814383,99.0,99.0,2.343825588226318,99.0,customer-1,0,,waiter-1,-4.481298923492432,-2.549999952316284,-0.4687580901656041,0.0,11.15233051033616,0,0,waiter-2,7.127944469451904,-2.200000047683716,0.470991076887568,0.0,6.631780816296393,0,0,customer-1,7.630862712860107,2.549999952316284,0.4304704534544257,0.0,3.333825551818744,0,0,customer-2,-3.0557851791381836,2.200000047683716,0.3930710007626814,0.0,7.8445277442946475,0,0
1,494,19.759999999999756,to_table,4.603597164154053,3.9457688331604004,1.1333711577204364,-0.005842387676239014,0.016902804374694824,0.30434900522232056,0.1926700472831726,0.30434900522232056,0.1926700472831726,0,nominal-sac-a-star,2.2855317732029174,99.0,99.0,2.359187135696411,99.0,customer-1,0,,waiter-1,-4.500049114227295,-2.549999952316284,-0.4687583444958854,0.0,11.1835319857485,0,0,waiter-2,7.14678430557251,-2.200000047683716,0.47098747379042294,0.0,6.6511860576162,0,0,customer-1,7.648081302642822,2.549999952316284,0.43047271861514247,0.0,3.349187130968131,0,0,customer-2,-3.040062427520752,2.200000047683716,0.3930695546121399,0.0,7.840487268387532,0,0
1,495,19.799999999999756,to_table,4.610775470733643,3.9619688987731934,1.1379207375688523,0.038187384605407715,-0.014402270317077637,0.30254340171813965,0.18784259259700775,0.30254340171813965,0.18784259259700775,0,nominal-sac-a-star,2.3008699428555524,99.0,99.0,2.375081787109375,99.0,customer-1,0,,waiter-1,-4.518799304962158,-2.549999952316284,-0.46875859882616666,0.0,11.214048060472214,0,0,waiter-2,7.165623664855957,-2.200000047683716,0.4709886390648599,0.0,6.670615458269898,0,0,customer-1,7.665299892425537,2.549999952316284,0.43047498377585924,0.0,3.3650818338445854,0,0,customer-2,-3.0243396759033203,2.200000047683716,0.39306810846159834,0.0,7.835784423694589,0,0
1,496,19.839999999999755,to_table,4.6182756423950195,3.9782326221466064,1.1420998837413638,-0.011515974998474121,0.014305591583251953,0.30078214406967163,0.18323510885238647,0.30078214406967163,0.18323510885238647,0,nominal-sac-a-star,2.3167423625664263,99.0,99.0,2.390744934082031,99.0,customer-1,0,,waiter-1,-4.5375494956970215,-2.549999952316284,-0.46875885315644794,0.0,11.24486347207455,0,0,waiter-2,7.184463024139404,-2.200000047683716,0.4709898043392968,0.0,6.689983303475638,0,0,customer-1,7.68251895904541,2.549999952316284,0.430472480564994,0.0,3.3807448384649255,0,0,customer-2,-3.0086169242858887,2.200000047683716,0.3930666623110568,0.0,7.831449502651052,0,0
1,497,19.879999999999754,to_table,4.626081466674805,3.994563341140747,1.146339317986078,0.18364572525024414,-0.0980728268623352,0.2990054786205292,0.17951545119285583,0.2990054786205292,0.17951545119285583,0,nominal-sac-a-star,2.3323822970084302,99.0,99.0,2.4061927890777586,99.0,customer-1,0,,waiter-1,-4.556299686431885,-2.549999952316284,-0.4687591074867292,0.0,11.27596702473868,0,0,waiter-2,7.203302383422852,-2.200000047683716,0.47099096961373377,0.0,6.709298266725669,0,0,customer-1,7.699737548828125,2.549999952316284,0.43047474572571076,0.0,3.3961927353567725,0,0,customer-2,-2.9928946495056152,2.200000047683716,0.3930699845320973,0.0,7.827467947756223,0,0
1,498,19.919999999999753,to_table,4.633168697357178,4.010734558105469,1.1507067050917927,0.1710524559020996,-0.09456861019134521,0.297213613986969,0.17605608701705933,0.297213613986969,0.17605608701705933,0,nominal-sac-a-star,2.3478072039931908,99.0,99.0,2.4222564792633055,99.0,customer-1,0,,waiter-1,-4.575049877166748,-2.549999952316284,-0.4687593618170105,0.0,11.306393175210493,0,0,waiter-2,7.222142219543457,-2.200000047683716,0.4709873665165887,0.0,6.728744923247497,0,0,customer-1,7.716956615447998,2.549999952316284,0.4304722425148455,0.0,3.4122563667334553,0,0,customer-2,-2.9771718978881836,2.200000047683716,0.39306853838155575,0.0,7.822790003756449,0,0
1,499,19.959999999999752,to_table,4.6406354904174805,4.026845455169678,1.1548099197175785,0.16175198554992676,-0.0869894027709961,0.2954588234424591,0.17179836332798004,0.2954588234424591,0.17179836332798004,0,nominal-sac-a-star,2.3638484380005798,99.0,99.0,2.4379820919036863,99.0,customer-1,0,,waiter-1,-4.593800067901611,-2.549999952316284,-0.4687596161472918,0.0,11.33709378962339,0,0,waiter-2,7.240981578826904,-2.200000047683716,0.4709885317910256,0.0,6.747992641957438,0,0,customer-1,7.734175205230713,2.549999952316284,0.4304745076755623,0.0,3.4279820020567535,0,0,customer-2,-2.961449146270752,2.200000047683716,0.3930670922310142,0.0,7.818507208299025,0,0
1,500,19.99999999999975,to_table,4.647406578063965,4.04280424118042,1.1588391729683785,0.14766740798950195,-0.08664876222610474,0.29369884729385376,0.16839073598384857,0.29369884729385376,0.16839073598384857,0,nominal-sac-a-star,2.3795519397372527,99.0,99.0,2.4543004131317137,99.0,customer-1,0,,waiter-1,-4.612550258636475,-2.549999952316284,-0.46875987047757306,0.0,11.36713982281132,0,0,waiter-2,7.259820938110352,-2.200000047683716,0.47098969706546256,0.0,6.767371290068029,0,0,customer-1,7.751394271850586,2.549999952316284,0.430472004464697,0.0,3.444300255208588,0,0,customer-2,-2.9457268714904785,2.200000047683716,0.3930704144520547,0.0,7.8135525133137484,0,0
1,501,20.03999999999975,to_table,4.65481424331665,4.058751583099365,1.162937167966734,0.13756966590881348,-0.0815424919128418,0.2919743061065674,0.16447655856609344,0.2919743061065674,0.16447655856609344,0,nominal-sac-a-star,2.3958486371224446,99.0,99.0,2.4700682258605955,99.0,customer-1,0,,waiter-1,-4.631300449371338,-2.549999952316284,-0.46876012480785434,0.0,11.397698142283573,0,0,waiter-2,7.278660297393799,-2.200000047683716,0.4709908623398995,0.0,6.786496893930336,0,0,customer-1,7.768612861633301,2.549999952316284,0.4304742696254138,0.0,3.4600683979975435,0,0,customer-2,-2.930004119873047,2.200000047683716,0.39306896830151317,0.0,7.809252644971199,0,0
1,502,20.07999999999975,to_table,4.661314010620117,4.074528217315674,1.1667413940880071,0.1528611183166504,-0.04639613628387451,0.29023244976997375,0.16119520366191864,0.29023244976997375,0.16119520366191864,0,nominal-sac-a-star,2.4115951523655674,99.0,99.0,2.486607322692871,99.0,customer-1,0,,waiter-1,-4.650050640106201,-2.549999952316284,-0.4687603791381356,0.0,11.427418130489626,0,0,waiter-2,7.297500133514404,-2.200000047683716,0.4709872592427544,0.0,6.80581973187776,0,0,customer-1,7.785831928253174,2.549999952316284,0.43047176641454854,0.0,3.4766073474570094,0,0,customer-2,-2.9142813682556152,2.200000047683716,0.3930675221509716,0.0,7.804069528341421,0,0
1,503,20.11999999999975,to_table,4.668424129486084,4.090388298034668,1.1704188888834168,0.18265414237976074,0.009752988815307617,0.2885338068008423,0.1574878692626953,0.2885338068008423,0.1574878692626953,0,nominal-sac-a-star,2.4281133034808233,99.0,99.0,2.5026607608795164,99.0,customer-1,0,,waiter-1,-4.6688008308410645,-2.549999952316284,-0.4687606334684169,0.0,11.457684149737908,0,0,waiter-2,7.316339492797852,-2.200000047683716,0.47098842451719136,0.0,6.824986542932678,0,0,customer-1,7.803050518035889,2.549999952316284,0.4304740315752653,0.0,3.4926607123248905,0,0,customer-2,-2.898559093475342,2.200000047683716,0.3930708443720121,0.0,7.799538629537302,0,0
1,504,20.159999999999748,to_table,4.674757957458496,4.106086254119873,1.1739953004176087,0.16124939918518066,0.02670419216156006,0.28680968284606934,0.15465299785137177,0.28680968284606934,0.15465299785137177,0,nominal-sac-a-star,2.4441456350517754,99.0,99.0,2.5193657970428465,99.0,customer-1,0,,waiter-1,-4.687551021575928,-2.549999952316284,-0.4687608877986982,0.0,11.487223903381455,0,0,waiter-2,7.335178852081299,-2.200000047683716,0.4709895897916283,0.0,6.844308860823016,0,0,customer-1,7.820269584655762,2.549999952316284,0.43047152836440006,0.0,3.5093657511712797,0,0,customer-2,-2.88283634185791,2.200000047683716,0.3930693982214706,0.0,7.794254051506534,0,0
1,505,20.199999999999747,to_table,4.681215286254883,4.121666431427002,1.1775475512397466,0.14185583591461182,0.044263482093811035,0.2851238250732422,0.15122608840465546,0.2851238250732422,0.15122608840465546,0,nominal-sac-a-star,2.4608303453709865,99.0,99.0,2.5359318351745603,99.0,customer-1,0,,waiter-1,-4.706301212310791,-2.549999952316284,-0.46876114212897946,0.0,11.516796357790344,0,0,waiter-2,7.354018211364746,-2.200000047683716,0.47099075506606525,0.0,6.863478895544732,0,0,customer-1,7.837488174438477,2.549999952316284,0.43047379352511683,0.0,3.525931659326806,0,0,customer-2,-2.8671135902404785,2.200000047683716,0.39306795207092904,0.0,7.789099467726851,0,0
1,506,20.239999999999746,to_table,4.687650203704834,4.137235641479492,1.1809972545013065,0.12184810638427734,0.06354355812072754,0.28344589471817017,0.14806091785430908,0.28344589471817017,0.14806091785430908,0,nominal-sac-a-star,2.4773765455076875,99.0,99.0,2.552536973953247,99.0,customer-1,0,,waiter-1,-4.7250518798828125,-2.549999952316284,-0.4687566280876787,0.0,11.546344893571488,0,0,waiter-2,7.372858047485352,-2.200000047683716,0.47098715196892016,0.0,6.882651912185033,0,0,customer-1,7.85470724105835,2.549999952316284,0.4304712903142516,0.0,3.5425368608955687,0,0,customer-2,-2.851390838623047,2.200000047683716,0.3930665059203875,0.0,7.783959248594094,0,0
1,507,20.279999999999745,to_table,4.6939921379089355,4.152637481689453,1.1841387673284791,0.10128390789031982,0.08106076717376709,0.28176990151405334,0.14507733285427094,0.28176990151405334,0.14507733285427094,0,nominal-sac-a-star,2.493961737751566,99.0,99.0,2.5691726303100584,99.0,customer-1,0,,waiter-1,-4.743802070617676,-2.549999952316284,-0.46875688241796,0.0,11.575720629586456,0,0,waiter-2,7.391697406768799,-2.200000047683716,0.4709883172433571,0.0,6.901711186164972,0,0,customer-1,7.8719258308410645,2.549999952316284,0.43047355547496835,0.0,3.559172601494422,0,0,customer-2,-2.8356685638427734,2.200000047683716,0.393069828141428,0.0,7.778726324545976,0,0
1,508,20.319999999999744,to_table,4.700603008270264,4.1681742668151855,1.1873221894218229,0.07679617404937744,0.0906219482421875,0.2801128625869751,0.14254677295684814,0.2801128625869751,0.14254677295684814,0,nominal-sac-a-star,2.510578393718024,99.0,99.0,2.5856521224975584,99.0,customer-1,0,,waiter-1,-4.762552261352539,-2.549999952316284,-0.46875713674824127,0.0,11.605394112032238,0,0,waiter-2,7.410536766052246,-2.200000047683716,0.47098948251779404,0.0,6.920793673518228,0,0,customer-1,7.8891448974609375,2.549999952316284,0.4304710522641031,0.0,3.5756520372133,0,0,customer-2,-2.819945812225342,2.200000047683716,0.39306838199088645,0.0,7.773825590937297,0,0
1,509,20.359999999999744,to_table,4.706845283508301,4.183577537536621,1.1903728180758775,0.058558106422424316,0.11067748069763184,0.27843546867370605,0.14028114080429077,0.27843546867370605,0.14028114080429077,0,nominal-sac-a-star,2.527037878667449,99.0,99.0,2.602421531677246,99.0,customer-1,0,,waiter-1,-4.781302452087402,-2.549999952316284,-0.46875739107852255,0.0,11.63469008028764,0,0,waiter-2,7.429376125335693,-2.200000047683716,0.470990647792231,0.0,6.93990179838511,0,0,customer-1,7.906363487243652,2.549999952316284,0.43047331742481987,0.0,3.592421531915234,0,0,customer-2,-2.80422306060791,2.200000047683716,0.3930669358403449,0.0,7.768573056117564,0,0
1,510,20.399999999999743,to_table,4.712594509124756,4.198707103729248,1.1933516131452762,0.8573569059371948,0.5933905839920044,0.2767816185951233,0.1378830075263977,0.2767816185951233,0.1378830075263977,0,nominal-sac-a-star,2.5437885517641687,99.0,99.0,2.61952615737915,99.0,customer-1,0,,waiter-1,-4.800052642822266,-2.549999952316284,-0.4687576454088038,0.0,11.663425858887454,0,0,waiter-2,7.448215961456299,-2.200000047683716,0.4709870446950859,0.0,6.958956670363737,0,0,customer-1,7.923582553863525,2.549999952316284,0.4304708142139546,0.0,3.609526214695712,0,0,customer-2,-2.7885007858276367,2.200000047683716,0.3930702580613854,0.0,7.762812668089004,0,0
1,511,20.439999999999742,to_table,4.7187581062316895,4.213790416717529,1.1964435672217,-0.37682437896728516,0.5317773818969727,0.2751680612564087,0.135147824883461,0.2751680612564087,0.135147824883461,0,nominal-sac-a-star,2.560875090983516,99.0,99.0,2.6362598037719724,99.0,customer-1,0,,waiter-1,-4.818802833557129,-2.549999952316284,-0.4687578997390851,0.0,11.692473170224508,0,0,waiter-2,7.467055320739746,-2.200000047683716,0.47098820996952284,0.0,6.977810953337521,0,0,customer-1,7.94080114364624,2.549999952316284,0.4304730793746714,0.0,3.626259787216588,0,0,customer-2,-2.772778034210205,2.200000047683716,0.39306881191084386,0.0,7.757478030517417,0,0
1,512,20.47999999999974,to_table,4.724552631378174,4.2290730476379395,1.1996331612981812,0.8729840517044067,0.9542946815490723,0.27354753017425537,0.13281816244125366,0.27354753017425537,0.13281816244125366,0,nominal-sac-a-star,2.577590711365631,99.0,99.0,2.6534323787689207,99.0,customer-1,0,,waiter-1,-4.837553024291992,-2.549999952316284,-0.4687581540693664,0.0,11.721335048061194,0,0,waiter-2,7.485894680023193,-2.200000047683716,0.4709893752439598,0.0,6.996998697627708,0,0,customer-1,7.958020210266113,2.549999952316284,0.43047057616380613,0.0,3.64343231625791,0,0,customer-2,-2.7570552825927734,2.200000047683716,0.3930673657603023,0.0,7.751876819037822,0,0
1,513,20.51999999999974,to_table,4.730722427368164,4.2443766593933105,1.2025930145783945,-0.5852895379066467,0.6871054172515869,0.2719183564186096,0.1298782378435135,0.2719183564186096,0.1298782378435135,0,nominal-sac-a-star,2.5947449348777276,99.0,99.0,2.6703004932403562,99.0,customer-1,0,,waiter-1,-4.8563032150268555,-2.549999952316284,-0.46875840839964766,0.0,11.750515486976985,0,0,waiter-2,7.504734039306641,-2.200000047683716,0.4709905405183967,0.0,7.016062397519455,0,0,customer-1,7.975238800048828,2.549999952316284,0.4304728413245229,0.0,3.660300386317779,0,0,customer-2,-2.7413330078125,2.200000047683716,0.3930706879813428,0.0,7.74668239680175,0,0
1,514,20.55999999999974,to_table,4.736449718475342,4.25942850112915,1.2054757710420296,-0.5936756134033203,0.6848418712615967,0.2702769637107849,0.1277877390384674,0.2702769637107849,0.1277877390384674,0,nominal-sac-a-star,2.6115947967299826,99.0,99.0,2.687462816238403,99.0,customer-1,0,,waiter-1,-4.875053405761719,-2.549999952316284,-0.46875866272992894,0.0,11.779189622797107,0,0,waiter-2,7.523573875427246,-2.200000047683716,0.47098693742125164,0.0,7.035074856992181,0,0,customer-1,7.992457389831543,2.549999952316284,0.4304751064852397,0.0,3.677462701296492,0,0,customer-2,-2.7256102561950684,2.200000047683716,0.3930692418308013,0.0,7.7410325293489635,0,0
1,515,20.59999999999974,to_table,4.7422709465026855,4.274285793304443,1.2081338012255411,-0.5990068316459656,0.6832082271575928,0.2686721682548523,0.12540021538734436,0.2686721682548523,0.12540021538734436,0,nominal-sac-a-star,2.6287399190928147,99.0,99.0,2.7044684982299803,99.0,customer-1,0,,waiter-1,-4.893803596496582,-2.549999952316284,-0.4687589170602102,0.0,11.807828273485383,0,0,waiter-2,7.542413234710693,-2.200000047683716,0.4709881026956886,0.0,7.053876521816251,0,0,customer-1,8.009675979614258,2.549999952316284,0.43047737164595645,0.0,3.694468474873629,0,0,customer-2,-2.7098875045776367,2.200000047683716,0.39306779568025974,0.0,7.735459064237443,0,0
1,516,20.639999999999738,to_table,4.748228549957275,4.289223670959473,1.2107451056020413,-0.6054587960243225,0.680609941482544,0.2670837342739105,0.12358680367469788,0.2670837342739105,0.12358680367469788,0,nominal-sac-a-star,2.6457288674064836,99.0,99.0,2.7214081382751463,99.0,customer-1,0,,waiter-1,-4.912553787231445,-2.549999952316284,-0.4687591713904915,0.0,11.836625158199052,0,0,waiter-2,7.561252593994141,-2.200000047683716,0.4709892679701255,0.0,7.07270307187647,0,0,customer-1,8.026894569396973,2.549999952316284,0.4304796368066732,0.0,3.7114080900002886,0,0,customer-2,-2.6941652297973633,2.200000047683716,0.3930711179013002,0.0,7.730076359324274,0,0
1,517,20.679999999999737,to_table,4.753876686096191,4.303953647613525,1.2134761057328112,-0.6114240884780884,0.6783044338226318,0.2654840052127838,0.12205277383327484,0.2654840052127838,0.12205277383327484,0,nominal-sac-a-star,2.6626514521983404,99.0,99.0,2.7385406589508055,99.0,customer-1,0,,waiter-1,-4.931303977966309,-2.549999952316284,-0.4687594257207728,0.0,11.865049702614858,0,0,waiter-2,7.580091953277588,-2.200000047683716,0.47099043324456247,0.0,7.091467154758587,0,0,customer-1,8.044114112854004,2.549999952316284,0.43047236522422594,0.0,3.7285407185230954,0,0,customer-2,-2.6784424781799316,2.200000047683716,0.3930696717507587,0.0,7.72437627969558,0,0
1,518,20.719999999999736,to_table,4.759160041809082,4.318724632263184,1.2160880601782962,-0.6161907315254211,0.676878809928894,0.26391297578811646,0.12007743120193481,0.26391297578811646,0.12007743120193481,0,nominal-sac-a-star,2.6797670072418383,99.0,99.0,2.756028900146484,99.0,customer-1,0,,waiter-1,-4.950054168701172,-2.549999952316284,-0.46875968005105406,0.0,11.893200494584317,0,0,waiter-2,7.598931312561035,-2.200000047683716,0.4709915985189994,0.0,7.110419982190712,0,0,customer-1,8.061332702636719,2.549999952316284,0.4304746303849427,0.0,3.7460287339221967,0,0,customer-2,-2.6627197265625,2.200000047683716,0.39306822560021715,0.0,7.718373738130646,0,0
1,519,20.759999999999735,to_table,4.764525890350342,4.333390235900879,1.2184912121310232,-0.6212632060050964,0.6751372814178467,0.2623479962348938,0.1178223192691803,0.2623479962348938,0.1178223192691803,0,nominal-sac-a-star,2.6972391724096694,99.0,99.0,2.7734086608886717,99.0,customer-1,0,,waiter-1,-4.968804359436035,-2.549999952316284,-0.46875993438133534,0.0,11.921358070062775,0,0,waiter-2,7.617771148681641,-2.200000047683716,0.4709879954218543,0.0,7.129249406622526,0,0,customer-1,8.078551292419434,2.549999952316284,0.4304768955456595,0.0,3.763408730013676,0,0,customer-2,-2.6469969749450684,2.200000047683716,0.3930667794496756,0.0,7.712459068155756,0,0
1,520,20.799999999999734,to_table,4.769837856292725,4.347995758056641,1.2208180089513974,-0.24310719966888428,-0.1969887614250183,0.2607910931110382,0.1160726323723793,0.2607910931110382,0.1160726323723793,0,nominal-sac-a-star,2.7146035241439304,99.0,99.0,2.7908218002319334,99.0,customer-1,0,,waiter-1,-4.987555027008057,-2.549999952316284,-0.4687554203400346,0.0,11.94943767293725,0,0,waiter-2,7.636610507965088,-2.200000047683716,0.47098916069629126,0.0,7.148051098612117,0,0,customer-1,8.095769882202148,2.549999952316284,0.43047916070637626,0.0,3.780821704131243,0,0,customer-2,-2.631274700164795,2.200000047683716,0.3930701016707161,0.0,7.706513650486428,0,0
1,521,20.839999999999733,to_table,4.7750935554504395,4.36253023147583,1.223076887287913,-0.5293211340904236,0.19372141361236572,0.25924158096313477,0.11443575471639633,0.25924158096313477,0.11443575471639633,0,nominal-sac-a-star,2.7320011112644638,99.0,99.0,2.808264741897583,99.0,customer-1,0,,waiter-1,-5.00630521774292,-2.549999952316284,-0.46875567467031587,0.0,11.977430254527286,0,0,waiter-2,7.655449867248535,-2.200000047683716,0.4709903259707282,0.0,7.166816318826721,0,0,customer-1,8.11298942565918,2.549999952316284,0.430471889123929,0.0,3.798264716054786,0,0,customer-2,-2.6155519485473633,2.200000047683716,0.39306865552017456,0.0,7.700531005169377,0,0
1,522,20.879999999999733,to_table,4.78029203414917,4.376998424530029,1.2253053338801074,-0.542068600654602,0.2217240333557129,0.25770053267478943,0.11290007084608078,0.25770053267478943,0.11290007084608078,0,nominal-sac-a-star,2.7494281781217316,99.0,99.0,2.8257384395599363,99.0,customer-1,0,,waiter-1,-5.025055408477783,-2.549999952316284,-0.46875592900059715,0.0,12.005338186967595,0,0,waiter-2,7.674289226531982,-2.200000047683716,0.47099149124516515,0.0,7.185549989598677,0,0,customer-1,8.130208015441895,2.549999952316284,0.43047415428464575,0.0,3.815738526051249,0,0,customer-2,-2.5998291969299316,2.200000047683716,0.393067209369633,0.0,7.69451176607171,0,0
1,523,20.91999999999973,to_table,4.785430908203125,4.391398906707764,1.227487098531327,-0.5477710366249084,0.24070954322814941,0.25616756081581116,0.11140760779380798,0.25616756081581116,0.11140760779380798,0,nominal-sac-a-star,2.7668871531815693,99.0,99.0,2.8432445621490476,99.0,customer-1,0,,waiter-1,-5.0438055992126465,-2.549999952316284,-0.46875618333087843,0.0,12.033158705791898,0,0,waiter-2,7.693129062652588,-2.200000047683716,0.47098788814802006,0.0,7.20425212866276,0,0,customer-1,8.14742660522461,2.549999952316284,0.4304764194453625,0.0,3.8332447320807748,0,0,customer-2,-2.584106922149658,2.200000047683716,0.3930705315906735,0.0,7.6884534720795905,0,0
1,524,20.95999999999973,to_table,4.7903947830200195,4.405620574951172,1.229688023015791,-0.5523409247398376,0.2564641237258911,0.2546428442001343,0.10997851192951202,0.2546428442001343,0.10997851192951202,0,nominal-sac-a-star,2.7843787998435863,99.0,99.0,2.860830316543579,99.0,customer-1,0,,waiter-1,-5.06255578994751,-2.549999952316284,-0.4687564376611597,0.0,12.060733473246374,0,0,waiter-2,7.711968421936035,-2.200000047683716,0.470989053422457,0.0,7.222867597968849,0,0,customer-1,8.164645195007324,2.549999952316284,0.4304786846060793,0.0,3.850830266052294,0,0,customer-2,-2.5683841705322266,2.200000047683716,0.39306908544013197,0.0,7.682212545715398,0,0
1,525,20.99999999999973,to_table,4.795619487762451,4.419886112213135,1.2319980825059154,-0.5881001949310303,0.3097407817840576,0.2531401216983795,0.10838882625102997,0.2531401216983795,0.10838882625102997,0,nominal-sac-a-star,2.8019503773669943,99.0,99.0,2.878220567703247,99.0,customer-1,0,,waiter-1,-5.081305980682373,-2.549999952316284,-0.468756691991441,0.0,12.088546995472012,0,0,waiter-2,7.730807781219482,-2.200000047683716,0.47099021869689395,0.0,7.241424106350979,0,0,customer-1,8.181864738464355,2.549999952316284,0.430471413023632,0.0,3.868220669619947,0,0,customer-2,-2.552661418914795,2.200000047683716,0.39306763928959043,0.0,7.676270345873006,0,0
1,526,21.03999999999973,to_table,4.800617218017578,4.434206485748291,1.2340238007391422,-0.6324487328529358,0.42806828022003174,0.2516264319419861,0.10707356035709381,0.2516264319419861,0.10707356035709381,0,nominal-sac-a-star,2.819325721980526,99.0,99.0,2.8958468532562254,99.0,customer-1,0,,waiter-1,-5.100056171417236,-2.549999952316284,-0.46875694632172227,0.0,12.116207044028478,0,0,waiter-2,7.74964714050293,-2.200000047683716,0.4709913839713309,0.0,7.260129049262546,0,0,customer-1,8.19908332824707,2.549999952316284,0.4304736781843488,0.0,3.88584690421615,0,0,customer-2,-2.5369391441345215,2.200000047683716,0.3930709615106309,0.0,7.670163738516144,0,0
1,527,21.07999999999973,to_table,4.805748462677002,4.4484052658081055,1.2360240251933339,-0.6360836029052734,0.42704665660858154,0.2501135468482971,0.10586333274841309,0.2501135468482971,0.10586333274841309,0,nominal-sac-a-star,2.836937949137467,99.0,99.0,2.913308629989624,99.0,customer-1,0,,waiter-1,-5.1188063621521,-2.549999952316284,-0.46875720065200355,0.0,12.143906458306951,0,0,waiter-2,7.768486976623535,-2.200000047683716,0.4709877808741858,0.0,7.278675203255631,0,0,customer-1,8.216301918029785,2.549999952316284,0.43047594334506556,0.0,3.9033085461071084,0,0,customer-2,-2.52121639251709,2.200000047683716,0.3930695153600894,0.0,7.664185541473951,0,0
1,528,21.119999999999727,to_table,4.810665130615234,4.462332725524902,1.23808787668083,-0.6398156881332397,0.4257749319076538,0.24860908091068268,0.10501168668270111,0.24860908091068268,0.10501168668270111,0,nominal-sac-a-star,2.854385756605857,99.0,99.0,2.930835971832275,99.0,customer-1,0,,waiter-1,-5.137556552886963,-2.549999952316284,-0.4687574549822848,0.0,12.171274553177355,0,0,waiter-2,7.787326335906982,-2.200000047683716,0.47098894614862274,0.0,7.297067213069821,0,0,customer-1,8.2335205078125,2.549999952316284,0.43047820850578233,0.0,3.9208360803145035,0,0,customer-2,-2.505493640899658,2.200000047683716,0.39306806920954784,0.0,7.6579584952676765,0,0
1,529,21.159999999999727,to_table,4.815330505371094,4.476169586181641,1.2406190076922274,-0.642919659614563,0.42438268661499023,0.24713654816150665,0.10391002148389816,0.24713654816150665,0.10391002148389816,0,nominal-sac-a-star,2.871900267464179,99.0,99.0,2.9485490417480467,99.0,customer-1,0,,waiter-1,-5.156306743621826,-2.549999952316284,-0.4687577093125661,0.0,12.198385459117908,0,0,waiter-2,7.80616569519043,-2.200000047683716,0.4709901114230597,0.0,7.315486047612117,0,0,customer-1,8.250740051269531,2.549999952316284,0.43047093692333505,0.0,3.9385489975973527,0,0,customer-2,-2.4897708892822266,2.200000047683716,0.3930666230590063,0.0,7.651500124429963,0,0
1,530,21.199999999999726,delivered,4.820407390594482,4.490106582641602,1.2429032063591208,0.5569124221801758,0.4006953239440918,0.24567939341068268,0.10182415693998337,0.24567939341068268,0.10182415693998337,0,nominal-sac-a-star,2.8895998393788016,99.0,99.0,2.9659605121612547,99.0,customer-1,0,,waiter-1,-5.1750569343566895,-2.549999952316284,-0.4687579636428474,0.0,12.225890850769456,0,0,waiter-2,7.825005054473877,-2.200000047683716,0.47099127669749663,0.0,7.333834866351457,0,0,customer-1,8.267958641052246,2.549999952316284,0.4304732020840518,0.0,3.9559604853391988,0,0,customer-2,-2.474048614501953,2.200000047683716,0.3930699452800468,0.0,7.645500399041534,0,0
