episode,step,sim_time,phase,robot_x,robot_y,robot_yaw,sac_linear,sac_turn,proposed_linear,proposed_turn,final_linear,final_turn,dwa_intervened,dwa_reason,pred_dynamic_clearance,pred_static_clearance,pred_ttc,env_dynamic_clearance,env_dynamic_ttc,env_dynamic_person,collision,collision_type,p0_type,p0_x,p0_y,p0_vx,p0_vy,p0_distance,p0_cooperative,p0_reciprocal,p1_type,p1_x,p1_y,p1_vx,p1_vy,p1_distance,p1_cooperative,p1_reciprocal,p2_type,p2_x,p2_y,p2_vx,p2_vy,p2_distance,p2_cooperative,p2_reciprocal,p3_type,p3_x,p3_y,p3_vx,p3_vy,p3_distance,p3_cooperative,p3_reciprocal
5,1,0.04,to_table,-8.300000190734863,5.5,0.011059111064969583,-0.46918487548828125,-0.6549757719039917,0.0,0.75,0.0,0.75,0,nominal-sac-a-star,3.181602409606958,99.0,99.0,3.154818477630615,99.0,waiter-2,0,,waiter-1,-2.3348426818847656,-2.549999952316284,0.44648406563982057,0.0,10.019261616390844,0,0,waiter-2,-4.794235706329346,2.200000047683716,-0.4418989317933253,0.0,4.814601157459106,0,0,customer-1,6.804730415344238,2.549999952316284,-0.38911211382742117,0.0,15.39010678856897,0,0,customer-2,3.3009023666381836,-2.200000047683716,-0.36292170082726116,0.0,13.923754553998492,0,0
5,2,0.08,to_table,-8.300000190734863,5.5,0.001194146049801437,-0.9735651016235352,0.6325621604919434,0.0,-0.804092526435852,0.0,-0.804092526435852,0,nominal-sac-a-star,3.181602409606958,99.0,99.0,3.143845500946045,99.0,waiter-2,0,,waiter-1,-2.316983222961426,-2.549999952316284,0.446483206748729,0.0,10.029904848449812,0,0,waiter-2,-4.811911582946777,2.200000047683716,-0.44190028078409327,0.0,4.801745705581305,0,0,customer-1,6.789165496826172,2.549999952316284,-0.3891070890188786,0.0,15.374830777215182,0,0,customer-2,3.2863855361938477,-2.200000047683716,-0.36292232305870975,0.0,13.91166183270376,0,0
5,3,0.12,to_table,-8.300000190734863,5.5,-0.02107178877334773,-0.9885051846504211,0.8267829418182373,0.0,-0.7807860374450684,0.0,-0.7807860374450684,0,nominal-sac-a-star,3.170232847500963,99.0,99.0,3.132918300628662,99.0,waiter-2,0,,waiter-1,-2.299123764038086,-2.549999952316284,0.4464823478576374,0.0,10.040568565613068,0,0,waiter-2,-4.829587459564209,2.200000047683716,-0.44190162977486125,0.0,4.788920985979915,0,0,customer-1,6.773601531982422,2.549999952316284,-0.38911160095350006,0.0,15.359556281886512,0,0,customer-2,3.2718687057495117,-2.200000047683716,-0.36292294529015834,0.0,13.899573752160594,0,0
5,4,0.16,to_table,-8.300000190734863,5.5,-0.04639088070029053,-0.3251028060913086,-0.9911426901817322,0.0,-0.9989371299743652,0.0,-0.9989371299743652,0,nominal-sac-a-star,3.1589059549340286,99.0,99.0,3.1220368766784667,99.0,waiter-2,0,,waiter-1,-2.2812647819519043,-2.549999952316284,0.44648625733812786,0.0,10.051252417148321,0,0,waiter-2,-4.847263813018799,2.200000047683716,-0.4418982103940472,0.0,4.7761269015062116,0,0,customer-1,6.758037090301514,2.549999952316284,-0.3891113445165395,0.0,15.344281900382805,0,0,customer-2,3.257351875305176,-2.200000047683716,-0.3629235675216069,0.0,13.88749032448733,0,0
5,5,0.2,to_table,-8.300000190734863,5.5,-0.07607787384527917,-0.9754376411437988,0.9930009841918945,0.0,-0.7608398795127869,0.0,-0.7608398795127869,0,nominal-sac-a-star,3.1476220705506037,99.0,99.0,3.1112021827697753,99.0,waiter-2,0,,waiter-1,-2.2634053230285645,-2.549999952316284,0.4464853984470363,0.0,10.061956908529782,0,0,waiter-2,-4.8649396896362305,2.200000047683716,-0.44189955938482406,0.0,4.763364392054787,0,0,customer-1,6.7424726486206055,2.549999952316284,-0.38911108807957895,0.0,15.329008102420747,0,0,customer-2,3.24283504486084,-2.200000047683716,-0.3629241897530555,0.0,13.875411561839849,0,0
5,6,0.24000000000000002,to_table,-8.300000190734863,5.5,-0.10576487808412398,-0.9401601552963257,0.9582135677337646,0.0,-0.7650143504142761,0.0,-0.7650143504142761,0,nominal-sac-a-star,3.1363815352818136,99.0,99.0,3.100414218902588,99.0,waiter-2,0,,waiter-1,-2.2455458641052246,-2.549999952316284,0.4464845395559447,0.0,10.072681689874674,0,0,waiter-2,-4.882615566253662,2.200000047683716,-0.44190090837559204,0.0,4.75063336376614,0,0,customer-1,6.726908206939697,2.549999952316284,-0.3891108316426184,0.0,15.3137348897464,0,0,customer-2,3.2283177375793457,-2.200000047683716,-0.36292004361292207,0.0,13.863337079888812,0,0
5,7,0.28,to_table,-8.300000190734863,5.5,-0.13209647845322883,-0.8718404173851013,0.9612045288085938,0.0,-0.7646554708480835,0.0,-0.7646554708480835,0,nominal-sac-a-star,3.1251846923411275,99.0,99.0,3.0896734619140624,99.0,waiter-2,0,,waiter-1,-2.2276864051818848,-2.549999952316284,0.4464836806648531,0.0,10.083426696441489,0,0,waiter-2,-4.900291919708252,2.200000047683716,-0.441897488994778,0.0,4.737933728259,0,0,customer-1,6.711343765258789,2.549999952316284,-0.38911057520565784,0.0,15.298462264112727,0,0,customer-2,3.2138009071350098,-2.200000047683716,-0.36292066584437066,0.0,13.851267684065553,0,0
5,8,0.32,to_table,-8.300000190734863,5.5,-0.15792838580488186,-0.9676381945610046,0.9954268932342529,0.0,-0.7605487704277039,0.0,-0.7605487704277039,0,nominal-sac-a-star,3.114031887219431,99.0,99.0,3.0789808654785156,99.0,waiter-2,0,,waiter-1,-2.209826946258545,-2.549999952316284,0.44648282177376153,0.0,10.094191863642546,0,0,waiter-2,-4.917967796325684,2.200000047683716,-0.44189883798554597,0.0,4.725266426575391,0,0,customer-1,6.695779323577881,2.549999952316284,-0.3891103187686973,0.0,15.283190227279633,0,0,customer-2,3.199284076690674,-2.200000047683716,-0.36292128807581925,0.0,13.839202989962597,0,0
5,9,0.36,to_table,-8.300000190734863,5.5,-0.18226108330888477,-0.9793578386306763,0.990132212638855,0.0,-0.7611841559410095,0.0,-0.7611841559410095,0,nominal-sac-a-star,3.1029234676793385,99.0,99.0,3.068335952758789,99.0,waiter-2,0,,waiter-1,-2.191967487335205,-2.549999952316284,0.44648196288266995,0.0,10.10497712704447,0,0,waiter-2,-4.935643672943115,2.200000047683716,-0.44190018697631395,0.0,4.712631373669629,0,0,customer-1,6.680214881896973,2.549999952316284,-0.38911006233173673,0.0,15.267918781013998,0,0,customer-2,3.184767246246338,-2.200000047683716,-0.36292191030726784,0.0,13.82714300988722,0,0
5,10,0.39999999999999997,to_table,-8.300000190734863,5.500000476837158,-0.20633424030471886,-0.973425567150116,0.9913294315338135,0.0,-0.761040449142456,0.0,-0.761040449142456,0,nominal-sac-a-star,3.091859783748788,99.0,99.0,3.057739677429199,99.0,waiter-2,0,,waiter-1,-2.1741085052490234,-2.549999952316284,0.4464858723631604,0.0,10.11578251306715,0,0,waiter-2,-4.953320026397705,2.200000047683716,-0.4418967675954999,0.0,4.700028824888278,0,0,customer-1,6.6646504402160645,2.549999952316284,-0.3891098058947762,0.0,15.252648019314332,0,0,customer-2,3.170250415802002,-2.200000047683716,-0.3629225325387164,0.0,13.8150880219556,0,0
5,11,0.43999999999999995,to_table,-8.300000190734863,5.500002384185791,-0.22962880460583512,-0.9740538597106934,0.9931273460388184,0.0,-0.7608247399330139,0.0,-0.7608247399330139,0,nominal-sac-a-star,3.0808415610544273,99.0,99.0,3.0471934700012206,99.0,waiter-2,0,,waiter-1,-2.1562490463256836,-2.549999952316284,0.4464850134720688,0.0,10.126609291471553,0,0,waiter-2,-4.970995903015137,2.200000047683716,-0.4418981165862679,0.0,4.687460396480751,0,0,customer-1,6.649085998535156,2.549999952316284,-0.3891095494578156,0.0,15.237378128873079,0,0,customer-2,3.155733585357666,-2.200000047683716,-0.362923154770165,0.0,13.803038571253198,0,0
5,12,0.4799999999999999,to_table,-8.300000190734863,5.500003814697266,-0.2527109976690391,-0.9750420451164246,0.9939427375793457,0.0,-0.7607268691062927,0.0,-0.7607268691062927,0,nominal-sac-a-star,3.0698699056864944,99.0,99.0,3.036695899963379,99.0,waiter-2,0,,waiter-1,-2.1383895874023438,-2.549999952316284,0.44648415458097723,0.0,10.137455591815536,0,0,waiter-2,-4.988671779632568,2.200000047683716,-0.44189946557703585,0.0,4.674924674096564,0,0,customer-1,6.633521556854248,2.549999952316284,-0.38910929302085506,0.0,15.222108742673587,0,0,customer-2,3.14121675491333,-2.200000047683716,-0.3629237770016136,0.0,13.790993607353656,0,0
5,13,0.5199999999999999,to_table,-8.300000190734863,5.500003814697266,-0.27515612530372835,-0.9731658101081848,0.9941773414611816,0.0,-0.7606987357139587,0.0,-0.7606987357139587,0,nominal-sac-a-star,3.0589436820431795,99.0,99.0,3.0262469673156738,99.0,waiter-2,0,,waiter-1,-2.120530128479004,-2.549999952316284,0.44648329568988565,0.0,10.148320595017127,0,0,waiter-2,-5.00634765625,2.200000047683716,-0.44190081456780383,0.0,4.662421246543708,0,0,customer-1,6.61795711517334,2.549999952316284,-0.3891090365838945,0.0,15.20683967722954,0,0,customer-2,3.126699924468994,-2.200000047683716,-0.3629243992330622,0.0,13.778952609087597,0,0
5,14,0.5599999999999999,to_table,-8.298365592956543,5.499715805053711,-0.29735834610026324,-0.9766887426376343,0.9999597072601318,0.20000000298023224,-0.7600048184394836,0.20000000298023224,-0.7600048184394836,0,nominal-sac-a-star,2.6720325942088587,99.0,99.0,2.553847494125366,99.0,waiter-2,0,,waiter-1,-2.102670669555664,-2.549999952316284,0.44648243679879407,0.0,10.157980082590544,0,0,waiter-2,-5.02402400970459,2.200000047683716,-0.4418973951869898,0.0,4.648595151575232,0,0,customer-1,6.60239315032959,2.549999952316284,-0.389113548518516,0.0,15.189912268920732,0,0,customer-2,3.1121826171875,-2.200000047683716,-0.36292025309292875,0.0,13.765399909516521,0,0
5,15,0.6,to_table,-8.293767929077148,5.498353004455566,-0.3194153654852235,-0.9860623478889465,0.9945533275604248,0.20000000298023224,-0.7606536149978638,0.20000000298023224,-0.7606536149978638,0,nominal-sac-a-star,2.6542625127681547,99.0,99.0,2.5326012992858886,99.0,waiter-2,0,,waiter-1,-2.0848116874694824,-2.549999952316284,0.4464863462792845,0.0,10.164994979190938,0,0,waiter-2,-5.0416998863220215,2.200000047683716,-0.44189874417775776,0.0,4.631962735402215,0,0,customer-1,6.586828231811523,2.549999952316284,-0.3891085237099734,0.0,15.169869077335958,0,0,customer-2,3.097665786743164,-2.200000047683716,-0.36292087532437733,0.0,13.748796377040064,0,0
5,16,0.64,to_table,-8.290793418884277,5.4965620040893555,-0.33917086248223177,-0.9845214486122131,0.9949870109558105,0.20000000298023224,-0.7606015801429749,0.20000000298023224,-0.7606015801429749,0,nominal-sac-a-star,2.634206758818201,99.0,99.0,2.5129310512542724,99.0,waiter-2,0,,waiter-1,-2.0669522285461426,-2.549999952316284,0.44648548738819294,0.0,10.172677055761879,0,0,waiter-2,-5.059375762939453,2.200000047683716,-0.44190009316852574,0.0,4.61620848744648,0,0,customer-1,6.571264266967773,2.549999952316284,-0.3891130356445949,0.0,15.151336131923916,0,0,customer-2,3.083148956298828,-2.200000047683716,-0.3629214975558259,0.0,13.733303774794294,0,0
5,17,0.68,to_table,-8.286197662353516,5.496414661407471,-0.3551948998000976,-0.9858596324920654,0.9976974725723267,0.20000000298023224,-0.7602763175964355,0.20000000298023224,-0.7602763175964355,0,nominal-sac-a-star,2.615558456276067,99.0,99.0,2.495511474609375,99.0,waiter-2,0,,waiter-1,-2.0490927696228027,-2.549999952316284,0.44648462849710135,0.0,10.180680997795413,0,0,waiter-2,-5.077051639556885,2.200000047683716,-0.4419014421592937,0.0,4.600539914097363,0,0,customer-1,6.555699348449707,2.549999952316284,-0.3891080108360523,0.0,15.131532193312035,0,0,customer-2,3.068632125854492,-2.200000047683716,-0.3629221197872745,0.0,13.717396214059397,0,0
5,18,0.7200000000000001,to_table,-8.279958724975586,5.495795726776123,-0.3719135722713074,-0.9865551590919495,0.9955945014953613,0.20000000298023224,-0.7605286836624146,0.20000000298023224,-0.7605286836624146,0,nominal-sac-a-star,2.598637899706537,99.0,99.0,2.476766290664673,99.0,waiter-2,0,,waiter-1,-2.031233310699463,-2.549999952316284,0.4464837696060098,0.0,10.18731551551842,0,0,waiter-2,-5.094727993011475,2.200000047683716,-0.44189802277847967,0.0,4.5834445534088015,0,0,customer-1,6.540135383605957,2.549999952316284,-0.38911252277067376,0.0,15.110026543062022,0,0,customer-2,3.0541152954101562,-2.200000047683716,-0.3629227420187231,0.0,13.699872499471553,0,0
5,19,0.7600000000000001,to_table,-8.273959159851074,5.492823123931885,-0.3966003065340242,-0.9860162734985352,0.995797872543335,0.20000000298023224,-0.7605042457580566,0.20000000298023224,-0.7605042457580566,0,nominal-sac-a-star,2.5803750565159187,99.0,99.0,2.4533097171783447,99.0,waiter-2,0,,waiter-1,-2.013373851776123,-2.549999952316284,0.4464829107149182,0.0,10.192248595649245,0,0,waiter-2,-5.112403869628906,2.200000047683716,-0.44189937176924765,0.0,4.564878493958435,0,0,customer-1,6.524570465087891,2.549999952316284,-0.3891074979621312,0.0,15.088296367701487,0,0,customer-2,3.0395984649658203,-2.200000047683716,-0.3629233642501717,0.0,13.681232198884661,0,0
5,20,0.8000000000000002,to_table,-8.265979766845703,5.491580009460449,-0.41224574613193293,-0.9895570874214172,0.9998977184295654,0.20000000298023224,-0.7600122690200806,0.20000000298023224,-0.7600122690200806,0,nominal-sac-a-star,2.5582301549751967,99.0,99.0,2.433957996368408,99.0,waiter-2,0,,waiter-1,-1.9955143928527832,-2.549999952316284,0.4464820518238266,0.0,10.197340059451449,0,0,waiter-2,-5.130079746246338,2.200000047683716,-0.44190072076001563,0.0,4.54624763777395,0,0,customer-1,6.509006500244141,2.549999952316284,-0.38911200989675265,0.0,15.064963074142655,0,0,customer-2,3.0250816345214844,-2.200000047683716,-0.3629239864816203,0.0,13.661935124458093,0,0
5,21,0.8400000000000002,to_table,-8.260987281799316,5.488592147827148,-0.4274020818398831,-0.9660710692405701,0.9983621835708618,0.20000000298023224,-0.7601965665817261,0.20000000298023224,-0.7601965665817261,0,nominal-sac-a-star,2.539142850994812,99.0,99.0,2.4148756885528564,99.0,waiter-2,0,,waiter-1,-1.9776554107666016,-2.549999952316284,0.44648596130431706,0.0,10.202902643562952,0,0,waiter-2,-5.147756099700928,2.200000047683716,-0.4418973013792016,0.0,4.528470646290591,0,0,customer-1,6.493441581726074,2.549999952316284,-0.38910698508821007,0.0,15.044217998299164,0,0,customer-2,3.0105648040771484,-2.200000047683716,-0.36292460871306886,0.0,13.64413193917065,0,0
5,22,0.8800000000000002,to_table,-8.252208709716797,5.484729766845703,-0.4423718882677057,0.20524811744689941,-0.9628123641014099,0.20000000298023224,-0.9955374598503113,0.20000000298023224,-0.9955374598503113,0,nominal-sac-a-star,2.5204595208711513,99.0,99.0,2.393416585922241,99.0,waiter-2,0,,waiter-1,-1.9597959518432617,-2.549999952316284,0.4464851024132255,0.0,10.2054563825159,0,0,waiter-2,-5.165431976318359,2.200000047683716,-0.44189865036996956,0.0,4.50750928227507,0,0,customer-1,6.477877616882324,2.549999952316284,-0.38911149702283154,0.0,15.019589950239995,0,0,customer-2,2.9960474967956543,-2.200000047683716,-0.3629204625729354,0.0,13.62271412052911,0,0
5,23,0.9200000000000003,to_table,-8.242355346679688,5.481013298034668,-0.46137137589956856,-0.9712839126586914,0.9980459213256836,0.20000000298023224,-0.7602344751358032,0.20000000298023224,-0.7602344751358032,0,nominal-sac-a-star,2.4992010382069174,99.0,99.0,2.3703462505340576,99.0,waiter-2,0,,waiter-1,-1.9419364929199219,-2.549999952316284,0.4464842435221339,0.0,10.207470380075765,0,0,waiter-2,-5.183107852935791,2.200000047683716,-0.44189999936073754,0.0,4.485982966636948,0,0,customer-1,6.462313175201416,2.549999952316284,-0.389111240585871,0.0,14.993935959953285,0,0,customer-2,2.9815306663513184,-2.200000047683716,-0.362921084804384,0.0,13.600499375045645,0,0
5,24,0.9600000000000003,to_table,-8.233744621276855,5.477328300476074,-0.48513763614270816,-0.9646540880203247,0.9980218410491943,0.20000000298023224,-0.7602373957633972,0.20000000298023224,-0.7602373957633972,0,nominal-sac-a-star,2.4766260482036606,99.0,99.0,2.3465210819244384,99.0,waiter-2,0,,waiter-1,-1.924077033996582,-2.549999952316284,0.4464833846310423,0.0,10.210284224254176,0,0,waiter-2,-5.200783729553223,2.200000047683716,-0.4419013483515055,0.0,4.4653927315831945,0,0,customer-1,6.446748733520508,2.549999952316284,-0.38911098414891043,0.0,14.969506885605467,0,0,customer-2,2.9670138359069824,-2.200000047683716,-0.3629217070358326,0.0,13.57933579309508,0,0
5,25,1.0000000000000002,to_table,-8.226175308227539,5.472814083099365,-0.5090727360796198,-0.9995652437210083,0.9976844787597656,0.20000000298023224,-0.7602778673171997,0.20000000298023224,-0.7602778673171997,0,nominal-sac-a-star,2.4537609788009673,99.0,99.0,2.3227109336853027,99.0,waiter-2,0,,waiter-1,-1.9062175750732422,-2.549999952316284,0.44648252573995073,0.0,10.21309996013547,0,0,waiter-2,-5.2184600830078125,2.200000047683716,-0.44189792897069147,0.0,4.444959233382486,0,0,customer-1,6.4311842918396,2.549999952316284,-0.3891107277119499,0.0,14.94593700270363,0,0,customer-2,2.9524970054626465,-2.200000047683716,-0.3629223292672812,0.0,13.558568928261124,0,0
5,26,1.0400000000000003,to_table,-8.215252876281738,5.468707084655762,-0.5328524709166816,-0.9932276010513306,0.991506814956665,0.20000000298023224,-0.7496410012245178,0.20000000298023224,-0.7496410012245178,0,nominal-sac-a-star,2.430958491340105,99.0,99.0,2.298039855957031,99.0,waiter-2,0,,waiter-1,-1.8883585929870605,-2.549999952316284,0.4464864352204412,0.0,10.214169267090295,0,0,waiter-2,-5.236135959625244,2.200000047683716,-0.44189927796145945,0.0,4.422621767307201,0,0,customer-1,6.415619850158691,2.549999952316284,-0.3891104712749893,0.0,14.919158423371867,0,0,customer-2,2.9379801750183105,-2.200000047683716,-0.3629229514987298,0.0,13.535275267914065,0,0
5,27,1.0800000000000003,to_table,-8.210230827331543,5.461844444274902,-0.5541454504350617,-0.9928028583526611,0.9923975467681885,0.20000000298023224,-0.7420558333396912,0.20000000298023224,-0.7420558333396912,0,nominal-sac-a-star,2.407057611136164,99.0,99.0,2.2747725868225097,99.0,waiter-2,0,,waiter-1,-1.8704991340637207,-2.549999952316284,0.4464855763293496,0.0,10.216743540767483,0,0,waiter-2,-5.253811836242676,2.200000047683716,-0.4419006269522274,0.0,4.402276924324983,0,0,customer-1,6.400055408477783,2.549999952316284,-0.38911021483802877,0.0,14.897627402966863,0,0,customer-2,2.9234633445739746,-2.200000047683716,-0.36292357373017836,0.0,13.515287896766369,0,0
5,28,1.1200000000000003,to_table,-8.198628425598145,5.456119060516357,-0.5777813339325711,-0.9940600991249084,0.9986155033111572,0.20000000298023224,-0.7212623357772827,0.20000000298023224,-0.7212623357772827,0,nominal-sac-a-star,2.384676517593455,99.0,99.0,2.24900239944458,99.0,waiter-2,0,,waiter-1,-1.8526396751403809,-2.549999952316284,0.446484717438258,0.0,10.216139920174195,0,0,waiter-2,-5.271488189697266,2.200000047683716,-0.4418972075714134,0.0,4.37840849925633,0,0,customer-1,6.384490966796875,2.549999952316284,-0.3891099584010682,0.0,14.86986548304635,0,0,customer-2,2.9089465141296387,-2.200000047683716,-0.36292419596162695,0.0,13.490529301721818,0,0
5,29,1.1600000000000004,to_table,-8.190939903259277,5.4503254890441895,-0.5998996976511585,-0.9907969832420349,0.9922597408294678,0.20000000298023224,-0.7162382006645203,0.20000000298023224,-0.7162382006645203,0,nominal-sac-a-star,2.359589914849081,99.0,99.0,2.225740613937378,99.0,waiter-2,0,,waiter-1,-1.834780216217041,-2.549999952316284,0.44648385854716643,0.0,10.217924110838782,0,0,waiter-2,-5.289164066314697,2.200000047683716,-0.44189855656218135,0.0,4.357168631420016,0,0,customer-1,6.368926525115967,2.549999952316284,-0.38910970196410766,0.0,14.845928688739027,0,0,customer-2,2.8944292068481445,-2.200000047683716,-0.3629200498214935,0.0,13.468960209505221,0,0
5,30,1.2000000000000004,to_table,-8.18523120880127,5.443917274475098,-0.6216228445245324,-0.9906920194625854,0.9911847114562988,0.20000000298023224,-0.703517496585846,0.20000000298023224,-0.703517496585846,0,nominal-sac-a-star,2.3370383885401056,99.0,99.0,2.203233184814453,99.0,waiter-2,0,,waiter-1,-1.8169207572937012,-2.549999952316284,0.44648299965607485,0.0,10.22047409054847,0,0,waiter-2,-5.306839942932129,2.200000047683716,-0.44189990555294933,0.0,4.3368347044481235,0,0,customer-1,6.353362083435059,2.549999952316284,-0.3891094455271471,0.0,14.823813692317843,0,0,customer-2,2.8799123764038086,-2.200000047683716,-0.3629206720529421,0.0,13.448675570077697,0,0
5,31,1.2400000000000004,to_table,-8.17368221282959,5.439485549926758,-0.642302850151306,-0.9902938604354858,0.9910762310028076,0.20000000298023224,-0.686150074005127,0.20000000298023224,-0.686150074005127,0,nominal-sac-a-star,2.3152837552263468,99.0,99.0,2.1803368949890136,99.0,waiter-2,0,,waiter-1,-1.7990612983703613,-2.549999952316284,0.44648214076498327,0.0,10.220942735071592,0,0,waiter-2,-5.3245158195495605,2.200000047683716,-0.4419012545437173,0.0,4.314164514229747,0,0,customer-1,6.337798118591309,2.549999952316284,-0.3891139574617686,0.0,14.796357268869048,0,0,customer-2,2.8653955459594727,-2.200000047683716,-0.3629212942843907,0.0,13.424715191045552,0,0
5,32,1.2800000000000005,to_table,-8.164570808410645,5.434476852416992,-0.6645464025465706,-0.9723881483078003,0.2175154685974121,0.20000000298023224,-0.7798285484313965,0.20000000298023224,-0.7798285484313965,0,nominal-sac-a-star,2.2926755000484134,99.0,99.0,2.1579222106933593,99.0,waiter-2,0,,waiter-1,-1.7812023162841797,-2.549999952316284,0.4464860502454737,0.0,10.222488109633417,0,0,waiter-2,-5.34219217300415,2.200000047683716,-0.44189783516290326,0.0,4.292745201145371,0,0,customer-1,6.322233200073242,2.549999952316284,-0.389108932653226,0.0,14.771177927553355,0,0,customer-2,2.8508787155151367,-2.200000047683716,-0.36292191651583927,0.0,13.402438798678695,0,0
5,33,1.3200000000000005,to_table,-8.159278869628906,5.4274396896362305,-0.6861800521544078,-0.9889739155769348,0.983936071395874,0.20000000298023224,-0.680782675743103,0.20000000298023224,-0.680782675743103,0,nominal-sac-a-star,2.270767235523551,99.0,99.0,2.1358770751953124,99.0,waiter-2,0,,waiter-1,-1.7633428573608398,-2.549999952316284,0.44648519135438214,0.0,10.224849178057493,0,0,waiter-2,-5.359868049621582,2.200000047683716,-0.44189918415367124,0.0,4.2723608908448565,0,0,customer-1,6.306669235229492,2.549999952316284,-0.38911344458784747,0.0,14.749349613266483,0,0,customer-2,2.836361885070801,-2.200000047683716,-0.36292253874728786,0.0,13.382150520482892,0,0
5,34,1.3600000000000005,to_table,-8.148123741149902,5.420838356018066,-0.7087486293127042,-0.9871817231178284,0.9797399044036865,0.20000000298023224,-0.6639121174812317,0.20000000298023224,-0.6639121174812317,0,nominal-sac-a-star,2.2493832320049663,99.0,99.0,2.111621561050415,99.0,waiter-2,0,,waiter-1,-1.7454833984375,-2.549999952316284,0.44648433246329056,0.0,10.223896844928493,0,0,waiter-2,-5.377543926239014,2.200000047683716,-0.4419005331444392,0.0,4.2485187912054405,0,0,customer-1,6.291104316711426,2.549999952316284,-0.3891084197793049,0.0,14.721855183607087,0,0,customer-2,2.821845054626465,-2.200000047683716,-0.36292316097873645,0.0,13.357297382166916,0,0
5,35,1.4000000000000006,to_table,-8.138276100158691,5.41364860534668,-0.7312275027338299,-0.9974783658981323,0.9990370273590088,0.20000000298023224,-0.6599446535110474,0.20000000298023224,-0.6599446535110474,0,nominal-sac-a-star,2.2255127199632527,99.0,99.0,2.087761821746826,99.0,waiter-2,0,,waiter-1,-1.7276239395141602,-2.549999952316284,0.446483473572199,0.0,10.223314505322811,0,0,waiter-2,-5.3952202796936035,2.200000047683716,-0.44189711376362517,0.0,4.225149972055033,0,0,customer-1,6.275540351867676,2.549999952316284,-0.38911293171392636,0.0,14.695529535226308,0,0,customer-2,2.807328224182129,-2.200000047683716,-0.36292378321018504,0.0,13.333187909754367,0,0
5,36,1.4400000000000006,to_table,-8.130742073059082,5.405953884124756,-0.7537957765187118,-0.9690766334533691,0.9488441944122314,0.10000000149011612,-0.6614546179771423,0.10000000149011612,-0.6614546179771423,0,nominal-sac-a-star,2.430795814486852,99.0,99.0,2.3477894687652587,99.0,waiter-2,0,,waiter-1,-1.7097644805908203,-2.549999952316284,0.4464826146811074,0.0,10.223803337826897,0,0,waiter-2,-5.412896156311035,2.200000047683716,-0.44189846275439315,0.0,4.202954488044696,0,0,customer-1,6.259975433349609,2.549999952316284,-0.38910790690538377,0.0,14.671374278160512,0,0,customer-2,2.792811393737793,-2.200000047683716,-0.3629244054416336,0.0,13.310693278517192,0,0
5,37,1.4800000000000006,to_table,-8.125536918640137,5.39844274520874,-0.7763659084042196,-0.9719781875610352,0.9446090459823608,0.10000000149011612,-0.6513104438781738,0.10000000149011612,-0.6513104438781738,0,nominal-sac-a-star,2.4096883126034605,99.0,99.0,2.328267755508423,99.0,waiter-2,0,,waiter-1,-1.6919054985046387,-2.549999952316284,0.44648652416159784,0.0,10.22591583018331,0,0,waiter-2,-5.430572032928467,2.200000047683716,-0.44189981174516113,0.0,4.182448018155165,0,0,customer-1,6.244411468505859,2.549999952316284,-0.38911241884000525,0.0,14.64954070930624,0,0,customer-2,2.778294086456299,-2.200000047683716,-0.3629202593015002,0.0,13.290216832864754,0,0
5,38,1.5200000000000007,to_table,-8.116971969604492,5.39138650894165,-0.7992984515773286,-0.9644139409065247,0.9402017593383789,0.10000000149011612,-0.6350909471511841,0.10000000149011612,-0.6350909471511841,0,nominal-sac-a-star,2.390088423354282,99.0,99.0,2.307720127105713,99.0,waiter-2,0,,waiter-1,-1.6740460395812988,-2.549999952316284,0.44648566527050626,0.0,10.226285418802668,0,0,waiter-2,-5.448247909545898,2.200000047683716,-0.4419011607359291,0.0,4.160172550969018,0,0,customer-1,6.228846549987793,2.549999952316284,-0.38910739403146266,0.0,14.624499531992482,0,0,customer-2,2.763777256011963,-2.200000047683716,-0.36292088153294877,0.0,13.267247399625344,0,0
5,39,1.5600000000000007,to_table,-8.105807304382324,5.385303020477295,-0.8223117394601104,-0.7941235303878784,0.7352473735809326,0.10000000149011612,-0.6534651517868042,0.10000000149011612,-0.6534651517868042,0,nominal-sac-a-star,2.3693048063068964,99.0,99.0,2.287025394439697,99.0,waiter-2,0,,waiter-1,-1.656186580657959,-2.549999952316284,0.4464848063794147,0.0,10.225783136264988,0,0,waiter-2,-5.465924263000488,2.200000047683716,-0.44189774135511506,0.0,4.137044536944583,0,0,customer-1,6.213282585144043,2.549999952316284,-0.38911190596608414,0.0,14.597098299068191,0,0,customer-2,2.749260425567627,-2.200000047683716,-0.36292150376439736,0.0,13.242708108904825,0,0
5,40,1.6000000000000008,to_table,-8.10041618347168,5.380673408508301,-0.8444478717309009,-0.9519966244697571,0.9598761796951294,0.10000000149011612,-0.6789700984954834,0.10000000149011612,-0.6789700984954834,0,nominal-sac-a-star,2.3482247972781907,99.0,99.0,2.2705721282958984,99.0,waiter-2,0,,waiter-1,-1.6383271217346191,-2.549999952316284,0.4464839474883231,0.0,10.23006231642381,0,0,waiter-2,-5.48360013961792,2.200000047683716,-0.44189909034588304,0.0,4.118787350134697,0,0,customer-1,6.197717666625977,2.549999952316284,-0.38910688115754155,0.0,14.575642140602193,0,0,customer-2,2.734743595123291,-2.200000047683716,-0.36292212599584595,0.0,13.2237399202002,0,0
5,41,1.6400000000000008,to_table,-8.0940523147583,5.3767924308776855,-0.8666275621612266,-0.954475462436676,0.5670034885406494,0.10000000149011612,-0.664600133895874,0.10000000149011612,-0.664600133895874,0,nominal-sac-a-star,2.331532461484763,99.0,99.0,2.2545222663879394,99.0,waiter-2,0,,waiter-1,-1.6204676628112793,-2.549999952316284,0.4464830885972315,0.0,10.234321459294993,0,0,waiter-2,-5.501276016235352,2.200000047683716,-0.441900439336651,0.0,4.1005485950176945,0,0,customer-1,6.182153701782227,2.549999952316284,-0.389111393092163,0.0,14.55337809388457,0,0,customer-2,2.720226764678955,-2.200000047683716,-0.36292274822729453,0.0,13.204408970913425,0,0
5,42,1.6800000000000008,to_table,-8.08741283416748,5.373074531555176,-0.8875670676115648,-0.9921682476997375,0.8744150400161743,0.10000000149011612,-0.6192196011543274,0.10000000149011612,-0.6192196011543274,0,nominal-sac-a-star,2.3151647722011104,99.0,99.0,2.2387663745880126,99.0,waiter-2,0,,waiter-1,-1.6026082038879395,-2.549999952316284,0.44648222970613993,0.0,10.238544836541468,0,0,waiter-2,-5.518952369689941,2.200000047683716,-0.44189701995583697,0.0,4.082326645159633,0,0,customer-1,6.166589260101318,2.549999952316284,-0.38911113665520247,0.0,14.53087491458667,0,0,customer-2,2.705709934234619,-2.200000047683716,-0.3629233704587431,0.0,13.184951940622087,0,0
5,43,1.7200000000000009,to_table,-8.080432891845703,5.370251655578613,-0.9086064988529341,-0.9579508900642395,0.937403678894043,0.10000000149011612,-0.6412816643714905,0.10000000149011612,-0.6412816643714905,0,nominal-sac-a-star,2.2990231110376342,99.0,99.0,2.2238382720947265,99.0,waiter-2,0,,waiter-1,-1.5847492218017578,-2.549999952316284,0.4464861391866304,0.0,10.243255921514276,0,0,waiter-2,-5.536628246307373,2.200000047683716,-0.44189836894660495,0.0,4.064657098947286,0,0,customer-1,6.15102481842041,2.549999952316284,-0.3891108802182419,0.0,14.508211751585613,0,0,customer-2,2.691193103790283,-2.200000047683716,-0.3629239926901917,0.0,13.165737253971278,0,0
5,44,1.760000000000001,to_table,-8.074969291687012,5.3676581382751465,-0.9289795864749232,-0.9563932418823242,0.9270861148834229,0.10000000149011612,-0.6325823664665222,0.10000000149011612,-0.6325823664665222,0,nominal-sac-a-star,2.2836558087046015,99.0,99.0,2.210021915435791,99.0,waiter-2,0,,waiter-1,-1.566889762878418,-2.549999952316284,0.4464852802955388,0.0,10.249117464094429,0,0,waiter-2,-5.554304122924805,2.200000047683716,-0.4418997179373729,0.0,4.048186096500549,0,0,customer-1,6.135460376739502,2.549999952316284,-0.38911062378128136,0.0,14.487080762327428,0,0,customer-2,2.6766762733459473,-2.200000047683716,-0.3629246149216403,0.0,13.147902219578722,0,0
5,45,1.800000000000001,to_table,-8.069853782653809,5.364606857299805,-0.9484684468705873,-0.9459338784217834,0.9147462844848633,0.10000000149011612,-0.6215695142745972,0.10000000149011612,-0.6215695142745972,0,nominal-sac-a-star,2.269418501280644,99.0,99.0,2.1961702728271484,99.0,waiter-2,0,,waiter-1,-1.5490303039550781,-2.549999952316284,0.4464844214044472,0.0,10.254859325762103,0,0,waiter-2,-5.571979999542236,2.200000047683716,-0.4419010669281409,0.0,4.031638586955016,0,0,customer-1,6.119895935058594,2.549999952316284,-0.3891103673443208,0.0,14.466202303331034,0,0,customer-2,2.662158966064453,-2.200000047683716,-0.36292046878150686,0.0,13.130094259584569,0,0
5,46,1.840000000000001,to_table,-8.061904907226562,5.3629045486450195,-0.9703396252080818,-0.5021831393241882,0.4453153610229492,0.10000000149011612,-0.6657629609107971,0.10000000149011612,-0.6657629609107971,0,nominal-sac-a-star,2.255130368156026,99.0,99.0,2.182351770401001,99.0,waiter-2,0,,waiter-1,-1.5311708450317383,-2.549999952316284,0.44648356251335564,0.0,10.2598511213587,0,0,waiter-2,-5.589656352996826,2.200000047683716,-0.44189764754732686,0.0,4.014471048107371,0,0,customer-1,6.1043314933776855,2.549999952316284,-0.38911011090736025,0.0,14.442807414967913,0,0,customer-2,2.647642135620117,-2.200000047683716,-0.36292109101295544,0.0,13.110756034497644,0,0
5,47,1.880000000000001,to_table,-8.057616233825684,5.359805107116699,-0.9956800106055941,-0.8822847604751587,0.8924943208694458,0.10000000149011612,-0.6040732860565186,0.10000000149011612,-0.6040732860565186,0,nominal-sac-a-star,2.2407610423543454,99.0,99.0,2.1689488315582275,99.0,waiter-2,0,,waiter-1,-1.5133113861083984,-2.549999952316284,0.44648270362226405,0.0,10.266106468281322,0,0,waiter-2,-5.607332229614258,2.200000047683716,-0.44189899653809483,0.0,3.9985321950576638,0,0,customer-1,6.088767051696777,2.549999952316284,-0.3891098544703997,0.0,14.422730846440013,0,0,customer-2,2.6331253051757812,-2.200000047683716,-0.36292171324440403,0.0,13.093609457757564,0,0
5,48,1.920000000000001,to_table,-8.051774978637695,5.357432842254639,-1.019020958329374,-0.8540804386138916,0.8539959192276001,0.10000000149011612,-0.5876601338386536,0.10000000149011612,-0.5876601338386536,0,nominal-sac-a-star,2.2270217923846767,99.0,99.0,2.1558234119415283,99.0,waiter-2,0,,waiter-1,-1.4954524040222168,-2.549999952316284,0.4464866131027545,0.0,10.271945244356994,0,0,waiter-2,-5.6250081062316895,2.200000047683716,-0.4419003455288628,0.0,3.982283177429648,0,0,customer-1,6.073202610015869,2.549999952316284,-0.38910959803343914,0.0,14.4012732531354,0,0,customer-2,2.6186084747314453,-2.200000047683716,-0.3629223354758526,0.0,13.075621397388957,0,0
5,49,1.960000000000001,to_table,-8.046961784362793,5.3542256355285645,-1.0420570791022012,-0.855563223361969,0.8616666793823242,0.10000000149011612,-0.5720782279968262,0.10000000149011612,-0.5720782279968262,0,nominal-sac-a-star,2.2134162928317616,99.0,99.0,2.1426071548461914,99.0,waiter-2,0,,waiter-1,-1.477592945098877,-2.549999952316284,0.4464857542116629,0.0,10.277810520234015,0,0,waiter-2,-5.642684459686279,2.200000047683716,-0.44189692614804876,0.0,3.9660671341984157,0,0,customer-1,6.057638168334961,2.549999952316284,-0.3891093415964786,0.0,14.38066137241361,0,0,customer-2,2.6040916442871094,-2.200000047683716,-0.3629229577073012,0.0,13.057996202054085,0,0
5,50,2.000000000000001,to_table,-8.042035102844238,5.35062313079834,-1.062073663261187,-0.7669473886489868,0.8027584552764893,0.10000000149011612,-0.5624995231628418,0.10000000149011612,-0.5624995231628418,0,nominal-sac-a-star,2.1997455536921584,99.0,99.0,2.129251661300659,99.0,waiter-2,0,,waiter-1,-1.459733486175537,-2.549999952316284,0.44648489532057134,0.0,10.283313652429504,0,0,waiter-2,-5.660360336303711,2.200000047683716,-0.44189827513881674,0.0,3.949531681785902,0,0,customer-1,6.042074203491211,2.549999952316284,-0.38911385353110006,0.0,14.359861598938053,0,0,customer-2,2.5895748138427734,-2.200000047683716,-0.3629235799387498,0.0,13.0400552070928,0,0
5,51,2.040000000000001,to_table,-8.039190292358398,5.3462629318237305,-1.078788572657047,-0.8717150092124939,0.8782576322555542,0.10000000149011612,-0.5409553050994873,0.10000000149011612,-0.5409553050994873,0,nominal-sac-a-star,2.185866734322961,99.0,99.0,2.1163124465942382,99.0,waiter-2,0,,waiter-1,-1.4418740272521973,-2.549999952316284,0.44648403642947976,0.0,10.289584512373763,0,0,waiter-2,-5.678036212921143,2.200000047683716,-0.4418996241295847,0.0,3.933702927644669,0,0,customer-1,6.0265092849731445,2.549999952316284,-0.3891088287225486,0.0,14.340955032713428,0,0,customer-2,2.5750579833984375,-2.200000047683716,-0.3629242021701984,0.0,13.023377112534657,0,0
5,52,2.080000000000001,to_table,-8.034611701965332,5.341372013092041,-1.0950786783530955,-0.8720298409461975,0.8817863464355469,0.10000000149011612,-0.5271711349487305,0.10000000149011612,-0.5271711349487305,0,nominal-sac-a-star,2.17243474221443,99.0,99.0,2.1023013019561767,99.0,waiter-2,0,,waiter-1,-1.4240145683288574,-2.549999952316284,0.4464831775383882,0.0,10.29435505311893,0,0,waiter-2,-5.695712089538574,2.200000047683716,-0.4419009731203527,0.0,3.9164613137452795,0,0,customer-1,6.0109453201293945,2.549999952316284,-0.38911334065717895,0.0,14.320245460277347,0,0,customer-2,2.5605406761169434,-2.200000047683716,-0.36292005603006494,0.0,13.004981602210426,0,0
5,53,2.120000000000001,to_table,-8.033988952636719,5.334443092346191,-1.1109374058075179,-0.8652259707450867,0.8826491832733154,0.10000000149011612,-0.5187366604804993,0.10000000149011612,-0.5187366604804993,0,nominal-sac-a-star,2.1578502142263805,99.0,99.0,2.088209810256958,99.0,waiter-2,0,,waiter-1,-1.4061551094055176,-2.549999952316284,0.4464823186472966,0.0,10.300127357368323,0,0,waiter-2,-5.713388442993164,2.200000047683716,-0.44189755373953865,0.0,3.899989734036603,0,0,customer-1,5.995380401611328,2.549999952316284,-0.3891083158486275,0.0,14.30301814576119,0,0,customer-2,2.5460238456726074,-2.200000047683716,-0.36292067826151353,0.0,12.988629806208692,0,0
5,54,2.160000000000001,to_table,-8.03132438659668,5.32739782333374,-1.1295311060567796,-0.7065742611885071,0.9943622350692749,0.10000000149011612,-0.48792651295661926,0.10000000149011612,-0.48792651295661926,0,nominal-sac-a-star,2.1433641493940265,99.0,99.0,2.07325834274292,99.0,waiter-2,0,,waiter-1,-1.388296127319336,-2.549999952316284,0.44648622812778704,0.0,10.30452425730433,0,0,waiter-2,-5.731064319610596,2.200000047683716,-0.44189890273030663,0.0,3.8822433235065965,0,0,customer-1,5.979816436767578,2.549999952316284,-0.38911282778325784,0.0,14.283767223883087,0,0,customer-2,2.5315070152282715,-2.200000047683716,-0.3629213004929621,0.0,12.970548405213151,0,0
5,55,2.200000000000001,to_table,-8.028663635253906,5.32093620300293,-1.1467170620835592,-0.875701904296875,0.9230790138244629,0.10000000149011612,-0.4810405373573303,0.10000000149011612,-0.4810405373573303,0,nominal-sac-a-star,2.1279560388711793,99.0,99.0,2.058978500366211,99.0,waiter-2,0,,waiter-1,-1.370436668395996,-2.549999952316284,0.44648536923669546,0.0,10.309394856309709,0,0,waiter-2,-5.748740196228027,2.200000047683716,-0.4419002517210746,0.0,3.865008845190172,0,0,customer-1,5.964251518249512,2.549999952316284,-0.3891078029747064,0.0,14.264633265475666,0,0,customer-2,2.5169901847839355,-2.200000047683716,-0.3629219227244107,0.0,12.952810373774922,0,0
5,56,2.240000000000001,to_table,-8.026183128356934,5.315356254577637,-1.16262347361851,-0.24852049350738525,0.5893957614898682,0.10000000149011612,-0.5075178146362305,0.10000000149011612,-0.5075178146362305,0,nominal-sac-a-star,2.1131739108059264,99.0,99.0,2.0457000160217285,99.0,waiter-2,0,,waiter-1,-1.3525772094726562,-2.549999952316284,0.4464845103456039,0.0,10.315078488401918,0,0,waiter-2,-5.766416549682617,2.200000047683716,-0.44189683234026056,0.0,3.8486347301252044,0,0,customer-1,5.948687553405762,2.549999952316284,-0.38911231490933673,0.0,14.245848730435373,0,0,customer-2,2.5024733543395996,-2.200000047683716,-0.3629225449558593,0.0,12.935732978094714,0,0
5,57,2.280000000000001,to_table,-8.023578643798828,5.309587001800537,-1.1773193155934862,-0.8636054396629333,0.9374897480010986,0.10000000149011612,-0.4533693194389343,0.10000000149011612,-0.4533693194389343,0,nominal-sac-a-star,2.099354029068299,99.0,99.0,2.032309236526489,99.0,waiter-2,0,,waiter-1,-1.3347177505493164,-2.549999952316284,0.4464836514545123,0.0,10.32056040816418,0,0,waiter-2,-5.784092426300049,2.200000047683716,-0.44189818133102854,0.0,3.832079010612975,0,0,customer-1,5.933122634887695,2.549999952316284,-0.38910729010078526,0.0,14.226905189329521,0,0,customer-2,2.4879565238952637,-2.200000047683716,-0.3629231671873079,0.0,12.918446858483076,0,0
5,58,2.320000000000001,to_table,-8.021161079406738,5.303921222686768,-1.1910516705168146,-0.852712869644165,0.939177393913269,0.10000000149011612,-0.44281187653541565,0.10000000149011612,-0.44281187653541565,0,nominal-sac-a-star,2.085394033122125,99.0,99.0,2.0191893005371093,99.0,waiter-2,0,,waiter-1,-1.3168582916259766,-2.549999952316284,0.4464827925634207,0.0,10.326265234507886,0,0,waiter-2,-5.8017683029174805,2.200000047683716,-0.4418995303217965,0.0,3.8157608621302543,0,0,customer-1,5.917558670043945,2.549999952316284,-0.3891118020354156,0.0,14.208166335496129,0,0,customer-2,2.4734396934509277,-2.200000047683716,-0.36292378941875647,0.0,12.901375113280881,0,0
5,59,2.360000000000001,to_table,-8.018655776977539,5.297920227050781,-1.2056533099806832,-0.18915718793869019,0.48999881744384766,0.10000000149011612,-0.48721349239349365,0.10000000149011612,-0.48721349239349365,0,nominal-sac-a-star,2.071689122353873,99.0,99.0,2.005840721130371,99.0,waiter-2,0,,waiter-1,-1.298999309539795,-2.549999952316284,0.44648670204391117,0.0,10.331681091772756,0,0,waiter-2,-5.819444179534912,2.200000047683716,-0.4419008793125645,0.0,3.799163208925858,0,0,customer-1,5.901994228363037,2.549999952316284,-0.3891115455984462,0.0,14.189276317257534,0,0,customer-2,2.458922863006592,-2.200000047683716,-0.36292441165020506,0.0,12.884039064025162,0,0
5,60,2.4000000000000012,to_table,-8.016599655151367,5.29144287109375,-1.2205080494375555,-0.1370890736579895,0.8572566509246826,0.10000000149011612,-0.4330575466156006,0.10000000149011612,-0.4330575466156006,0,nominal-sac-a-star,2.05775406482984,99.0,99.0,1.9923421764373779,99.0,waiter-2,0,,waiter-1,-1.281139850616455,-2.549999952316284,0.4464858431528196,0.0,10.337052013573029,0,0,waiter-2,-5.837120532989502,2.200000047683716,-0.44189745993175045,0.0,3.782479077847339,0,0,customer-1,5.886429786682129,2.549999952316284,-0.3891112891614945,0.0,14.170735229246368,0,0,customer-2,2.4444055557250977,-2.200000047683716,-0.3629202655100716,0.0,12.866792414090062,0,0
5,61,2.4400000000000013,to_table,-8.015054702758789,5.286286354064941,-1.233336742876794,-0.12370562553405762,0.8567379713058472,0.10000000149011612,-0.4217851459980011,0.10000000149011612,-0.4217851459980011,0,nominal-sac-a-star,2.043685737436948,99.0,99.0,1.9803294563293456,99.0,waiter-2,0,,waiter-1,-1.2632803916931152,-2.549999952316284,0.446484984261728,0.0,10.34378264578023,0,0,waiter-2,-5.854796409606934,2.200000047683716,-0.4418988089225184,0.0,3.767211045068704,0,0,customer-1,5.870865345001221,2.549999952316284,-0.3891110327245251,0.0,14.152951594815054,0,0,customer-2,2.4298887252807617,-2.200000047683716,-0.3629208877415202,0.0,12.850732559039328,0,0
5,62,2.4800000000000013,to_table,-8.014948844909668,5.281398296356201,-1.2461001902324131,0.35011613368988037,0.8375496864318848,0.10000000149011612,-0.4137142300605774,0.10000000149011612,-0.4137142300605774,0,nominal-sac-a-star,2.0310721992215846,99.0,99.0,1.9692112827301025,99.0,waiter-2,0,,waiter-1,-1.2454209327697754,-2.549999952316284,0.4464841253706364,0.0,10.351681345682525,0,0,waiter-2,-5.872472286224365,2.200000047683716,-0.4419001579132864,0.0,3.7530282401599213,0,0,customer-1,5.8553009033203125,2.549999952316284,-0.3891107762875734,0.0,14.136632024357777,0,0,customer-2,2.415371894836426,-2.200000047683716,-0.3629215099729688,0.0,12.836000619982094,0,0
5,63,2.5200000000000014,to_table,-8.012907981872559,5.276919841766357,-1.261199960194506,-0.9554026126861572,0.3080105781555176,0.10000000149011612,-0.4629456102848053,0.10000000149011612,-0.4629456102848053,0,nominal-sac-a-star,2.0193972041266304,99.0,99.0,1.9578780555725097,99.0,waiter-2,0,,waiter-1,-1.2275614738464355,-2.549999952316284,0.44648326647954484,0.0,10.358648594145134,0,0,waiter-2,-5.890148639678955,2.200000047683716,-0.44189673853247236,0.0,3.738120201931418,0,0,customer-1,5.839736461639404,2.549999952316284,-0.38911051985060396,0.0,14.11849319728707,0,0,customer-2,2.40085506439209,-2.200000047683716,-0.3629221322044174,0.0,12.81993727820075,0,0
5,64,2.5600000000000014,to_table,-8.011741638183594,5.271693706512451,-1.2758259950630302,-0.6991990208625793,0.7888050079345703,0.10000000149011612,-0.3935382068157196,0.10000000149011612,-0.3935382068157196,0,nominal-sac-a-star,2.0074238991041593,99.0,99.0,1.946284475326538,99.0,waiter-2,0,,waiter-1,-1.2097020149230957,-2.549999952316284,0.44648240758845326,0.0,10.365646855308523,0,0,waiter-2,-5.907824516296387,2.200000047683716,-0.44189808752324033,0.0,3.7231396951308198,0,0,customer-1,5.824172019958496,2.549999952316284,-0.3891102634136523,0.0,14.10106817397864,0,0,customer-2,2.386338233947754,-2.200000047683716,-0.36292275443586597,0.0,12.804150599853044,0,0
5,65,2.6000000000000014,to_table,-8.009688377380371,5.264267921447754,-1.2911741099872338,-0.30363571643829346,-0.5898975729942322,0.2199999988079071,-0.5456603169441223,0.2199999988079071,-0.5456603169441223,0,nominal-sac-a-star,1.7101856562158284,99.0,99.0,1.574620189666748,99.0,waiter-2,0,,waiter-1,-1.191843032836914,-2.549999952316284,0.4464863170689437,0.0,10.370428995227421,0,0,waiter-2,-5.925500392913818,2.200000047683716,-0.4418994365140083,0.0,3.7058841261940625,0,0,customer-1,5.808607578277588,2.549999952316284,-0.38911000697668285,0.0,14.082349013087489,0,0,customer-2,2.371821403503418,-2.200000047683716,-0.36292337666731456,0.0,12.786361548368161,0,0
5,66,2.6400000000000015,to_table,-8.009342193603516,5.255215644836426,-1.3065033782363336,-0.8055419325828552,0.7166299819946289,0.2199999988079071,-0.37800681591033936,0.2199999988079071,-0.37800681591033936,0,nominal-sac-a-star,1.6962672010480637,99.0,99.0,1.560567798614502,99.0,waiter-2,0,,waiter-1,-1.1739835739135742,-2.549999952316284,0.4464854581778521,0.0,10.37513941968037,0,0,waiter-2,-5.94317626953125,2.200000047683716,-0.4419007855047763,0.0,3.688276558351148,0,0,customer-1,5.79304313659668,2.549999952316284,-0.3891097505397312,0.0,14.064993165529188,0,0,customer-2,2.357304573059082,-2.200000047683716,-0.36292399889876314,0.0,12.769009601639222,0,0
5,67,2.6800000000000015,to_table,-8.00795841217041,5.244187355041504,-1.318278006733788,-0.8004169464111328,0.8235151767730713,0.2199999988079071,-0.34998953342437744,0.2199999988079071,-0.34998953342437744,0,nominal-sac-a-star,1.6817436433921866,99.0,99.0,1.5441150093078613,99.0,waiter-2,0,,waiter-1,-1.1561241149902344,-2.549999952316284,0.44648459928676054,0.0,10.377715982729137,0,0,waiter-2,-5.96085262298584,2.200000047683716,-0.44189736612396224,0.0,3.668476315092036,0,0,customer-1,5.7774786949157715,2.549999952316284,-0.38910949410276174,0.0,14.046242273093252,0,0,customer-2,2.342787742614746,-2.200000047683716,-0.36292462113021173,0.0,12.749661644439533,0,0
5,68,2.7200000000000015,to_table,-8.004853248596191,5.232010841369629,-1.329298201448322,-0.8121784925460815,0.8669921159744263,0.2199999988079071,-0.3379667401313782,0.2199999988079071,-0.3379667401313782,0,nominal-sac-a-star,1.6647669879830778,99.0,99.0,1.5259732627868652,99.0,waiter-2,0,,waiter-1,-1.1382646560668945,-2.549999952316284,0.44648374039566896,0.0,10.378329870075316,0,0,waiter-2,-5.9785284996032715,2.200000047683716,-0.4418987151147302,0.0,3.6467905672534995,0,0,customer-1,5.761914253234863,2.549999952316284,-0.38910923766581007,0.0,14.025586257211225,0,0,customer-2,2.328270435333252,-2.200000047683716,-0.3629204749900783,0.0,12.728245398419654,0,0
5,69,2.7600000000000016,to_table,-8.00136661529541,5.219658374786377,-1.3393524361479452,-0.8123553991317749,0.8750870227813721,0.2199999988079071,-0.33744361996650696,0.2199999988079071,-0.33744361996650696,0,nominal-sac-a-star,1.6460310778123288,99.0,99.0,1.5075256252288818,99.0,waiter-2,0,,waiter-1,-1.1204051971435547,-2.549999952316284,0.4464828815045774,0.0,10.378594344033788,0,0,waiter-2,-5.996204376220703,2.200000047683716,-0.4419000641054982,0.0,3.624777512820826,0,0,customer-1,5.746350288391113,2.549999952316284,-0.38911374960042266,0.0,14.004527702017432,0,0,customer-2,2.313753604888916,-2.200000047683716,-0.3629210972215269,0.0,12.706417129269246,0,0
5,70,2.8000000000000016,to_table,-7.998894691467285,5.207228660583496,-1.349840044394989,-0.8107764720916748,0.8752124309539795,0.2199999988079071,-0.2950783967971802,0.2199999988079071,-0.2950783967971802,0,nominal-sac-a-star,1.6269584664218737,99.0,99.0,1.4895264530181884,99.0,waiter-2,0,,waiter-1,-1.1025457382202148,-2.549999952316284,0.4464820226134858,0.0,10.3795098457366,0,0,waiter-2,-6.013880252838135,2.200000047683716,-0.4419014130962662,0.0,3.6032910306842183,0,0,customer-1,5.730785369873047,2.549999952316284,-0.38910872479188896,0.0,13.984454905172589,0,0,customer-2,2.29923677444458,-2.200000047683716,-0.36292171945297547,0.0,12.685367508502937,0,0
5,71,2.8400000000000016,to_table,-7.995737075805664,5.194355487823486,-1.360286529519348,-0.8075200319290161,0.8736857175827026,0.2199999988079071,-0.29108768701553345,0.2199999988079071,-0.29108768701553345,0,nominal-sac-a-star,1.6083669379047314,99.0,99.0,1.47094744682312,99.0,waiter-2,0,,waiter-1,-1.0846867561340332,-2.549999952316284,0.44648593209397625,0.0,10.379675221520941,0,0,waiter-2,-6.031556606292725,2.200000047683716,-0.44189799371545213,0.0,3.5810849499433424,0,0,customer-1,5.715221405029297,2.549999952316284,-0.38911323672650155,0.0,13.963631284925413,0,0,customer-2,2.284719944000244,-2.200000047683716,-0.36292234168442405,0.0,12.663502292871533,0,0
5,72,2.8800000000000017,to_table,-7.993017673492432,5.18159294128418,-1.370346289347096,-0.8083513975143433,0.8729817867279053,0.2199999988079071,-0.2892819344997406,0.2199999988079071,-0.2892819344997406,0,nominal-sac-a-star,1.5891612891667175,99.0,99.0,1.4526826763153076,99.0,waiter-2,0,,waiter-1,-1.0668272972106934,-2.549999952316284,0.44648507320288466,0.0,10.380252492154078,0,0,waiter-2,-6.049232482910156,2.200000047683716,-0.4418993427062201,0.0,3.55924107785575,0,0,customer-1,5.6996564865112305,2.549999952316284,-0.38910821191796785,0.0,13.943263868679276,0,0,customer-2,2.270203113555908,-2.200000047683716,-0.36292296391587264,0.0,12.642057426640694,0,0
5,73,2.9200000000000017,to_table,-7.990106582641602,5.16900634765625,-1.3784265190908616,-0.991611123085022,0.9898719787597656,0.2199999988079071,-0.2732665240764618,0.2199999988079071,-0.2732665240764618,0,nominal-sac-a-star,1.5702726999207752,99.0,99.0,1.4343621158599853,99.0,waiter-2,0,,waiter-1,-1.0489678382873535,-2.549999952316284,0.4464842143117931,0.0,10.380870162341466,0,0,waiter-2,-6.066908359527588,2.200000047683716,-0.4419006916969881,0.0,3.53746940830101,0,0,customer-1,5.6840925216674805,2.549999952316284,-0.38911272385258044,0.0,13.922748135447934,0,0,customer-2,2.2556862831115723,-2.200000047683716,-0.36292358614732123,0.0,12.620559682616296,0,0
5,74,2.9600000000000017,to_table,-7.987524509429932,5.156499862670898,-1.3864770672996662,-0.9325624704360962,0.9614815711975098,0.2199999988079071,-0.27810510993003845,0.2199999988079071,-0.27810510993003845,0,nominal-sac-a-star,1.5513047549296783,99.0,99.0,1.4163088226318359,99.0,waiter-2,0,,waiter-1,-1.0311083793640137,-2.549999952316284,0.4464833554207104,0.0,10.381804504662894,0,0,waiter-2,-6.084584712982178,2.200000047683716,-0.44189727231617404,0.0,3.515973695141058,0,0,customer-1,5.668527603149414,2.549999952316284,-0.38910769904404674,0.0,13.902575339992278,0,0,customer-2,2.2411694526672363,-2.200000047683716,-0.3629242083787698,0.0,12.599375821892547,0,0
5,75,3.0000000000000018,to_table,-7.985167980194092,5.144009113311768,-1.3950054639252483,-0.9320068955421448,0.9609451293945312,0.2199999988079071,-0.27933594584465027,0.2199999988079071,-0.27933594584465027,0,nominal-sac-a-star,1.5326069461524234,99.0,99.0,1.398486795425415,99.0,waiter-2,0,,waiter-1,-1.0132489204406738,-2.549999952316284,0.4464824965296188,0.0,10.382939414140855,0,0,waiter-2,-6.102260589599609,2.200000047683716,-0.441898621306942,0.0,3.494642988926834,0,0,customer-1,5.652963638305664,2.549999952316284,-0.38911221097865933,0.0,13.882633668394886,0,0,customer-2,2.226652145385742,-2.200000047683716,-0.3629200622386364,0.0,12.578383872103082,0,0
5,76,3.040000000000002,to_table,-7.9829607009887695,5.131000518798828,-1.4034353791368996,-0.9318833351135254,0.9604382514953613,0.2199999988079071,-0.27995041012763977,0.2199999988079071,-0.27995041012763977,0,nominal-sac-a-star,1.5141396163902159,99.0,99.0,1.3802995109558105,99.0,waiter-2,0,,waiter-1,-0.9953899383544922,-2.549999952316284,0.44648640601010925,0.0,10.383829418865275,0,0,waiter-2,-6.119936466217041,2.200000047683716,-0.44189997029771,0.0,3.4729847481703393,0,0,customer-1,5.637398719787598,2.549999952316284,-0.38910718617012563,0.0,13.862747010434648,0,0,customer-2,2.2121353149414062,-2.200000047683716,-0.36292068447008496,0.0,12.557211158525714,0,0
5,77,3.080000000000002,to_table,-7.980835437774658,5.117951393127441,-1.411996073925693,-0.930517852306366,0.9600682258605957,0.2199999988079071,-0.28108710050582886,0.2199999988079071,-0.28108710050582886,0,nominal-sac-a-star,1.4953120863067966,99.0,99.0,1.3621956729888915,99.0,waiter-2,0,,waiter-1,-0.9775304794311523,-2.549999952316284,0.44648554711901767,0.0,10.384784936417844,0,0,waiter-2,-6.137612342834473,2.200000047683716,-0.441901319288478,0.0,3.451363706145402,0,0,customer-1,5.621834754943848,2.549999952316284,-0.3891116981047382,0.0,13.842940835466885,0,0,customer-2,2.1976184844970703,-2.200000047683716,-0.36292130670153355,0.0,12.536081426740926,0,0
5,78,3.120000000000002,to_table,-7.978854656219482,5.1045918464660645,-1.4205012193528246,-0.9300451874732971,0.9597644805908203,0.2199999988079071,-0.2825167179107666,0.2199999988079071,-0.2825167179107666,0,nominal-sac-a-star,1.4765621420773645,99.0,99.0,1.3439206504821777,99.0,waiter-2,0,,waiter-1,-0.9596710205078125,-2.549999952316284,0.4464846882279261,0.0,10.385649450940875,0,0,waiter-2,-6.1552886962890625,2.200000047683716,-0.4418978999076639,0.0,3.4295839875662226,0,0,customer-1,5.6062703132629395,2.549999952316284,-0.38911144166778655,0.0,13.823225389977209,0,0,customer-2,2.1831016540527344,-2.200000047683716,-0.36292192893298214,0.0,12.51488788571276,0,0
5,79,3.160000000000002,to_table,-7.977322578430176,5.091760158538818,-1.4297860590182179,-0.9289566278457642,0.9593851566314697,0.2199999988079071,-0.2844861149787903,0.2199999988079071,-0.2844861149787903,0,nominal-sac-a-star,1.4576422821886186,99.0,99.0,1.3264800930023193,99.0,waiter-2,0,,waiter-1,-0.9418115615844727,-2.549999952316284,0.3897478791897768,0.0,10.387247607524019,0,0,waiter-2,-6.172964572906494,2.200000047683716,-0.4418992488984319,0.0,3.408516444265762,0,0,customer-1,5.590705871582031,2.549999952316284,-0.3891111852308171,0.0,13.804055236280282,0,0,customer-2,2.1685848236083984,-2.200000047683716,-0.36292255116443073,0.0,12.494366887353342,0,0
5,80,3.200000000000002,to_table,-7.975174903869629,5.078299045562744,-1.4390367740928187,-0.92948317527771,0.9586738348007202,0.2199999988079071,-0.2846697270870209,0.2199999988079071,-0.2846697270870209,0,nominal-sac-a-star,1.4395540185279239,99.0,99.0,1.3083114051818847,99.0,waiter-2,0,,waiter-1,-0.9239521026611328,-2.549999952316284,0.03255955961407153,0.0,10.388006959630166,0,0,waiter-2,-6.190640449523926,2.200000047683716,-0.4419005978891999,0.0,3.386616060308333,0,0,customer-1,5.575141429901123,2.549999952316284,-0.38911092879386544,0.0,13.7841709598425,0,0,customer-2,2.1540679931640625,-2.200000047683716,-0.3629231733958793,0.0,12.47297876843618,0,0
5,81,3.240000000000002,to_table,-7.973170757293701,5.065067768096924,-1.4474715459312257,-0.9284616708755493,0.9585869312286377,0.2199999988079071,-0.2878741919994354,0.2199999988079071,-0.2878741919994354,0,nominal-sac-a-star,1.4207105555143098,99.0,99.0,1.290370168685913,99.0,waiter-2,0,,waiter-1,-0.906092643737793,-2.549999952316284,-0.32462875996163376,0.0,10.389073560697323,0,0,waiter-2,-6.208316802978516,2.200000047683716,-0.44189717850838584,0.0,3.3650144906992128,0,0,customer-1,5.559576988220215,2.549999952316284,-0.389110672356896,0.0,13.764477021001836,0,0,customer-2,2.1395511627197266,-2.200000047683716,-0.3629237956273279,0.0,12.451841430062132,0,0
5,82,3.280000000000002,to_table,-7.971155643463135,5.052040100097656,-1.455266437671794,-0.9279711246490479,0.958321213722229,0.2199999988079071,-0.21936233341693878,0.2199999988079071,-0.21936233341693878,0,nominal-sac-a-star,1.4020896021012508,99.0,99.0,1.2725984477996826,99.0,waiter-2,0,,waiter-1,-0.9117661118507385,-2.549999952316284,-0.44648780917448505,0.0,10.374294844351805,0,0,waiter-2,-6.225992679595947,2.200000047683716,-0.4418985274991538,0.0,3.3436097605771846,0,0,customer-1,5.544012546539307,2.549999952316284,-0.38911041591994433,0.0,13.744816335810519,0,0,customer-2,2.1250343322753906,-2.200000047683716,-0.3629244178587765,0.0,12.430814065508178,0,0
5,83,3.320000000000002,to_table,-7.9691314697265625,5.038727283477783,-1.462088118929841,-0.932625949382782,0.9599916934967041,0.2199999988079071,-0.2190498411655426,0.2199999988079071,-0.2190498411655426,0,nominal-sac-a-star,1.383627309544778,99.0,99.0,1.2544826889038085,99.0,waiter-2,0,,waiter-1,-0.9296254515647888,-2.549999952316284,-0.446488142376289,0.0,10.35101087039418,0,0,waiter-2,-6.243668556213379,2.200000047683716,-0.4418998764899218,0.0,3.321986541987856,0,0,customer-1,5.528448104858398,2.549999952316284,-0.3891101594829749,0.0,13.725101751940617,0,0,customer-2,2.1105170249938965,-2.200000047683716,-0.36292027171864305,0.0,12.409612691459186,0,0
5,84,3.360000000000002,to_table,-7.967566013336182,5.025693416595459,-1.468116631282169,-0.931642472743988,0.9590309858322144,0.2199999988079071,-0.22087091207504272,0.2199999988079071,-0.22087091207504272,0,nominal-sac-a-star,1.3648211075272476,99.0,99.0,1.2367314720153808,99.0,waiter-2,0,,waiter-1,-0.9474848508834839,-2.549999952316284,-0.44648787953164515,0.0,10.32824619900187,0,0,waiter-2,-6.2613444328308105,2.200000047683716,-0.4419012254806898,0.0,3.3008688396987305,0,0,customer-1,5.51288366317749,2.549999952316284,-0.3891099030460232,0.0,13.705895870394324,0,0,customer-2,2.0960001945495605,-2.200000047683716,-0.36292089395009164,0.0,12.388947124765147,0,0
5,85,3.400000000000002,to_table,-7.966421604156494,5.013655662536621,-1.4695259259944125,-0.5836232900619507,0.995647668838501,0.7799999713897705,-0.2184208780527115,0.18000000715255737,0.0,1,dwa-slow-forward,1.4170523369274761,0.1364950578546511,99.0,1.3364788913726806,99.0,waiter-2,0,,waiter-1,-0.9653441905975342,-2.549999952316284,-0.4464882127334491,0.0,10.306501404974497,0,0,waiter-2,-6.2790207862854,2.200000047683716,-0.4418978060998757,0.0,3.280850414015445,0,0,customer-1,5.497319221496582,2.549999952316284,-0.3891096466090538,0.0,13.687290326388881,0,0,customer-2,2.0814833641052246,-2.200000047683716,-0.3629215161815402,0.0,12.369204621026084,0,0
5,86,3.440000000000002,to_table,-7.965318202972412,5.002806186676025,-1.4695270587061653,-0.6847133040428162,0.9865167140960693,0.7799999713897705,-0.2261040061712265,0.18000000715255737,0.0,1,dwa-slow-forward,1.3990990369426304,0.13595630119882451,99.0,1.320347490310669,99.0,waiter-2,0,,waiter-1,-0.9832035899162292,-2.549999952316284,-0.44648794988880525,0.0,10.28566016564093,0,0,waiter-2,-6.296696662902832,2.200000047683716,-0.4418991550906437,0.0,3.2619043665866654,0,0,customer-1,5.481754779815674,2.549999952316284,-0.3891093901721021,0.0,13.668944005582263,0,0,customer-2,2.0669665336608887,-2.200000047683716,-0.3629221384129888,0.0,12.350188447413142,0,0
5,87,3.480000000000002,to_table,-7.9642333984375,4.992135047912598,-1.4695270587061653,-0.6849035024642944,0.987048864364624,0.7799999713897705,-0.23409052193164825,0.18000000715255737,0.0,1,dwa-slow-forward,1.3821693178944514,0.13485338683920056,99.0,1.30448073387146,99.0,waiter-2,0,,waiter-1,-1.0010629892349243,-2.549999952316284,-0.4464876870441614,0.0,10.264966756364673,0,0,waiter-2,-6.314372539520264,2.200000047683716,-0.4419005040814117,0.0,3.2431556720716106,0,0,customer-1,5.466190338134766,2.549999952316284,-0.3891091337351327,0.0,13.6506522030644,0,0,customer-2,2.0524497032165527,-2.200000047683716,-0.3629227606444374,0.0,12.331291400022549,0,0
5,88,3.5200000000000022,to_table,-7.963151931762695,4.981494903564453,-1.4695270587061653,-0.7049139142036438,0.9868111610412598,0.7799999713897705,-0.2424021065235138,0.18000000715255737,0.0,1,dwa-slow-forward,1.3654854583637617,0.13376858230428845,99.0,1.2887353324890136,99.0,waiter-2,0,,waiter-1,-1.0189223289489746,-2.549999952316284,-0.44648802024596534,0.0,10.244302784511614,0,0,waiter-2,-6.3320488929748535,2.200000047683716,-0.44189708470059763,0.0,3.2244706164631016,0,0,customer-1,5.450626373291016,2.549999952316284,-0.38911364566976303,0.0,13.632373825386207,0,0,customer-2,2.037932872772217,-2.200000047683716,-0.362923382875886,0.0,12.312415157161574,0,0
5,89,3.5600000000000023,to_table,-7.962070465087891,4.970860481262207,-1.4695270587061653,-0.7142124176025391,0.9868474006652832,0.7799999713897705,-0.25104108452796936,0.18000000715255737,0.0,1,dwa-slow-forward,1.348906462773447,0.13268711562948377,99.0,1.2730886363983154,99.0,waiter-2,0,,waiter-1,-1.036781668663025,-2.549999952316284,-0.44648835344776927,0.0,10.22364742033166,0,0,waiter-2,-6.349724769592285,2.200000047683716,-0.4418984336913656,0.0,3.2058269111344724,0,0,customer-1,5.435061454772949,2.549999952316284,-0.38910862086121156,0.0,13.614099653622436,0,0,customer-2,2.023416042327881,-2.200000047683716,-0.3629240051073346,0.0,12.293542268824597,0,0
5,90,3.6000000000000023,to_table,-7.960988998413086,4.960227012634277,-1.4695270587061653,-0.7209131717681885,0.9869844913482666,0.7799999713897705,-0.2600754201412201,0.18000000715255737,0.0,1,dwa-slow-forward,1.3324090800695365,0.13160564895467908,99.0,1.257538022994995,99.0,waiter-2,0,,waiter-1,-1.0546411275863647,-2.549999952316284,-0.4464874945566777,0.0,10.20299710761222,0,0,waiter-2,-6.367400646209717,2.200000047683716,-0.4418997826821336,0.0,3.1872208480615893,0,0,customer-1,5.419497489929199,2.549999952316284,-0.3891131327958419,0.0,13.595830726623495,0,0,customer-2,2.008899211883545,-2.200000047683716,-0.36292462733878317,0.0,12.274669954060753,0,0
5,91,3.6400000000000023,to_table,-7.959907531738281,4.949593544006348,-1.4695270587061653,-0.727469265460968,0.9871199131011963,0.7799999713897705,-0.2695487141609192,0.18000000715255737,0.0,1,dwa-slow-forward,1.3159903823939105,0.1305241822798744,99.0,1.24208420753479,99.0,waiter-2,0,,waiter-1,-1.072500467300415,-2.549999952316284,-0.4464878277584816,0.0,10.182351333623945,0,0,waiter-2,-6.385076522827148,2.200000047683716,-0.44190113167290157,0.0,3.1686522531902694,0,0,customer-1,5.403932571411133,2.549999952316284,-0.38910810798729045,0.0,13.5775650139421,0,0,customer-2,1.9943819046020508,-2.200000047683716,-0.3629204811986497,0.0,12.255797269405706,0,0
5,92,3.6800000000000024,to_table,-7.958826065063477,4.938960075378418,-1.4695270587061653,-0.7339149713516235,0.9872549772262573,0.7799999713897705,-0.27949288487434387,0.18000000715255737,0.0,1,dwa-slow-forward,1.2996510330520508,0.1294427156050697,99.0,1.226729097366333,99.0,waiter-2,0,,waiter-1,-1.0903598070144653,-2.549999952316284,-0.44648816096028554,0.0,10.161710044789057,0,0,waiter-2,-6.402752876281738,2.200000047683716,-0.4418977122920875,0.0,3.150121553552296,0,0,customer-1,5.388368606567383,2.549999952316284,-0.3891126199219208,0.0,13.559304409592412,0,0,customer-2,1.9798650741577148,-2.200000047683716,-0.3629211034300983,0.0,12.236924989534959,0,0
5,93,3.7200000000000024,to_table,-7.957744598388672,4.928326606750488,-1.4695270587061653,-0.7402496337890625,0.9873895645141602,0.7799999713897705,-0.28994250297546387,0.18000000715255737,0.0,1,dwa-slow-forward,1.2833926224617906,0.12836124893026502,99.0,1.211475076675415,99.0,waiter-2,0,,waiter-1,-1.1082191467285156,-2.549999952316284,-0.44648849416208947,0.0,10.141073268494994,0,0,waiter-2,-6.42042875289917,2.200000047683716,-0.4418990612828555,0.0,3.1316298985835216,0,0,customer-1,5.372803688049316,2.549999952316284,-0.38910759511336934,0.0,13.541047053025368,0,0,customer-2,1.965348243713379,-2.200000047683716,-0.3629217256615469,0.0,12.218052727226794,0,0
5,94,3.7600000000000025,to_table,-7.956663131713867,4.917693138122559,-1.4695270587061653,-0.746455192565918,0.9875226020812988,0.7799999713897705,-0.3009355068206787,0.18000000715255737,0.0,1,dwa-slow-forward,1.2672167756305872,0.12727978225546033,99.0,1.1963238143920898,99.0,waiter-2,0,,waiter-1,-1.1260786056518555,-2.549999952316284,-0.4464876352709979,0.0,10.120440951888698,0,0,waiter-2,-6.438104629516602,2.200000047683716,-0.4419004102736235,0.0,3.113177742823983,0,0,customer-1,5.357239723205566,2.549999952316284,-0.3891121070479997,0.0,13.522794838802566,0,0,customer-2,1.950831413269043,-2.200000047683716,-0.3629223478929955,0.0,12.19918048256272,0,0
5,95,3.8000000000000025,to_table,-7.9555816650390625,4.907059669494629,-1.4695270587061653,-0.7525351047515869,0.987654447555542,0.7799999713897705,-0.22600677609443665,0.18000000715255737,0.0,1,dwa-slow-forward,1.2511251527700775,0.12619831558065564,99.0,1.1812776947021484,99.0,waiter-2,0,,waiter-1,-1.1439379453659058,-2.549999952316284,-0.4464879684728018,0.0,10.099813283769432,0,0,waiter-2,-6.455780982971191,2.200000047683716,-0.4418969908928094,0.0,3.094765561713891,0,0,customer-1,5.3416748046875,2.549999952316284,-0.38910708223944823,0.0,13.50454590617655,0,0,customer-2,1.936314582824707,-2.200000047683716,-0.3629229701244441,0.0,12.18030825562475,0,0
5,96,3.8400000000000025,to_table,-7.954500198364258,4.896426200866699,-1.4695270587061653,-0.7580699920654297,0.9877705574035645,0.7799999713897705,-0.23304185271263123,0.18000000715255737,0.0,1,dwa-slow-forward,1.2351194499061284,0.12511684890585095,99.0,1.1663386249542236,99.0,waiter-2,0,,waiter-1,-1.161797285079956,-2.549999952316284,-0.44648830167460574,0.0,10.07919021166624,0,0,waiter-2,-6.473456859588623,2.200000047683716,-0.4418983398835774,0.0,3.0763945408384896,0,0,customer-1,5.32611083984375,2.549999952316284,-0.3891115941740786,0.0,13.486302150258192,0,0,customer-2,1.921797752380371,-2.200000047683716,-0.36292359235589267,0.0,12.161436046495409,0,0
5,97,3.8800000000000026,to_table,-7.953418731689453,4.8857927322387695,-1.4695270587061653,-0.76345294713974,0.9878826141357422,0.7799999713897705,-0.24036340415477753,0.18000000715255737,0.0,1,dwa-slow-forward,1.219201399482852,0.12403538223104627,99.0,1.1515089893341064,99.0,waiter-2,0,,waiter-1,-1.179656744003296,-2.549999952316284,-0.44648744278351415,0.0,10.058571683569411,0,0,waiter-2,-6.491132736206055,2.200000047683716,-0.4418996888743454,0.0,3.058065185210465,0,0,customer-1,5.310546398162842,2.549999952316284,-0.38911133773710915,0.0,13.468062179715226,0,0,customer-2,1.9072809219360352,-2.200000047683716,-0.36292421458734125,0.0,12.142563855257729,0,0
5,98,3.9200000000000026,to_table,-7.952337265014648,4.87515926361084,-1.4695270587061653,-0.7674066424369812,0.987966775894165,0.7799999713897705,-0.24799154698848724,0.18000000715255737,0.0,1,dwa-slow-forward,1.2033727709589375,0.12295391555624158,99.0,1.1367906951904296,99.0,waiter-2,0,,waiter-1,-1.1975160837173462,-2.549999952316284,-0.4464877759853181,0.0,10.037957888593187,0,0,waiter-2,-6.508808612823486,2.200000047683716,-0.44190103786511337,0.0,3.0397782485333793,0,0,customer-1,5.294981956481934,2.549999952316284,-0.3891110813001575,0.0,13.449826481376352,0,0,customer-2,1.892763614654541,-2.200000047683716,-0.3629200684472078,0.0,12.123691294777391,0,0
5,99,3.9600000000000026,to_table,-7.94948673248291,4.856381893157959,-1.4659392958264867,-0.7675495147705078,0.9879763126373291,0.7799999713897705,-0.2559504210948944,0.6200000047683716,0.30000001192092896,1,dwa-left-arc,0.3172923555108092,-0.2455345173228365,99.0,-0.18290418148040777,1.7154460709760917,waiter-2,0,,waiter-1,-1.2153754234313965,-2.549999952316284,-0.446488109187122,0.0,10.010132225084039,0,0,waiter-2,-6.526484966278076,2.200000047683716,-0.4418976184842993,0.0,3.013519294045954,0,0,customer-1,5.279417514801025,2.549999952316284,-0.38911082486318804,0.0,13.428451334418558,0,0,customer-2,1.878246784210205,-2.200000047683716,-0.3629206906786564,0.0,12.098631003967753,0,0
5,100,4.000000000000003,to_table,-7.9463276863098145,4.827885150909424,-1.4601362949982293,-0.790921151638031,0.9757473468780518,0.7799999713897705,-0.27916598320007324,0.6200000047683716,0.30000001192092896,1,dwa-left-arc,0.30240314880872804,-0.23574861719070228,99.0,-0.22024279594421392,1.680281871816614,waiter-2,0,,waiter-1,-1.2332348823547363,-2.549999952316284,-0.4464872502960304,0.0,9.97490870088109,0,0,waiter-2,-6.544160842895508,2.200000047683716,-0.4418989674750673,0.0,2.9785654218979363,0,0,customer-1,5.263853073120117,2.549999952316284,-0.38911056842623637,0.0,13.40513471304121,0,0,customer-2,1.8637299537658691,-2.200000047683716,-0.362921312910105,0.0,12.067659311822315,0,0
5,101,4.040000000000003,to_table,-7.94128942489624,4.79463529586792,-1.4498043331320798,-0.7848631739616394,0.9766185283660889,0.7799999713897705,-0.3119972348213196,0.6200000047683716,0.30000001192092896,1,dwa-left-arc,0.2802440351499245,-0.22112353069739143,99.0,-0.26414954423904424,1.638719186672849,waiter-2,0,,waiter-1,-1.2510942220687866,-2.549999952316284,-0.44648758349783435,0.0,9.934907084658885,0,0,waiter-2,-6.5618367195129395,2.200000047683716,-0.4419003164658353,0.0,2.938540766691729,0,0,customer-1,5.248288631439209,2.549999952316284,-0.38911031198926693,0.0,13.379213621498343,0,0,customer-2,1.8492131233215332,-2.200000047683716,-0.3629219351415536,0.0,12.032408891652596,0,0
5,102,4.080000000000003,to_table,-7.9356794357299805,4.7592573165893555,-1.439474889469006,-0.7793883681297302,0.9784843921661377,0.7799999713897705,-0.36281120777130127,0.6200000047683716,0.30000001192092896,1,dwa-left-arc,0.2583064009102621,-0.20922770686248782,99.0,-0.3090218281745911,1.5956985547502933,waiter-2,0,,waiter-1,-1.268953561782837,-2.549999952316284,-0.4464879166996383,0.0,9.892950808601357,0,0,waiter-2,-6.579513072967529,2.200000047683716,-0.4418968970850212,0.0,2.896374452990271,0,0,customer-1,5.232724189758301,2.549999952316284,-0.38911005555231526,0.0,13.352440681215091,0,0,customer-2,1.8346962928771973,-2.200000047683716,-0.36292255737300216,0.0,11.995478520690419,0,0
5,103,4.120000000000003,to_table,-7.929637908935547,4.72319221496582,-1.429449170868161,-0.7813660502433777,0.9775228500366211,0.7799999713897705,-0.31654098629951477,0.6200000047683716,0.30000001192092896,1,dwa-left-arc,0.23541368382083122,-0.19582422141395706,99.0,-0.3531776642799378,1.5525677991868496,waiter-2,0,,waiter-1,-1.2868129014968872,-2.549999952316284,-0.4464882499014422,0.0,9.850200423426225,0,0,waiter-2,-6.597188949584961,2.200000047683716,-0.4418982460757892,0.0,2.853404798185533,0,0,customer-1,5.217159748077393,2.549999952316284,-0.3891097991153458,0.0,13.325203684930326,0,0,customer-2,1.8201794624328613,-2.200000047683716,-0.36292317960445075,0.0,11.95782295740523,0,0
5,104,4.160000000000003,to_table,-7.92374849319458,4.687649250030518,-1.4186320623874205,-0.7915970087051392,0.9759860038757324,0.7799999713897705,-0.363888144493103,0.6200000047683716,0.30000001192092896,1,dwa-left-arc,0.21277408639748724,-0.18196365049858365,99.0,-0.39526295423507696,1.5101965307505116,waiter-2,0,,waiter-1,-1.3046722412109375,-2.549999952316284,-0.44648858310324613,0.0,9.807942516440699,0,0,waiter-2,-6.614864826202393,2.200000047683716,-0.4418995950665572,0.0,2.810974031835868,0,0,customer-1,5.201595306396484,2.549999952316284,-0.38910954267839415,0.0,13.29827787262252,0,0,customer-2,1.8056626319885254,-2.200000047683716,-0.36292380183589934,0.0,11.92061884681916,0,0
5,105,4.200000000000003,to_table,-7.917751789093018,4.6520843505859375,-1.408510365722533,-0.8041943907737732,0.9741151332855225,0.7799999713897705,-0.4165821075439453,0.6200000047683716,0.30000001192092896,1,dwa-left-arc,0.19266242432667996,-0.16964986350933875,99.0,-0.43527710199356084,1.468447843622921,waiter-2,0,,waiter-1,-1.3225317001342773,-2.549999952316284,-0.44648772421215455,0.0,9.765600151957662,0,0,waiter-2,-6.632540702819824,2.200000047683716,-0.44190094405732516,0.0,2.7684806238836126,0,0,customer-1,5.186030864715576,2.549999952316284,-0.3891092862414247,0.0,13.271317894455835,0,0,customer-2,1.7911458015441895,-2.200000047683716,-0.36292442406734793,0.0,11.883339304525952,0,0
5,106,4.240000000000003,to_table,-7.913631439208984,4.625335216522217,-1.404182122237717,-0.8213824033737183,0.9722856283187866,0.20000000298023224,-0.47474440932273865,0.18000000715255737,0.0,1,dwa-slow-forward,0.9263829694896235,0.06118055795026789,99.0,0.8549086475372314,99.0,waiter-2,0,,waiter-1,-1.3403910398483276,-2.549999952316284,-0.4464880574139585,0.0,9.731028934956349,0,0,waiter-2,-6.650217056274414,2.200000047683716,-0.4418975246765111,0.0,2.7346785156962823,0,0,customer-1,5.170466423034668,2.549999952316284,-0.38910902980447304,0.0,13.247665202881057,0,0,customer-2,1.7766284942626953,-2.200000047683716,-0.3629202779272145,0.0,11.852693324601782,0,0
5,107,4.280000000000003,to_table,-7.911306381225586,4.609894752502441,-1.4035280189783061,0.32694756984710693,0.9938915967941284,0.20000000298023224,-0.5153489708900452,0.18000000715255737,0.0,1,dwa-slow-forward,0.8950470115695519,0.05579411719551164,99.0,0.8367053890228271,99.0,waiter-2,0,,waiter-1,-1.358250379562378,-2.549999952316284,-0.4464883906157624,0.0,9.706010258856386,0,0,waiter-2,-6.667892932891846,2.200000047683716,-0.4418988736672791,0.0,2.7117650141209757,0,0,customer-1,5.154902458190918,2.549999952316284,-0.38911354173908563,0.0,13.227584058439392,0,0,customer-2,1.7621116638183594,-2.200000047683716,-0.3629209001586631,0.0,11.830033130291069,0,0
5,108,4.320000000000003,to_table,-7.906192779541016,4.589499473571777,-1.3978821241005404,-0.8687494397163391,0.9893060922622681,0.7799999713897705,-0.41455164551734924,0.6200000047683716,0.30000001192092896,1,dwa-left-arc,0.1471163173553814,-0.13412355397569697,99.0,-0.5025101876258851,1.39026320031647,waiter-2,0,,waiter-1,-1.3761098384857178,-2.549999952316284,-0.4464875317246708,0.0,9.675455300362737,0,0,waiter-2,-6.685568809509277,2.200000047683716,-0.44190022265804707,0.0,2.6832126979677584,0,0,customer-1,5.139337539672852,2.549999952316284,-0.38910851693055193,0.0,13.203992563112479,0,0,customer-2,1.7475948333740234,-2.200000047683716,-0.36292152239011166,0.0,11.80224211852987,0,0
5,109,4.360000000000003,to_table,-7.900392532348633,4.562274932861328,-1.3925325709498797,-0.9020237326622009,0.9567735195159912,0.20000000298023224,-0.4502551257610321,0.6200000047683716,0.30000001192092896,1,dwa-left-arc,0.13979870976029402,-0.127624980671583,99.0,-0.5279948091506959,1.357898225282737,waiter-2,0,,waiter-1,-1.393969178199768,-2.549999952316284,-0.44648786492647474,0.0,9.639398264712481,0,0,waiter-2,-6.703245162963867,2.200000047683716,-0.441896803277233,0.0,2.6483021838841894,0,0,customer-1,5.123773574829102,2.549999952316284,-0.3891130288651645,0.0,13.178700747216501,0,0,customer-2,1.7330780029296875,-2.200000047683716,-0.36292214462156025,0.0,11.769966757241969,0,0
5,110,4.400000000000003,to_table,-7.89367151260376,4.531247138977051,-1.3847277782593235,-0.9093779921531677,0.9584267139434814,0.20000000298023224,-0.4902200698852539,0.6200000047683716,0.30000001192092896,1,dwa-left-arc,0.12664988798704463,-0.1172499919019504,99.0,-0.5536360716819764,1.321659794672638,waiter-2,0,,waiter-1,-1.4118285179138184,-2.549999952316284,-0.44648819812827867,0.0,9.599914008769108,0,0,waiter-2,-6.720921039581299,2.200000047683716,-0.441898152268001,0.0,2.6096085286184287,0,0,customer-1,5.108208656311035,2.549999952316284,-0.3891080040566308,0.0,13.151966710019876,0,0,customer-2,1.7185611724853516,-2.200000047683716,-0.36292276685300884,0.0,11.734764841283523,0,0
5,111,4.440000000000003,to_table,-7.886472225189209,4.497297286987305,-1.3768558431524403,-0.916442334651947,0.9607113599777222,0.20000000298023224,-0.5424039363861084,0.6200000047683716,0.30000001192092896,1,dwa-left-arc,0.11413051480030584,-0.10663837876367688,99.0,-0.5784885859489441,1.282887906021267,waiter-2,0,,waiter-1,-1.4296879768371582,-2.549999952316284,-0.4464873392371871,0.0,9.55795277289353,0,0,waiter-2,-6.7385969161987305,2.200000047683716,-0.441899501258769,0.0,2.5681106539052942,0,0,customer-1,5.092644691467285,2.549999952316284,-0.3891125159912434,0.0,13.124383522507092,0,0,customer-2,1.7040443420410156,-2.200000047683716,-0.3629233890844574,0.0,11.697512539651708,0,0
5,112,4.480000000000003,to_table,-7.878894329071045,4.463409423828125,-1.369432942283495,0.9310393333435059,-0.9633415937423706,0.20000000298023224,-0.8355910181999207,0.5199999809265137,0.36000001430511475,1,dwa-left-arc,0.3308494450146838,-0.23368251924507388,99.0,-0.32143532991409307,1.4536708864102228,waiter-2,0,,waiter-1,-1.4475473165512085,-2.549999952316284,-0.446487672438991,0.0,9.515783492326742,0,0,waiter-2,-6.756272792816162,2.200000047683716,-0.44190085024953696,0.0,2.526519566059542,0,0,customer-1,5.077079772949219,2.549999952316284,-0.3891074911827097,0.0,13.096503378302584,0,0,customer-2,1.6895275115966797,-2.200000047683716,-0.362924011315906,0.0,11.660005244681532,0,0
5,113,4.520000000000003,to_table,-7.871824741363525,4.430272102355957,-1.3605792944613582,-0.8756495714187622,0.9705667495727539,0.20000000298023224,-0.5279422998428345,0.5199999809265137,0.36000001430511475,1,dwa-left-arc,0.30959392829704685,-0.2105833086141784,99.0,-0.34662526607513433,1.4105177871144334,waiter-2,0,,waiter-1,-1.4654066562652588,-2.549999952316284,-0.44648800564079494,0.0,9.474512686060026,0,0,waiter-2,-6.773949146270752,2.200000047683716,-0.4418974308687229,0.0,2.4858488007423647,0,0,customer-1,5.061515808105469,2.549999952316284,-0.3891120031173223,0.0,13.069304538756214,0,0,customer-2,1.6750106811523438,-2.200000047683716,-0.3629246335473546,0.0,11.62336334148578,0,0
5,114,4.560000000000003,to_table,-7.864897727966309,4.398242950439453,-1.3515357529266183,-0.8846102356910706,0.9704060554504395,0.20000000298023224,-0.5802056789398193,0.5199999809265137,0.36000001430511475,1,dwa-left-arc,0.289297274309466,-0.18971385567919208,99.0,-0.3679912662506104,1.3688189834571942,waiter-2,0,,waiter-1,-1.4832661151885986,-2.549999952316284,-0.44648714674970336,0.0,9.43415610835963,0,0,waiter-2,-6.791625022888184,2.200000047683716,-0.4418987798594909,0.0,2.4462596262420075,0,0,customer-1,5.045950889587402,2.549999952316284,-0.3891069783087886,0.0,13.042469635981519,0,0,customer-2,1.6604933738708496,-2.200000047683716,-0.36292048740722116,0.0,11.58748835189231,0,0
5,115,4.600000000000003,to_table,-7.857904434204102,4.366441249847412,-1.3432423141968235,-0.884270429611206,0.9714725017547607,0.20000000298023224,-0.6360296010971069,0.5199999809265137,0.36000001430511475,1,dwa-left-arc,0.27015941573433616,-0.1705499057589529,99.0,-0.38681328058242803,1.3274968940946783,waiter-2,0,,waiter-1,-1.5011253356933594,-2.549999952316284,-0.4464886720444028,0.0,9.39392353653417,0,0,waiter-2,-6.809300899505615,2.200000047683716,-0.44190012885025887,0.0,2.4068728374001482,0,0,customer-1,5.030386924743652,2.549999952316284,-0.3891114902434012,0.0,13.015664145194586,0,0,customer-2,1.6459765434265137,-2.200000047683716,-0.36292110963866975,0.0,11.551705716078962,0,0
5,116,4.640000000000003,to_table,-7.850268363952637,4.335744857788086,-1.335430162889577,-0.7988839149475098,0.9783413410186768,0.20000000298023224,-0.695408821105957,0.5199999809265137,0.36000001430511475,1,dwa-left-arc,0.25156097272134,-0.1510200253868711,99.0,-0.4018444395065308,1.2873887067216476,waiter-2,0,,waiter-1,-1.5189847946166992,-2.549999952316284,-0.4464878131533112,0.0,9.354070409464667,0,0,waiter-2,-6.826976776123047,2.200000047683716,-0.44190147784102685,0.0,2.3682338498574325,0,0,customer-1,5.014822483062744,2.549999952316284,-0.38911123380644064,0.0,12.988435139360607,0,0,customer-2,1.6314597129821777,-2.200000047683716,-0.36292173187011834,0.0,11.516037894794136,0,0
5,117,4.680000000000003,to_table,-7.843025207519531,4.304302215576172,-1.3278009611756036,-0.8533608317375183,0.9710279703140259,0.20000000298023224,-0.7620629072189331,0.5199999809265137,0.36000001430511475,1,dwa-left-arc,0.2339790534779292,-0.13275162619281944,99.0,-0.41481506586074834,1.2466036694941154,waiter-2,0,,waiter-1,-1.5368441343307495,-2.549999952316284,-0.44648814635511513,0.0,9.313934610926772,0,0,waiter-2,-6.844653129577637,2.200000047683716,-0.4418980584602128,0.0,2.3291273945001176,0,0,customer-1,4.999258041381836,2.549999952316284,-0.3891109773694801,0.0,12.961551430129473,0,0,customer-2,1.6169428825378418,-2.200000047683716,-0.3629223541015669,0.0,11.480285022452685,0,0
5,118,4.720000000000003,to_table,-7.835786819458008,4.273078441619873,-1.3202066867321804,-0.8576755523681641,0.971035361289978,0.20000000298023224,-0.6626551747322083,0.5199999809265137,0.36000001430511475,1,dwa-left-arc,0.21417095031797945,-0.11425396086355788,99.0,-0.42443656682968145,1.20614244449941,waiter-2,0,,waiter-1,-1.5547034740447998,-2.549999952316284,-0.44648847955691906,0.0,9.273963918510013,0,0,waiter-2,-6.862329006195068,2.200000047683716,-0.4418994074509808,0.0,2.290256348448265,0,0,customer-1,4.983693599700928,2.549999952316284,-0.3891107209325195,0.0,12.934762374991667,0,0,customer-2,1.6024260520935059,-2.200000047683716,-0.3629229763330155,0.0,11.444675938505446,0,0
5,119,4.760000000000003,to_table,-7.828146457672119,4.243144512176514,-1.3126497521856946,-0.9939128756523132,0.8853609561920166,0.20000000298023224,-0.7263122797012329,0.5199999809265137,0.36000001430511475,1,dwa-left-arc,0.19549350055585296,-0.09641921457808289,99.0,-0.42948865652084356,1.1671504967800443,waiter-2,0,,waiter-1,-1.5725629329681396,-2.549999952316284,-0.4464876206658275,0.0,9.234670375818348,0,0,waiter-2,-6.8800048828125,2.200000047683716,-0.44190075644174875,0.0,2.252423527839478,0,0,customer-1,4.9681291580200195,2.549999952316284,-0.38911046449555897,0.0,12.907804156142962,0,0,customer-2,1.58790922164917,-2.200000047683716,-0.3629235985644641,0.0,11.409479233310133,0,0
5,120,4.800000000000003,to_table,-7.821080684661865,4.212445259094238,-1.305158518766022,-0.4179939031600952,0.45239341259002686,0.20000000298023224,-0.8257128000259399,0.5199999809265137,0.36000001430511475,1,dwa-left-arc,0.17911193717046686,-0.0805064501176671,99.0,-0.43225121259689336,1.1274361123244139,waiter-2,0,,waiter-1,-1.59042227268219,-2.549999952316284,-0.4464879538676314,0.0,9.195203612976833,0,0,waiter-2,-6.89768123626709,2.200000047683716,-0.4418973370609347,0.0,2.2141820770263942,0,0,customer-1,4.952564716339111,2.549999952316284,-0.3891102080585984,0.0,12.8813718690418,0,0,customer-2,1.573392391204834,-2.200000047683716,-0.3629242207959127,0.0,11.374338626293968,0,0
5,121,4.840000000000003,to_table,-7.813887119293213,4.182596206665039,-1.2961194946958818,-0.7521788477897644,0.8722965717315674,0.20000000298023224,-0.7753244042396545,0.5199999809265137,0.36000001430511475,1,dwa-left-arc,0.16042725294551402,-0.06433256517996033,99.0,-0.4289504265785218,1.0889010342881735,waiter-2,0,,waiter-1,-1.6082816123962402,-2.549999952316284,-0.44648828706943533,0.0,9.156276030524642,0,0,waiter-2,-6.9153571128845215,2.200000047683716,-0.4418986860517027,0.0,2.1767047806315625,0,0,customer-1,4.937000274658203,2.549999952316284,-0.38910995162163786,0.0,12.854979574582867,0,0,customer-2,1.5588750839233398,-2.200000047683716,-0.36292007465577925,0.0,11.339585806548296,0,0
5,122,4.8800000000000034,to_table,-7.806219100952148,4.152632713317871,-1.2837194520077666,-0.7702345252037048,0.8762161731719971,0.20000000298023224,-0.7748540639877319,0.5199999809265137,0.36000001430511475,1,dwa-left-arc,0.14412656440431176,-0.050754856087342426,99.0,-0.41737246274948125,1.0506415953266652,waiter-2,0,,waiter-1,-1.62614107131958,-2.549999952316284,-0.44648742817834375,0.0,9.11694296915217,0,0,waiter-2,-6.933032989501953,2.200000047683716,-0.44190003504247066,0.0,2.1389783337217465,0,0,customer-1,4.921435832977295,2.549999952316284,-0.3891096951846773,0.0,12.828157774357706,0,0,customer-2,1.544358253479004,-2.200000047683716,-0.36292069688722783,0.0,11.304390291269641,0,0
5,123,4.9200000000000035,to_table,-7.798343181610107,4.124124050140381,-1.2700005844697124,-0.7855895161628723,0.8823914527893066,0.20000000298023224,-0.7741129994392395,0.41999998688697815,0.41999998688697815,1,dwa-left-arc,0.2913101823046567,-0.20194134566143485,99.0,-0.23109882831573492,1.2399575867338828,waiter-2,0,,waiter-1,-1.6440004110336304,-2.549999952316284,-0.4464877613801477,0.0,9.078538766669178,0,0,waiter-2,-6.950708866119385,2.200000047683716,-0.44190138403323864,0.0,2.1025549005025486,0,0,customer-1,4.905871391296387,2.549999952316284,-0.38910943874771675,0.0,12.801364559678795,0,0,customer-2,1.529841423034668,-2.200000047683716,-0.3629213191186764,0.0,11.269852422414912,0,0
5,124,4.9600000000000035,to_table,-7.791053295135498,4.097745895385742,-1.255990591993924,-0.793668270111084,0.9096782207489014,0.20000000298023224,-0.7708386182785034,0.41999998688697815,0.41999998688697815,1,dwa-left-arc,0.2743415043100688,-0.18575924779299746,99.0,-0.22742765903472906,1.2005387485921728,waiter-2,0,,waiter-1,-1.6618597507476807,-2.549999952316284,-0.4464880945819516,0.0,9.04209811715206,0,0,waiter-2,-6.968385219573975,2.200000047683716,-0.4418979646524246,0.0,2.068386343268197,0,0,customer-1,4.8903069496154785,2.549999952316284,-0.3891091823107562,0.0,12.77546144612548,0,0,customer-2,1.515324592590332,-2.200000047683716,-0.362921941350125,0.0,11.237004643257922,0,0
5,125,5.0000000000000036,to_table,-7.781607627868652,4.072020530700684,-1.2433394837060587,-0.8193351030349731,0.9133977890014648,0.0,-0.7703922390937805,0.41999998688697815,0.41999998688697815,1,dwa-left-arc,0.2604914775283949,-0.17153958220238552,99.0,-0.22061842441558843,1.1616466789142887,waiter-2,0,,waiter-1,-1.6797192096710205,-2.549999952316284,-0.44648723569086,0.0,9.004676426481446,0,0,waiter-2,-6.986061096191406,2.200000047683716,-0.44189931364319257,0.0,2.0340489111372855,0,0,customer-1,4.87474250793457,2.549999952316284,-0.38910892587379564,0.0,12.74753879778649,0,0,customer-2,1.500807762145996,-2.200000047683716,-0.3629225635815736,0.0,11.202744199902904,0,0
5,126,5.040000000000004,to_table,-7.7722601890563965,4.0476531982421875,-1.2351781611599537,-0.3355942964553833,0.7367409467697144,0.0,-0.7915911078453064,0.41999998688697815,0.41999998688697815,1,dwa-left-arc,0.24739975794076946,-0.1566919974187576,99.0,-0.21496796369552618,1.1234693738358406,waiter-2,0,,waiter-1,-1.6975784301757812,-2.549999952316284,-0.44648876098555945,0.0,8.968321223437027,0,0,waiter-2,-7.003736972808838,2.200000047683716,-0.44190066263396055,0.0,2.0011122154142527,0,0,customer-1,4.859178066253662,2.549999952316284,-0.3891086694368351,0.0,12.719913429058503,0,0,customer-2,1.4862909317016602,-2.200000047683716,-0.3629231858130222,0.0,11.169330326255857,0,0
5,127,5.080000000000004,to_table,-7.762572765350342,4.02412748336792,-1.2239048812001965,-0.9159329533576965,0.9488677978515625,0.0,-0.7661358714103699,0.41999998688697815,0.41999998688697815,1,dwa-left-arc,0.23167551033797912,-0.13925752888568999,99.0,-0.20290893077850347,1.0877253798074564,waiter-2,0,,waiter-1,-1.715437889099121,-2.549999952316284,-0.44648790209446787,0.0,8.932356450130595,0,0,waiter-2,-7.021413326263428,2.200000047683716,-0.4418972432531465,0.0,1.9689485051070938,0,0,customer-1,4.843613624572754,2.549999952316284,-0.38910841299987453,0.0,12.692083645930115,0,0,customer-2,1.4717741012573242,-2.200000047683716,-0.3629238080444708,0.0,11.136109086014816,0,0
5,128,5.120000000000004,to_table,-7.752789497375488,4.00000524520874,-1.2103363624488326,-0.9214012622833252,0.9519076347351074,0.0,-0.7657710909843445,0.41999998688697815,0.41999998688697815,1,dwa-left-arc,0.21945616241511817,-0.12489628103519601,99.0,-0.1876488304138184,1.0518894297999801,waiter-2,0,,waiter-1,-1.733297348022461,-2.549999952316284,-0.4464870432033763,0.0,8.895889715128417,0,0,waiter-2,-7.039089202880859,2.200000047683716,-0.4418985922439145,0.0,1.936333344617817,0,0,customer-1,4.828049182891846,2.549999952316284,-0.389108156562914,0.0,12.664123232515026,0,0,customer-2,1.4572572708129883,-2.200000047683716,-0.36292443027591936,0.0,11.102478421690964,0,0
5,129,5.160000000000004,to_table,-7.743238925933838,3.977033853530884,-1.1981643359734286,-0.9265467524528503,0.9533336162567139,0.0,-0.7655999660491943,0.41999998688697815,0.41999998688697815,1,dwa-left-arc,0.20896605391587136,-0.11161513257262934,99.0,-0.173851010799408,1.0175099163175667,waiter-2,0,,waiter-1,-1.7511565685272217,-2.549999952316284,-0.4464885684980757,0.0,8.860430084404221,0,0,waiter-2,-7.056765079498291,2.200000047683716,-0.44189994123468246,0.0,1.9050185009504987,0,0,customer-1,4.812485218048096,2.549999952316284,-0.38911266849753545,0.0,12.636559442149853,0,0,customer-2,1.4427399635314941,-2.200000047683716,-0.3629202841357859,0.0,11.069686353933303,0,0
5,130,5.200000000000004,to_table,-7.734448432922363,3.9532108306884766,-1.1843073081428355,-0.9263883233070374,0.9539461135864258,0.0,-0.7655264735221863,0.41999998688697815,0.41999998688697815,1,dwa-left-arc,0.19703125360946233,-0.09843958503094896,99.0,-0.16007733106613165,0.9823550645387192,waiter-2,0,,waiter-1,-1.7690160274505615,-2.549999952316284,-0.44648770960698414,0.0,8.824858881163056,0,0,waiter-2,-7.074440956115723,2.200000047683716,-0.44190129022545044,0.0,1.8733280329629498,0,0,customer-1,4.7969207763671875,2.549999952316284,-0.3891124120605749,0.0,12.609687348571029,0,0,customer-2,1.4282231330871582,-2.200000047683716,-0.3629209063672345,0.0,11.037053698350718,0,0
5,131,5.240000000000004,to_table,-7.725190162658691,3.930884599685669,-1.1709262884657292,-0.9302606582641602,0.9522272348403931,0.0,-0.7657327055931091,0.41999998688697815,0.41999998688697815,1,dwa-left-arc,0.1858855542790659,-0.08585297422532578,99.0,-0.14604389429092413,0.9495854722512436,waiter-2,0,,waiter-1,-1.7868753671646118,-2.549999952316284,-0.44648804280878807,0.0,8.79007663144989,0,0,waiter-2,-7.0921173095703125,2.200000047683716,-0.4418978708446364,0.0,1.8430253849788565,0,0,customer-1,4.781356334686279,2.549999952316284,-0.38911215562361434,0.0,12.582549332293206,0,0,customer-2,1.4137063026428223,-2.200000047683716,-0.3629215285986831,0.0,11.004870520040212,0,0
5,132,5.280000000000004,to_table,-7.716806888580322,3.9074180126190186,-1.1580631222292863,-0.9290861487388611,0.9400856494903564,0.0,-0.7671897411346436,0.41999998688697815,0.41999998688697815,1,dwa-left-arc,0.17702352889186318,-0.0744606216302719,99.0,-0.13462161779403692,0.91449857369626,waiter-2,0,,waiter-1,-1.804734706878662,-2.549999952316284,-0.446488376010592,0.0,8.75504678774019,0,0,waiter-2,-7.109793186187744,2.200000047683716,-0.44189921983540437,0.0,1.812109748849709,0,0,customer-1,4.765791893005371,2.549999952316284,-0.3891118991866538,0.0,12.5561879618171,0,0,customer-2,1.3991894721984863,-2.200000047683716,-0.3629221508301317,0.0,10.972782008818205,0,0
5,133,5.320000000000004,to_table,-7.707358360290527,3.884538412094116,-1.1443368537288467,-0.9340530633926392,0.9405131340026855,0.0,-0.7671384215354919,0.41999998688697815,0.41999998688697815,1,dwa-left-arc,0.16490005484698061,-0.061580217897612144,99.0,-0.12189829111099248,0.8807533113319221,waiter-2,0,,waiter-1,-1.822594165802002,-2.549999952316284,-0.4464875171195004,0.0,8.719732426388063,0,0,waiter-2,-7.127469062805176,2.200000047683716,-0.44190056882617235,0.0,1.7815558084181706,0,0,customer-1,4.750227451324463,2.549999952316284,-0.38911164274969323,0.0,12.528864160584442,0,0,customer-2,1.3846726417541504,-2.200000047683716,-0.3629227730615803,0.0,10.940138756462696,0,0
5,134,5.360000000000004,to_table,-7.69771671295166,3.8609771728515625,-1.1308507316419327,-0.9398453831672668,0.9397183656692505,0.0,-0.7672337889671326,0.41999998688697815,0.41999998688697815,1,dwa-left-arc,0.15475306287261686,-0.050076693759874225,99.0,-0.11050134658813482,0.8455155369008801,waiter-2,0,,waiter-1,-1.8404535055160522,-2.549999952316284,-0.44648785032130434,0.0,8.683787191116803,0,0,waiter-2,-7.145145416259766,2.200000047683716,-0.4418971494453583,0.0,1.750479947973871,0,0,customer-1,4.734663009643555,2.549999952316284,-0.3891113863127327,0.0,12.501309005042595,0,0,customer-2,1.3701558113098145,-2.200000047683716,-0.36292339529302886,0.0,10.906959108023818,0,0
5,135,5.400000000000004,to_table,-7.687013626098633,3.839773178100586,-1.1187564727131891,-0.9721354842185974,0.7806167602539062,0.0,-0.786325991153717,0.41999998688697815,0.41999998688697815,1,dwa-left-arc,0.1448734690359597,-0.03777048335117428,99.0,-0.09852075338363653,0.8139314915044809,waiter-2,0,,waiter-1,-1.8583128452301025,-2.549999952316284,-0.44648818352310826,0.0,8.6488700678814,0,0,waiter-2,-7.162821292877197,2.200000047683716,-0.4418984984361263,0.0,1.7215207002662716,0,0,customer-1,4.7190985679626465,2.549999952316284,-0.3891111298757721,0.0,12.472976178345968,0,0,customer-2,1.3556389808654785,-2.200000047683716,-0.36292401752447745,0.0,10.874209248912573,0,0
5,136,5.440000000000004,to_table,-7.677038669586182,3.8158814907073975,-1.105774838905895,-0.9587069749832153,0.9431784152984619,0.0,-0.7668185830116272,0.41999998688697815,0.41999998688697815,1,dwa-left-arc,0.13514812792263303,-0.026723966798716692,99.0,-0.0889482474327088,0.7774161793293944,waiter-2,0,,waiter-1,-1.8761723041534424,-2.549999952316284,-0.4464873246320167,0.0,8.612461734965335,0,0,waiter-2,-7.180497169494629,2.200000047683716,-0.44189984742689425,0.0,1.6904515075036803,0,0,customer-1,4.703534126281738,2.549999952316284,-0.38911087343881157,0.0,12.445121085108985,0,0,customer-2,1.3411221504211426,-2.200000047683716,-0.36292463975592604,0.0,10.840574489364952,0,0
5,137,5.480000000000004,to_table,-7.667037010192871,3.793614625930786,-1.0919719250002358,-0.95399010181427,0.9468936920166016,0.0,-0.7663727402687073,0.41999998688697815,0.41999998688697815,1,dwa-left-arc,0.12384679573195961,-0.013800662246257644,99.0,-0.07805412769317632,0.7440968429599084,waiter-2,0,,waiter-1,-1.8940316438674927,-2.549999952316284,-0.4464876578338206,0.0,8.577239467157856,0,0,waiter-2,-7.1981730461120605,2.200000047683716,-0.44190119641766223,0.0,1.6611564769205698,0,0,customer-1,4.68796968460083,2.549999952316284,-0.389110617001851,0.0,12.417438056411898,0,0,customer-2,1.3266048431396484,-2.200000047683716,-0.3629204936157926,0.0,10.807821734363566,0,0
5,138,5.520000000000004,to_table,-7.657092571258545,3.769998788833618,-1.0765703856302709,-0.3497459888458252,-0.9060788750648499,0.0,-0.9887294769287109,0.41999998688697815,0.41999998688697815,1,dwa-left-arc,0.1155610058255308,-0.0032686100730288103,99.0,-0.06769042968750005,0.7085385299656622,waiter-2,0,,waiter-1,-1.911890983581543,-2.549999952316284,-0.44648799103562453,0.0,8.541061138475868,0,0,waiter-2,-7.21584939956665,2.200000047683716,-0.4418977770368482,0.0,1.6308254301969296,0,0,customer-1,4.672405242919922,2.549999952316284,-0.38911036056489046,0.0,12.389709984940536,0,0,customer-2,1.3120880126953125,-2.200000047683716,-0.3629211158472412,0.0,10.77437174296456,0,0
5,139,5.560000000000004,to_table,-7.645335674285889,3.7485203742980957,-1.0627162725210426,-0.9938721060752869,0.9181135892868042,0.0,-0.769826352596283,0.41999998688697815,0.41999998688697815,1,dwa-left-arc,0.10480813779097559,0.00716777469287333,99.0,-0.05652373790740972,0.6763994305452232,waiter-2,0,,waiter-1,-1.9297503232955933,-2.549999952316284,-0.44648832423742846,0.0,8.50524980287054,0,0,waiter-2,-7.233525276184082,2.200000047683716,-0.44189912602761616,0.0,1.6023429738737816,0,0,customer-1,4.656840801239014,2.549999952316284,-0.3891101041279299,0.0,12.360420593040747,0,0,customer-2,1.2975711822509766,-2.200000047683716,-0.36292173807868977,0.0,10.740599529608613,0,0
5,140,5.600000000000004,to_table,-7.633608818054199,3.726491928100586,-1.054704839396809,-0.9132077097892761,0.9896280765533447,0.0,-0.7612446546554565,0.41999998688697815,0.41999998688697815,1,dwa-left-arc,0.0968022615760667,0.01329662614030569,99.0,-0.050872383117675835,0.639998713171397,waiter-2,0,,waiter-1,-1.947609782218933,-2.549999952316284,-0.4464874653463369,0.0,8.469057524923212,0,0,waiter-2,-7.251201152801514,2.200000047683716,-0.44190047501838414,0.0,1.5736623155628535,0,0,customer-1,4.6412763595581055,2.549999952316284,-0.38910984769096935,0.0,12.331136991074713,0,0,customer-2,1.2830543518066406,-2.200000047683716,-0.36292236031013836,0.0,10.706548894195015,0,0
5,141,5.640000000000004,to_table,-7.622028350830078,3.7048146724700928,-1.050166176163714,-0.9925904273986816,0.8616621494293213,0.0,-0.7766005396842957,0.41999998688697815,0.41999998688697815,1,dwa-left-arc,0.08676995244901603,0.016984750045479502,99.0,-0.04791003227233892,0.6023743932457184,waiter-2,0,,waiter-1,-1.9654691219329834,-2.549999952316284,-0.4464877985481408,0.0,8.433230004005727,0,0,waiter-2,-7.2688775062561035,2.200000047683716,-0.4418970556375701,0.0,1.5456980863009038,0,0,customer-1,4.625711917877197,2.549999952316284,-0.3891095912540088,0.0,12.30206237699995,0,0,customer-2,1.2685375213623047,-2.200000047683716,-0.36292298254158695,0.0,10.672815861202563,0,0
5,142,5.680000000000004,to_table,-7.609829902648926,3.6831839084625244,-1.0473786747258513,-0.9929657578468323,0.8509137630462646,0.0,-0.7778903245925903,0.41999998688697815,0.41999998688697815,1,dwa-left-arc,0.07394761458049298,0.021308583836409434,99.0,-0.04597991466522222,0.5639763338781721,waiter-2,0,,waiter-1,-1.9833284616470337,-2.549999952316284,-0.4464881317499447,0.0,8.397029207277404,0,0,waiter-2,-7.286553382873535,2.200000047683716,-0.44189840462833807,0.0,1.5180059529240393,0,0,customer-1,4.610147476196289,2.549999952316284,-0.38910933481704824,0.0,12.272406162523957,0,0,customer-2,1.2540206909179688,-2.200000047683716,-0.36292360477303554,0.0,10.638594869950294,0,0
5,143,5.720000000000004,to_table,-7.597872257232666,3.6613094806671143,-1.042965832557938,-0.9933293461799622,0.8423291444778442,0.0,-0.7789205312728882,0.41999998688697815,0.41999998688697815,1,dwa-left-arc,0.06158498175167165,0.025834943755942863,99.0,-0.04342728614807134,0.5255238043138887,waiter-2,0,,waiter-1,-2.001187801361084,-2.549999952316284,-0.44648846495174865,0.0,8.360815855576723,0,0,waiter-2,-7.304229259490967,2.200000047683716,-0.44189975361910605,0.0,1.4905205362721416,0,0,customer-1,4.594583034515381,2.549999952316284,-0.3891090783800877,0.0,12.242996974151316,0,0,customer-2,1.2395038604736328,-2.200000047683716,-0.3629242270044841,0.0,10.604440863758064,0,0
5,144,5.760000000000004,to_table,-7.586493015289307,3.6398284435272217,-1.0351944553616994,-0.9993940591812134,0.6624321937561035,0.0,-0.8005081415176392,0.30000001192092896,0.44999998807907104,1,dwa-left-arc,0.11698125491459593,-0.04242396785542146,99.0,0.05542212963104243,0.7265262447356442,waiter-2,0,,waiter-1,-2.019047260284424,-2.549999952316284,-0.44648760606065707,0.0,8.325288451754238,0,0,waiter-2,-7.321905136108398,2.200000047683716,-0.44190110260987403,0.0,1.463937346776403,0,0,customer-1,4.579018592834473,2.549999952316284,-0.3891088219431271,0.0,12.214229358729495,0,0,customer-2,1.2249865531921387,-2.200000047683716,-0.3629200808643507,0.0,10.570987134252173,0,0
5,145,5.800000000000004,to_table,-7.574747562408447,3.618884563446045,-1.0300054980713047,-0.9908590316772461,0.9358482360839844,0.7799999713897705,0.41536158323287964,0.30000001192092896,0.44999998807907104,1,dwa-left-arc,0.1045837195167692,-0.025849135453892558,99.0,0.05435639858245844,0.6714188919444926,waiter-2,0,,waiter-1,-2.0369067192077637,-2.549999952316284,-0.4464867471695655,0.0,8.289922639773781,0,0,waiter-2,-7.339581489562988,2.200000047683716,-0.44189768322906,0.0,1.4382407138193714,0,0,customer-1,4.5634541511535645,2.549999952316284,-0.38910856550616657,0.0,12.185173579027497,0,0,customer-2,1.2104697227478027,-2.200000047683716,-0.36292070309579927,0.0,10.537526316221037,0,0
5,146,5.840000000000004,to_table,-7.561180114746094,3.598768949508667,-1.0229143350142773,-0.9912854433059692,0.9339568614959717,0.7799999713897705,0.4219928979873657,0.30000001192092896,0.44999998807907104,1,dwa-left-arc,0.09136480701422706,-0.008161586097271023,99.0,0.055551352500915474,0.6216615213394301,waiter-2,0,,waiter-1,-2.0547659397125244,-2.549999952316284,-0.4464882724642649,0.0,8.25396608153076,0,0,waiter-2,-7.35725736618042,2.200000047683716,-0.44189903221982796,0.0,1.4135554209493022,0,0,customer-1,4.547889709472656,2.549999952316284,-0.389108309069206,0.0,12.154402018086987,0,0,customer-2,1.1959528923034668,-2.200000047683716,-0.36292132532724786,0.0,10.503004350468318,0,0
5,147,5.880000000000004,to_table,-7.548168182373047,3.5770063400268555,-1.0125451457404215,-0.9918021559715271,0.9359064102172852,0.7799999713897705,0.4238055646419525,0.30000001192092896,0.44999998807907104,1,dwa-left-arc,0.0803330589845615,0.007495225648295634,99.0,0.05612737178802485,0.5665328819243308,waiter-2,0,,waiter-1,-2.0726253986358643,-2.549999952316284,-0.44648741357317334,0.0,8.217163432897557,0,0,waiter-2,-7.374933242797852,2.200000047683716,-0.44190038121059594,0.0,1.3878604661284295,0,0,customer-1,4.532325267791748,2.549999952316284,-0.38910805263224546,0.0,12.124069618732516,0,0,customer-2,1.1814360618591309,-2.200000047683716,-0.36292194755869644,0.0,10.468036734009162,0,0
5,148,5.920000000000004,to_table,-7.535508632659912,3.557398557662964,-1.0005137564561868,-0.9921820759773254,0.9345462322235107,0.7799999713897705,0.425615131855011,0.30000001192092896,0.44999998807907104,1,dwa-left-arc,0.06945199634567861,0.022720120316058523,99.0,0.058651986122131294,0.519418597747308,waiter-2,0,,waiter-1,-2.090484619140625,-2.549999952316284,-0.4464889388678728,0.0,8.182212602193763,0,0,waiter-2,-7.392609596252441,2.200000047683716,-0.4418969618297819,0.0,1.3648995748772386,0,0,customer-1,4.516761302947998,2.549999952316284,-0.38911256456686694,0.0,12.09429876226037,0,0,customer-2,1.166919231414795,-2.200000047683716,-0.36292256979014503,0.0,10.434552670348248,0,0
5,149,5.960000000000004,to_table,-7.52276086807251,3.5392937660217285,-0.9886359057098054,-0.9926934838294983,0.9374608993530273,0.7799999713897705,0.4241117537021637,0.30000001192092896,0.44999998807907104,1,dwa-left-arc,0.05974872543817106,0.03471659950561801,99.0,0.06200045585632319,0.4770054816319274,waiter-2,0,,waiter-1,-2.108344078063965,-2.549999952316284,-0.4464880799767812,0.0,8.148337693303906,0,0,waiter-2,-7.410285472869873,2.200000047683716,-0.44189831082054987,0.0,1.344008325311138,0,0,customer-1,4.50119686126709,2.549999952316284,-0.3891123081299064,0.0,12.064587093091141,0,0,customer-2,1.152402400970459,-2.200000047683716,-0.3629231920215936,0.0,10.40182441808118,0,0
5,150,6.000000000000004,to_table,-7.51074743270874,3.518409252166748,-0.9794661855038173,-0.9997953772544861,0.8443729877471924,0.7799999713897705,0.6100600361824036,0.30000001192092896,0.44999998807907104,1,dwa-left-arc,0.052408002441449775,0.04528129097567701,99.0,0.06113070487976069,0.4200372520030311,waiter-2,0,,waiter-1,-2.1262035369873047,-2.549999952316284,-0.4464872210856896,0.0,8.11288501323699,0,0,waiter-2,-7.427961349487305,2.200000047683716,-0.44189965981131785,0.0,1.3210058160510605,0,0,customer-1,4.485632419586182,2.549999952316284,-0.3891120516929458,0.0,12.035403862462797,0,0,customer-2,1.137885570526123,-2.200000047683716,-0.3629238142530422,0.0,10.368175237005765,0,0
5,151,6.0400000000000045,to_table,-7.4995293617248535,3.5000851154327393,-0.9689377573982207,-0.9969161748886108,0.9601678848266602,0.7799999713897705,0.6351305842399597,0.30000001192092896,0.44999998807907104,1,dwa-left-arc,0.042024579482770774,0.06032788934632016,99.0,0.06224006652832026,0.3723694843297853,waiter-2,0,,waiter-1,-2.1440629959106445,-2.549999952316284,-0.44648636219459803,0.0,8.079885477057639,0,0,waiter-2,-7.445637226104736,2.200000047683716,-0.4419010088020858,0.0,1.3012015776449397,0,0,customer-1,4.470067977905273,2.549999952316284,-0.38911179525598527,0.0,12.007244575257666,0,0,customer-2,1.123368740081787,-2.200000047683716,-0.3629244364844908,0.0,10.336602079064518,0,0
5,152,6.0800000000000045,to_table,-7.488376140594482,3.4812142848968506,-0.9611524758762601,-0.9997999668121338,0.9547989368438721,0.7799999713897705,0.6418442130088806,0.30000001192092896,0.44999998807907104,1,dwa-left-arc,0.03346522458329099,0.0719315727499481,99.0,0.06158119678497309,0.32008755412265694,waiter-2,0,,waiter-1,-2.1619222164154053,-2.549999952316284,-0.44648788748929746,0.0,8.046530717120584,0,0,waiter-2,-7.463313579559326,2.200000047683716,-0.4418975894212718,0.0,1.2814593452791532,0,0,customer-1,4.454503536224365,2.549999952316284,-0.3891115388190247,0.0,11.979129146485404,0,0,customer-2,1.108851432800293,-2.200000047683716,-0.36292029034435735,0.0,10.304781329143198,0,0
5,153,6.1200000000000045,to_table,-7.475918292999268,3.4613311290740967,-0.9534727792199431,-0.9944519996643066,0.9579119682312012,0.7799999713897705,0.6554352641105652,0.30000001192092896,0.44999998807907104,1,dwa-left-arc,0.024798025516638733,0.08582131740819454,99.0,0.06031030654907221,0.26374931795482287,waiter-2,0,,waiter-1,-2.179781436920166,-2.549999952316284,-0.4464894127839969,0.0,8.011564576810791,0,0,waiter-2,-7.480989456176758,2.200000047683716,-0.44189893841203975,0.0,1.2613412756179037,0,0,customer-1,4.438939094543457,2.549999952316284,-0.38911128238206416,0.0,11.949659036106938,0,0,customer-2,1.094334602355957,-2.200000047683716,-0.36292091257580594,0.0,10.27131468621591,0,0
5,154,6.160000000000005,to_table,-7.462429523468018,3.4445602893829346,-0.9429641646618548,-0.9945429563522339,0.9578710794448853,0.7799999713897705,0.6709631085395813,0.30000001192092896,0.44999998807907104,1,dwa-left-arc,0.015567523491517854,0.10078158771879764,99.0,0.06275254726409907,0.2204011041127952,waiter-2,0,,waiter-1,-2.197640895843506,-2.549999952316284,-0.4464885538929053,0.0,7.978267467622616,0,0,waiter-2,-7.4986653327941895,2.200000047683716,-0.44190028740280773,0.0,1.2450876391226204,0,0,customer-1,4.423374652862549,2.549999952316284,-0.3891110259451036,0.0,11.919420250781073,0,0,customer-2,1.079817771911621,-2.200000047683716,-0.36292153480725453,0.0,10.238703543623418,0,0
5,155,6.200000000000005,to_table,-7.448944568634033,3.4273786544799805,-0.9355017285478046,-0.9946602582931519,0.9651873111724854,0.20000000298023224,0.6782260537147522,0.30000001192092896,0.44999998807907104,1,dwa-left-arc,0.00977283943431645,0.11080160919905513,99.0,0.06365281581878657,0.17349308742991282,waiter-2,0,,waiter-1,-2.2155003547668457,-2.549999952316284,-0.44648769500181373,0.0,7.944683338475209,0,0,waiter-2,-7.516341686248779,2.200000047683716,-0.4418968680219937,0.0,1.2292276501461865,0,0,customer-1,4.407810211181641,2.549999952316284,-0.38911076950814305,0.0,11.88917269181049,0,0,customer-2,1.0653009414672852,-2.200000047683716,-0.3629221570387031,0.0,10.205869275267347,0,0
5,156,6.240000000000005,to_table,-7.437345504760742,3.412250280380249,-0.9281852476438318,-0.9948508739471436,0.9690341949462891,0.20000000298023224,0.6912444829940796,0.20000000298023224,0.2800000011920929,1,dwa-left-arc,0.022934006790685635,0.11787962304032373,99.0,0.1056432151794433,0.24479807080604263,waiter-2,0,,waiter-1,-2.2333598136901855,-2.549999952316284,-0.44648683611072215,0.0,7.913905161812148,0,0,waiter-2,-7.534017562866211,2.200000047683716,-0.44189821701276166,0.0,1.2160987268684833,0,0,customer-1,4.392245769500732,2.549999952316284,-0.3891105130711825,0.0,11.860974047030439,0,0,customer-2,1.0507841110229492,-2.200000047683716,-0.3629227792701517,0.0,10.175740666860486,0,0
5,157,6.280000000000005,to_table,-7.427797317504883,3.398451805114746,-0.9215866233172763,-0.9956286549568176,0.971760630607605,0.20000000298023224,0.7034802436828613,0.18000000715255737,0.2800000011920929,1,dwa-left-arc,0.023371968746291938,0.12493613416404892,99.0,0.11074120044708247,0.21344586236574453,waiter-2,0,,waiter-1,-2.2512190341949463,-2.549999952316284,-0.4464883614054216,0.0,7.885495611166134,0,0,waiter-2,-7.551693439483643,2.200000047683716,-0.44189956600352964,0.0,1.2048389369251398,0,0,customer-1,4.376681327819824,2.549999952316284,-0.38911025663422194,0.0,11.834930782832833,0,0,customer-2,1.0362672805786133,-2.200000047683716,-0.3629234015016003,0.0,10.148056595655785,0,0
5,158,6.320000000000005,to_table,-7.418436527252197,3.3863582611083984,-0.9139301445820597,-0.8856141567230225,0.9794793128967285,0.20000000298023224,0.7178176045417786,0.18000000715255737,0.44999998807907104,1,dwa-left-arc,0.02149616925254133,0.0934319203666587,99.0,0.1090832376480102,0.14268522229314334,waiter-2,0,,waiter-1,-2.269078493118286,-2.549999952316284,-0.44648750251433,0.0,7.858513663651298,0,0,waiter-2,-7.569369316101074,2.200000047683716,-0.4419009149942976,0.0,1.1959207822050357,0,0,customer-1,4.361116886138916,2.549999952316284,-0.3891100001972614,0.0,11.809207163887837,0,0,customer-2,1.0217504501342773,-2.200000047683716,-0.36292402373305777,0.0,10.12147002008379,0,0
5,159,6.360000000000005,to_table,-7.412693023681641,3.377372980117798,-0.9113497701347261,-0.8825104832649231,0.5746045112609863,0.20000000298023224,0.6787123680114746,0.0,0.14000000059604645,1,dwa-stop-or-rotate,0.036087725265103565,0.1373030766124882,99.0,0.13021248817443842,99.0,waiter-2,0,,waiter-1,-2.286937713623047,-2.549999952316284,-0.44648902780902944,0.0,7.836269353381498,0,0,waiter-2,-7.587045669555664,2.200000047683716,-0.44189749561348357,0.0,1.1902125302447888,0,0,customer-1,4.345552444458008,2.549999952316284,-0.38910974376030083,0.0,11.787318720394389,0,0,customer-2,1.0072336196899414,-2.200000047683716,-0.36292464596449747,0.0,10.09961655564242,0,0
5,160,6.400000000000005,to_table,-7.410081386566162,3.373476505279541,-0.9101060468452808,-0.9556466341018677,0.9537336826324463,0.20000000298023224,0.7371324896812439,0.0,0.14000000059604645,1,dwa-stop-or-rotate,0.030737781174166534,0.14254796133715542,99.0,0.12950903415679926,99.0,waiter-2,0,,waiter-1,-2.3047971725463867,-2.549999952316284,-0.44648816891793786,0.0,7.819942470991171,0,0,waiter-2,-7.604721546173096,2.200000047683716,-0.44189884460425155,0.0,1.1895090534600647,0,0,customer-1,4.3299880027771,2.549999952316284,-0.3891094873233403,0.0,11.768914261726733,0,0,customer-2,0.9927167892456055,-2.200000047683716,-0.3629252681959372,0.0,10.083186900472327,0,0
5,161,6.440000000000005,to_table,-7.408996105194092,3.371725082397461,-0.9077315107681736,-0.32347893714904785,-0.9468832612037659,0.20000000298023224,0.5145778656005859,0.0,0.14000000059604645,1,dwa-stop-or-rotate,0.030336672478444904,0.1447943917222687,99.0,0.13099938869476313,99.0,waiter-2,0,,waiter-1,-2.3226566314697266,-2.549999952316284,-0.4464873100268463,0.0,7.806258811282275,0,0,waiter-2,-7.622397422790527,2.200000047683716,-0.44190019359501953,0.0,1.1909994455610893,0,0,customer-1,4.314423561096191,2.549999952316284,-0.3891092308863797,0.0,11.752182812625437,0,0,customer-2,0.9781999588012695,-2.200000047683716,-0.3629258904273769,0.0,10.069219370987872,0,0
5,162,6.480000000000005,to_table,-7.408313751220703,3.3708529472351074,-0.9056205818997975,-0.9161255359649658,0.9027771949768066,0.20000000298023224,0.7369173765182495,0.0,0.14000000059604645,1,dwa-stop-or-rotate,0.032101023879931356,0.14585052398181475,99.0,0.13356989860534663,99.0,waiter-2,0,,waiter-1,-2.3405160903930664,-2.549999952316284,-0.4464864511357547,0.0,7.793527583143348,0,0,waiter-2,-7.640073776245117,2.200000047683716,-0.4418967742142055,0.0,1.193569948342877,0,0,customer-1,4.298859119415283,2.549999952316284,-0.38910897444941916,0.0,11.735914802955177,0,0,customer-2,0.9636831283569336,-2.200000047683716,-0.3629265126588166,0.0,10.05607949663554,0,0
5,163,6.520000000000005,to_table,-7.407768726348877,3.370298147201538,-0.903419334880913,-0.9158112406730652,0.9046869277954102,0.20000000298023224,0.7360488176345825,0.0,0.14000000059604645,1,dwa-stop-or-rotate,0.03493548468179314,0.14631260647018396,99.0,0.13669890403747553,99.0,waiter-2,0,,waiter-1,-2.358375310897827,-2.549999952316284,-0.4464879764304541,0.0,7.7811505223298925,0,0,waiter-2,-7.657749652862549,2.200000047683716,-0.44189812320497346,0.0,1.1966988365314226,0,0,customer-1,4.283294677734375,2.549999952316284,-0.3891087180124586,0.0,11.719805998685587,0,0,customer-2,0.9491653442382812,-2.200000047683716,-0.36291759814709224,0.0,10.04323498879133,0,0
5,164,6.560000000000005,to_table,-7.4072794914245605,3.3702032566070557,-0.9006694909555081,-0.9154666066169739,0.9054068326950073,0.20000000298023224,0.7342636585235596,0.0,0.14000000059604645,1,dwa-stop-or-rotate,0.03832343188261095,0.1465563376817116,99.0,0.14053231716156,99.0,waiter-2,0,,waiter-1,-2.376234531402588,-2.549999952316284,-0.44648950172515356,0.0,7.76918396131207,0,0,waiter-2,-7.6754255294799805,2.200000047683716,-0.44189947219574144,0.0,1.2005323185567727,0,0,customer-1,4.267730236053467,2.549999952316284,-0.38910846157549805,0.0,11.703785097013533,0,0,customer-2,0.9346485137939453,-2.200000047683716,-0.3300525323375325,0.0,10.030699262533028,0,0
5,165,6.600000000000005,to_table,-7.407094955444336,3.3702118396759033,-0.8976434276869648,-0.9154183864593506,0.906762957572937,0.20000000298023224,0.7307567000389099,0.0,0.14000000059604645,1,dwa-stop-or-rotate,0.042411372839577466,0.14641702669695122,99.0,0.14465564727783198,99.0,waiter-2,0,,waiter-1,-2.3940939903259277,-2.549999952316284,-0.446488642834062,0.0,7.757518052722884,0,0,waiter-2,-7.693101406097412,2.200000047683716,-0.4419008211865094,0.0,1.2046556885403967,0,0,customer-1,4.252165794372559,2.549999952316284,-0.3891082051385375,0.0,11.688075494810377,0,0,customer-2,0.9201316833496094,-2.200000047683716,-0.039715301219374055,0.0,10.018481120605156,0,0
5,166,6.640000000000005,to_table,-7.4070892333984375,3.370298385620117,-0.8950230236804851,-0.7084686756134033,0.6107044219970703,0.20000000298023224,0.6912807822227478,0.0,0.14000000059604645,1,dwa-stop-or-rotate,0.04678204643415934,0.14632506780870314,99.0,0.14905947685241694,99.0,waiter-2,0,,waiter-1,-2.4119534492492676,-2.549999952316284,-0.4464877839429704,0.0,7.746051504622214,0,0,waiter-2,-7.710777759552002,2.200000047683716,-0.44189740180569537,0.0,1.2090595190866444,0,0,customer-1,4.236601829528809,2.549999952316284,-0.389112717073159,0.0,11.672550324953521,0,0,customer-2,0.9056148529052734,-2.200000047683716,0.2506219298987844,0.0,10.00646160550859,0,0
5,167,6.680000000000005,to_table,-7.407252788543701,3.369910717010498,-0.8920100532537278,-0.911220133304596,0.9337968826293945,0.20000000298023224,0.7265944480895996,0.0,0.14000000059604645,1,dwa-stop-or-rotate,0.051427674850749894,0.14624546905327918,99.0,0.15320283412933344,99.0,waiter-2,0,,waiter-1,-2.4298129081726074,-2.549999952316284,-0.4464869250518788,0.0,7.734355182917169,0,0,waiter-2,-7.728453636169434,2.200000047683716,-0.44189875079646335,0.0,1.2132027690044762,0,0,customer-1,4.2210373878479,2.549999952316284,-0.3891124606361984,0.0,11.657160292645326,0,0,customer-2,0.9089013338088989,-2.200000047683716,0.3629260475373286,0.0,10.009112114137729,0,0
5,168,6.720000000000005,to_table,-7.407029628753662,3.3695321083068848,-0.8880097298351474,-0.9104333519935608,0.9332988262176514,0.20000000298023224,0.7239974141120911,0.18000000715255737,0.44999998807907104,1,dwa-left-arc,0.0495012393684367,0.10885254182909931,99.0,0.15633040904998774,99.0,waiter-2,0,,waiter-1,-2.447672128677368,-2.549999952316284,-0.44648845034657825,0.0,7.722440458191216,0,0,waiter-2,-7.746129512786865,2.200000047683716,-0.4419000997872313,0.0,1.2177002801087005,0,0,customer-1,4.205472946166992,2.549999952316284,-0.38911220419923787,0.0,11.641385184214181,0,0,customer-2,0.9234182238578796,-2.200000047683716,0.36292607372232055,0.0,10.02078090079279,0,0
5,169,6.760000000000005,to_table,-7.404296398162842,3.3660759925842285,-0.8835137994127581,-0.8981347680091858,0.9002559185028076,0.20000000298023224,0.7158401012420654,0.30000001192092896,0.44999998807907104,1,dwa-left-arc,0.04552173294506773,0.14869999784686105,99.0,0.14707869529724116,99.0,waiter-2,0,,waiter-1,-2.465531587600708,-2.549999952316284,-0.44648759145548667,0.0,7.706578517077298,0,0,waiter-2,-7.763805389404297,2.200000047683716,-0.4419014487779993,0.0,1.2202376096724246,0,0,customer-1,4.189908504486084,2.549999952316284,-0.3891119477622773,0.0,11.622889805384364,0,0,customer-2,0.9379351139068604,-2.200000047683716,0.3629260999073125,0.0,10.028660383471644,0,0
5,170,6.800000000000005,to_table,-7.400157451629639,3.3627443313598633,-0.8791873369677221,-0.8975037932395935,0.8682842254638672,0.20000000298023224,0.7124953269958496,0.30000001192092896,0.44999998807907104,1,dwa-left-arc,0.05021360232005262,0.15053383248183938,99.0,0.15382617950439448,99.0,waiter-2,0,,waiter-1,-2.4833908081054688,-2.549999952316284,-0.4464891167501861,0.0,7.689937528420948,0,0,waiter-2,-7.781481742858887,2.200000047683716,-0.44189802939718525,0.0,1.2236758084979231,0,0,customer-1,4.174344062805176,2.549999952316284,-0.38911169132531676,0.0,11.603001281277217,0,0,customer-2,0.9524520039558411,-2.200000047683716,0.36292612609230446,0.0,10.035447660374544,0,0
5,171,6.840000000000005,to_table,-7.39448881149292,3.355811834335327,-0.874187027169353,-0.8949189782142639,0.8689103126525879,0.20000000298023224,0.7115441560745239,0.30000001192092896,0.44999998807907104,1,dwa-left-arc,0.055634698455848286,0.15132854899298787,99.0,0.15791732311248774,99.0,waiter-2,0,,waiter-1,-2.5012502670288086,-2.549999952316284,-0.4464882578590945,0.0,7.669576019075784,0,0,waiter-2,-7.799157619476318,2.200000047683716,-0.44189937838795323,0.0,1.2246051324069709,0,0,customer-1,4.158779621124268,2.549999952316284,-0.3891114348883562,0.0,11.58133603110245,0,0,customer-2,0.9669688940048218,-2.200000047683716,0.3629261522772964,0.0,10.038975078622894,0,0
5,172,6.880000000000005,to_table,-7.38784646987915,3.349785089492798,-0.8680469059212536,-0.8902763724327087,0.8545781373977661,0.20000000298023224,0.7161139249801636,0.30000001192092896,0.44999998807907104,1,dwa-left-arc,0.05844620583076804,0.15500369141265757,99.0,0.16317016124725336,99.0,waiter-2,0,,waiter-1,-2.5191097259521484,-2.549999952316284,-0.44648739896800294,0.0,7.649317683376674,0,0,waiter-2,-7.81683349609375,2.200000047683716,-0.4419007273787212,0.0,1.227206384854788,0,0,customer-1,4.143215179443359,2.549999952316284,-0.38911117845139565,0.0,11.558764597746803,0,0,customer-2,0.9814858436584473,-2.200000047683716,0.3629255824158406,0.0,10.042202868058876,0,0
5,173,6.920000000000005,to_table,-7.380342483520508,3.3441162109375,-0.8606580707333208,-0.8320674300193787,0.871279239654541,0.20000000298023224,0.7199328541755676,0.30000001192092896,0.44999998807907104,1,dwa-left-arc,0.0626227697440716,0.15702711842709194,99.0,0.1689906740188598,99.0,waiter-2,0,,waiter-1,-2.5369691848754883,-2.549999952316284,-0.44648654007691135,0.0,7.628818404966594,0,0,waiter-2,-7.83450984954834,2.200000047683716,-0.44189730799790716,0.0,1.2309629528881925,0,0,customer-1,4.127650737762451,2.549999952316284,-0.3891109220144351,0.0,11.53535992560705,0,0,customer-2,0.9960026741027832,-2.200000047683716,0.3629262046472803,0.0,10.044918281835212,0,0
5,174,6.960000000000005,to_table,-7.372195243835449,3.3360671997070312,-0.8512396367333902,0.042218804359436035,0.96946120262146,0.20000000298023224,0.730441153049469,0.30000001192092896,0.44999998807907104,1,dwa-left-arc,0.06760251102079057,0.15787367798317042,99.0,0.1727499389648437,99.0,waiter-2,0,,waiter-1,-2.554828405380249,-2.549999952316284,-0.4464880653716108,0.0,7.606103455408407,0,0,waiter-2,-7.8521857261657715,2.200000047683716,-0.44189865698867514,0.0,1.2333042759327733,0,0,customer-1,4.112086296081543,2.549999952316284,-0.38911066557747453,0.0,11.511152166725044,0,0,customer-2,1.0105196237564087,-2.200000047683716,0.3629256347858245,0.0,10.04579260780244,0,0
5,175,7.000000000000005,to_table,-7.363404750823975,3.3289387226104736,-0.8423706857799731,-0.8277823328971863,0.7562710046768188,0.20000000298023224,0.8254434466362,0.30000001192092896,0.44999998807907104,1,dwa-left-arc,0.07086252189634795,0.1597684716774479,99.0,0.1773285293579101,99.0,waiter-2,0,,waiter-1,-2.5726876258850098,-2.549999952316284,-0.4464895906663102,0.0,7.58372537179011,0,0,waiter-2,-7.869861602783203,2.200000047683716,-0.4419000059794431,0.0,1.2373362819548435,0,0,customer-1,4.096521854400635,2.549999952316284,-0.389110409140514,0.0,11.486368590855957,0,0,customer-2,1.0250364542007446,-2.200000047683716,0.3629262570172642,0.0,10.046646693092118,0,0
5,176,7.040000000000005,to_table,-7.35426139831543,3.320640802383423,-0.8336578923360979,-0.8219851851463318,0.7635664939880371,0.20000000298023224,0.8262885212898254,0.30000001192092896,0.44999998807907104,1,dwa-left-arc,0.07575727217975087,0.161094768335873,99.0,0.18105560779571528,99.0,waiter-2,0,,waiter-1,-2.5905470848083496,-2.549999952316284,-0.44648873177521864,0.0,7.560251115634545,0,0,waiter-2,-7.887537479400635,2.200000047683716,-0.4419013549702111,0.0,1.24105563120737,0,0,customer-1,4.080957412719727,2.549999952316284,-0.3891101527035534,0.0,11.461156860284415,0,0,customer-2,1.0395534038543701,-2.200000047683716,0.3629256871558084,0.0,10.046571670403534,0,0
5,177,7.080000000000005,to_table,-7.344707012176514,3.3129844665527344,-0.8255479245210677,-0.2655348777770996,-0.9013727903366089,0.20000000298023224,0.629593014717102,0.30000001192092896,0.44999998807907104,1,dwa-left-arc,0.08035604428619286,0.16368650079463443,99.0,0.18615502357482905,99.0,waiter-2,0,,waiter-1,-2.6084065437316895,-2.549999952316284,-0.44648787288412706,0.0,7.5370503795113075,0,0,waiter-2,-7.905213832855225,2.200000047683716,-0.44189793558939705,0.0,1.246154971370962,0,0,customer-1,4.065392971038818,2.549999952316284,-0.38910989626659287,0.0,11.435581620360862,0,0,customer-2,1.054070234298706,-2.200000047683716,0.3629263093872481,0.0,10.04651469366968,0,0
5,178,7.120000000000005,to_table,-7.3345136642456055,3.305043935775757,-0.8175104851607398,-0.7489015460014343,0.6874523162841797,0.20000000298023224,0.8229417204856873,0.30000001192092896,0.44999998807907104,1,dwa-left-arc,0.08632299548241568,0.16602634135226824,99.0,0.19192189216613764,99.0,waiter-2,0,,waiter-1,-2.6262660026550293,-2.549999952316284,-0.4464870139930355,0.0,7.5132639361569815,0,0,waiter-2,-7.922889709472656,2.200000047683716,-0.44189928458016503,0.0,1.2519218686509952,0,0,customer-1,4.04982852935791,2.549999952316284,-0.3891096398296323,0.0,11.409353119174622,0,0,customer-2,1.0685871839523315,-2.200000047683716,0.3629257395257923,0.0,10.045775884659593,0,0
5,179,7.1600000000000055,to_table,-7.324020862579346,3.296921730041504,-0.8096116808475077,-0.7443894743919373,0.6883141994476318,0.20000000298023224,0.8267403841018677,0.30000001192092896,0.44999998807907104,1,dwa-left-arc,0.09296912778254668,0.1686934140555456,99.0,0.19831818580627436,99.0,waiter-2,0,,waiter-1,-2.644125461578369,-2.549999952316284,-0.4464861551019439,0.0,7.489186479447265,0,0,waiter-2,-7.940565586090088,2.200000047683716,-0.441900633570933,0.0,1.258318152660756,0,0,customer-1,4.034264087677002,2.549999952316284,-0.38910938339267176,0.0,11.382817276634992,0,0,customer-2,1.0831040143966675,-2.200000047683716,0.36292636175723203,0.0,10.044695004204893,0,0
5,180,7.2000000000000055,to_table,-7.312973976135254,3.288278341293335,-0.8015621869990546,-0.7359640598297119,0.6896214485168457,0.20000000298023224,0.8317176103591919,0.30000001192092896,0.44999998807907104,1,dwa-left-arc,0.10024422659754922,0.17162907962170815,99.0,0.20519584655761713,99.0,waiter-2,0,,waiter-1,-2.66198468208313,-2.549999952316284,-0.4464876803966433,0.0,7.464395142744033,0,0,waiter-2,-7.958241939544678,2.200000047683716,-0.44189721419012784,0.0,1.265195790755095,0,0,customer-1,4.018699645996094,2.549999952316284,-0.3891091269557112,0.0,11.355698219754606,0,0,customer-2,1.097620964050293,-2.200000047683716,0.36292579189577623,0.0,10.042873439548426,0,0
5,181,7.2400000000000055,to_table,-7.3019256591796875,3.2809605598449707,-0.7922630445000773,-0.7290305495262146,0.688927173614502,0.20000000298023224,0.8380687832832336,0.30000001192092896,0.44999998807907104,1,dwa-left-arc,0.1080137260680259,0.1749831964921542,99.0,0.21386856079101557,99.0,waiter-2,0,,waiter-1,-2.6798439025878906,-2.549999952316284,-0.44648920569134276,0.0,7.440681437812168,0,0,waiter-2,-7.975917816162109,2.200000047683716,-0.44189856318087806,0.0,1.2738685397346698,0,0,customer-1,4.0031352043151855,2.549999952316284,-0.38910887051875065,0.0,11.328667376928415,0,0,customer-2,1.112137794494629,-2.200000047683716,0.36292641412721593,0.0,10.041782360902818,0,0
5,182,7.280000000000006,to_table,-7.291933536529541,3.270176887512207,-0.781529110987865,-0.7408683896064758,0.7336311340332031,0.20000000298023224,0.8457130193710327,0.30000001192092896,0.44999998807907104,1,dwa-left-arc,0.11757262321546397,0.17618625878167515,99.0,0.21968955039978022,99.0,waiter-2,0,,waiter-1,-2.6977033615112305,-2.549999952316284,-0.4464883468002512,0.0,7.414944999656083,0,0,waiter-2,-7.993593692779541,2.200000047683716,-0.4418999121716638,0.0,1.279689588679251,0,0,customer-1,3.9875707626342773,2.549999952316284,-0.3891086140817901,0.0,11.302471944351078,0,0,customer-2,1.1266547441482544,-2.200000047683716,0.36292584426576013,0.0,10.039694434688487,0,0
5,183,7.320000000000006,to_table,-7.280648231506348,3.261383533477783,-0.7711642700109896,-0.7580183744430542,0.7613286972045898,0.20000000298023224,0.860187828540802,0.30000001192092896,0.44999998807907104,1,dwa-left-arc,0.12432039211438323,0.1799066703211598,99.0,0.22854274749755854,99.0,waiter-2,0,,waiter-1,-2.7155628204345703,-2.549999952316284,-0.4464874879091596,0.0,7.390005604148104,0,0,waiter-2,-8.011269569396973,2.200000047683716,-0.441901261162414,0.0,1.2885427595921883,0,0,customer-1,3.972006320953369,2.549999952316284,-0.38910835764482954,0.0,11.2751186723927,0,0,customer-2,1.1411716938018799,-2.200000047683716,0.36292527440430433,0.0,10.03761732060448,0,0
5,184,7.360000000000006,to_table,-7.269104957580566,3.2518374919891357,-0.759783523204138,-0.9098952412605286,0.9181300401687622,0.20000000298023224,0.8858188986778259,0.30000001192092896,0.44999998807907104,1,dwa-left-arc,0.13408216150432734,0.18187519629169469,99.0,0.23758250713348383,99.0,waiter-2,0,,waiter-1,-2.73342227935791,-2.549999952316284,-0.446486629018068,0.0,7.364355714363171,0,0,waiter-2,-8.028945922851562,2.200000047683716,-0.44189784178161773,0.0,1.2975824836005287,0,0,customer-1,3.956441879272461,2.549999952316284,-0.389108101207869,0.0,11.247465390854735,0,0,customer-2,1.1556885242462158,-2.200000047683716,0.36292589663574404,0.0,10.03492290804554,0,0
5,185,7.400000000000006,to_table,-7.2573323249816895,3.242708683013916,-0.7467056635823928,0.7030506134033203,0.5698740482330322,0.20000000298023224,0.8528270125389099,0.30000001192092896,0.44999998807907104,1,dwa-left-arc,0.1440514544037535,0.18392333254460702,99.0,0.2477532052993774,99.0,waiter-2,0,,waiter-1,-2.751281499862671,-2.549999952316284,-0.44648815431276745,0.0,7.338935029851733,0,0,waiter-2,-8.046621322631836,2.200000047683716,-0.44190395914395,0.0,1.3077531953712602,0,0,customer-1,3.940877914428711,2.549999952316284,-0.38911261314249046,0.0,11.21961487536986,0,0,customer-2,1.1702053546905518,-2.200000047683716,0.36292651886718374,0.0,10.032271411276094,0,0
5,186,7.440000000000006,to_table,-7.245611190795898,3.2333738803863525,-0.7320376320517727,-0.5738047957420349,0.5772571563720703,0.20000000298023224,0.8605077862739563,0.30000001192092896,0.44999998807907104,1,dwa-left-arc,0.15516694201193776,0.18443200483973365,99.0,0.2583735609054565,99.0,waiter-2,0,,waiter-1,-2.7691407203674316,-2.549999952316284,-0.4464896796074669,0.0,7.313426061799466,0,0,waiter-2,-8.064297676086426,2.200000047683716,-0.4419005397631537,0.0,1.318373634184139,0,0,customer-1,3.9253134727478027,2.549999952316284,-0.3891123567055299,0.0,11.191807618259656,0,0,customer-2,1.1847223043441772,-2.200000047683716,0.36292594900572794,0.0,10.02956006420582,0,0
5,187,7.480000000000006,to_table,-7.233896732330322,3.2238380908966064,-0.7157115418636094,-0.5395255088806152,0.5837197303771973,0.20000000298023224,0.8682305216789246,0.30000001192092896,0.44999998807907104,1,dwa-left-arc,0.16674687514747483,0.18409501562624841,99.0,0.26946586608886713,99.0,waiter-2,0,,waiter-1,-2.7870001792907715,-2.549999952316284,-0.4464888207163753,0.0,7.2878045186933695,0,0,waiter-2,-8.081974029541016,2.200000047683716,-0.4418971203823219,0.0,1.3294658479156942,0,0,customer-1,3.9097490310668945,2.549999952316284,-0.38911210026856935,0.0,11.16400012258537,0,0,customer-2,1.1992392539978027,-2.200000047683716,0.36292537914427214,0.0,10.026754346119231,0,0
5,188,7.520000000000006,to_table,-7.222071170806885,3.2133657932281494,-0.6979927219403261,-0.8274902105331421,0.9597276449203491,0.20000000298023224,0.920521080493927,0.30000001192092896,0.44999998807907104,1,dwa-left-arc,0.1785840197397222,0.18286381126131257,99.0,0.2805423164367675,99.0,waiter-2,0,,waiter-1,-2.8048596382141113,-2.549999952316284,-0.4464879618252837,0.0,7.2614146308130305,0,0,waiter-2,-8.099649429321289,2.200000047683716,-0.44190323774468965,0.0,1.3405423283358122,0,0,customer-1,3.8941845893859863,2.549999952316284,-0.3891118438316088,0.0,11.136031445937547,0,0,customer-2,1.2137560844421387,-2.200000047683716,0.36292600137571185,0.0,10.023358279935607,0,0
5,189,7.560000000000006,to_table,-7.209195137023926,3.2027769088745117,-0.6808293351440121,0.18361079692840576,0.28010094165802,0.20000000298023224,0.8620051145553589,0.30000001192092896,0.44999998807907104,1,dwa-left-arc,0.18998785199738838,0.18165156450319886,99.0,0.2928720140457153,99.0,waiter-2,0,,waiter-1,-2.822719097137451,-2.549999952316284,-0.44648710293419214,0.0,7.234335744430884,0,0,waiter-2,-8.117325782775879,2.200000047683716,-0.44189981836385783,0.0,1.3528720202197708,0,0,customer-1,3.878620147705078,2.549999952316284,-0.38911158739464824,0.0,11.107014249711016,0,0,customer-2,1.2282729148864746,-2.200000047683716,0.36292662360715156,0.0,10.01902520055346,0,0
5,190,7.600000000000006,to_table,-7.195849418640137,3.193678617477417,-0.664127308051365,0.3525524139404297,-0.9640499353408813,0.20000000298023224,0.7163771986961365,0.30000001192092896,0.44999998807907104,1,dwa-left-arc,0.20260790838551884,0.1809264923604661,99.0,0.30726117134094233,99.0,waiter-2,0,,waiter-1,-2.840578556060791,-2.549999952316284,-0.44648624404310056,0.0,7.208205588046171,0,0,waiter-2,-8.135001182556152,2.200000047683716,-0.4419059357262256,0.0,1.3672611805115433,0,0,customer-1,3.86305570602417,2.549999952316284,-0.3891113309576877,0.0,11.07762180164633,0,0,customer-2,1.2427898645401,-2.200000047683716,0.36292605374569575,0.0,10.015108711074834,0,0
5,191,7.640000000000006,to_table,-7.182461261749268,3.183607816696167,-0.6479479653042616,-0.5859106183052063,0.7287758588790894,0.20000000298023224,0.9213634729385376,0.30000001192092896,0.44999998807907104,1,dwa-left-arc,0.21727059245142627,0.17902223056414268,99.0,0.32159465789794917,99.0,waiter-2,0,,waiter-1,-2.8584377765655518,-2.549999952316284,-0.4464877693378,0.0,7.1813255844099055,0,0,waiter-2,-8.152677536010742,2.200000047683716,-0.4419025163453938,0.0,1.3815946808320696,0,0,customer-1,3.8474912643432617,2.549999952316284,-0.38911107452072713,0.0,11.048136116723898,0,0,customer-2,1.2573068141937256,-2.200000047683716,0.36292548388423995,0.0,10.010640279878176,0,0
5,192,7.680000000000006,to_table,-7.168592929840088,3.1735360622406006,-0.63369239905088,-0.5905972719192505,0.7429261207580566,0.20000000298023224,0.9292656779289246,0.30000001192092896,0.44999998807907104,1,dwa-left-arc,0.23187231613613118,0.17844456871248893,99.0,0.3368884944915771,99.0,waiter-2,0,,waiter-1,-2.8762969970703125,-2.549999952316284,-0.4464892946324994,0.0,7.154206376978628,0,0,waiter-2,-8.170353889465332,2.200000047683716,-0.4418990969645975,0.0,1.3968884679417297,0,0,customer-1,3.8319268226623535,2.549999952316284,-0.3891108180837666,0.0,11.018177349524555,0,0,customer-2,1.2718236446380615,-2.200000047683716,0.36292610611567966,0.0,10.005774446557648,0,0
5,193,7.720000000000006,to_table,-7.154818058013916,3.163672924041748,-0.6196511962856084,-0.5976168513298035,0.7632126808166504,0.20000000298023224,0.9417984485626221,0.30000001192092896,0.44999998807907104,1,dwa-left-arc,0.24742614923813472,0.17914420805484266,99.0,0.35286623477935786,99.0,waiter-2,0,,waiter-1,-2.8941564559936523,-2.549999952316284,-0.44648843574140784,0.0,7.127362417118927,0,0,waiter-2,-8.188029289245605,2.200000047683716,-0.44190521432692975,0.0,1.4128661865058088,0,0,customer-1,3.8163623809814453,2.549999952316284,-0.389110561646806,0.0,10.988329934126515,0,0,customer-2,1.286340594291687,-2.200000047683716,0.36292553625422386,0.0,10.001107295745408,0,0
5,194,7.760000000000006,to_table,-7.140456676483154,3.153123378753662,-0.6057887497840142,-0.597833514213562,0.7764186859130859,0.20000000298023224,0.954774022102356,0.30000001192092896,0.44999998807907104,1,dwa-left-arc,0.2636515743490065,0.17978744822231763,99.0,0.36940533161163325,99.0,waiter-2,0,,waiter-1,-2.912015914916992,-2.549999952316284,-0.44648757685031626,0.0,7.09967090811036,0,0,waiter-2,-8.205705642700195,2.200000047683716,-0.44190179494613346,0.0,1.4294052764196532,0,0,customer-1,3.800797939300537,2.549999952316284,-0.38911030520984546,0.0,10.957865231646423,0,0,customer-2,1.300857424736023,-2.200000047683716,0.36292615848566356,0.0,9.995584733977017,0,0
5,195,7.800000000000006,to_table,-7.12548303604126,3.143719434738159,-0.5916653665356562,0.38762402534484863,0.8377199172973633,0.20000000298023224,0.977484941482544,0.30000001192092896,0.44999998807907104,1,dwa-left-arc,0.2804342042154982,0.18124724559603544,99.0,0.387752833366394,99.0,waiter-2,0,,waiter-1,-2.929875373840332,-2.549999952316284,-0.4464867179592247,0.0,7.072592460593128,0,0,waiter-2,-8.223381996154785,2.200000047683716,-0.44189837556530165,0.0,1.4477528822698902,0,0,customer-1,3.785233497619629,2.549999952316284,-0.3891100487728849,0.0,10.926858565100419,0,0,customer-2,1.3153743743896484,-2.200000047683716,0.36292558862420776,0.0,9.990165750879285,0,0
5,196,7.840000000000006,to_table,-7.110327243804932,3.1329190731048584,-0.5779460146506951,0.4019780158996582,0.6704914569854736,0.20000000298023224,0.9604589939117432,0.30000001192092896,0.44999998807907104,1,dwa-left-arc,0.2990105226147262,0.18140521000185084,99.0,0.4059087657928466,99.0,waiter-2,0,,waiter-1,-2.947734832763672,-2.549999952316284,-0.4464858590681331,0.0,7.044341291416244,0,0,waiter-2,-8.241057395935059,2.200000047683716,-0.4419044929276694,0.0,1.4659087914767939,0,0,customer-1,3.7696690559387207,2.549999952316284,-0.38910979233592435,0.0,10.895600680266163,0,0,customer-2,1.3298912048339844,-2.200000047683716,0.36292621085564747,0.0,9.983852653641133,0,0
5,197,7.880000000000006,to_table,-7.0946197509765625,3.1226272583007812,-0.5640371364463442,0.3864269256591797,0.6793859004974365,0.20000000298023224,0.9615263342857361,0.30000001192092896,0.44999998807907104,1,dwa-left-arc,0.31739409867777973,0.1832402004312903,99.0,0.42539638519287104,99.0,waiter-2,0,,waiter-1,-2.9655938148498535,-2.549999952316284,-0.44648976854862354,0.0,7.016235076723142,0,0,waiter-2,-8.258733749389648,2.200000047683716,-0.4419010735468376,0.0,1.4853963683382052,0,0,customer-1,3.7541046142578125,2.549999952316284,-0.3891095358989638,0.0,10.863826323371939,0,0,customer-2,1.3444081544876099,-2.200000047683716,0.36292564099419167,0.0,9.977352024841801,0,0
5,198,7.920000000000006,to_table,-7.079443454742432,3.113298177719116,-0.550461810659059,0.29832780361175537,0.9979462623596191,0.20000000298023224,0.9997535347938538,0.30000001192092896,0.44999998807907104,1,dwa-left-arc,0.33709723439488265,0.18446074203624363,99.0,0.44560379028320307,99.0,waiter-2,0,,waiter-1,-2.9834532737731934,-2.549999952316284,-0.44648890965753196,0.0,6.989283316067454,0,0,waiter-2,-8.276410102844238,2.200000047683716,-0.4418976541660413,0.0,1.5056037430194684,0,0,customer-1,3.7385401725769043,2.549999952316284,-0.38910927946200324,0.0,10.832639320668402,0,0,customer-2,1.3589249849319458,-2.200000047683716,0.3629262632256314,0.0,9.971820292993726,0,0
5,199,7.960000000000006,to_table,-7.064033508300781,3.103835105895996,-0.5371199395968876,0.11197710037231445,0.8243987560272217,0.20000000298023224,0.9789278507232666,0.30000001192092896,0.44999998807907104,1,dwa-left-arc,0.35750173315774797,0.18495518956146473,99.0,0.4664159440994262,99.0,waiter-2,0,,waiter-1,-3.001312732696533,-2.549999952316284,-0.4464880507664404,0.0,6.962151317372859,0,0,waiter-2,-8.294085502624512,2.200000047683716,-0.44190377152837357,0.0,1.5264159725295667,0,0,customer-1,3.722975730895996,2.549999952316284,-0.3891090230250427,0.0,10.801217602837992,0,0,customer-2,1.3734419345855713,-2.200000047683716,0.36292569336417557,0.0,9.96602524508433,0,0
5,200,8.000000000000005,to_table,-7.048426628112793,3.0945146083831787,-0.523393422362717,0.1132192611694336,0.8281646966934204,0.20000000298023224,0.9793797731399536,0.30000001192092896,0.44999998807907104,1,dwa-left-arc,0.3785037090234294,0.1857555315743995,99.0,0.48795742034912104,99.0,waiter-2,0,,waiter-1,-3.019172191619873,-2.549999952316284,-0.4464871918753488,0.0,6.935087305863289,0,0,waiter-2,-8.311761856079102,2.200000047683716,-0.4419003521475773,0.0,1.5479574275554344,0,0,customer-1,3.707411289215088,2.549999952316284,-0.38910876658808213,0.0,10.769612133893208,0,0,customer-2,1.3879587650299072,-2.200000047683716,0.3629263155956153,0.0,9.960144775300138,0,0
5,201,8.040000000000004,to_table,-7.033117294311523,3.084430456161499,-0.5079553058521615,0.12349951267242432,0.8284687995910645,0.7799999713897705,0.6344977021217346,0.30000001192092896,0.44999998807907104,1,dwa-left-arc,0.4002245617999916,0.18618585235622076,99.0,0.5092881345748901,99.0,waiter-2,0,,waiter-1,-3.037031650543213,-2.549999952316284,-0.4464863329842572,0.0,6.907641167599133,0,0,waiter-2,-8.329438209533691,2.200000047683716,-0.44189693276674546,0.0,1.5692880751100537,0,0,customer-1,3.6918468475341797,2.549999952316284,-0.3891085101511127,0.0,10.73827136029428,0,0,customer-2,1.4024757146835327,-2.200000047683716,0.3629257457341595,0.0,9.954116493359722,0,0
5,202,8.080000000000004,to_table,-7.017271041870117,3.0757358074188232,-0.49426372635526883,0.14628279209136963,0.8208556175231934,0.7799999713897705,0.6366503834724426,0.30000001192092896,0.44999998807907104,1,dwa-left-arc,0.42172832062591153,0.186300374017224,99.0,0.5322921895980834,99.0,waiter-2,0,,waiter-1,-3.0548906326293945,-2.549999952316284,-0.44649024246474767,0.0,6.881087221209816,0,0,waiter-2,-8.347113609313965,2.200000047683716,-0.4419030501290777,0.0,1.5922921764125044,0,0,customer-1,3.6762824058532715,2.549999952316284,-0.38910825371414326,0.0,10.706469237272257,0,0,customer-2,1.4169926643371582,-2.200000047683716,0.3629251758727037,0.0,9.948376404150569,0,0
5,203,8.120000000000003,to_table,-7.0014848709106445,3.0674619674682617,-0.4805494413884417,0.13535070419311523,0.8332034349441528,0.7799999713897705,0.6411309838294983,0.30000001192092896,0.44999998807907104,1,dwa-left-arc,0.444892182603514,0.18618087734531086,99.0,0.5558870458602905,99.0,waiter-2,0,,waiter-1,-3.0727500915527344,-2.549999952316284,-0.4464893835736561,0.0,6.854986169699099,0,0,waiter-2,-8.364789962768555,2.200000047683716,-0.44189963074826366,0.0,1.6158870491968165,0,0,customer-1,3.6607184410095215,2.549999952316284,-0.38911276564875585,0.0,10.674752756005477,0,0,customer-2,1.4315094947814941,-2.200000047683716,0.3629257981041434,0.0,9.942914565300473,0,0
5,204,8.160000000000002,to_table,-6.985916614532471,3.0591042041778564,-0.46602237051101525,-0.9928971529006958,0.9470385313034058,0.7799999713897705,0.6580553650856018,0.30000001192092896,0.44999998807907104,1,dwa-left-arc,0.46863545364777154,0.18565369826980316,99.0,0.5796366357803344,99.0,waiter-2,0,,waiter-1,-3.090609550476074,-2.549999952316284,-0.4464885246825645,0.0,6.829016514966669,0,0,waiter-2,-8.382465362548828,2.200000047683716,-0.44190574811061367,0.0,1.6396366540461225,0,0,customer-1,3.6451539993286133,2.549999952316284,-0.3891125092117864,0.0,10.64325371003455,0,0,customer-2,1.44602632522583,-2.200000047683716,0.3629264203355831,0.0,9.937597258456812,0,0
5,205,8.200000000000001,to_table,-6.97007942199707,3.0522007942199707,-0.45001780810638875,-0.19295555353164673,0.9494466781616211,0.7799999713897705,0.6623461842536926,0.30000001192092896,0.44999998807907104,1,dwa-left-arc,0.4925262637349633,0.18472096789060588,99.0,0.6047294759750366,99.0,waiter-2,0,,waiter-1,-3.108469009399414,-2.549999952316284,-0.4464876657914729,0.0,6.804166972023395,0,0,waiter-2,-8.400141716003418,2.200000047683716,-0.44190232872978186,0.0,1.6647294906787853,0,0,customer-1,3.629589557647705,2.549999952316284,-0.389112252774817,0.0,10.611559176843546,0,0,customer-2,1.4605432748794556,-2.200000047683716,0.3629258504741273,0.0,9.932825013095893,0,0
5,206,8.24,to_table,-6.953882217407227,3.0442733764648438,-0.4361043652195482,-0.14978259801864624,0.9496827125549316,0.7799999713897705,0.6619293093681335,0.30000001192092896,0.44999998807907104,1,dwa-left-arc,0.5177461716865517,0.18142954915267717,99.0,0.6299424791336059,99.0,waiter-2,0,,waiter-1,-3.126328468322754,-2.549999952316284,-0.44648680690038134,0.0,6.778352438405847,0,0,waiter-2,-8.417818069458008,2.200000047683716,-0.44189890934895004,0.0,1.6899424938768814,0,0,customer-1,3.614025115966797,2.549999952316284,-0.38911199633784754,0.0,10.579459892858425,0,0,customer-2,1.475060224533081,-2.200000047683716,0.3629252806126715,0.0,9.927208793854065,0,0
5,207,8.28,to_table,-6.937992572784424,3.037041425704956,-0.4215165778035565,-0.14873158931732178,0.9542118310928345,0.7799999713897705,0.6692531704902649,0.30000001192092896,0.44999998807907104,1,dwa-left-arc,0.5430851346158638,0.18053069129343102,99.0,0.6555603170394897,99.0,waiter-2,0,,waiter-1,-3.1441879272460938,-2.549999952316284,-0.44648594800928976,0.0,6.753368422367441,0,0,waiter-2,-8.435493469238281,2.200000047683716,-0.44190502671130005,0.0,1.7155603176221474,0,0,customer-1,3.5984606742858887,2.549999952316284,-0.3891117399008781,0.0,10.547703846074706,0,0,customer-2,1.489577054977417,-2.200000047683716,0.3629259028441112,0.0,9.922224207543731,0,0
5,208,8.319999999999999,to_table,-6.922274589538574,3.0303702354431152,-0.4041578350579577,-0.12265002727508545,0.9545937776565552,0.20000000298023224,0.6749918460845947,0.30000001192092896,0.44999998807907104,1,dwa-left-arc,0.5688192950281601,0.17854701570748288,99.0,0.6815955066680908,99.0,waiter-2,0,,waiter-1,-3.1620469093322754,-2.549999952316284,-0.4464898574897802,0.0,6.729029918154883,0,0,waiter-2,-8.453169822692871,2.200000047683716,-0.441901607330486,0.0,1.7415954936821951,0,0,customer-1,3.5828962326049805,2.549999952316284,-0.38911148346390867,0.0,10.516148040576818,0,0,customer-2,1.504093885421753,-2.200000047683716,0.3629265250755509,0.0,9.917684153794246,0,0
5,209,8.359999999999998,to_table,-6.906678199768066,3.0236401557922363,-0.3898321624424976,0.889552116394043,-0.9597882032394409,0.8199999928474426,0.4290308654308319,0.30000001192092896,0.44999998807907104,1,dwa-left-arc,0.5949611759321329,0.17430600742756752,99.0,0.7077682638168334,99.0,waiter-2,0,,waiter-1,-3.1799063682556152,-2.549999952316284,-0.4464889985986886,0.0,6.704796219041309,0,0,waiter-2,-8.470846176147461,2.200000047683716,-0.4418981879496542,0.0,1.7677682218027977,0,0,customer-1,3.5673317909240723,2.549999952316284,-0.38911122702693923,0.0,10.484713650237067,0,0,customer-2,1.5186108350753784,-2.200000047683716,0.3629259552140951,0.0,9.9132190682958,0,0
5,210,8.399999999999997,to_table,-6.890487194061279,3.016939401626587,-0.37614220258619957,0.3903747797012329,0.9628665447235107,0.7799999713897705,0.6598539352416992,0.30000001192092896,0.44999998807907104,1,dwa-left-arc,0.6212350609697623,0.17207691234260558,99.0,0.7347432994842529,99.0,waiter-2,0,,waiter-1,-3.197765827178955,-2.549999952316284,-0.44648813970759704,0.0,6.680344666550307,0,0,waiter-2,-8.488521575927734,2.200000047683716,-0.44190430531198643,0.0,1.7947433782153646,0,0,customer-1,3.551767349243164,2.549999952316284,-0.3891109705899698,0.0,10.452689242318673,0,0,customer-2,1.533127784729004,-2.200000047683716,0.3629253853526393,0.0,9.908266575373823,0,0
5,211,8.439999999999996,to_table,-6.874077796936035,3.010432481765747,-0.362616098468218,0.473177433013916,0.9525294303894043,0.7799999713897705,0.6606264114379883,0.30000001192092896,0.44999998807907104,1,dwa-left-arc,0.6483080932214951,0.17025704073076042,99.0,0.7622559690475463,99.0,waiter-2,0,,waiter-1,-3.215625286102295,-2.549999952316284,-0.44648728081650546,0.0,6.6560261138322705,0,0,waiter-2,-8.506197929382324,2.200000047683716,-0.4419008859311724,0.0,1.8222559800830997,0,0,customer-1,3.536202907562256,2.549999952316284,-0.38911071415300036,0.0,10.420457881524433,0,0,customer-2,1.5476446151733398,-2.200000047683716,0.362926007584079,0.0,9.903232579848384,0,0
5,212,8.479999999999995,to_table,-6.8575310707092285,3.004101514816284,-0.3489723278220693,0.49172019958496094,0.9523105621337891,0.7799999713897705,0.6636077165603638,0.30000001192092896,0.44999998807907104,1,dwa-left-arc,0.675912333177471,0.16838623766964567,99.0,0.790210428237915,99.0,waiter-2,0,,waiter-1,-3.2334847450256348,-2.549999952316284,-0.4464864219254139,0.0,6.631874160288697,0,0,waiter-2,-8.523874282836914,2.200000047683716,-0.44189746655035833,0.0,1.850210493443587,0,0,customer-1,3.5206384658813477,2.549999952316284,-0.3891104577160309,0.0,10.388099496986039,0,0,customer-2,1.5621614456176758,-2.200000047683716,0.3629266298155187,0.0,9.898176354374892,0,0
5,213,8.519999999999994,to_table,-6.840866565704346,2.9979703426361084,-0.3352387515408927,0.5115127563476562,0.9518243074417114,0.7799999713897705,0.6673320531845093,0.30000001192092896,0.44999998807907104,1,dwa-left-arc,0.7039532916458633,0.16630937064534868,99.0,0.8185845041275024,99.0,waiter-2,0,,waiter-1,-3.2513442039489746,-2.549999952316284,-0.4464855630343223,0.0,6.607922909599959,0,0,waiter-2,-8.541549682617188,2.200000047683716,-0.4419035839126906,0.0,1.8785844819381392,0,0,customer-1,3.5050740242004395,2.549999952316284,-0.3891102012790615,0.0,10.355634416125488,0,0,customer-2,1.5766783952713013,-2.200000047683716,0.3629260599540629,0.0,9.893126874183315,0,0
5,214,8.559999999999993,to_table,-6.824100494384766,2.9920530319213867,-0.32144233194433147,0.12151944637298584,0.9985957145690918,0.7799999713897705,0.6775727868080139,0.30000001192092896,0.44999998807907104,1,dwa-left-arc,0.7324095656195573,0.16402232537461758,99.0,0.8473565006256103,99.0,waiter-2,0,,waiter-1,-3.2692031860351562,-2.549999952316284,-0.44648947251481275,0.0,6.58419669762447,0,0,waiter-2,-8.559226036071777,2.200000047683716,-0.44190016453185876,0.0,1.9073564363417883,0,0,customer-1,3.4895095825195312,2.549999952316284,-0.38910994484209205,0.0,10.323079179373284,0,0,customer-2,1.5911953449249268,-2.200000047683716,0.3629254900926071,0.0,9.888104936970473,0,0
5,215,8.599999999999993,to_table,-6.807244777679443,2.9863598346710205,-0.307592375077219,0.7173492908477783,0.9298595190048218,0.20000000298023224,0.6748983263969421,0.30000001192092896,0.44999998807907104,1,dwa-left-arc,0.7612581382322074,0.16152991127501037,99.0,0.8765044832229614,99.0,waiter-2,0,,waiter-1,-3.287062644958496,-2.549999952316284,-0.44648861362372116,0.0,6.5607135235809455,0,0,waiter-2,-8.576902389526367,2.200000047683716,-0.4418967451510447,0.0,1.9365045256230302,0,0,customer-1,3.473945140838623,2.549999952316284,-0.3891096884051226,0.0,10.290445864371774,0,0,customer-2,1.6057121753692627,-2.200000047683716,0.3629261123240468,0.0,9.883125696010813,0,0
5,216,8.639999999999992,to_table,-6.790307998657227,2.9808967113494873,-0.2936924015469536,0.7237191200256348,0.9297808408737183,0.20000000298023224,0.6815075278282166,0.30000001192092896,0.44999998807907104,1,dwa-left-arc,0.7904782693856516,0.15882975466751637,99.0,0.9060084247589111,99.0,waiter-2,0,,waiter-1,-3.304922103881836,-2.549999952316284,-0.4464877547326296,0.0,6.537486729596353,0,0,waiter-2,-8.59457778930664,2.200000047683716,-0.4419028625133947,0.0,1.9660084121830235,0,0,customer-1,3.458380699157715,2.549999952316284,-0.3891094319681532,0.0,10.25774302864256,0,0,customer-2,1.6202290058135986,-2.200000047683716,0.3629267345554865,0.0,9.87819942759478,0,0
5,217,8.67999999999999,to_table,-6.773294925689697,2.9756669998168945,-0.27974619654559413,0.5801115036010742,0.9935351610183716,0.20000000298023224,0.69693922996521,0.30000001192092896,0.44999998807907104,1,dwa-left-arc,0.8200507408725677,0.1559201978441651,99.0,0.935853304862976,99.0,waiter-2,0,,waiter-1,-3.322781562805176,-2.549999952316284,-0.446486895841538,0.0,6.514525134907488,0,0,waiter-2,-8.61225414276123,2.200000047683716,-0.4418994431325629,0.0,1.995853256801191,0,0,customer-1,3.4428162574768066,2.549999952316284,-0.38910917553118374,0.0,10.224975312544652,0,0,customer-2,1.6347459554672241,-2.200000047683716,0.3629261646940307,0.0,9.8733318006532,0,0
5,218,8.71999999999999,to_table,-6.75839900970459,2.970041513442993,-0.2694049963707049,0.4154782295227051,0.7651565074920654,0.7799999713897705,0.6103061437606812,0.18000000715255737,0.2800000011920929,1,dwa-left-arc,0.849959213935839,0.3639219241135878,99.0,0.9637565040588378,99.0,waiter-2,0,,waiter-1,-3.3406410217285156,-2.549999952316284,-0.4464860369504464,0.0,6.49245157456535,0,0,waiter-2,-8.629929542541504,2.200000047683716,-0.44190556049489516,0.0,2.02375650569171,0,0,customer-1,3.4272518157958984,2.549999952316284,-0.3891089190942143,0.0,10.194308100704655,0,0,customer-2,1.6492629051208496,-2.200000047683716,0.3629255948325749,0.0,9.870061226648176,0,0
5,219,8.75999999999999,to_table,-6.746237754821777,2.9649195671081543,-0.2610655780776367,0.3451460599899292,0.8235088586807251,0.7799999713897705,0.6229164600372314,0.18000000715255737,0.2800000011920929,1,dwa-left-arc,0.8779223194599792,0.36529246724876874,99.0,0.9894639873504638,99.0,waiter-2,0,,waiter-1,-3.3585000038146973,-2.549999952316284,-0.44648994643093687,0.0,6.472333765754605,0,0,waiter-2,-8.647605895996094,2.200000047683716,-0.4419021411140811,0.0,2.0494639980905225,0,0,customer-1,3.4116873741149902,2.549999952316284,-0.38910866265724486,0.0,10.166395684401827,0,0,customer-2,1.6637797355651855,-2.200000047683716,0.3629262170640146,0.0,9.869386445766343,0,0
5,220,8.799999999999988,to_table,-6.734770774841309,2.9612324237823486,-0.2529139120466475,0.34543025493621826,0.817307710647583,0.7799999713897705,0.6289032101631165,0.18000000715255737,0.2800000011920929,1,dwa-left-arc,0.9036812416643802,0.36698887338336705,99.0,1.015174570083618,99.0,waiter-2,0,,waiter-1,-3.376359462738037,-2.549999952316284,-0.4464890875398453,0.0,6.4538832376036215,0,0,waiter-2,-8.665282249450684,2.200000047683716,-0.44189872173326705,0.0,2.075174518930693,0,0,customer-1,3.396122932434082,2.549999952316284,-0.3891084062202754,0.0,10.13923663071832,0,0,customer-2,1.678296685218811,-2.200000047683716,0.3629256472025588,0.0,9.870056976129273,0,0
5,221,8.839999999999987,to_table,-6.723782539367676,2.9579451084136963,-0.24417603735160054,0.3441394567489624,0.8159054517745972,0.7799999713897705,0.632621169090271,0.18000000715255737,0.2800000011920929,1,dwa-left-arc,0.9294360261033527,0.36733281501061876,99.0,1.0406779670715331,99.0,waiter-2,0,,waiter-1,-3.394218921661377,-2.549999952316284,-0.4464882286487537,0.0,6.436105396617837,0,0,waiter-2,-8.682957649230957,2.200000047683716,-0.4419048390955993,0.0,2.100677944424793,0,0,customer-1,3.380558490753174,2.549999952316284,-0.389108149783306,0.0,10.11257271436735,0,0,customer-2,1.6928136348724365,-2.200000047683716,0.362925077341103,0.0,9.87134688852246,0,0
5,222,8.879999999999987,to_table,-6.713344097137451,2.954977512359619,-0.2341409751203474,0.3417372703552246,0.8101698160171509,0.7799999713897705,0.6344741582870483,0.18000000715255737,0.2800000011920929,1,dwa-left-arc,0.954981129222491,0.3670424910692307,99.0,1.0658673667907714,99.0,waiter-2,0,,waiter-1,-3.412078380584717,-2.549999952316284,-0.4464873697576621,0.0,6.418966600464281,0,0,waiter-2,-8.700634002685547,2.200000047683716,-0.4419014197147675,0.0,2.12586738553039,0,0,customer-1,3.364994525909424,2.549999952316284,-0.3891126617179186,0.0,10.086471941414255,0,0,customer-2,1.7073304653167725,-2.200000047683716,0.3629256995725427,0.0,9.873274721758428,0,0
5,223,8.919999999999986,to_table,-6.7025909423828125,2.951950788497925,-0.2253622398595075,0.33804190158843994,0.8030574321746826,0.7799999713897705,0.6340314149856567,0.18000000715255737,0.2800000011920929,1,dwa-left-arc,0.9802082738630982,0.36590930799662,99.0,1.091407480239868,99.0,waiter-2,0,,waiter-1,-3.4299378395080566,-2.549999952316284,-0.44648651086657054,0.0,6.4016966724534665,0,0,waiter-2,-8.718310356140137,2.200000047683716,-0.44189800033395343,0.0,2.1514076023871462,0,0,customer-1,3.3494300842285156,2.549999952316284,-0.38911240528094915,0.0,10.06005423415517,0,0,customer-2,1.7218472957611084,-2.200000047683716,0.36292632180398243,0.0,9.874905419634871,0,0
5,224,8.959999999999985,to_table,-6.69186544418335,2.9494335651397705,-0.2158273361215924,0.32312798500061035,0.7996418476104736,0.7799999713897705,0.636441707611084,0.18000000715255737,0.2800000011920929,1,dwa-left-arc,1.0057851933455577,0.36535595174909297,99.0,1.1171721839904785,99.0,waiter-2,0,,waiter-1,-3.4477972984313965,-2.549999952316284,-0.44648565197547896,0.0,6.384962579937457,0,0,waiter-2,-8.73598575592041,2.200000047683716,-0.44190411769630344,0.0,2.1771721213405644,0,0,customer-1,3.3338656425476074,2.549999952316284,-0.3891121488439797,0.0,10.033684818375386,0,0,customer-2,1.7363642454147339,-2.200000047683716,0.36292575194252663,0.0,9.876827538916478,0,0
5,225,8.999999999999984,to_table,-6.681173801422119,2.9468822479248047,-0.21059501332712138,0.4613304138183594,0.9075291156768799,0.7799999713897705,0.23754414916038513,0.18000000715255737,0.14000000059604645,1,dwa-left-arc,1.0315845187156367,0.45660834278425666,99.0,1.1429619216918945,99.0,waiter-2,0,,waiter-1,-3.465656280517578,-2.549999952316284,-0.4464895614559694,0.0,6.368301724209634,0,0,waiter-2,-8.753662109375,2.200000047683716,-0.44190069831547163,0.0,2.202961826187273,0,0,customer-1,3.318301200866699,2.549999952316284,-0.3891118924070103,0.0,10.007348094173922,0,0,customer-2,1.7508811950683594,-2.200000047683716,0.36292518208107083,0.0,9.878762515046532,0,0
5,226,9.039999999999983,to_table,-6.670580863952637,2.9445228576660156,-0.2071253160979759,0.6634097099304199,0.826958417892456,0.7799999713897705,0.2252551168203354,0.18000000715255737,0.14000000059604645,1,dwa-left-arc,1.0574068881410694,0.4569182447765998,99.0,1.168788137435913,99.0,waiter-2,0,,waiter-1,-3.483515739440918,-2.549999952316284,-0.4464887025648778,0.0,6.351941830440096,0,0,waiter-2,-8.77133846282959,2.200000047683716,-0.4418972789346398,0.0,2.22878816934746,0,0,customer-1,3.302736759185791,2.549999952316284,-0.38911163597004084,0.0,9.981117809887284,0,0,customer-2,1.7653980255126953,-2.200000047683716,0.36292580431251054,0.0,9.880883348525717,0,0
5,227,9.079999999999982,to_table,-6.649637699127197,2.940700054168701,-0.201676168374234,0.6667001247406006,0.8228015899658203,0.7799999713897705,0.22397877275943756,0.7799999713897705,0.22397877275943756,0,nominal-sac-a-star,1.0832640874595678,0.18895726779708832,99.0,1.2039715671539306,99.0,waiter-2,0,,waiter-1,-3.501375198364258,-2.549999952316284,-0.44648784367378624,0.0,6.329245084125304,0,0,waiter-2,-8.789013862609863,2.200000047683716,-0.4419033962969898,0.0,2.263971481376183,0,0,customer-1,3.287172317504883,2.549999952316284,-0.3891113795330714,0.0,9.944487914228018,0,0,customer-2,1.7799148559570312,-2.200000047683716,0.36292642654395024,0.0,9.873406393748436,0,0
5,228,9.119999999999981,to_table,-6.619021415710449,2.935490131378174,-0.1960677509561452,0.6109849214553833,0.40943408012390137,0.7799999713897705,0.1725587099790573,0.7799999713897705,0.1725587099790573,0,nominal-sac-a-star,1.1467050082172672,99.0,99.0,1.2479948425292968,99.0,waiter-2,0,,waiter-1,-3.5192346572875977,-2.549999952316284,-0.44648698478269466,0.0,6.300736417753395,0,0,waiter-2,-8.806690216064453,2.200000047683716,-0.4418999769161758,0.0,2.307994896713424,0,0,customer-1,3.2716078758239746,2.549999952316284,-0.38911112309610196,0.0,9.898138737192559,0,0,customer-2,1.7944318056106567,-2.200000047683716,0.36292585668249444,0.0,9.856949552807887,0,0
5,229,9.15999999999998,to_table,-6.579013347625732,2.928101062774658,-0.1929957356325457,0.6219953298568726,0.3859565258026123,0.7799999713897705,0.2037585824728012,0.7799999713897705,0.2037585824728012,0,nominal-sac-a-star,1.190778843646613,99.0,99.0,1.300452890396118,99.0,waiter-2,0,,waiter-1,-3.5370941162109375,-2.549999952316284,-0.4464861258916031,0.0,6.266008565425968,0,0,waiter-2,-8.824365615844727,2.200000047683716,-0.441906094278508,0.0,2.3604529007316883,0,0,customer-1,3.2560434341430664,2.549999952316284,-0.3891108666591325,0.0,9.842321999932043,0,0,customer-2,1.8089487552642822,-2.200000047683716,0.36292528682103864,0.0,9.831344223380823,0,0
5,230,9.19999999999998,to_table,-6.535142421722412,2.920790672302246,-0.18703792037118366,0.6439563035964966,0.3296405076980591,0.7799999713897705,0.2051359862089157,0.7799999713897705,0.2051359862089157,0,nominal-sac-a-star,1.2432964684321366,99.0,99.0,1.3568832302093505,99.0,waiter-2,0,,waiter-1,-3.554953098297119,-2.549999952316284,-0.44649003537209353,0.0,6.229853807423743,0,0,waiter-2,-8.842041969299316,2.200000047683716,-0.4419026748976762,0.0,2.4168832506243443,0,0,customer-1,3.240478992462158,2.549999952316284,-0.3891106102221631,0.0,9.78265095929992,0,0,customer-2,1.8234655857086182,-2.200000047683716,0.36292590905247835,0.0,9.802490776317235,0,0
5,231,9.239999999999979,to_table,-6.490142345428467,2.913011074066162,-0.18088506888585162,0.6050910949707031,0.22008371353149414,0.7799999713897705,0.1980220377445221,0.7799999713897705,0.1980220377445221,0,nominal-sac-a-star,1.2997834975908713,99.0,99.0,1.414525213241577,99.0,waiter-2,0,,waiter-1,-3.572812557220459,-2.549999952316284,-0.44648917648100195,0.0,6.193165795257056,0,0,waiter-2,-8.859718322753906,2.200000047683716,-0.44189925551686215,0.0,2.47452521427056,0,0,customer-1,3.22491455078125,2.549999952316284,-0.38911035378519365,0.0,9.72183663569318,0,0,customer-2,1.837982416152954,-2.200000047683716,0.36292653128391805,0.0,9.77243801595096,0,0
5,232,9.279999999999978,to_table,-6.444917678833008,2.9049158096313477,-0.17494882130199083,0.6074962615966797,0.16854619979858398,0.7799999713897705,0.2020048350095749,0.7799999713897705,0.2020048350095749,0,nominal-sac-a-star,1.3574793304284292,99.0,99.0,1.4725572490692138,99.0,waiter-2,0,,waiter-1,-3.590672016143799,-2.549999952316284,-0.44648831758991037,0.0,6.1565269651748356,0,0,waiter-2,-8.87739372253418,2.200000047683716,-0.4419053728791944,0.0,2.5325571927643247,0,0,customer-1,3.209350109100342,2.549999952316284,-0.3891100973482242,0.0,9.660789397709753,0,0,customer-2,1.8524993658065796,-2.200000047683716,0.36292596142246225,0.0,9.742037544730689,0,0
5,233,9.319999999999977,to_table,-6.399613380432129,2.897160768508911,-0.17074564759784672,0.5123196840286255,-0.5728580951690674,0.7799999713897705,0.13455767929553986,0.7799999713897705,0.13455767929553986,0,nominal-sac-a-star,1.4155625929462623,99.0,99.0,1.531010808944702,99.0,waiter-2,0,,waiter-1,-3.6085314750671387,-2.549999952316284,-0.4464874586988188,0.0,6.120596222669547,0,0,waiter-2,-8.89507007598877,2.200000047683716,-0.44190195349838035,0.0,2.591010843292628,0,0,customer-1,3.1937856674194336,2.549999952316284,-0.3891098409112548,0.0,9.599678428135954,0,0,customer-2,1.867016315460205,-2.200000047683716,0.36292539156100645,0.0,9.711756530882479,0,0
5,234,9.359999999999976,to_table,-6.353911876678467,2.8889718055725098,-0.16423691502623708,0.40071773529052734,0.4692493677139282,0.7799999713897705,0.27444857358932495,0.7799999713897705,0.27444857358932495,0,nominal-sac-a-star,1.474062146888615,99.0,99.0,1.5899643325805664,99.0,waiter-2,0,,waiter-1,-3.6263909339904785,-2.549999952316284,-0.4464865998077272,0.0,6.084552923256851,0,0,waiter-2,-8.912745475769043,2.200000047683716,-0.4419080708607126,0.0,2.6499644282524257,0,0,customer-1,3.1782212257385254,2.549999952316284,-0.38910958447428534,0.0,9.538158281318976,0,0,customer-2,1.881533145904541,-2.200000047683716,0.36292601379244616,0.0,9.680918822261726,0,0
5,235,9.399999999999975,to_table,-6.308263778686523,2.8818531036376953,-0.15520407378317988,0.5335476398468018,0.42701172828674316,0.7799999713897705,0.2872110903263092,0.7799999713897705,0.2872110903263092,0,nominal-sac-a-star,1.5330599530443174,99.0,99.0,1.6493608379364013,99.0,waiter-2,0,,waiter-1,-3.6442503929138184,-2.549999952316284,-0.4464857409166356,0.0,6.049958259447146,0,0,waiter-2,-8.930421829223633,2.200000047683716,-0.44190465147989855,0.0,2.709360889935181,0,0,customer-1,3.162656784057617,2.549999952316284,-0.3891093280373159,0.0,9.476732708051427,0,0,customer-2,1.896049976348877,-2.200000047683716,0.36292663602388586,0.0,9.65069923076346,0,0
5,236,9.439999999999975,to_table,-6.262037754058838,2.874485731124878,-0.14607089856975955,0.5897660255432129,0.36242055892944336,0.7799999713897705,0.27867040038108826,0.7799999713897705,0.27867040038108826,0,nominal-sac-a-star,1.5924947074163565,99.0,99.0,1.7094497108459472,99.0,waiter-2,0,,waiter-1,-3.662109375,-2.549999952316284,-0.44648965039712607,0.0,6.015369689893851,0,0,waiter-2,-8.948098182678223,2.200000047683716,-0.4419012320990845,0.0,2.76944968601382,0,0,customer-1,3.147092342376709,2.549999952316284,-0.38910907160034647,0.0,9.414723585549298,0,0,customer-2,1.9105669260025024,-2.200000047683716,0.36292606616243006,0.0,9.619868667289133,0,0
5,237,9.479999999999974,to_table,-6.215224742889404,2.8674187660217285,-0.13799862751518646,0.9858584403991699,0.1798722743988037,0.8199999928474426,0.2695077657699585,0.8199999928474426,0.2695077657699585,0,nominal-sac-a-star,1.65261955282969,99.0,99.0,1.7703649425506591,99.0,waiter-2,0,,waiter-1,-3.67996883392334,-2.549999952316284,-0.4464887915060345,0.0,5.981299866562988,0,0,waiter-2,-8.965773582458496,2.200000047683716,-0.24262100136864362,0.0,2.8303651115082014,0,0,customer-1,3.131527900695801,2.549999952316284,-0.38910881516337703,0.0,9.352140914446338,0,0,customer-2,1.925083875656128,-2.200000047683716,0.36292549630097426,0.0,9.588709915242122,0,0
5,238,9.519999999999973,to_table,-6.168304443359375,2.860560178756714,-0.13006069839409778,0.20745253562927246,0.18481767177581787,0.7799999713897705,0.2886658310890198,0.7799999713897705,0.2886658310890198,0,nominal-sac-a-star,1.7135690670467474,99.0,99.0,1.8316056156158447,99.0,waiter-2,0,,waiter-1,-3.6978282928466797,-2.549999952316284,-0.4464879326149429,0.0,5.947891503903604,0,0,waiter-2,-8.983449935913086,2.200000047683716,0.1109026483423392,0.0,2.891605753039071,0,0,customer-1,3.1159634590148926,2.549999952316284,-0.3891085587264076,0.0,9.289460594528824,0,0,customer-2,1.9396007061004639,-2.200000047683716,0.36292611853241397,0.0,9.5575831525584,0,0
5,239,9.559999999999972,to_table,-6.121243476867676,2.8547840118408203,-0.12105257377460742,0.8978251218795776,0.2510730028152466,0.8199999928474426,0.2839311957359314,0.8199999928474426,0.2839311957359314,0,nominal-sac-a-star,1.7726464742612733,99.0,99.0,1.891185941696167,99.0,waiter-2,0,,waiter-1,-3.7156877517700195,-2.549999952316284,-0.4464870737238513,0.0,5.915943546532531,0,0,waiter-2,-8.998873710632324,2.200000047683716,0.4419005106998064,0.0,2.9511858297968425,0,0,customer-1,3.1003990173339844,2.549999952316284,-0.38910830228943816,0.0,9.226677821068971,0,0,customer-2,1.9541176557540894,-2.200000047683716,0.36292554867095816,0.0,9.526924966151546,0,0
5,240,9.599999999999971,to_table,-6.0740814208984375,2.8487424850463867,-0.11076879658860907,0.4654930830001831,0.9553539752960205,0.7799999713897705,0.38162961602211,0.7799999713897705,0.38162961602211,0,nominal-sac-a-star,1.7999756463932792,99.0,99.0,1.9186231517791748,99.0,waiter-2,0,,waiter-1,-3.7335472106933594,-2.549999952316284,-0.44648621483275974,0.0,5.88426038632902,0,0,waiter-2,-8.98119831085205,2.200000047683716,0.4419066280621564,0.0,2.9786230647547245,0,0,customer-1,3.084834575653076,2.549999952316284,-0.3891080458524687,0.0,9.16378684457191,0,0,customer-2,1.9686344861984253,-2.200000047683716,0.36292617090239787,0.0,9.496056040486854,0,0
5,241,9.63999999999997,to_table,-6.027238368988037,2.843660593032837,-0.10088851697990227,0.9504637718200684,0.11704468727111816,0.8199999928474426,0.29870232939720154,0.8199999928474426,0.29870232939720154,0,nominal-sac-a-star,1.8273959457265994,99.0,99.0,1.9460040950775146,99.0,waiter-2,0,,waiter-1,-3.751406192779541,-2.549999952316284,-0.4464901243132502,0.0,5.854142650527204,0,0,waiter-2,-8.963521957397461,2.200000047683716,0.44190320868134236,0.0,3.006004026810618,0,0,customer-1,3.069270610809326,2.549999952316284,-0.3891125577870813,0.0,9.101247837051803,0,0,customer-2,1.9831514358520508,-2.200000047683716,0.36292560104094207,0.0,9.465984232196847,0,0
5,242,9.67999999999997,to_table,-5.979187488555908,2.8385941982269287,-0.09135939809984359,0.9418931007385254,0.14613056182861328,0.8199999928474426,0.3244761824607849,0.8199999928474426,0.3244761824607849,0,nominal-sac-a-star,1.8547627695579365,99.0,99.0,1.9746109867095947,99.0,waiter-2,0,,waiter-1,-3.769265651702881,-2.549999952316284,-0.4464892654221586,0.0,5.824148130350771,0,0,waiter-2,-8.945845603942871,2.200000047683716,0.4418997893005283,0.0,3.0346108255753874,0,0,customer-1,3.053706169128418,2.549999952316284,-0.3891123013501119,0.0,9.037502667762066,0,0,customer-2,1.9976682662963867,-2.200000047683716,0.3629262232723818,0.0,9.434917048318127,0,0
5,243,9.719999999999969,to_table,-5.931142330169678,2.834411382675171,-0.08224039008485497,0.9478352069854736,0.1396421194076538,0.8199999928474426,0.28633177280426025,0.8199999928474426,0.28633177280426025,0,nominal-sac-a-star,1.8833556370821847,99.0,99.0,2.0034381771087646,99.0,waiter-2,0,,waiter-1,-3.7871251106262207,-2.549999952316284,-0.44648840653106703,0.0,5.795575490154823,0,0,waiter-2,-8.928170204162598,2.200000047683716,0.4419059066628783,0.0,3.0634382349667444,0,0,customer-1,3.0381417274475098,2.549999952316284,-0.38911204491314244,0.0,8.973792195495983,0,0,customer-2,2.0121850967407227,-2.200000047683716,0.3629268455038215,0.0,9.404347349031468,0,0
5,244,9.759999999999968,to_table,-5.882529258728027,2.8298351764678955,-0.07344964726493487,0.9470832347869873,0.1509188413619995,0.8199999928474426,0.3054257333278656,0.8199999928474426,0.3054257333278656,0,nominal-sac-a-star,1.9121697308764185,99.0,99.0,2.032775821685791,99.0,waiter-2,0,,waiter-1,-3.8049845695495605,-2.549999952316284,-0.44648754763997545,0.0,5.767045859747774,0,0,waiter-2,-8.910493850708008,2.200000047683716,0.44190248728206427,0.0,3.092775753224775,0,0,customer-1,3.0225772857666016,2.549999952316284,-0.389111788476173,0.0,8.90950224880588,0,0,customer-2,2.0267019271850586,-2.200000047683716,0.3629274677352612,0.0,9.373109427203781,0,0
5,245,9.799999999999967,to_table,-5.833763599395752,2.8257193565368652,-0.06352190801868599,0.9520591497421265,0.14162874221801758,0.8199999928474426,0.33097904920578003,0.8199999928474426,0.33097904920578003,0,nominal-sac-a-star,1.9414947159008835,99.0,99.0,2.0623933696746826,99.0,waiter-2,0,,waiter-1,-3.8228440284729004,-2.549999952316284,-0.44648668874888386,0.0,5.739525730258305,0,0,waiter-2,-8.892818450927734,2.200000047683716,0.4419086046444143,0.0,3.122393511098981,0,0,customer-1,3.0070128440856934,2.549999952316284,-0.38911153203920357,0.0,8.845074861948891,0,0,customer-2,2.0412189960479736,-2.200000047683716,0.3629257057809099,0.0,9.342012974113281,0,0
5,246,9.839999999999966,to_table,-5.785076141357422,2.822321891784668,-0.053093878556504825,0.9592909812927246,0.16071641445159912,0.8199999928474426,0.2852495610713959,0.8199999928474426,0.2852495610713959,0,nominal-sac-a-star,1.9710999388076789,99.0,99.0,2.092109146118164,99.0,waiter-2,0,,waiter-1,-3.8407034873962402,-2.549999952316284,-0.4464858298577923,0.0,5.713355145103121,0,0,waiter-2,-8.875142097473145,2.200000047683716,0.44190518526360023,0.0,3.1521091495680453,0,0,customer-1,2.991448402404785,2.549999952316284,-0.38911127560223413,0.0,8.780748390995852,0,0,customer-2,2.0557358264923096,-2.200000047683716,0.3629263280123496,0.0,9.311393557295334,0,0
5,247,9.879999999999965,to_table,-5.736598014831543,2.8193562030792236,-0.043190345445001374,0.9566783905029297,0.2586336135864258,0.8199999928474426,0.31411463022232056,0.8199999928474426,0.31411463022232056,0,nominal-sac-a-star,2.0008051891219414,99.0,99.0,2.121731939315796,99.0,waiter-2,0,,waiter-1,-3.858562469482422,-2.549999952316284,-0.44648973933828273,0.0,5.688321635867508,0,0,waiter-2,-8.857465744018555,2.200000047683716,0.4419017658827862,0.0,3.181731828785575,0,0,customer-1,2.975883960723877,2.549999952316284,-0.3891110191652647,0.0,8.716644707925358,0,0,customer-2,2.0702528953552246,-2.200000047683716,0.3629245660579983,0.0,9.281209959157101,0,0
5,248,9.919999999999964,to_table,-5.688397407531738,2.8173558712005615,-0.03261032337591545,0.958210825920105,0.2404472827911377,0.8199999928474426,0.3354246914386749,0.8199999928474426,0.3354246914386749,0,nominal-sac-a-star,2.0304183419677004,99.0,99.0,2.1512934589385986,99.0,waiter-2,0,,waiter-1,-3.8764219284057617,-2.549999952316284,-0.44648888044719115,0.0,5.664959282571589,0,0,waiter-2,-8.839790344238281,2.200000047683716,0.4419078832451362,0.0,3.211293455035533,0,0,customer-1,2.9603195190429688,2.549999952316284,-0.38911076272829526,0.0,8.652848297721526,0,0,customer-2,2.0847697257995605,-2.200000047683716,0.362925188289438,0.0,9.251809968836639,0,0
5,249,9.959999999999964,to_table,-5.640282154083252,2.815256118774414,-0.03059157120595934,0.960991621017456,0.2460181713104248,0.8199999928474426,-0.09914436936378479,0.8199999928474426,-0.09914436936378479,0,nominal-sac-a-star,2.0599708884213888,99.0,99.0,2.1807705783843994,99.0,waiter-2,0,,waiter-1,-3.8942813873291016,-2.549999952316284,-0.44648802155609957,0.0,5.642206251625482,0,0,waiter-2,-8.822113990783691,2.200000047683716,0.44190446386432214,0.0,3.2407705673272296,0,0,customer-1,2.9447550773620605,2.549999952316284,-0.3891105062913258,0.0,8.589134129768045,0,0,customer-2,2.0992865562438965,-2.200000047683716,0.3629258105208777,0.0,9.222457277595344,0,0
5,250,9.999999999999963,to_table,-5.591537952423096,2.8136513233184814,-0.03232801851263708,0.8767259120941162,0.4162759780883789,0.8199999928474426,-0.09363829344511032,0.8199999928474426,-0.09363829344511032,0,nominal-sac-a-star,2.0894400302926557,99.0,99.0,2.210977258682251,99.0,waiter-2,0,,waiter-1,-3.9121408462524414,-2.549999952316284,-0.446487162665008,0.0,5.620420771333123,0,0,waiter-2,-8.804437637329102,2.200000047683716,0.4419010444835081,0.0,3.27097726579646,0,0,customer-1,2.9291906356811523,2.549999952316284,-0.3891102498543564,0.0,8.524806608807518,0,0,customer-2,2.1138033866882324,-2.200000047683716,0.3629264327523174,0.0,9.192876874089535,0,0
5,251,10.039999999999962,to_table,-5.543030261993408,2.8120152950286865,-0.03398630948248578,0.9171075820922852,0.5458989143371582,0.8199999928474426,-0.09321009367704391,0.8199999928474426,-0.09321009367704391,0,nominal-sac-a-star,2.119639385266903,99.0,99.0,2.2409634017944335,99.0,waiter-2,0,,waiter-1,-3.9300003051757812,-2.549999952316284,-0.4464863037739164,0.0,5.599381497482648,0,0,waiter-2,-8.786762237548828,2.200000047683716,0.4419071618458581,0.0,3.3009634642363723,0,0,customer-1,2.913626194000244,2.549999952316284,-0.38910999341738695,0.0,8.460714535694715,0,0,customer-2,2.1283202171325684,-2.200000047683716,0.3629270549837571,0.0,9.163510024503212,0,0
5,252,10.079999999999961,to_table,-5.495509147644043,2.810340404510498,-0.03570554694338811,-0.6525570750236511,0.11890673637390137,0.7799999713897705,-0.09801635146141052,0.7799999713897705,-0.09801635146141052,0,nominal-sac-a-star,2.1496175465410237,99.0,99.0,2.2699880027770996,99.0,waiter-2,0,,waiter-1,-3.947859287261963,-2.549999952316284,-0.44649021325440685,0.0,5.579289276544688,0,0,waiter-2,-8.769085884094238,2.200000047683716,0.44190374246504405,0.0,3.329987988056317,0,0,customer-1,2.898061752319336,2.549999952316284,-0.3891097369804175,0.0,8.397607373755976,0,0,customer-2,2.1428370475769043,-2.200000047683716,0.3629276772151968,0.0,9.13497914857719,0,0
5,253,10.11999999999996,to_table,-5.4475579261779785,2.808706521987915,-0.03644100441039461,0.9082992076873779,0.6317765712738037,0.8199999928474426,-0.04605225846171379,0.8199999928474426,-0.04605225846171379,0,nominal-sac-a-star,2.178635329906145,99.0,99.0,2.2994582080841064,99.0,waiter-2,0,,waiter-1,-3.9657187461853027,-2.549999952316284,-0.44648935436331527,0.0,5.55981856116826,0,0,waiter-2,-8.751409530639648,2.200000047683716,0.44190032308423,0.0,3.359458140260688,0,0,customer-1,2.8824973106384277,2.549999952316284,-0.38910948054344807,0.0,8.33407159422114,0,0,customer-2,2.1573541164398193,-2.200000047683716,0.3629259152608455,0.0,9.10614235980445,0,0
5,254,10.15999999999996,to_table,-5.3991265296936035,2.8069007396698,-0.03733774083336137,0.9172301292419434,0.5552245378494263,0.8199999928474426,-0.0690992921590805,0.8199999928474426,-0.0690992921590805,0,nominal-sac-a-star,2.208098907721697,99.0,99.0,2.32938570022583,99.0,waiter-2,0,,waiter-1,-3.9835782051086426,-2.549999952316284,-0.4464884954722237,0.0,5.540772697290178,0,0,waiter-2,-8.733734130859375,2.200000047683716,0.44190644044658,0.0,3.3893858298644206,0,0,customer-1,2.8669328689575195,2.549999952316284,-0.38910922410647864,0.0,8.270050543773685,0,0,customer-2,2.1718711853027344,-2.200000047683716,0.3629241533064942,0.0,9.076842066207885,0,0
5,255,10.199999999999958,to_table,-5.350444316864014,2.80509352684021,-0.03761730469350721,0.9132101535797119,0.5574572086334229,0.8199999928474426,-0.026950113475322723,0.8199999928474426,-0.026950113475322723,0,nominal-sac-a-star,2.2380190432472307,99.0,99.0,2.359574975967407,99.0,waiter-2,0,,waiter-1,-4.001437664031982,-2.549999952316284,-0.4464876365811321,0.0,5.522394871782485,0,0,waiter-2,-8.716057777404785,2.200000047683716,0.44190302106576596,0.0,3.419574839697318,0,0,customer-1,2.8513684272766113,2.549999952316284,-0.3891089676695092,0.0,8.20577875778472,0,0,customer-2,2.1863880157470703,-2.200000047683716,0.3629247755379339,0.0,9.04736443941729,0,0
5,256,10.239999999999958,to_table,-5.301792144775391,2.8032631874084473,-0.03755447712721492,0.8858215808868408,0.9534859657287598,0.8199999928474426,0.010822473093867302,0.8199999928474426,0.010822473093867302,0,nominal-sac-a-star,2.2682015973031113,99.0,99.0,2.3897456550598144,99.0,waiter-2,0,,waiter-1,-4.019297122955322,-2.549999952316284,-0.4464867776900405,0.0,5.5047452006545,0,0,waiter-2,-8.698381423950195,2.200000047683716,0.4418996016849519,0.0,3.4497456641259454,0,0,customer-1,2.835803985595703,2.549999952316284,-0.38910871123253976,0.0,8.141536282992291,0,0,customer-2,2.2009048461914062,-2.200000047683716,0.3629253977693736,0.0,9.017932420343763,0,0
5,257,10.279999999999957,to_table,-5.253228187561035,2.801439046859741,-0.037531164257829215,0.8173954486846924,0.991361141204834,0.8173954486846924,0.002858242718502879,0.8173954486846924,0.002858242718502879,0,nominal-sac-a-star,2.2983661481856026,99.0,99.0,2.419846715927124,99.0,waiter-2,0,,waiter-1,-4.037156581878662,-2.549999952316284,-0.44648591879894894,0.0,5.487871127500081,0,0,waiter-2,-8.680706024169922,2.200000047683716,0.4419057190473019,0.0,3.4798467193505798,0,0,customer-1,2.820239543914795,2.549999952316284,-0.3891084547955703,0.0,8.077382176760384,0,0,customer-2,2.215421676635742,-2.200000047683716,0.3629260200008133,0.0,8.988610783118503,0,0
5,258,10.319999999999956,to_table,-5.204619884490967,2.7996139526367188,-0.03753076741864142,0.8399002552032471,0.6596355438232422,0.8199999928474426,-0.00010220739204669371,0.8199999928474426,-0.00010220739204669371,0,nominal-sac-a-star,2.328460200805509,99.0,99.0,2.450004997253418,99.0,waiter-2,0,,waiter-1,-4.055015563964844,-2.549999952316284,-0.4464898282794394,0.0,5.471741863962412,0,0,waiter-2,-8.663029670715332,2.200000047683716,0.44190229966648786,0.0,3.510004997783543,0,0,customer-1,2.8046751022338867,2.549999952316284,-0.3891081983586009,0.0,8.013183720190861,0,0,customer-2,2.229938507080078,-2.200000047683716,0.362926642232253,0.0,8.959285609348523,0,0
5,259,10.359999999999955,to_table,-5.155971527099609,2.797786235809326,-0.03759381834363647,0.840764045715332,0.6526787281036377,0.8199999928474426,-0.009362298995256424,0.8199999928474426,-0.009362298995256424,0,nominal-sac-a-star,2.358612591746213,99.0,99.0,2.480217638015747,99.0,waiter-2,0,,waiter-1,-4.072875022888184,-2.549999952316284,-0.4464889693883478,0.0,5.456364646112103,0,0,waiter-2,-8.645354270935059,2.200000047683716,0.4419084170288379,0.0,3.5402175441193378,0,0,customer-1,2.7891111373901367,2.549999952316284,-0.3891127102932135,0.0,7.948945627431526,0,0,customer-2,2.244455337524414,-2.200000047683716,0.3629272644636927,0.0,8.92995999510189,0,0
5,260,10.399999999999954,to_table,-5.107315540313721,2.7959537506103516,-0.03773320567097207,0.8400086164474487,0.6487828493118286,0.8199999928474426,-0.02018291875720024,0.8199999928474426,-0.02018291875720024,0,nominal-sac-a-star,2.388818480151271,99.0,99.0,2.5104498291015624,99.0,waiter-2,0,,waiter-1,-4.090734481811523,-2.549999952316284,-0.44648811049725623,0.0,5.441751376380628,0,0,waiter-2,-8.627677917480469,2.200000047683716,0.4419049976480238,0.0,3.5704498431714575,0,0,customer-1,2.7735466957092285,2.549999952316284,-0.38911245385624404,0.0,7.884699287485092,0,0,customer-2,2.258972406387329,-2.200000047683716,0.3629255025093414,0.0,8.900660226545112,0,0
5,261,10.439999999999953,to_table,-5.058658123016357,2.7941184043884277,-0.037652920252967875,0.8381500244140625,0.6487998962402344,0.8199999928474426,0.013049794360995293,0.8199999928474426,0.013049794360995293,0,nominal-sac-a-star,2.4190452276652263,99.0,99.0,2.540696802139282,99.0,waiter-2,0,,waiter-1,-4.108593940734863,-2.549999952316284,-0.44648725160616465,0.0,5.427911473202421,0,0,waiter-2,-8.610001564025879,2.200000047683716,0.44190157826720977,0.0,3.6006967183831042,0,0,customer-1,2.7579822540283203,2.549999952316284,-0.3891121974192746,0.0,7.820451432154493,0,0,customer-2,2.273489236831665,-2.200000047683716,0.3629261247407811,0.0,8.871392451010934,0,0
5,262,10.479999999999952,to_table,-5.01141881942749,2.7923355102539062,-0.037327490075195625,0.31145143508911133,0.975191593170166,0.7799999713897705,0.045268598943948746,0.7799999713897705,0.045268598943948746,0,nominal-sac-a-star,2.449286714777674,99.0,99.0,2.5695671463012695,99.0,waiter-2,0,,waiter-1,-4.126453399658203,-2.549999952316284,-0.44648639271507307,0.0,5.4151373010130115,0,0,waiter-2,-8.592326164245605,2.200000047683716,0.4419076956295598,0.0,3.6295672899659217,0,0,customer-1,2.742417812347412,2.549999952316284,-0.38911194098230517,0.0,7.757622640660945,0,0,customer-2,2.28800630569458,-2.200000047683716,0.3629243627864298,0.0,8.843360304788655,0,0
5,263,10.519999999999952,to_table,-4.963855743408203,2.7905609607696533,-0.037246791448606875,0.8107101917266846,0.7475490570068359,0.8107101917266846,0.009363681077957153,0.8107101917266846,0.009363681077957153,0,nominal-sac-a-star,2.478151344103322,99.0,99.0,2.5987698459625244,99.0,waiter-2,0,,waiter-1,-4.144312858581543,-2.549999952316284,-0.4464855338239815,0.0,5.4030770313268075,0,0,waiter-2,-8.574649810791016,2.200000047683716,0.44190427624874573,0.0,3.6587697370990444,0,0,customer-1,2.726853370666504,2.549999952316284,-0.38911168454533573,0.0,7.694470500047411,0,0,customer-2,2.302523136138916,-2.200000047683716,0.3629249850178695,0.0,8.815098479326453,0,0
5,264,10.55999999999995,to_table,-4.9163055419921875,2.7887933254241943,-0.03699051362731466,0.7979806661605835,0.7391583919525146,0.7979806661605835,0.037540972232818604,0.7979806661605835,0.037540972232818604,0,nominal-sac-a-star,2.507348897061436,99.0,99.0,2.6279725456237792,99.0,waiter-2,0,,waiter-1,-4.162171840667725,-2.549999952316284,-0.44648944330447193,0.0,5.391792957998319,0,0,waiter-2,-8.556973457336426,2.200000047683716,0.4419008568679317,0.0,3.687972396009674,0,0,customer-1,2.7112889289855957,2.549999952316284,-0.3891114281083663,0.0,7.631331449277452,0,0,customer-2,2.317039966583252,-2.200000047683716,0.3629256072493092,0.0,8.786884918217256,0,0
5,265,10.59999999999995,to_table,-4.868525505065918,2.787029266357422,-0.03676462547641622,0.8088841438293457,0.7346413135528564,0.8088841438293457,0.031471095979213715,0.8088841438293457,0.031471095979213715,0,nominal-sac-a-star,2.5365468082410785,99.0,99.0,2.6574150943756103,99.0,waiter-2,0,,waiter-1,-4.1800312995910645,-2.549999952316284,-0.44648858441338035,0.0,5.381254979272894,0,0,waiter-2,-8.539298057556152,2.200000047683716,0.4419069742302817,0.0,3.717415020641673,0,0,customer-1,2.6957244873046875,2.549999952316284,-0.38911117167139686,0.0,7.567962793433482,0,0,customer-2,2.331556797027588,-2.200000047683716,0.36292622948074893,0.0,8.758518512626765,0,0
5,266,10.639999999999949,to_table,-4.820626735687256,2.7852706909179688,-0.03659206980720131,0.8071949481964111,0.7275923490524292,0.8071949481964111,0.023886386305093765,0.8071949481964111,0.023886386305093765,0,nominal-sac-a-star,2.565983853401782,99.0,99.0,2.686986150741577,99.0,waiter-2,0,,waiter-1,-4.197890758514404,-2.549999952316284,-0.44648772552228877,0.0,5.371490755258047,0,0,waiter-2,-8.521621704101562,2.200000047683716,0.44190355484946764,0.0,3.746986186531764,0,0,customer-1,2.6801600456237793,2.549999952316284,-0.3891109152344274,0.0,7.504475641850838,0,0,customer-2,2.346073627471924,-2.200000047683716,0.36292685171218864,0.0,8.730092693234369,0,0
5,267,10.679999999999948,to_table,-4.772895812988281,2.78352689743042,-0.03624445301093711,0.8024399280548096,0.7265418767929077,0.8024399280548096,0.04892995208501816,0.8024399280548096,0.04892995208501816,0,nominal-sac-a-star,2.5955505033915887,99.0,99.0,2.716404857635498,99.0,waiter-2,0,,waiter-1,-4.215750217437744,-2.549999952316284,-0.4464868666311972,0.0,5.3625478899129995,0,0,waiter-2,-8.503945350646973,2.200000047683716,0.4419001354686536,0.0,3.7764049354959868,0,0,customer-1,2.664595603942871,2.549999952316284,-0.389110658797458,0.0,7.441156725336384,0,0,customer-2,2.3605904579162598,-2.200000047683716,0.36292747394362834,0.0,8.701848492697525,0,0
5,268,10.719999999999947,to_table,-4.724903106689453,2.781792402267456,-0.035931241859220545,0.8122873306274414,0.7180845737457275,0.8122873306274414,0.04362407326698303,0.8122873306274414,0.04362407326698303,0,nominal-sac-a-star,2.624964894199217,99.0,99.0,2.7460953617095947,99.0,waiter-2,0,,waiter-1,-4.233609676361084,-2.549999952316284,-0.4464860077401056,0.0,5.354379417549847,0,0,waiter-2,-8.4862699508667,2.200000047683716,0.4419062528310036,0.0,3.8060954901746733,0,0,customer-1,2.649031162261963,2.549999952316284,-0.38911040236048855,0.0,7.377576454545925,0,0,customer-2,2.375107526779175,-2.200000047683716,0.36292571198927703,0.0,8.67343109788497,0,0
5,269,10.759999999999946,to_table,-4.676769733428955,2.780066728591919,-0.035663162067865725,0.8114163875579834,0.7094157934188843,0.8114163875579834,0.03738701343536377,0.8114163875579834,0.03738701343536377,0,nominal-sac-a-star,2.6546502488049804,99.0,99.0,2.7759360694885253,99.0,waiter-2,0,,waiter-1,-4.251468658447266,-2.549999952316284,-0.44648991722059606,0.0,5.347007745207442,0,0,waiter-2,-8.46859359741211,2.200000047683716,0.44190283345018955,0.0,3.835936074776533,0,0,customer-1,2.6334667205810547,2.549999952316284,-0.3891101459235191,0.0,7.313855873277973,0,0,customer-2,2.3896243572235107,-2.200000047683716,0.36292633422071674,0.0,8.64494016986656,0,0
5,270,10.799999999999946,to_table,-4.62870979309082,2.7783560752868652,-0.03544503903114571,0.8089437484741211,0.7041229009628296,0.8089437484741211,0.03032437153160572,0.8089437484741211,0.03032437153160572,0,nominal-sac-a-star,2.684486686826079,99.0,99.0,2.8057166957855224,99.0,waiter-2,0,,waiter-1,-4.2693281173706055,-2.549999952316284,-0.4464890583295045,0.0,5.340461885056224,0,0,waiter-2,-8.45091724395752,2.200000047683716,0.4418994140693755,0.0,3.865716685444732,0,0,customer-1,2.6179022789001465,2.549999952316284,-0.3891098894865497,0.0,7.250209172211749,0,0,customer-2,2.404141426086426,-2.200000047683716,0.36292457226636543,0.0,8.616555341794164,0,0
5,271,10.839999999999945,to_table,-4.580813884735107,2.776651620864868,-0.034974812790180235,0.8054715394973755,0.6998562812805176,0.8054715394973755,0.05475945025682449,0.8054715394973755,0.05475945025682449,0,nominal-sac-a-star,2.714263285562727,99.0,99.0,2.8353468799591064,99.0,waiter-2,0,,waiter-1,-4.287187576293945,-2.549999952316284,-0.4464881994384129,0.0,5.334738362008209,0,0,waiter-2,-8.433241844177246,2.200000047683716,0.4419055314317255,0.0,3.8953469960381986,0,0,customer-1,2.6023378372192383,2.549999952316284,-0.38910963304958024,0.0,7.186726628964784,0,0,customer-2,2.4186582565307617,-2.200000047683716,0.36292519449780514,0.0,8.588345130840075,0,0
5,272,10.879999999999944,to_table,-4.532503128051758,2.7749829292297363,-0.03455688384607823,0.8193621635437012,0.6830847263336182,0.8193621635437012,0.04894039034843445,0.8193621635437012,0.04894039034843445,0,nominal-sac-a-star,2.743888773949242,99.0,99.0,2.8654016876220703,99.0,waiter-2,0,,waiter-1,-4.305047035217285,-2.549999952316284,-0.4464873405473213,0.0,5.329838549423958,0,0,waiter-2,-8.415565490722656,2.200000047683716,0.44190211205091146,0.0,3.925401715297718,0,0,customer-1,2.58677339553833,2.549999952316284,-0.3891093766126108,0.0,7.122830586167399,0,0,customer-2,2.4331750869750977,-2.200000047683716,0.36292581672924484,0.0,8.559855642233597,0,0
5,273,10.919999999999943,to_table,-4.485344409942627,2.7733566761016846,-0.03433915840350701,0.591480016708374,0.5583600997924805,0.7799999713897705,0.029224170371890068,0.7799999713897705,0.029224170371890068,0,nominal-sac-a-star,2.7739397047242877,99.0,99.0,2.8943333053588867,99.0,waiter-2,0,,waiter-1,-4.322906494140625,-2.549999952316284,-0.44648648165622973,0.0,5.325834382499293,0,0,waiter-2,-8.397890090942383,2.200000047683716,0.44190822941326147,0.0,3.9543332597620884,0,0,customer-1,2.571208953857422,2.549999952316284,-0.38910912017564137,0.0,7.060087365055614,0,0,customer-2,2.4476919174194336,-2.200000047683716,0.36292643896068455,0.0,8.532366015270528,0,0
5,274,10.959999999999942,to_table,-4.4380202293396,2.771777629852295,-0.03383152960500325,0.8047652244567871,0.6045277118682861,0.8047652244567871,0.05560620501637459,0.8047652244567871,0.05560620501637459,0,nominal-sac-a-star,2.802866759132392,99.0,99.0,2.815110454559326,99.0,customer-1,0,,waiter-1,-4.340765953063965,-2.549999952316284,-0.44648562276513815,0.0,5.3226661578879755,0,0,waiter-2,-8.380213737487793,2.200000047683716,0.4419048100324474,0.0,3.983443141197864,0,0,customer-1,2.5556445121765137,2.549999952316284,-0.38910886373867193,0.0,6.997180278867975,0,0,customer-2,2.4622087478637695,-2.200000047683716,0.36292706119212426,0.0,8.504806477085909,0,0
5,275,10.999999999999941,to_table,-4.38988733291626,2.7700648307800293,-0.0356795902355698,0.8771419525146484,-0.8640434145927429,0.8199999928474426,-0.12320733815431595,0.8199999928474426,-0.12320733815431595,0,nominal-sac-a-star,2.8319732040054686,99.0,99.0,2.70568133354187,99.0,customer-1,0,,waiter-1,-4.3586249351501465,-2.549999952316284,-0.4464895322456286,0.0,5.320156636214362,0,0,waiter-2,-8.362537384033203,2.200000047683716,0.44190139065163336,0.0,4.0133430311357765,0,0,customer-1,2.5400800704956055,2.549999952316284,-0.3891086073017025,0.0,6.933460662835281,0,0,customer-2,2.4767258167266846,-2.200000047683716,0.36292529923777295,0.0,8.476551246998289,0,0
5,276,11.03999999999994,to_table,-4.342764377593994,2.7683558464050293,-0.035348698978102194,0.564581036567688,0.637070894241333,0.7799999713897705,0.057059045881032944,0.7799999713897705,0.057059045881032944,0,nominal-sac-a-star,2.861869594166018,99.0,99.0,2.7629737949371336,99.0,customer-1,0,,waiter-1,-4.376484394073486,-2.549999952316284,-0.446488673354537,0.0,5.318462695300588,0,0,waiter-2,-8.34486198425293,2.200000047683716,0.4419075080139834,0.0,4.042253525839927,0,0,customer-1,2.5245156288146973,2.549999952316284,-0.38910835086473305,0.0,6.870750612771785,0,0,customer-2,2.4912426471710205,-2.200000047683716,0.36292592146921265,0.0,8.449154531955486,0,0
5,277,11.07999999999994,to_table,-4.296140670776367,2.7665088176727295,-0.03429463801913398,0.6805746555328369,0.5712523460388184,0.7799999713897705,0.06622816622257233,0.7799999713897705,0.06622816622257233,0,nominal-sac-a-star,2.890775831499525,99.0,99.0,2.7007639503479,99.0,customer-1,0,,waiter-1,-4.394343852996826,-2.549999952316284,-0.44648781446344543,0.0,5.317415666126574,0,0,waiter-2,-8.32718563079834,2.200000047683716,0.4419040886331693,0.0,4.070657889849381,0,0,customer-1,2.508951187133789,2.549999952316284,-0.3891080944277636,0.0,6.808535178977416,0,0,customer-2,2.5057597160339355,-2.200000047683716,0.36292415951486134,0.0,8.422117262408207,0,0
5,278,11.119999999999939,to_table,-4.2500386238098145,2.765125274658203,-0.03328148776724895,0.6883974075317383,0.5557346343994141,0.7799999713897705,0.06337149441242218,0.7799999713897705,0.06337149441242218,0,nominal-sac-a-star,2.9191769300043617,99.0,99.0,2.6390979385375974,99.0,customer-1,0,,waiter-1,-4.412203311920166,-2.549999952316284,-0.44648695557235385,0.0,5.3175984771784455,0,0,waiter-2,-8.30950927734375,2.200000047683716,0.44190066925235527,0.0,4.098617877903013,0,0,customer-1,2.493387222290039,2.549999952316284,-0.3891126063623762,0.0,6.746856382505873,0,0,customer-2,2.5202765464782715,-2.200000047683716,0.36292478174630105,0.0,8.395810679832767,0,0
5,279,11.159999999999938,to_table,-4.203707218170166,2.7634904384613037,-0.03244053826768336,0.6895520687103271,0.5498965978622437,0.7799999713897705,0.06043122708797455,0.7799999713897705,0.06043122708797455,0,nominal-sac-a-star,2.9471340560064734,99.0,99.0,2.5771949386596678,99.0,customer-1,0,,waiter-1,-4.430062770843506,-2.549999952316284,-0.44648609668126227,0.0,5.318309596959528,0,0,waiter-2,-8.291833877563477,2.200000047683716,0.4419067866147053,0.0,4.12677852613161,0,0,customer-1,2.477822780609131,2.549999952316284,-0.3891123499254068,0.0,6.684939888455401,0,0,customer-2,2.5347933769226074,-2.200000047683716,0.36292540397774076,0.0,8.369207135453022,0,0
5,280,11.199999999999937,to_table,-4.15732479095459,2.761904239654541,-0.03143272234181854,0.6902470588684082,0.546966552734375,0.7799999713897705,0.07261481881141663,0.7799999713897705,0.07261481881141663,0,nominal-sac-a-star,2.975290805524562,99.0,99.0,2.5152502155303953,99.0,customer-1,0,,waiter-1,-4.4479217529296875,-2.549999952316284,-0.4464900061617527,0.0,5.319847059736434,0,0,waiter-2,-8.274157524108887,2.200000047683716,0.44190336723389123,0.0,4.15500277662062,0,0,customer-1,2.4622583389282227,2.549999952316284,-0.38911209348843734,0.0,6.622973972500682,0,0,customer-2,2.5493102073669434,-2.200000047683716,0.36292602620918046,0.0,8.342628312313634,0,0
5,281,11.239999999999936,to_table,-4.111082077026367,2.7605807781219482,-0.03032187814615627,0.6972553730010986,0.5429196357727051,0.7799999713897705,0.07181354612112045,0.7799999713897705,0.07181354612112045,0,nominal-sac-a-star,3.00351220205507,99.0,99.0,2.453463325500488,99.0,customer-1,0,,waiter-1,-4.465781211853027,-2.549999952316284,-0.44648914727066114,0.0,5.3224129087049095,0,0,waiter-2,-8.256481170654297,2.200000047683716,0.4418999478530772,0.0,4.183130932781082,0,0,customer-1,2.4466938972473145,2.549999952316284,-0.3891118370514679,0.0,6.561156149106507,0,0,customer-2,2.5638270378112793,-2.200000047683716,0.36292664844062017,0.0,8.316355801713483,0,0
5,282,11.279999999999935,to_table,-4.064689636230469,2.7591261863708496,-0.029208595811886222,0.696774959564209,0.5389423370361328,0.7799999713897705,0.07032637298107147,0.7799999713897705,0.07032637298107147,0,nominal-sac-a-star,2.9874393770594914,99.0,99.0,2.3915283775329588,99.0,customer-1,0,,waiter-1,-4.483640670776367,-2.549999952316284,-0.44648828837956955,0.0,5.325630509699113,0,0,waiter-2,-8.238805770874023,2.200000047683716,0.4419060652154272,0.0,4.211397338705389,0,0,customer-1,2.4311294555664062,2.549999952316284,-0.38911158061449846,0.0,6.4991845223168285,0,0,customer-2,2.5783438682556152,-2.200000047683716,0.3629272706720599,0.0,8.289923229259296,0,0
5,283,11.319999999999935,to_table,-4.018364429473877,2.7578320503234863,-0.028129792187027602,0.6957285404205322,0.5341112613677979,0.7799999713897705,0.07823549956083298,0.7799999713897705,0.07823549956083298,0,nominal-sac-a-star,2.925490197027904,99.0,99.0,2.329674015045166,99.0,customer-1,0,,waiter-1,-4.501500129699707,-2.549999952316284,-0.44648742948847797,0.0,5.329774917675194,0,0,waiter-2,-8.221129417419434,2.200000047683716,0.44190264583461314,0.0,4.239623814334252,0,0,customer-1,2.415565013885498,2.549999952316284,-0.389111324177529,0.0,6.437285317825268,0,0,customer-2,2.5928609371185303,-2.200000047683716,0.36292550871770857,0.0,8.263679565417902,0,0
5,284,11.359999999999934,to_table,-3.9719152450561523,2.7563846111297607,-0.02653676740009638,0.7108645439147949,0.5541672706604004,0.7799999713897705,0.0805562362074852,0.7799999713897705,0.0805562362074852,0,nominal-sac-a-star,2.863618421408094,99.0,99.0,2.267716417312622,99.0,customer-1,0,,waiter-1,-4.519359588623047,-2.549999952316284,-0.4464865705973864,0.0,5.334548944801412,0,0,waiter-2,-8.203453063964844,2.200000047683716,0.4418992264537991,0.0,4.267959242459512,0,0,customer-1,2.40000057220459,2.549999952316284,-0.3891110677405596,0.0,6.375257313211066,0,0,customer-2,2.607377767562866,-2.200000047683716,0.3629261309491483,0.0,8.237283862537398,0,0
5,285,11.399999999999933,to_table,-3.9257309436798096,2.755270004272461,-0.024998734862413934,0.7001832723617554,0.52445387840271,0.7799999713897705,0.07698600739240646,0.7799999713897705,0.07698600739240646,0,nominal-sac-a-star,2.8016344524994325,99.0,99.0,2.20605016708374,99.0,customer-1,0,,waiter-1,-4.537219047546387,-2.549999952316284,-0.4464857117062948,0.0,5.340393900589496,0,0,waiter-2,-8.18577766418457,2.200000047683716,0.4419053438161491,0.0,4.296082260103201,0,0,customer-1,2.3844361305236816,2.549999952316284,-0.38911081130359015,0.0,6.313504913959594,0,0,customer-2,2.6218948364257812,-2.200000047683716,0.36292436899479696,0.0,8.211340002954275,0,0
5,286,11.439999999999932,to_table,-3.8795166015625,2.754215955734253,-0.02328376476798893,0.6996777057647705,0.5311944484710693,0.7799999713897705,0.07726287096738815,0.7799999713897705,0.07726287096738815,0,nominal-sac-a-star,2.7399362710661093,99.0,99.0,2.14438081741333,99.0,customer-1,0,,waiter-1,-4.555078029632568,-2.549999952316284,-0.44648962118678526,0.0,5.347063646742243,0,0,waiter-2,-8.16810131072998,2.200000047683716,0.44190192443533505,0.0,4.324247227025925,0,0,customer-1,2.3688716888427734,2.549999952316284,-0.3891105548666207,0.0,6.251724594360003,0,0,customer-2,2.636411666870117,-2.200000047683716,0.36292499122623667,0.0,8.185449126827557,0,0
5,287,11.479999999999931,to_table,-3.833062171936035,2.752910614013672,-0.02165012902998591,0.7009313106536865,0.5360205173492432,0.7799999713897705,0.08217647671699524,0.7799999713897705,0.08217647671699524,0,nominal-sac-a-star,2.6782265110230306,99.0,99.0,2.0824716186523435,99.0,customer-1,0,,waiter-1,-4.572937488555908,-2.549999952316284,-0.4464887622956937,0.0,5.354276417839973,0,0,waiter-2,-8.150425910949707,2.200000047683716,0.44190804179768506,0.0,4.352624466837155,0,0,customer-1,2.3533072471618652,2.549999952316284,-0.3891102984296513,0.0,6.189696222447445,0,0,customer-2,2.650928497314453,-2.200000047683716,0.3629256134576764,0.0,8.159256033590504,0,0
5,288,11.51999999999993,to_table,-3.786893367767334,2.7520642280578613,-0.019956658728242725,0.706190824508667,0.5270497798919678,0.7799999713897705,0.08163877576589584,0.7799999713897705,0.08163877576589584,0,nominal-sac-a-star,2.616274043820842,99.0,99.0,2.020892629623413,99.0,customer-1,0,,waiter-1,-4.590796947479248,-2.549999952316284,-0.4464879034046021,0.0,5.362662168949317,0,0,waiter-2,-8.132749557495117,2.200000047683716,0.441904622416871,0.0,4.3807808528899805,0,0,customer-1,2.337742805480957,2.549999952316284,-0.38911004199268184,0.0,6.127968523596742,0,0,customer-2,2.665445327758789,-2.200000047683716,0.3629262356891161,0.0,8.133610221350645,0,0
5,289,11.55999999999993,to_table,-3.740673780441284,2.751227378845215,-0.01826092242260613,0.7139415740966797,0.4730546474456787,0.7799999713897705,0.07478001713752747,0.7799999713897705,0.07478001713752747,0,nominal-sac-a-star,2.5546410880214934,99.0,99.0,1.9592833614349365,99.0,customer-1,0,,waiter-1,-4.608656406402588,-2.549999952316284,-0.4464870445135105,0.0,5.371815806189221,0,0,waiter-2,-8.115073204040527,2.200000047683716,0.44190120303605696,0.0,4.408993296411872,0,0,customer-1,2.322178363800049,2.549999952316284,-0.3891097855557124,0.0,6.066190616863205,0,0,customer-2,2.679962158203125,-2.200000047683716,0.3629268579205558,0.0,8.107972550880058,0,0
5,290,11.599999999999929,to_table,-3.6941986083984375,2.7501680850982666,-0.015538366553549813,0.6206462383270264,0.8626751899719238,0.7799999713897705,0.12293674051761627,0.7799999713897705,0.12293674051761627,0,nominal-sac-a-star,2.4929706263238955,99.0,99.0,1.8975248432159424,99.0,customer-1,0,,waiter-1,-4.626515865325928,-2.549999952316284,-0.44648618562241893,0.0,5.381542222485633,0,0,waiter-2,-8.097397804260254,2.200000047683716,0.44190732039840697,0.0,4.437437101281631,0,0,customer-1,2.3066139221191406,2.549999952316284,-0.38910952911874297,0.0,6.004150090379004,0,0,customer-2,2.694478988647461,-2.200000047683716,0.3629274801519955,0.0,8.082039716668461,0,0
5,291,11.639999999999928,to_table,-3.6474955081939697,2.7496652603149414,-0.014458850243440258,0.7951254844665527,0.15821468830108643,0.7951254844665527,0.03766284137964249,0.7951254844665527,0.03766284137964249,0,nominal-sac-a-star,2.3948292036985075,99.0,99.0,1.7901086902618408,99.0,customer-1,0,,waiter-1,-4.644374847412109,-2.549999952316284,-0.4464900951029094,0.0,5.392607883291123,0,0,waiter-2,-8.079721450805664,2.200000047683716,0.4419039010175929,0.0,4.466179424557085,0,0,customer-1,2.2910494804382324,2.549999952316284,-0.38910927268177353,0.0,5.9419006064749045,0,0,customer-2,2.708996057510376,-2.200000047683716,0.3629257181976442,0.0,8.056312536519169,0,0
5,292,11.679999999999927,to_table,-3.600895881652832,2.7489941120147705,-0.014134040566007693,0.7653076648712158,0.22673213481903076,0.7799999713897705,0.04605865478515625,0.7799999713897705,0.04605865478515625,0,nominal-sac-a-star,2.3689641230764336,99.0,99.0,1.7733795738220215,99.0,customer-1,0,,waiter-1,-4.662234306335449,-2.549999952316284,-0.4464892362118178,0.0,5.404236980881161,0,0,waiter-2,-8.062045097351074,2.200000047683716,0.44190048163677886,0.0,4.494802198917743,0,0,customer-1,2.275485038757324,2.549999952316284,-0.3891090162448041,0.0,5.879749263136534,0,0,customer-2,2.723512887954712,-2.200000047683716,0.3629263404290839,0.0,8.03060953339275,0,0
5,293,11.719999999999926,to_table,-3.554532766342163,2.7483415603637695,-0.01378065004033201,0.7769985198974609,0.23835670948028564,0.7799999713897705,0.0484900139272213,0.7799999713897705,0.0484900139272213,0,nominal-sac-a-star,2.3068682338115565,99.0,99.0,1.7115652656555176,99.0,customer-1,0,,waiter-1,-4.680093765258789,-2.549999952316284,-0.4464883773207262,0.0,5.416577364652974,0,0,waiter-2,-8.0443696975708,2.200000047683716,0.4419065989991289,0.0,4.523197329716319,0,0,customer-1,2.259920597076416,2.549999952316284,-0.38910875980783466,0.0,5.81783527687511,0,0,customer-2,2.738029956817627,-2.200000047683716,0.3629245784747326,0.0,8.0051502356192,0,0
5,294,11.759999999999925,to_table,-3.508028745651245,2.747711658477783,-0.013381154061458915,0.7851336002349854,0.2418653964996338,0.7851336002349854,0.050496749579906464,0.7851336002349854,0.050496749579906464,0,nominal-sac-a-star,2.232703041847784,99.0,99.0,1.6342420673370361,99.0,customer-1,0,,waiter-1,-4.697953224182129,-2.549999952316284,-0.44648751842963463,0.0,5.42970243896931,0,0,waiter-2,-8.026693344116211,2.200000047683716,0.4419031796183148,0.0,4.55173788371202,0,0,customer-1,2.244356155395508,2.549999952316284,-0.3891085033708652,0.0,5.755781612304618,0,0,customer-2,2.752546787261963,-2.200000047683716,0.3629252007061723,0.0,7.979640162977215,0,0
5,295,11.799999999999924,to_table,-3.461615562438965,2.747093677520752,-0.010896777279432621,-0.8992364406585693,0.9977052211761475,0.7799999713897705,0.14311954379081726,0.7799999713897705,0.14311954379081726,0,nominal-sac-a-star,2.183028381753439,99.0,99.0,1.58804274559021,99.0,customer-1,0,,waiter-1,-4.715812683105469,-2.549999952316284,-0.44648665953854305,0.0,5.443547679661514,0,0,waiter-2,-8.009016990661621,2.200000047683716,0.44189976023750077,0.0,4.580193357185886,0,0,customer-1,2.2287917137145996,2.549999952316284,-0.3891082469338958,0.0,5.693819535690993,0,0,customer-2,2.767063617706299,-2.200000047683716,0.362925822937612,0.0,7.954255506025218,0,0
5,296,11.839999999999923,to_table,-3.4141247272491455,2.746607542037964,-0.009753731106251814,0.8692989349365234,0.053784728050231934,0.8199999928474426,0.026877515017986298,0.8199999928474426,0.026877515017986298,0,nominal-sac-a-star,2.0254033450424744,99.0,99.0,1.4054761028289795,99.0,customer-1,0,,waiter-1,-4.733672142028809,-2.549999952316284,-0.44648580064745147,0.0,5.458503121653525,0,0,waiter-2,-7.991341590881348,2.200000047683716,0.4419058775998508,0.0,4.609739034869897,0,0,customer-1,2.2132277488708496,2.549999952316284,-0.3891127588685084,0.0,5.63078595178595,0,0,customer-2,2.7815804481506348,-2.200000047683716,0.3629264451690517,0.0,7.928157999634451,0,0
5,297,11.879999999999923,to_table,-3.365640640258789,2.7461395263671875,-0.009495258344461157,0.8257653713226318,0.1432199478149414,0.8199999928474426,0.038207970559597015,0.8199999928474426,0.038207970559597015,0,nominal-sac-a-star,1.962531877738105,99.0,99.0,1.3416044807434082,99.0,customer-1,0,,waiter-1,-4.75153112411499,-2.549999952316284,-0.4464897101279419,0.0,5.474466714750653,0,0,waiter-2,-7.973665237426758,2.200000047683716,0.44190245821903673,0.0,4.64027574808671,0,0,customer-1,2.1976633071899414,2.549999952316284,-0.38911250243153894,0.0,5.566760417352942,0,0,customer-2,2.7960972785949707,-2.200000047683716,0.3629270674004914,0.0,7.901348673905785,0,0
5,298,11.919999999999922,to_table,-3.316991090774536,2.745682954788208,-0.009201641448260349,0.8250319957733154,0.15632033348083496,0.8199999928474426,0.041899096220731735,0.8199999928474426,0.041899096220731735,0,nominal-sac-a-star,1.8985934386055316,99.0,99.0,1.2775859928131104,99.0,customer-1,0,,waiter-1,-4.76939058303833,-2.549999952316284,-0.44648885123685034,0.0,5.491240455282104,0,0,waiter-2,-7.955989360809326,2.200000047683716,0.4419038072098047,0.0,4.670982207683068,0,0,customer-1,2.182098865509033,2.549999952316284,-0.3891122459945695,0.0,5.502570507022628,0,0,customer-2,2.8106143474578857,-2.200000047683716,0.3629253054461401,0.0,7.874473237467714,0,0
5,299,11.959999999999921,to_table,-3.2683091163635254,2.7452399730682373,-0.008928972775584992,0.8249510526657104,0.13885939121246338,0.8199999928474426,0.03828691318631172,0.8199999928474426,0.03828691318631172,0,nominal-sac-a-star,1.8344993561948708,99.0,99.0,1.2135439014434815,99.0,customer-1,0,,waiter-1,-4.78725004196167,-2.549999952316284,-0.44648799234575876,0.0,5.5087881973119295,0,0,waiter-2,-7.9383134841918945,2.200000047683716,0.4419051562005727,0.0,4.701725999222984,0,0,customer-1,2.166534423828125,2.549999952316284,-0.38911198955760007,0.0,5.43834928742777,0,0,customer-2,2.8251311779022217,-2.200000047683716,0.3629259276775798,0.0,7.847637445921429,0,0
5,300,11.99999999999992,to_table,-3.2196202278137207,2.7448103427886963,-0.008653967507148946,0.8213069438934326,0.1269693374633789,0.8199999928474426,0.0387587808072567,0.8199999928474426,0.0387587808072567,0,nominal-sac-a-star,1.7703773935043314,99.0,99.0,1.149509916305542,99.0,customer-1,0,,waiter-1,-4.80510950088501,-2.549999952316284,-0.4464871334546672,0.0,5.5270961902407505,0,0,waiter-2,-7.920637130737305,2.200000047683716,0.44190173681975864,0.0,4.7324811863572815,0,0,customer-1,2.150969982147217,2.549999952316284,-0.38911173312063063,0.0,5.374122281039415,0,0,customer-2,2.8396482467651367,-2.200000047683716,0.3629241657232285,0.0,7.820862116464471,0,0
5,301,12.03999999999992,to_table,-3.171006441116333,2.744394540786743,-0.008367214052214895,0.8178740739822388,0.12130248546600342,0.8178740739822388,0.04045397788286209,0.8178740739822388,0.04045397788286209,0,nominal-sac-a-star,1.7113501290344704,99.0,99.0,1.0919270610809326,99.0,customer-1,0,,waiter-1,-4.82296895980835,-2.549999952316284,-0.4464862745635756,0.0,5.54613317652605,0,0,waiter-2,-7.902961254119873,2.200000047683716,0.4419030858105266,0.0,4.76316719383524,0,0,customer-1,2.1354055404663086,2.549999952316284,-0.3891114766836612,0.0,5.309971504095895,0,0,customer-2,2.8541650772094727,-2.200000047683716,0.3629247879546682,0.0,7.794211292474721,0,0
5,302,12.079999999999918,to_table,-3.1224114894866943,2.7439932823181152,-0.008069161255027605,0.8184692859649658,0.1539015769958496,0.8184692859649658,0.04203106090426445,0.8184692859649658,0.04203106090426445,0,nominal-sac-a-star,1.6458856242143145,99.0,99.0,1.0262413120269775,99.0,customer-1,0,,waiter-1,-4.840827941894531,-2.549999952316284,-0.44649018404406604,0.0,5.56590688677602,0,0,waiter-2,-7.885285377502441,2.200000047683716,0.4419044348012946,0.0,4.793839412461606,0,0,customer-1,2.1198410987854004,2.549999952316284,-0.38911122024669176,0.0,5.245840791649197,0,0,customer-2,2.8686819076538086,-2.200000047683716,0.3629254101861079,0.0,7.767642508532632,0,0
5,303,12.119999999999918,to_table,-3.0751919746398926,2.7436139583587646,-0.007975083787541045,0.5882492065429688,-0.11632287502288818,0.7799999713897705,0.011646515689790249,0.7799999713897705,0.011646515689790249,0,nominal-sac-a-star,1.674045183785384,99.0,99.0,1.0787332153320313,99.0,customer-1,0,,waiter-1,-4.858687400817871,-2.549999952316284,-0.44648932515297446,0.0,5.5859828294124,0,0,waiter-2,-7.867609024047852,2.200000047683716,0.44190101542048055,0.0,4.823150138585311,0,0,customer-1,2.104276657104492,2.549999952316284,-0.3891109638097223,0.0,5.18308611645223,0,0,customer-2,2.8831987380981445,-2.200000047683716,0.3629260324175476,0.0,7.742205068737348,0,0
5,304,12.159999999999917,to_table,-3.027275323867798,2.7432360649108887,-0.007727591894666466,0.9009671211242676,0.06482696533203125,0.8199999928474426,0.03610680252313614,0.8199999928474426,0.03610680252313614,0,nominal-sac-a-star,1.515555951682355,99.0,99.0,0.8959055042266846,99.0,customer-1,0,,waiter-1,-4.876546859741211,-2.549999952316284,-0.4464884662618829,0.0,5.606973581840974,0,0,waiter-2,-7.84993314743042,2.200000047683716,0.4419023644112485,0.0,4.853157101679546,0,0,customer-1,2.088712215423584,2.549999952316284,-0.3891107073727529,0.0,5.119635602012644,0,0,customer-2,2.8977155685424805,-2.200000047683716,0.3629266546489873,0.0,7.7162879897010175,0,0
5,305,12.199999999999916,to_table,-2.9787282943725586,2.7428650856018066,-0.007492895052254382,0.8971551656723022,0.010439515113830566,0.8199999928474426,0.03285853937268257,0.8199999928474426,0.03285853937268257,0,nominal-sac-a-star,1.4522337808807746,99.0,99.0,0.83209312915802,99.0,customer-1,0,,waiter-1,-4.894406318664551,-2.549999952316284,-0.4464876073707913,0.0,5.6288757849477316,0,0,waiter-2,-7.832257270812988,2.200000047683716,0.4419037134020165,0.0,4.883794219102674,0,0,customer-1,2.073147773742676,2.549999952316284,-0.38911045093578345,0.0,5.055556227284262,0,0,customer-2,2.9122323989868164,-2.200000047683716,0.36292727688042703,0.0,7.68995016996566,0,0
5,306,12.239999999999915,to_table,-2.930077314376831,2.74245285987854,-0.014433328640504272,0.8894062042236328,0.0021343231201171875,0.8199999928474426,-0.3478080928325653,0.8199999928474426,-0.3478080928325653,0,nominal-sac-a-star,1.3882902948311868,99.0,99.0,0.766720781326294,99.0,customer-1,0,,waiter-1,-4.912265777587891,-2.549999952316284,-0.4464867484796997,0.0,5.651471301616591,0,0,waiter-2,-7.814581394195557,2.200000047683716,0.4419050623927845,0.0,4.914533056071945,0,0,customer-1,2.0575833320617676,2.549999952316284,-0.389110194498814,0.0,4.991372240743167,0,0,customer-2,2.9267492294311523,-2.200000047683716,0.36292789911186674,0.0,7.663566918069181,0,0
5,307,12.279999999999914,to_table,-2.881422758102417,2.741806983947754,-0.02513019840208102,0.8214828968048096,0.10148096084594727,0.8199999928474426,-0.3640994429588318,0.8199999928474426,-0.3640994429588318,0,nominal-sac-a-star,1.323390306665129,99.0,99.0,0.7010018920898438,99.0,customer-1,0,,waiter-1,-4.9301252365112305,-2.549999952316284,-0.44648588958860813,0.0,5.674539848809823,0,0,waiter-2,-7.796905517578125,2.200000047683716,0.44190641138355247,0.0,4.945252826184597,0,0,customer-1,2.0420188903808594,2.549999952316284,-0.3891099380618446,0.0,4.927176433151446,0,0,customer-2,2.9412665367126465,-2.200000047683716,0.3629237529717244,0.0,7.637091551227874,0,0
5,308,12.319999999999913,to_table,-2.8329761028289795,2.7408883571624756,-0.03782991719491647,0.8013191223144531,0.06921827793121338,0.8013191223144531,-0.39926213026046753,0.8013191223144531,-0.39926213026046753,0,nominal-sac-a-star,1.3031172821028771,99.0,99.0,0.69194580078125,99.0,customer-1,0,,waiter-1,-4.94798469543457,-2.549999952316284,-0.44648503069751655,0.0,5.697961078330958,0,0,waiter-2,-7.779229164123535,2.200000047683716,0.4419029920027384,0.0,4.975739091803001,0,0,customer-1,2.026454448699951,2.549999952316284,-0.38910968162487514,0.0,4.863178350445056,0,0,customer-2,2.9557833671569824,-2.200000047683716,0.3629243752031641,0.0,7.610657949907859,0,0
5,309,12.359999999999912,to_table,-2.796403408050537,2.741056442260742,-0.05693970121338326,0.7742972373962402,0.07575738430023193,0.20000000298023224,-0.6121654510498047,0.20000000298023224,-0.6121654510498047,0,nominal-sac-a-star,2.681640715447374,99.0,99.0,2.443632135391235,99.0,customer-1,0,,waiter-1,-4.965843677520752,-2.549999952316284,-0.446488940178007,0.0,5.718544294957716,0,0,waiter-2,-7.7615532875061035,2.200000047683716,0.4419043409935064,0.0,4.9945425563879535,0,0,customer-1,2.010890007019043,2.549999952316284,-0.3891094251879057,0.0,4.811088500632808,0,0,customer-2,2.9703001976013184,-2.200000047683716,0.3629249974346038,0.0,7.594004853320833,0,0
5,310,12.399999999999912,to_table,-2.7654025554656982,2.746324300765991,-0.0762852762264771,0.6507539749145508,0.39635801315307617,0.20000000298023224,-0.5941147208213806,0.20000000298023224,-0.5941147208213806,0,nominal-sac-a-star,2.6295842079826937,99.0,99.0,2.3976011371612547,99.0,customer-1,0,,waiter-1,-4.983703136444092,-2.549999952316284,-0.4464880812869154,0.0,5.7421170365429335,0,0,waiter-2,-7.743877410888672,2.200000047683716,0.4419056899842744,0.0,5.008361216564227,0,0,customer-1,1.9953255653381348,2.549999952316284,-0.38910916875093626,0.0,4.764774442720935,0,0,customer-2,2.9848170280456543,-2.200000047683716,0.36292561966604353,0.0,7.584929124168788,0,0
5,311,12.43999999999991,to_table,-2.7404439449310303,2.7497470378875732,-0.09492800508075971,0.6198289394378662,0.3454490900039673,0.20000000298023224,-0.6279399991035461,0.20000000298023224,-0.6279399991035461,0,nominal-sac-a-star,2.58350551930514,99.0,99.0,2.357736358642578,99.0,customer-1,0,,waiter-1,-5.001562595367432,-2.549999952316284,-0.44648722239582384,0.0,5.761942008691703,0,0,waiter-2,-7.726201057434082,2.200000047683716,0.4419022706034603,0.0,5.015974056762352,0,0,customer-1,1.9797611236572266,2.549999952316284,-0.3891089123139668,0.0,4.724429572733675,0,0,customer-2,2.9993338584899902,-2.200000047683716,0.36292624189748324,0.0,7.57925098171093,0,0
5,312,12.47999999999991,to_table,-2.7233967781066895,2.7497262954711914,-0.11332956145804589,0.5850589275360107,0.2950388193130493,0.20000000298023224,-0.654281497001648,0.20000000298023224,-0.654281497001648,0,nominal-sac-a-star,2.5435471278203856,99.0,99.0,2.325845251083374,99.0,customer-1,0,,waiter-1,-5.0194220542907715,-2.549999952316284,-0.44648636350473225,0.0,5.775710377985006,0,0,waiter-2,-7.70852518081665,2.200000047683716,0.4419036195942283,0.0,5.015346861286073,0,0,customer-1,1.9641966819763184,2.549999952316284,-0.3891086558769974,0.0,4.691846444542172,0,0,customer-2,3.013850688934326,-2.200000047683716,0.36292686412892294,0.0,7.577321384908403,0,0
5,313,12.519999999999909,to_table,-2.6946663856506348,2.7470505237579346,-0.12186717367699376,0.51029372215271,-0.23363804817199707,0.7799999713897705,0.11222971230745316,0.7799999713897705,0.11222971230745316,0,nominal-sac-a-star,1.1255167895557106,99.0,99.0,0.554907808303833,99.0,customer-1,0,,waiter-1,-5.037281513214111,-2.549999952316284,-0.44648550461364067,0.0,5.791941762653295,0,0,waiter-2,-7.690849304199219,2.200000047683716,0.4419049685849963,0.0,5.0260429742462085,0,0,customer-1,1.9486322402954102,2.549999952316284,-0.38910839944002795,0.0,4.647477924360471,0,0,customer-2,3.028367519378662,-2.200000047683716,0.36292748636036265,0.0,7.564815029762197,0,0
5,314,12.559999999999908,to_table,-2.657755136489868,2.742638349533081,-0.12412800535090683,0.8262522220611572,-0.20010578632354736,0.8199999928474426,0.1334734410047531,0.8199999928474426,0.1334734410047531,0,nominal-sac-a-star,0.9882101055628338,99.0,99.0,0.38608957290649415,99.0,customer-1,0,,waiter-1,-5.055140972137451,-2.549999952316284,-0.4464846457225491,0.0,5.810290787832102,0,0,waiter-2,-7.673172950744629,2.200000047683716,0.44190154920418223,0.0,5.044687520370114,0,0,customer-1,1.933067798614502,2.549999952316284,-0.3891081430030585,0.0,4.594862867764669,0,0,customer-2,3.042884349822998,-2.200000047683716,0.36292810859180236,0.0,7.544996015807513,0,0
5,315,12.599999999999907,to_table,-2.611787796020508,2.737494468688965,-0.12100360212492174,0.8276674747467041,-0.352347731590271,0.8199999928474426,0.1304553747177124,0.8199999928474426,0.1304553747177124,0,nominal-sac-a-star,0.9364972495959967,99.0,99.0,0.3236255741119385,99.0,customer-1,0,,waiter-1,-5.072999954223633,-2.549999952316284,-0.44648855520303954,0.0,5.832251926987424,0,0,waiter-2,-7.655497074127197,2.200000047683716,0.4419028981949502,0.0,5.072268085843972,0,0,customer-1,1.917503833770752,2.549999952316284,-0.3891126549376711,0.0,4.533170729342431,0,0,customer-2,3.057401657104492,-2.200000047683716,0.36292396245166003,0.0,7.517882757441355,0,0
5,316,12.639999999999906,to_table,-2.5641579627990723,2.7321054935455322,-0.11756899825464545,0.8194644451141357,-0.4077252149581909,0.8194644451141357,0.13755236566066742,0.8194644451141357,0.13755236566066742,0,nominal-sac-a-star,0.8754811436096248,99.0,99.0,0.2609753704071045,99.0,customer-1,0,,waiter-1,-5.090859413146973,-2.549999952316284,-0.44648769631194796,0.0,5.8553273316180405,0,0,waiter-2,-7.637821197509766,2.200000047683716,0.4419042471857182,0.0,5.10148947120062,0,0,customer-1,1.9019393920898438,2.549999952316284,-0.3891123985007017,0.0,4.469808498301932,0,0,customer-2,3.071918487548828,-2.200000047683716,0.36292458468309974,0.0,7.489394022482089,0,0
5,317,12.679999999999906,to_table,-2.5235772132873535,2.727543354034424,-0.11715370341599804,0.8149657249450684,-0.2822195291519165,0.8149657249450684,-0.19886407256126404,0.30000001192092896,-0.44999998807907104,1,dwa-right-arc,2.323855263879446,1.5634347918853024,99.0,1.7488560771942139,99.0,customer-1,0,,waiter-1,-5.1087188720703125,-2.549999952316284,-0.4464868374208564,0.0,5.876684502879346,0,0,waiter-2,-7.620145320892334,2.200000047683716,0.44190559617648617,0.0,5.123798241103142,0,0,customer-1,1.8863749504089355,2.549999952316284,-0.38911214206373224,0.0,4.413524639738996,0,0,customer-2,3.086435317993164,-2.200000047683716,0.36292520691453944,0.0,7.466788103123084,0,0
5,318,12.719999999999905,to_table,-2.4927420616149902,2.7242424488067627,-0.12664304886032524,0.6898815631866455,0.05582761764526367,0.7799999713897705,-0.17307841777801514,0.30000001192092896,-0.44999998807907104,1,dwa-right-arc,2.268144002730193,1.5979553485877076,99.0,1.703220615386963,99.0,customer-1,0,,waiter-1,-5.126578330993652,-2.549999952316284,-0.4464859785297648,0.0,5.895313935635549,0,0,waiter-2,-7.602468967437744,2.200000047683716,0.4419021767956721,0.0,5.1365493424306,0,0,customer-1,1.8708105087280273,2.549999952316284,-0.3891118856267628,0.0,4.367030052762448,0,0,customer-2,3.1009521484375,-2.200000047683716,0.36292582914597915,0.0,7.452353928780995,0,0
5,319,12.759999999999904,to_table,-2.4657821655273438,2.7235100269317627,-0.13692679902438007,0.629610538482666,0.10788583755493164,0.7799999713897705,-0.1680850386619568,0.30000001192092896,-0.44999998807907104,1,dwa-right-arc,2.227306713316883,1.6242362659468326,99.0,1.6617152786254883,99.0,customer-1,0,,waiter-1,-5.144437789916992,-2.549999952316284,-0.4464851196386732,0.0,5.914820661296759,0,0,waiter-2,-7.5847930908203125,2.200000047683716,0.4419035257864401,0.0,5.145710403009585,0,0,customer-1,1.8552460670471191,2.549999952316284,-0.38911162918979336,0.0,4.3245104616243735,0,0,customer-2,3.115468978881836,-2.200000047683716,0.36292645137741886,0.0,7.4425342318197565,0,0
5,320,12.799999999999903,to_table,-2.4437448978424072,2.721973180770874,-0.15157397860290933,0.6184206008911133,0.0409541130065918,0.7799999713897705,-0.1821349412202835,0.30000001192092896,-0.44999998807907104,1,dwa-right-arc,2.1905724488289295,1.6459911787612957,99.0,1.6257732009887695,99.0,customer-1,0,,waiter-1,-5.162296772003174,-2.549999952316284,-0.44648902911916366,0.0,5.931629203557471,0,0,waiter-2,-7.567117214202881,2.200000047683716,0.4419048747772081,0.0,5.14989318760241,0,0,customer-1,1.839681625366211,2.549999952316284,-0.3891113727528239,0.0,4.286877368322094,0,0,customer-2,3.129985809326172,-2.200000047683716,0.36292707360885856,0.0,7.435878862492157,0,0
5,321,12.839999999999902,to_table,-2.4227495193481445,2.7178518772125244,-0.16317492368030653,0.6182229518890381,-0.006339013576507568,0.7799999713897705,0.2735247313976288,0.30000001192092896,-0.44999998807907104,1,dwa-right-arc,2.1612576283569402,1.664432588592878,99.0,1.5906918144226074,99.0,customer-1,0,,waiter-1,-5.180156230926514,-2.549999952316284,-0.4464881702280721,0.0,5.945885524539423,0,0,waiter-2,-7.549441337585449,2.200000047683716,0.44190622376797606,0.0,5.152779785370965,0,0,customer-1,1.8241171836853027,2.549999952316284,-0.3891111163158545,0.0,4.250182473968095,0,0,customer-2,3.144502639770508,-2.200000047683716,0.36292769584029827,0.0,7.428294835183708,0,0
5,322,12.879999999999901,to_table,-2.40277361869812,2.7137296199798584,-0.17467489823798818,0.6394720077514648,0.0765920877456665,0.7799999713897705,-0.062960185110569,0.30000001192092896,-0.44999998807907104,1,dwa-right-arc,2.1316873011122817,1.6836564727207561,99.0,1.556811580657959,99.0,customer-1,0,,waiter-1,-5.1980156898498535,-2.549999952316284,-0.4464873113369805,0.0,5.959884835011627,0,0,waiter-2,-7.531764984130859,2.200000047683716,0.441902804387162,0.0,5.154655226116987,0,0,customer-1,1.8085527420043945,2.549999952316284,-0.38911085987888505,0.0,4.214507933367917,0,0,customer-2,3.159019947052002,-2.200000047683716,0.36292354970015595,0.0,7.421474712945981,0,0
5,323,12.9199999999999,to_table,-2.3821139335632324,2.709683418273926,-0.18490413780203763,0.6429831981658936,0.10686945915222168,0.7799999713897705,-0.04604778438806534,0.30000001192092896,-0.44999998807907104,1,dwa-right-arc,2.1031689203521844,1.702100788359054,99.0,1.5222294425964356,99.0,customer-1,0,,waiter-1,-5.215875148773193,-2.549999952316284,-0.4464864524458889,0.0,5.974485064312357,0,0,waiter-2,-7.514089107513428,2.200000047683716,0.44190415337793,0.0,5.157222733632642,0,0,customer-1,1.7929883003234863,2.549999952316284,-0.3891106034419156,0.0,4.178154792812984,0,0,customer-2,3.173536777496338,-2.200000047683716,0.36292417193159565,0.0,7.414192239158258,0,0
5,324,12.9599999999999,to_table,-2.3639168739318848,2.7062759399414062,-0.19585217977576977,0.6445695161819458,0.1181187629699707,0.7799999713897705,-0.03361954540014267,0.30000001192092896,-0.44999998807907104,1,dwa-right-arc,2.0733410908678667,1.7210739823974623,99.0,1.4903977012634277,99.0,customer-1,0,,waiter-1,-5.233734607696533,-2.549999952316284,-0.44648559355479733,0.0,5.988680161818582,0,0,waiter-2,-7.496413230895996,2.200000047683716,0.44190550236869797,0.0,5.157405756126931,0,0,customer-1,1.7774238586425781,2.549999952316284,-0.3891103470049462,0.0,4.14428826791629,0,0,customer-2,3.188053607940674,-2.200000047683716,0.36292479416303536,0.0,7.409178112201857,0,0
5,325,12.999999999999899,to_table,-2.344189405441284,2.703686237335205,-0.20589032902052448,0.6447691917419434,0.14681243896484375,0.7799999713897705,-0.018537092953920364,0.30000001192092896,-0.44999998807907104,1,dwa-right-arc,2.0463705493243727,1.7377226023048606,99.0,1.4570241069793701,99.0,customer-1,0,,waiter-1,-5.251594066619873,-2.549999952316284,-0.44648473466370575,0.0,6.004516670238977,0,0,waiter-2,-7.478736877441406,2.200000047683716,0.4419020829878839,0.0,5.159193495098675,0,0,customer-1,1.76185941696167,2.549999952316284,-0.38911009056797674,0.0,4.108923996152716,0,0,customer-2,3.2025704383850098,-2.200000047683716,0.36292541639447506,0.0,7.4035588703654245,0,0
5,326,13.039999999999898,to_table,-2.3261899948120117,2.7001254558563232,-0.21532761413157836,0.354239821434021,-0.24347704648971558,0.7799999713897705,-0.05808492377400398,0.30000001192092896,-0.44999998807907104,1,dwa-right-arc,2.0173420363044,1.755140883003356,99.0,1.4254164791107178,99.0,customer-1,0,,waiter-1,-5.269453048706055,-2.549999952316284,-0.4464886441441962,0.0,6.0188548915850495,0,0,waiter-2,-7.461061000823975,2.200000047683716,0.4419034319786519,0.0,5.1591690873901515,0,0,customer-1,1.7462949752807617,2.549999952316284,-0.3891098341310073,0.0,4.075251096367522,0,0,customer-2,3.2170872688293457,-2.200000047683716,0.36292603862591477,0.0,7.398591269427359,0,0
5,327,13.079999999999897,to_table,-2.3082833290100098,2.696178674697876,-0.22511229972226657,0.5698063373565674,-0.28980958461761475,0.7799999713897705,-0.053774137049913406,0.30000001192092896,-0.44999998807907104,1,dwa-right-arc,1.9898688870026509,1.771772184293199,99.0,1.3941290473937988,99.0,customer-1,0,,waiter-1,-5.2873125076293945,-2.549999952316284,-0.4464877852531046,0.0,6.032993041070565,0,0,waiter-2,-7.443385124206543,2.200000047683716,0.4419047809694199,0.0,5.15901770465428,0,0,customer-1,1.7307305335998535,2.549999952316284,-0.38910957769403787,0.0,4.041658224198549,0,0,customer-2,3.2316040992736816,-2.200000047683716,0.3629266608573545,0.0,7.393437549581245,0,0
5,328,13.119999999999896,to_table,-2.2903707027435303,2.6918740272521973,-0.23458602267624992,0.5059835910797119,0.20916450023651123,0.7799999713897705,0.017413895577192307,0.30000001192092896,-0.44999998807907104,1,dwa-right-arc,1.9628040999436407,1.7885788962394764,99.0,1.3629298305511475,99.0,customer-1,0,,waiter-1,-5.305171966552734,-2.549999952316284,-0.44648692636201304,0.0,6.047005000654678,0,0,waiter-2,-7.425708770751953,2.200000047683716,0.4419013615886058,0.0,5.158840672526437,0,0,customer-1,1.7151660919189453,2.549999952316284,-0.38910932125706843,0.0,4.008048560900162,0,0,customer-2,3.2461209297180176,-2.200000047683716,0.3629272830887942,0.0,7.388042471544599,0,0
5,329,13.159999999999895,to_table,-2.272566556930542,2.6873152256011963,-0.24373551205051616,0.5024580955505371,0.23149871826171875,0.7799999713897705,0.03201977536082268,0.30000001192092896,-0.44999998807907104,1,dwa-right-arc,1.9356704086403602,1.8056198006171054,99.0,1.331923017501831,99.0,customer-1,0,,waiter-1,-5.323031425476074,-2.549999952316284,-0.44648606747092145,0.0,6.060924532369243,0,0,waiter-2,-7.4080328941345215,2.200000047683716,0.4419027105793738,0.0,5.158535701454823,0,0,customer-1,1.699601650238037,2.549999952316284,-0.389109064820099,0.0,3.9745409483760703,0,0,customer-2,3.2606377601623535,-2.200000047683716,0.3629279053202339,0.0,7.382560571724381,0,0
5,330,13.199999999999894,to_table,-2.254804849624634,2.682548761367798,-0.2526916691234888,0.5713253021240234,0.2084435224533081,0.7799999713897705,0.1213255301117897,0.30000001192092896,-0.44999998807907104,1,dwa-right-arc,1.9085597143835575,1.8227387876783572,99.0,1.3010692691802979,99.0,customer-1,0,,waiter-1,-5.340890884399414,-2.549999952316284,-0.4464852085798299,0.0,6.074824528750511,0,0,waiter-2,-7.39035701751709,2.200000047683716,0.4419040595701418,0.0,5.158173061290506,0,0,customer-1,1.684037208557129,2.549999952316284,-0.38910880838312956,0.0,3.9410716748217762,0,0,customer-2,3.2751550674438477,-2.200000047683716,0.36292375918009157,0.0,7.376973604206158,0,0
5,331,13.239999999999894,to_table,-2.237070322036743,2.6775877475738525,-0.26146257002972934,0.5878415107727051,0.2309783697128296,0.7799999713897705,0.13933667540550232,0.30000001192092896,-0.44999998807907104,1,dwa-right-arc,1.8814766919151613,1.8399603419268538,99.0,1.2703533267974854,99.0,customer-1,0,,waiter-1,-5.358750343322754,-2.549999952316284,-0.4464843496887383,0.0,6.08872394803204,0,0,waiter-2,-7.372681140899658,2.200000047683716,0.44190540856090976,0.0,5.1577697209073,0,0,customer-1,1.6684727668762207,2.549999952316284,-0.3891085519461601,0.0,3.907626576945973,0,0,customer-2,3.2896718978881836,-2.200000047683716,0.36292438141153127,0.0,7.371278197568336,0,0
5,332,13.279999999999893,to_table,-2.219357967376709,2.672438621520996,-0.2700479057588914,0.6053638458251953,0.2541079521179199,0.7799999713897705,0.15799859166145325,0.30000001192092896,-0.44999998807907104,1,dwa-right-arc,1.85440965016299,1.857287598285425,99.0,1.2397697067260742,99.0,customer-1,0,,waiter-1,-5.3766093254089355,-2.549999952316284,-0.44648825916922874,0.0,6.102630645492147,0,0,waiter-2,-7.355005264282227,2.200000047683716,0.44190675755167774,0.0,5.157331806686705,0,0,customer-1,1.6529083251953125,2.549999952316284,-0.3891082955091907,0.0,3.8742015265479015,0,0,customer-2,3.3041887283325195,-2.200000047683716,0.362925003642971,0.0,7.3654753196818,0,0
5,333,13.319999999999892,to_table,-2.201663017272949,2.6671035289764404,-0.2784484841519723,0.6184229850769043,0.2741231918334961,0.7799999713897705,0.17694063484668732,0.30000001192092896,-0.44999998807907104,1,dwa-right-arc,1.8273531664504934,1.8747194355385728,99.0,1.2093131637573242,99.0,customer-1,0,,waiter-1,-5.394468784332275,-2.549999952316284,-0.44648740027813716,0.0,6.116549468506239,0,0,waiter-2,-7.337328910827637,2.200000047683716,0.4419033381708637,0.0,5.156864341094949,0,0,customer-1,1.6373438835144043,2.549999952316284,-0.38910803907222125,0.0,3.8407925265444267,0,0,customer-2,3.3187055587768555,-2.200000047683716,0.3629256258744107,0.0,7.35956292461558,0,0
5,334,13.359999999999891,to_table,-2.1839816570281982,2.661583185195923,-0.2866677293286224,0.6242003440856934,0.2889440059661865,0.7799999713897705,0.19601261615753174,0.30000001192092896,-0.44999998807907104,1,dwa-right-arc,1.8003034982639243,1.8922571536921369,99.0,1.1789808368682861,99.0,customer-1,0,,waiter-1,-5.412328243255615,-2.549999952316284,-0.4464865413870456,0.0,6.130482891258061,0,0,waiter-2,-7.319653034210205,2.200000047683716,0.44190468716163167,0.0,5.156372706393724,0,0,customer-1,1.6217799186706543,2.549999952316284,-0.38911255100683384,0.0,3.80739700962819,0,0,customer-2,3.3332223892211914,-2.200000047683716,0.3629262481058504,0.0,7.353538741188971,0,0
5,335,13.39999999999989,to_table,-2.1661829948425293,2.6559555530548096,-0.29487636312622606,0.6299257278442383,0.3038158416748047,0.7799999713897705,0.2159675657749176,0.30000001192092896,-0.44999998807907104,1,dwa-right-arc,1.7732598642900181,1.9099021986199995,99.0,1.1486911869049072,99.0,customer-1,0,,waiter-1,-5.430187702178955,-2.549999952316284,-0.446485682495954,0.0,6.144566661158291,0,0,waiter-2,-7.301977157592773,2.200000047683716,0.44190603615239965,0.0,5.155994288691337,0,0,customer-1,1.606215476989746,2.549999952316284,-0.3891122945698644,0.0,3.7738861694028807,0,0,customer-2,3.3477392196655273,-2.200000047683716,0.3629268703372901,0.0,7.347356190085607,0,0
5,336,13.43999999999989,to_table,-2.1485700607299805,2.6500942707061768,-0.3030310047090086,0.6362910270690918,0.31911420822143555,0.7799999713897705,0.2369268387556076,0.30000001192092896,-0.44999998807907104,1,dwa-right-arc,1.7461857819686188,1.927716122184053,99.0,1.1187486743927002,99.0,customer-1,0,,waiter-1,-5.448047161102295,-2.549999952316284,-0.4464848236048624,0.0,6.1585330285866675,0,0,waiter-2,-7.284300804138184,2.200000047683716,0.4419026167715856,0.0,5.155416091683228,0,0,customer-1,1.590651035308838,2.549999952316284,-0.38911203813289497,0.0,3.7405605566058786,0,0,customer-2,3.3622560501098633,-2.200000047683716,0.3629274925687298,0.0,7.34115926275899,0,0
5,337,13.479999999999889,to_table,-2.130790948867798,2.644105911254883,-0.3109799579458176,0.6428219079971313,0.33439934253692627,0.7799999713897705,0.25942564010620117,0.30000001192092896,-0.44999998807907104,1,dwa-right-arc,1.7193767748504654,1.945522207929321,99.0,1.0887460803985596,99.0,customer-1,0,,waiter-1,-5.465906143188477,-2.549999952316284,-0.44648873308535286,0.0,6.172659806061973,0,0,waiter-2,-7.266624927520752,2.200000047683716,0.4419039657623536,0.0,5.154999580440771,0,0,customer-1,1.5750865936279297,2.549999952316284,-0.38911178169592553,0.0,3.7070721993888824,0,0,customer-2,3.376772880554199,-2.200000047683716,0.3629281148001695,0.0,7.334754384202782,0,0
5,338,13.519999999999888,to_table,-2.113196849822998,2.6379048824310303,-0.318769797191768,0.6483899354934692,0.34959566593170166,0.7799999713897705,0.2830125689506531,0.30000001192092896,-0.44999998807907104,1,dwa-right-arc,1.6923778277918806,1.9635466061347862,99.0,1.0590577220916748,99.0,customer-1,0,,waiter-1,-5.483765602111816,-2.549999952316284,-0.4464878741942613,0.0,6.1866865354808755,0,0,waiter-2,-7.24894905090332,2.200000047683716,0.44190531475312156,0.0,5.1543875790627585,0,0,customer-1,1.5595221519470215,2.549999952316284,-0.3891115252589561,0.0,3.673770834265666,0,0,customer-2,3.3912901878356934,-2.200000047683716,0.3629239686600272,0.0,7.328349177037153,0,0
5,339,13.559999999999887,to_table,-2.0954596996307373,2.631509780883789,-0.3261283167394241,0.6549400091171265,0.36428403854370117,0.7799999713897705,0.004024300258606672,0.30000001192092896,-0.44999998807907104,1,dwa-right-arc,1.665579740727711,1.9815490409875667,99.0,1.029256353378296,99.0,customer-1,0,,waiter-1,-5.501625061035156,-2.549999952316284,-0.4464870153031697,0.0,6.200806849473574,0,0,waiter-2,-7.2312726974487305,2.200000047683716,0.4419018953723075,0.0,5.1539087883278105,0,0,customer-1,1.5439577102661133,2.549999952316284,-0.38911126882198666,0.0,3.6403300586091647,0,0,customer-2,3.4058070182800293,-2.200000047683716,0.3629245908914669,0.0,7.3217090030359095,0,0
5,340,13.599999999999886,to_table,-2.077913761138916,2.6249589920043945,-0.33357895726145226,0.6607202291488647,0.37109053134918213,0.7799999713897705,0.013689104467630386,0.30000001192092896,-0.44999998807907104,1,dwa-right-arc,1.638489747168827,1.99978710316275,99.0,0.999865779876709,99.0,customer-1,0,,waiter-1,-5.519484519958496,-2.549999952316284,-0.4464861564120781,0.0,6.21487001982878,0,0,waiter-2,-7.213596820831299,2.200000047683716,0.4419032443630755,0.0,5.1532349639784,0,0,customer-1,1.528393268585205,2.549999952316284,-0.3891110123850172,0.0,3.6070859776651534,0,0,customer-2,3.4203238487243652,-2.200000047683716,0.3629252131229066,0.0,7.315110836425044,0,0
5,341,13.639999999999885,to_table,-2.060260772705078,2.6182172298431396,-0.3407292623773378,0.6974543333053589,0.24652302265167236,0.7799999713897705,0.008199552074074745,0.30000001192092896,-0.44999998807907104,1,dwa-right-arc,1.6117566124322102,2.017963650209409,99.0,0.9704489803314209,99.0,customer-1,0,,waiter-1,-5.537343978881836,-2.549999952316284,-0.44648529752098653,0.0,6.229010873697712,0,0,waiter-2,-7.195920944213867,2.200000047683716,0.44190459335384347,0.0,5.152660575729305,0,0,customer-1,1.5128288269042969,2.549999952316284,-0.3891107559480478,0.0,3.5737407409869366,0,0,customer-2,3.434840679168701,-2.200000047683716,0.3629258353543463,0.0,7.308307444261197,0,0
5,342,13.679999999999884,to_table,-2.042820692062378,2.6113884449005127,-0.3477805402790822,0.4482380151748657,0.1836174726486206,0.7799999713897705,0.010119209997355938,0.30000001192092896,-0.44999998807907104,1,dwa-right-arc,1.6028701466494535,2.036342980562101,99.0,0.9413920736312866,99.0,customer-1,0,,waiter-1,-5.555203437805176,-2.549999952316284,-0.44648443862989495,0.0,6.243137251375777,0,0,waiter-2,-7.178244590759277,2.200000047683716,0.4419011739730294,0.0,5.151875292810558,0,0,customer-1,1.4972643852233887,2.549999952316284,-0.38911049951107834,0.0,3.540617305138065,0,0,customer-2,3.449357509613037,-2.200000047683716,0.362926457585786,0.0,7.301608084903663,0,0
5,343,13.719999999999883,to_table,-2.025224208831787,2.6043686866760254,-0.3546310674354272,0.5547399520874023,0.29759109020233154,0.7799999713897705,0.033599674701690674,0.30000001192092896,-0.44999998807907104,1,dwa-right-arc,1.5757689743365557,2.0546019021691393,99.0,0.912303695678711,99.0,customer-1,0,,waiter-1,-5.573062419891357,-2.549999952316284,-0.4464883481103854,0.0,6.257369418412326,0,0,waiter-2,-7.160568714141846,2.200000047683716,0.4419025229637974,0.0,5.151240353974827,0,0,customer-1,1.4816999435424805,2.549999952316284,-0.3891102430741089,0.0,3.5073455731909076,0,0,customer-2,3.463874340057373,-2.200000047683716,0.3629270798172257,0.0,7.294666669225572,0,0
5,344,13.759999999999883,to_table,-2.0078349113464355,2.597261667251587,-0.3613806356528512,0.5554203987121582,0.26886844635009766,0.7799999713897705,0.04014500603079796,0.30000001192092896,-0.44999998807907104,1,dwa-right-arc,1.567676256953887,2.073103159225548,99.0,0.8835761642456055,99.0,customer-1,0,,waiter-1,-5.590921878814697,-2.549999952316284,-0.4464874892192938,0.0,6.271587868850868,0,0,waiter-2,-7.142892837524414,2.200000047683716,0.4419038719545654,0.0,5.150401605659987,0,0,customer-1,1.4661355018615723,2.549999952316284,-0.38910998663713947,0.0,3.4742918849088142,0,0,customer-2,3.478391170501709,-2.200000047683716,0.3629277020486654,0.0,7.287825229980124,0,0
5,345,13.799999999999882,to_table,-1.990282654762268,2.589956521987915,-0.3679370178195347,0.5095388889312744,0.30499541759490967,0.7799999713897705,0.05491682142019272,0.30000001192092896,-0.44999998807907104,1,dwa-right-arc,1.5412271216774205,2.0914873737973796,99.0,0.8548232412338257,99.0,customer-1,0,,waiter-1,-5.608781337738037,-2.549999952316284,-0.44648663032820224,0.0,6.285911650384455,0,0,waiter-2,-7.125216960906982,2.200000047683716,0.44190522094533335,0.0,5.149720029309716,0,0,customer-1,1.450571060180664,2.549999952316284,-0.38910973020017003,0.0,3.4410857029572077,0,0,customer-2,3.492908477783203,-2.200000047683716,0.3629235559085231,0.0,7.280732719676345,0,0
5,346,13.83999999999988,to_table,-1.9729366302490234,2.582564353942871,-0.374386717510785,0.5068162679672241,0.3167233467102051,0.7799999713897705,0.06710518151521683,0.30000001192092896,-0.44999998807907104,1,dwa-right-arc,1.5328030080042645,2.094092112759135,99.0,0.8264371252059937,99.0,customer-1,0,,waiter-1,-5.626640796661377,-2.549999952316284,-0.44648577143711066,0.0,6.300219876603079,0,0,waiter-2,-7.107541084289551,2.200000047683716,0.44190656993610133,0.0,5.148836601396122,0,0,customer-1,1.4350066184997559,2.549999952316284,-0.3891094737632006,0.0,3.4080988288114065,0,0,customer-2,3.507425308227539,-2.200000047683716,0.3629241781399628,0.0,7.273739700622264,0,0
5,347,13.87999999999988,to_table,-1.9552221298217773,2.574852228164673,-0.3805360346350978,0.5043047666549683,0.32653236389160156,0.7799999713897705,0.19455987215042114,0.30000001192092896,-0.44999998807907104,1,dwa-right-arc,1.5082065758416887,2.0894435060499896,99.0,0.7978047227859497,99.0,customer-1,0,,waiter-1,-5.644500255584717,-2.549999952316284,-0.4464849125460191,0.0,6.314656202915035,0,0,waiter-2,-7.089864730834961,2.200000047683716,0.4419031505552873,0.0,5.148307372073928,0,0,customer-1,1.4194421768188477,2.549999952316284,-0.38910921732623116,0.0,3.374755816074564,0,0,customer-2,3.521942138671875,-2.200000047683716,0.3629248003714025,0.0,7.2662605706262795,0,0
5,348,13.91999999999988,to_table,-1.9379502534866333,2.566937208175659,-0.3873316668796489,0.5135080814361572,0.36152327060699463,0.7799999713897705,0.21372726559638977,0.30000001192092896,-0.44999998807907104,1,dwa-right-arc,1.4992203462021065,2.0848606055683527,99.0,0.770170578956604,99.0,customer-1,0,,waiter-1,-5.662359237670898,-2.549999952316284,-0.4464888220265095,0.0,6.328844142961321,0,0,waiter-2,-7.072188854217529,2.200000047683716,0.44190449954605526,0.0,5.14733415361632,0,0,customer-1,1.4038777351379395,2.549999952316284,-0.3891089608892617,0.0,3.3418709095640726,0,0,customer-2,3.536458969116211,-2.200000047683716,0.3629254226028422,0.0,7.258983891552535,0,0
5,349,13.959999999999878,to_table,-1.9200587272644043,2.5603041648864746,-0.39567833952705544,0.4387134313583374,0.4452505111694336,0.7799999713897705,0.24083925783634186,0.30000001192092896,-0.44999998807907104,1,dwa-right-arc,1.4769395219872778,2.0807316391999757,99.0,0.7426956987380982,99.0,customer-1,0,,waiter-1,-5.680218696594238,-2.549999952316284,-0.44648796313541794,0.0,6.344604886456682,0,0,waiter-2,-7.054512977600098,2.200000047683716,0.44190584853682324,0.0,5.147080677982766,0,0,customer-1,1.3883132934570312,2.549999952316284,-0.3891087044522923,0.0,3.308388067365908,0,0,customer-2,3.550975799560547,-2.200000047683716,0.3629260448342819,0.0,7.252083493033172,0,0
5,350,13.999999999999877,to_table,-1.9031493663787842,2.5531833171844482,-0.4030835912386511,0.5138752460479736,0.3644850254058838,0.7799999713897705,0.24725019931793213,0.30000001192092896,-0.44999998807907104,1,dwa-right-arc,1.4684340457784388,2.0753107402446656,99.0,0.7160625553131104,99.0,customer-1,0,,waiter-1,-5.698078155517578,-2.549999952316284,-0.44648710424432636,0.0,6.359556902548055,0,0,waiter-2,-7.036836624145508,2.200000047683716,0.4419024291560092,0.0,5.145821924864059,0,0,customer-1,1.372748851776123,2.549999952316284,-0.38910844801532285,0.0,3.2758997648771824,0,0,customer-2,3.565492630004883,-2.200000047683716,0.36292666706572163,0.0,7.245605384277464,0,0
5,351,14.039999999999877,to_table,-1.8856182098388672,2.545640707015991,-0.40927225779377446,0.501178503036499,0.38779616355895996,0.7799999713897705,0.2673078179359436,0.30000001192092896,-0.44999998807907104,1,dwa-right-arc,1.448573921283631,2.0708766226973125,99.0,0.6885244941711426,99.0,customer-1,0,,waiter-1,-5.715937614440918,-2.549999952316284,-0.4464862453532348,0.0,6.374707873331238,0,0,waiter-2,-7.019160747528076,2.200000047683716,0.44190377814677717,0.0,5.145165347357479,0,0,customer-1,1.3571844100952148,2.549999952316284,-0.3891081915783534,0.0,3.2428055499630153,0,0,customer-2,3.5800094604492188,-2.200000047683716,0.36292728929716134,0.0,7.238383245095936,0,0
5,352,14.079999999999876,to_table,-1.8685659170150757,2.537780523300171,-0.41484491975337306,0.49032139778137207,0.4216817617416382,0.7799999713897705,0.28856223821640015,0.30000001192092896,-0.44999998807907104,1,dwa-right-arc,1.4392549209640035,2.066306312460057,99.0,0.6614360904693604,99.0,customer-1,0,,waiter-1,-5.733797073364258,-2.549999952316284,-0.4464853864621432,0.0,6.389485273484589,0,0,waiter-2,-7.0014848709106445,2.200000047683716,0.44190512713754515,0.0,5.144021057204962,0,0,customer-1,1.3416204452514648,2.549999952316284,-0.389112703512966,0.0,3.2102096185338995,0,0,customer-2,3.5945262908935547,-2.200000047683716,0.36292791152860104,0.0,7.231316699668491,0,0
5,353,14.119999999999875,to_table,-1.8513226509094238,2.52966570854187,-0.42016248717838356,0.48037827014923096,0.44602274894714355,0.7799999713897705,0.3099309504032135,0.30000001192092896,-0.44999998807907104,1,dwa-right-arc,1.4205612889216044,2.062315800990878,99.0,0.634323844909668,99.0,customer-1,0,,waiter-1,-5.751656532287598,-2.549999952316284,-0.4464845275710516,0.0,6.404342871234179,0,0,waiter-2,-6.983808517456055,2.200000047683716,0.4419017077567311,0.0,5.143062377441087,0,0,customer-1,1.3260560035705566,2.549999952316284,-0.38911244707599657,0.0,3.1774437202592414,0,0,customer-2,3.609043598175049,-2.200000047683716,0.3629237653884587,0.0,7.223941980646978,0,0
5,354,14.159999999999874,to_table,-1.8342097997665405,2.5212576389312744,-0.42574347260454487,0.4678034782409668,0.4593762159347534,0.7799999713897705,0.3313422203063965,0.30000001192092896,-0.44999998807907104,1,dwa-right-arc,1.4109858855945905,2.05848319121068,99.0,0.6078144407272339,99.0,customer-1,0,,waiter-1,-5.769515514373779,-2.549999952316284,-0.44648843705154206,0.0,6.419056365557665,0,0,waiter-2,-6.966132640838623,2.200000047683716,0.4419030567474991,0.0,5.141968347496078,0,0,customer-1,1.3104915618896484,2.549999952316284,-0.38911219063902713,0.0,3.1448327101105096,0,0,customer-2,3.6235604286193848,-2.200000047683716,0.3629243876198984,0.0,7.216476287585021,0,0
5,355,14.199999999999873,to_table,-1.8168079853057861,2.512542963027954,-0.43057101647927815,0.459026575088501,0.46314454078674316,0.7799999713897705,0.354167103767395,0.30000001192092896,-0.44999998807907104,1,dwa-right-arc,1.394447363226764,2.0551193052767296,99.0,0.5809493160247803,99.0,customer-1,0,,waiter-1,-5.787374973297119,-2.549999952316284,-0.4464875781604505,0.0,6.433874647195786,0,0,waiter-2,-6.948456764221191,2.200000047683716,0.44190440573826706,0.0,5.1411576774181755,0,0,customer-1,1.2949271202087402,2.549999952316284,-0.3891119342020577,0.0,3.111960538460931,0,0,customer-2,3.6380772590637207,-2.200000047683716,0.36292500985133813,0.0,7.208594499418565,0,0
5,356,14.239999999999872,to_table,-1.7988865375518799,2.5037121772766113,-0.43944987442147204,0.444256067276001,0.483085036277771,0.7799999713897705,0.10773646831512451,0.30000001192092896,-0.44999998807907104,1,dwa-right-arc,1.384385476286478,2.051487586063268,99.0,0.5562963581085205,99.0,customer-1,0,,waiter-1,-5.805234432220459,-2.549999952316284,-0.4464867192693589,0.0,6.44909526537713,0,0,waiter-2,-6.930780410766602,2.200000047683716,0.441900986357453,0.0,5.140873056553785,0,0,customer-1,1.279362678527832,2.549999952316284,-0.38911167776508826,0.0,3.078597212110328,0,0,customer-2,3.6525940895080566,-2.200000047683716,0.36292563208277784,0.0,7.200246504283796,0,0
5,357,14.279999999999871,to_table,-1.7827905416488647,2.4941370487213135,-0.4513785000966334,0.4599982500076294,0.4241316318511963,0.7799999713897705,0.1146886944770813,0.30000001192092896,-0.44999998807907104,1,dwa-right-arc,1.370418335106846,2.048114816678469,99.0,0.5358920192718506,99.0,customer-1,0,,waiter-1,-5.823093891143799,-2.549999952316284,-0.4464858603782673,0.0,6.462767924131003,0,0,waiter-2,-6.913105010986328,2.200000047683716,0.441907103719803,0.0,5.138739449482989,0,0,customer-1,1.2637982368469238,2.549999952316284,-0.3891114213281188,0.0,3.0471008925295733,0,0,customer-2,3.6671109199523926,-2.200000047683716,0.36292625431421754,0.0,7.192798413761459,0,0
5,358,14.31999999999987,to_table,-1.765352487564087,2.4853649139404297,-0.4629214456602035,0.6445159912109375,0.8456863164901733,0.7799999713897705,0.18655270338058472,0.30000001192092896,-0.44999998807907104,1,dwa-right-arc,1.364128765704195,2.046917192432181,99.0,0.5142661428451538,99.0,customer-1,0,,waiter-1,-5.840953350067139,-2.549999952316284,-0.44648500148717574,0.0,6.478072377395001,0,0,waiter-2,-6.895428657531738,2.200000047683716,0.44190368433898897,0.0,5.138006871984863,0,0,customer-1,1.2482337951660156,2.549999952316284,-0.3891111648911494,0.0,3.014279345323669,0,0,customer-2,3.6816277503967285,-2.200000047683716,0.36292687654565725,0.0,7.184861761812185,0,0
5,359,14.35999999999987,to_table,-1.7485765218734741,2.477168560028076,-0.47290153553569947,0.5902383327484131,0.5121194124221802,0.7799999713897705,0.16476188600063324,0.30000001192092896,-0.44999998807907104,1,dwa-right-arc,1.353122679365087,2.0442625604151266,99.0,0.49259758949279786,99.0,customer-1,0,,waiter-1,-5.85881233215332,-2.549999952316284,-0.4464889109676662,0.0,6.493570794841112,0,0,waiter-2,-6.877752780914307,2.200000047683716,0.44190503332975695,0.0,5.1366595644001265,0,0,customer-1,1.2326693534851074,2.549999952316284,-0.38911090845417995,0.0,2.9821353726893745,0,0,customer-2,3.6961445808410645,-2.200000047683716,0.36292749877709696,0.0,7.177805658508015,0,0
5,360,14.399999999999869,to_table,-1.7322767972946167,2.4693381786346436,-0.48577709880759207,0.4850280284881592,-0.3053905963897705,0.7799999713897705,0.08254891633987427,0.30000001192092896,-0.44999998807907104,1,dwa-right-arc,1.3449019770493822,2.0414065491292694,99.0,0.47364736557006837,99.0,customer-1,0,,waiter-1,-5.87667179107666,-2.549999952316284,-0.4464880520765746,0.0,6.509206183345525,0,0,waiter-2,-6.860076904296875,2.200000047683716,0.4419063823205249,0.0,5.1348687389412895,0,0,customer-1,1.2171049118041992,2.549999952316284,-0.3891106520172105,0.0,2.9504845005015907,0,0,customer-2,3.7106614112854004,-2.200000047683716,0.36292812100853666,0.0,7.1713524396851485,0,0
5,361,14.439999999999868,to_table,-1.7148668766021729,2.4623892307281494,-0.4964331786059441,0.7653336524963379,0.5051017999649048,0.7799999713897705,0.1991080492734909,0.30000001192092896,-0.44999998807907104,1,dwa-right-arc,1.3367957693426227,2.0387928267798427,99.0,0.452388653755188,99.0,customer-1,0,,waiter-1,-5.89453125,-2.549999952316284,-0.446487193185483,0.0,6.526380282863687,0,0,waiter-2,-6.842400550842285,2.200000047683716,0.4419029629397109,0.0,5.134242852051803,0,0,customer-1,1.201540470123291,2.549999952316284,-0.3891103955802411,0.0,2.9177229907192106,0,0,customer-2,3.7251787185668945,-2.200000047683716,0.36292397486839434,0.0,7.164633267723358,0,0
5,362,14.479999999999867,to_table,-1.697848916053772,2.454803228378296,-0.503838813391321,0.7623043060302734,0.5298829078674316,0.7799999713897705,0.21554186940193176,0.30000001192092896,-0.44999998807907104,1,dwa-right-arc,1.327608465093004,2.0345943877663535,99.0,0.42994524002075196,99.0,customer-1,0,,waiter-1,-5.91239070892334,-2.549999952316284,-0.44648633429439144,0.0,6.5429670182062525,0,0,waiter-2,-6.8247246742248535,2.200000047683716,0.44190431193047885,0.0,5.133203648854619,0,0,customer-1,1.1859760284423828,2.549999952316284,-0.38911013914327164,0.0,2.8853957660513014,0,0,customer-2,3.7396955490112305,-2.200000047683716,0.36292459709983405,0.0,7.157798778143786,0,0
5,363,14.519999999999866,to_table,-1.6816035509109497,2.4467318058013916,-0.5094038955275693,0.752997636795044,0.5671396255493164,0.7799999713897705,0.23162154853343964,0.30000001192092896,-0.44999998807907104,1,dwa-right-arc,1.3187339316710707,2.0309043488677343,99.0,0.4075125551223755,99.0,customer-1,0,,waiter-1,-5.93025016784668,-2.549999952316284,-0.44648547540329986,0.0,6.558835745632084,0,0,waiter-2,-6.807048797607422,2.200000047683716,0.44190566092124683,0.0,5.131380470920793,0,0,customer-1,1.1704115867614746,2.549999952316284,-0.3891098827063022,0.0,2.85388413492862,0,0,customer-2,3.7542123794555664,-2.200000047683716,0.36292521933127375,0.0,7.151238476447246,0,0
5,364,14.559999999999865,to_table,-1.6656124591827393,2.4392964839935303,-0.5194097614908544,0.8712756633758545,-0.26547539234161377,0.8199999928474426,0.14347940683364868,0.30000001192092896,-0.44999998807907104,1,dwa-right-arc,1.3091225152507449,2.027981548925653,99.0,0.3886578178405762,99.0,customer-1,0,,waiter-1,-5.9481096267700195,-2.549999952316284,-0.4464846165122083,0.0,6.575170029722949,0,0,waiter-2,-6.789372444152832,2.200000047683716,0.4419022415404328,0.0,5.129344906321986,0,0,customer-1,1.1548471450805664,2.549999952316284,-0.38910962626933276,0.0,2.822631332140244,0,0,customer-2,3.7687292098999023,-2.200000047683716,0.36292584156271346,0.0,7.145288075729378,0,0
5,365,14.599999999999865,to_table,-1.649635910987854,2.4314675331115723,-0.5327463270662505,0.7348960638046265,0.647449254989624,0.7799999713897705,0.39253300428390503,0.30000001192092896,-0.44999998807907104,1,dwa-right-arc,1.3037620887098054,2.025018217721442,99.0,0.3729516363143921,99.0,customer-1,0,,waiter-1,-5.965968608856201,-2.549999952316284,-0.4464885259926987,0.0,6.591338731021368,0,0,waiter-2,-6.7716965675354,2.200000047683716,0.44190359053120076,0.0,5.127288032299588,0,0,customer-1,1.1392827033996582,2.549999952316284,-0.3891093698323633,0.0,2.7914363636091872,0,0,customer-2,3.7832460403442383,-2.200000047683716,0.36292646379415316,0.0,7.139096458871232,0,0
5,366,14.639999999999864,to_table,-1.6337422132492065,2.4243924617767334,-0.5470387987480914,0.7480010986328125,0.6262571811676025,0.7799999713897705,0.4145073890686035,0.30000001192092896,-0.44999998807907104,1,dwa-right-arc,1.2959559358905064,2.022551255585233,99.0,0.3583473062515259,99.0,customer-1,0,,waiter-1,-5.983828067779541,-2.549999952316284,-0.44648766710160714,0.0,6.608163650453208,0,0,waiter-2,-6.754020690917969,2.200000047683716,0.44190493952196874,0.0,5.125193034840779,0,0,customer-1,1.12371826171875,2.549999952316284,-0.3891091133953939,0.0,2.7603198207255173,0,0,customer-2,3.797762870788574,-2.200000047683716,0.36292708602559287,0.0,7.133460139335059,0,0
5,367,14.679999999999863,to_table,-1.6177829504013062,2.4164586067199707,-0.5606130403456148,0.7552169561386108,0.6150906085968018,0.7799999713897705,0.43767669796943665,0.30000001192092896,-0.44999998807907104,1,dwa-right-arc,1.292952798830939,2.0195121541408465,99.0,0.34416616916656495,99.0,customer-1,0,,waiter-1,-6.001687526702881,-2.549999952316284,-0.44648680821051556,0.0,6.624524885057219,0,0,waiter-2,-6.736344337463379,2.200000047683716,0.4419015201411547,0.0,5.123136244616462,0,0,customer-1,1.1081538200378418,2.549999952316284,-0.38910885695842445,0.0,2.729205849219858,0,0,customer-2,3.81227970123291,-2.200000047683716,0.3629277082570326,0.0,7.127220419524817,0,0
5,368,14.719999999999862,to_table,-1.6025291681289673,2.407883405685425,-0.5748377520660224,0.7570635080337524,0.6179571151733398,0.7799999713897705,0.46422410011291504,0.30000001192092896,-0.44999998807907104,1,dwa-right-arc,1.2847839526735407,2.0170286119788177,99.0,0.33208561897277833,99.0,customer-1,0,,waiter-1,-6.019546985626221,-2.549999952316284,-0.446485949319424,0.0,6.640079351305864,0,0,waiter-2,-6.718668460845947,2.200000047683716,0.44190286913192267,0.0,5.120360998310243,0,0,customer-1,1.0925893783569336,2.549999952316284,-0.389108600521455,0.0,2.6988629258334993,0,0,customer-2,3.8267970085144043,-2.200000047683716,0.36292356211689025,0.0,7.121107543930091,0,0
5,369,14.759999999999861,to_table,-1.5868784189224243,2.3996291160583496,-0.5874795346703235,0.7615355253219604,0.61195969581604,0.7799999713897705,0.49330711364746094,0.30000001192092896,-0.44999998807907104,1,dwa-right-arc,1.2837386082548725,2.015438011575534,99.0,0.31892252922058106,99.0,customer-1,0,,waiter-1,-6.0374064445495605,-2.549999952316284,-0.4464850904283324,0.0,6.656277309532087,0,0,waiter-2,-6.700992584228516,2.200000047683716,0.44190421812269065,0.0,5.118008935193894,0,0,customer-1,1.0770249366760254,2.549999952316284,-0.3891083440844856,0.0,2.668144013423112,0,0,customer-2,3.8413138389587402,-2.200000047683716,0.36292418434832996,0.0,7.114904049421014,0,0
5,370,14.79999999999986,to_table,-1.5713919401168823,2.3911378383636475,-0.5997617479287001,0.736412763595581,0.7066197395324707,0.7799999713897705,0.5323381423950195,0.30000001192092896,-0.44999998807907104,1,dwa-right-arc,1.275317741027216,2.0132576830677342,99.0,0.3063806390762329,99.0,customer-1,0,,waiter-1,-6.055265426635742,-2.549999952316284,-0.44648899990882285,0.0,6.67232823754888,0,0,waiter-2,-6.683316230773926,2.200000047683716,0.4419007987418766,0.0,5.115496418573228,0,0,customer-1,1.0614604949951172,2.549999952316284,-0.38910808764751614,0.0,2.6376408239797713,0,0,customer-2,3.855830669403076,-2.200000047683716,0.36292480657976967,0.0,7.10867725684491,0,0
5,371,14.83999999999986,to_table,-1.5555579662322998,2.3820693492889404,-0.6133430373356255,0.7346253395080566,0.7082784175872803,0.7799999713897705,0.5614868998527527,0.30000001192092896,-0.44999998807907104,1,dwa-right-arc,1.2748914275506575,2.011322618293665,99.0,0.29558731079101563,99.0,customer-1,0,,waiter-1,-6.073124885559082,-2.549999952316284,-0.44648814101773127,0.0,6.68832703046377,0,0,waiter-2,-6.665640830993652,2.200000047683716,0.4419069161042266,0.0,5.113325348079721,0,0,customer-1,1.0458965301513672,2.549999952316284,-0.38911259958212874,0.0,2.606869038557159,0,0,customer-2,3.870347499847412,-2.200000047683716,0.36292542881120937,0.0,7.101817379059184,0,0
5,372,14.879999999999859,to_table,-1.5422570705413818,2.3715147972106934,-0.6264002125778624,0.20148491859436035,0.886328935623169,0.7799999713897705,0.6160103678703308,0.30000001192092896,-0.44999998807907104,1,dwa-right-arc,1.2661117574903409,2.009635400311856,99.0,0.2880081033706665,99.0,customer-1,0,,waiter-1,-6.090984344482422,-2.549999952316284,-0.4464872821266397,0.0,6.701658544159548,0,0,waiter-2,-6.6479644775390625,2.200000047683716,0.44190349672341256,0.0,5.108587420723686,0,0,customer-1,1.030332088470459,2.549999952316284,-0.3891123431451504,0.0,2.578773338558144,0,0,customer-2,3.884864330291748,-2.200000047683716,0.3629260510426491,0.0,7.095942127474752,0,0
5,373,14.919999999999858,to_table,-1.5287870168685913,2.361203908920288,-0.6391757565970522,0.3642505407333374,0.5761032104492188,0.7799999713897705,0.6186839938163757,0.30000001192092896,-0.44999998807907104,1,dwa-right-arc,1.2693649971563727,2.010698245199297,99.0,0.28061641216278077,99.0,customer-1,0,,waiter-1,-6.108843803405762,-2.549999952316284,-0.4464864232355481,0.0,6.715418343970106,0,0,waiter-2,-6.630288600921631,2.200000047683716,0.44190484571418054,0.0,5.104047912879859,0,0,customer-1,1.0147676467895508,2.549999952316284,-0.389112086708181,0.0,2.550551758545407,0,0,customer-2,3.899381160736084,-2.200000047683716,0.3629266732740888,0.0,7.090105168338484,0,0
5,374,14.959999999999857,to_table,-1.513830304145813,2.350613594055176,-0.651202059222092,0.33491337299346924,0.572603702545166,0.20000000298023224,0.6588176488876343,0.30000001192092896,-0.44999998807907104,1,dwa-right-arc,1.2625720219841587,2.011564548151628,99.0,0.2722373104095459,99.0,customer-1,0,,waiter-1,-6.126703262329102,-2.549999952316284,-0.4464855643444565,0.0,6.730127046291035,0,0,waiter-2,-6.612612724304199,2.200000047683716,0.4419061947049485,0.0,5.101006430937605,0,0,customer-1,0.9992027282714844,2.549999952316284,-0.3891070618996473,0.0,2.5209303722794694,0,0,customer-2,3.91389799118042,-2.200000047683716,0.3629272955055285,0.0,7.0829597601754815,0,0
5,375,14.999999999999856,to_table,-1.4995115995407104,2.3398795127868652,-0.6629456794583879,0.30819272994995117,0.5803207159042358,0.7799999713897705,0.4133356213569641,0.30000001192092896,-0.44999998807907104,1,dwa-right-arc,1.265193962264022,2.011924866310409,99.0,0.26493943691253663,99.0,customer-1,0,,waiter-1,-6.144562721252441,-2.549999952316284,-0.44648470545336494,0.0,6.7444363075466045,0,0,waiter-2,-6.594936370849609,2.200000047683716,0.44190277532413447,0.0,5.09734439339014,0,0,customer-1,0.9836387634277344,2.549999952316284,-0.38911157383425987,0.0,2.492024543261634,0,0,customer-2,3.928414821624756,-2.200000047683716,0.3629279177369682,0.0,7.076220153243164,0,0
5,376,15.039999999999855,to_table,-1.4854648113250732,2.3287949562072754,-0.6752599948447553,0.3037663698196411,0.6590127944946289,0.7799999713897705,0.44829338788986206,0.30000001192092896,-0.44999998807907104,1,dwa-right-arc,1.2543436478813421,2.012876622276133,99.0,0.25929141998291017,99.0,customer-1,0,,waiter-1,-6.162421703338623,-2.549999952316284,-0.4464886149338554,0.0,6.758444016871668,0,0,waiter-2,-6.577260494232178,2.200000047683716,0.44190412431490245,0.0,5.093424329950629,0,0,customer-1,0.968073844909668,2.549999952316284,-0.3891065490257084,0.0,2.4634901233700464,0,0,customer-2,3.94293212890625,-2.200000047683716,0.3629237715968259,0.0,7.069475053211574,0,0
5,377,15.079999999999854,to_table,-1.4717166423797607,2.3175039291381836,-0.6878254964183939,0.24344050884246826,0.5404274463653564,0.7799999713897705,0.4620228409767151,0.30000001192092896,-0.44999998807907104,1,dwa-right-arc,1.2527678447017718,2.0143857704246306,99.0,0.2549585199356079,99.0,customer-1,0,,waiter-1,-6.180281162261963,-2.549999952316284,-0.4464877560427638,0.0,6.77223551523925,0,0,waiter-2,-6.559584617614746,2.200000047683716,0.4419054733056704,0.0,5.089224665465125,0,0,customer-1,0.952509880065918,2.549999952316284,-0.389111060960321,0.0,2.4353497968305704,0,0,customer-2,3.957448959350586,-2.200000047683716,0.3629243938282656,0.0,7.062838049368945,0,0
5,378,15.119999999999854,to_table,-1.45859694480896,2.3056647777557373,-0.6998434836949955,0.21566033363342285,0.5391287803649902,0.7799999713897705,0.49173086881637573,0.30000001192092896,-0.44999998807907104,1,dwa-right-arc,1.2517007620072198,2.0163439682461117,99.0,0.25169981479644776,99.0,customer-1,0,,waiter-1,-6.198140621185303,-2.549999952316284,-0.4464868971516722,0.0,6.785333759745675,0,0,waiter-2,-6.541908264160156,2.200000047683716,0.4419020539248564,0.0,5.084409405685698,0,0,customer-1,0.9369449615478516,2.549999952316284,-0.3497936716424199,0.0,2.407970245380777,0,0,customer-2,3.971965789794922,-2.200000047683716,0.3629250160597053,0.0,7.056346585427244,0,0
5,379,15.159999999999853,to_table,-1.443938136100769,2.292811155319214,-0.7115919490491459,0.1710829734802246,0.2656519412994385,0.7799999713897705,0.4909336268901825,0.30000001192092896,-0.44999998807907104,1,dwa-right-arc,1.2514672922468175,2.0192105941803336,99.0,0.24848390579223634,99.0,customer-1,0,,waiter-1,-6.216000080108643,-2.549999952316284,-0.44648603826058064,0.0,6.7989259903080255,0,0,waiter-2,-6.524232387542725,2.200000047683716,0.44190340291562435,0.0,5.08114195658168,0,0,customer-1,0.9213809967041016,2.549999952316284,-0.03850986283280733,0.0,2.3792605316176676,0,0,customer-2,3.986482620239258,-2.200000047683716,0.362925638291145,0.0,7.048036754779108,0,0
5,380,15.199999999999852,to_table,-1.43233323097229,2.2827796936035156,-0.7166172978173182,0.18067169189453125,0.5418803691864014,0.7799999713897705,0.5582636594772339,0.18000000715255737,0.0,1,dwa-slow-forward,1.2567549083356646,2.0219326558077473,99.0,0.3198142147064209,99.0,customer-1,0,,waiter-1,-6.233859539031982,-2.549999952316284,-0.44648517936948906,0.0,6.8125189168916105,0,0,waiter-2,-6.506556510925293,2.200000047683716,0.44190475190639233,0.0,5.0748984585502415,0,0,customer-1,0.9058170318603516,2.549999952316284,0.27277394597680527,0.0,2.353370629172309,0,0,customer-2,4.000999450683594,-2.200000047683716,0.3629262605225847,0.0,7.043892264823841,0,0
5,381,15.239999999999851,to_table,-1.4236067533493042,2.2751986980438232,-0.7166639959931551,0.30382609367370605,0.3082066774368286,0.7799999713897705,0.5527471303939819,0.18000000715255737,0.0,1,dwa-slow-forward,1.257810452680187,2.0242446286374394,99.0,1.359480390548706,99.0,customer-1,0,,waiter-1,-6.251718521118164,-2.549999952316284,-0.4464890888499795,0.0,6.825921568367538,0,0,waiter-2,-6.488880157470703,2.200000047683716,0.4419013325255783,0.0,5.065831569990811,0,0,customer-1,0.9097474217414856,2.549999952316284,0.38911420753757753,0.0,2.349480248004511,0,0,customer-2,4.01551628112793,-2.200000047683716,0.3629268827540244,0.0,7.043540530013451,0,0
5,382,15.27999999999985,to_table,-1.4090121984481812,2.2639665603637695,-0.7156849637719719,0.3263953924179077,0.2961322069168091,0.7799999713897705,0.5644226670265198,0.7799999713897705,0.5644226670265198,0,nominal-sac-a-star,0.26401653727235996,1.2938563252790123,99.0,1.1279602146148682,99.0,customer-1,0,,waiter-1,-6.269577980041504,-2.549999952316284,-0.4464882299588879,0.0,6.841006746261903,0,0,waiter-2,-6.4712042808532715,2.200000047683716,0.44190268151634626,0.0,5.062596210829897,0,0,customer-1,0.9253118634223938,2.549999952316284,0.3891139511006081,0.0,2.351783137778609,0,0,customer-2,4.030033111572266,-2.200000047683716,0.3629275049854641,0.0,7.036349320650475,0,0
5,383,15.31999999999985,to_table,-1.3881480693817139,2.24777889251709,-0.7137009449915976,0.7559075355529785,-0.14355826377868652,0.7799999713897705,0.5297063589096069,0.7799999713897705,0.5297063589096069,0,nominal-sac-a-star,1.0670730510534325,99.0,99.0,1.1297972297668457,99.0,customer-1,0,,waiter-1,-6.287437438964844,-2.549999952316284,-0.44648737106779635,0.0,6.857238377863273,0,0,waiter-2,-6.45352840423584,2.200000047683716,0.44190403050711424,0.0,5.06560566514415,0,0,customer-1,0.9408762454986572,2.549999952316284,0.3891142907100864,0.0,2.3485510061078365,0,0,customer-2,4.044549942016602,-2.200000047683716,0.3629281272169038,0.0,7.021178333011134,0,0
5,384,15.359999999999848,to_table,-1.3654897212982178,2.2349276542663574,-0.7018167327613333,0.7337594032287598,-0.08158868551254272,0.20000000298023224,0.5654602646827698,0.20000000298023224,0.5654602646827698,0,nominal-sac-a-star,1.3000099186475171,99.0,99.0,1.3532095050811768,99.0,customer-1,0,,waiter-1,-6.305296897888184,-2.549999952316284,-0.44648651217670476,0.0,6.8772979535662415,0,0,waiter-2,-6.43585205078125,2.200000047683716,0.4419006111263002,0.0,5.070482628896602,0,0,customer-1,0.9564406871795654,2.549999952316284,0.38911403427311697,0.0,2.343209631000237,0,0,customer-2,4.059067249298096,-2.200000047683716,0.3629239810767615,0.0,7.006739758887097,0,0
5,385,15.399999999999848,to_table,-1.3449375629425049,2.2155332565307617,-0.6898549945053117,0.6034978628158569,0.21242940425872803,0.20000000298023224,0.6889633536338806,0.20000000298023224,0.6889633536338806,0,nominal-sac-a-star,1.2946566619246729,99.0,99.0,1.3509595489501953,99.0,customer-1,0,,waiter-1,-6.323156356811523,-2.549999952316284,-0.4464856532856132,0.0,6.891514283831582,0,0,waiter-2,-6.418176651000977,2.200000047683716,0.4419067284886502,0.0,5.073262867739206,0,0,customer-1,0.9720051288604736,2.549999952316284,0.38911377783614753,0.0,2.3409595057772608,0,0,customer-2,4.073584079742432,-2.200000047683716,0.3629246033082012,0.0,6.989800508803687,0,0
5,386,15.439999999999847,to_table,-1.3285820484161377,2.201859474182129,-0.6745931947719401,0.6012598276138306,-0.2617853879928589,0.20000000298023224,0.6563051342964172,0.20000000298023224,0.6563051342964172,0,nominal-sac-a-star,1.2923882943652287,99.0,99.0,1.352170000076294,99.0,customer-1,0,,waiter-1,-6.341015815734863,-2.549999952316284,-0.4464847943945216,0.0,6.906856034474645,0,0,waiter-2,-6.400500297546387,2.200000047683716,0.44190330910783615,0.0,5.071918589974346,0,0,customer-1,0.9875695109367371,2.549999952316284,0.38911411744562585,0.0,2.342169899560711,0,0,customer-2,4.088100910186768,-2.200000047683716,0.3629252255396409,0.0,6.979743657489158,0,0
5,387,15.479999999999846,to_table,-1.3134912252426147,2.1863369941711426,-0.6577602669019345,0.6003878116607666,-0.21289974451065063,0.20000000298023224,0.6725695729255676,0.20000000298023224,0.6725695729255676,0,nominal-sac-a-star,1.2935855890376604,99.0,99.0,1.3549952602386475,99.0,customer-1,0,,waiter-1,-6.358874797821045,-2.549999952316284,-0.44648870387501205,0.0,6.9201721846429605,0,0,waiter-2,-6.382824420928955,2.200000047683716,0.44190465809860413,0.0,5.069351608235394,0,0,customer-1,1.0031338930130005,2.549999952316284,0.38911445705510417,0.0,2.3449952421401026,0,0,customer-2,4.1026177406311035,-2.200000047683716,0.3629258477710806,0.0,6.969518561203902,0,0
5,388,15.519999999999845,to_table,-1.2992156744003296,2.174044370651245,-0.640187273933445,0.6119945049285889,-0.2105507254600525,0.20000000298023224,0.6887050867080688,0.20000000298023224,0.6887050867080688,0,nominal-sac-a-star,1.296395662679153,99.0,99.0,1.358205327987671,99.0,customer-1,0,,waiter-1,-6.376734256744385,-2.549999952316284,-0.44648784498392047,0.0,6.935257004568102,0,0,waiter-2,-6.365148544311523,2.200000047683716,0.4419060070893721,0.0,5.065999362378254,0,0,customer-1,1.0186983346939087,2.549999952316284,0.38911420061813473,0.0,2.3482052620970815,0,0,customer-2,4.1171345710754395,-2.200000047683716,0.3629264700025203,0.0,6.961976339749558,0,0
5,389,15.559999999999844,to_table,-1.2862602472305298,2.1575443744659424,-0.6218278422927642,0.6209635734558105,-0.20299631357192993,0.20000000298023224,0.698471188545227,0.20000000298023224,0.698471188545227,0,nominal-sac-a-star,1.2995932602058617,99.0,99.0,1.36347580909729,99.0,customer-1,0,,waiter-1,-6.394593715667725,-2.549999952316284,-0.4464869860928289,0.0,6.946657067494775,0,0,waiter-2,-6.347472190856934,2.200000047683716,0.44190258770855806,0.0,5.061390008929853,0,0,customer-1,1.034262776374817,2.549999952316284,0.3891139441811653,0.0,2.353475830270697,0,0,customer-2,4.131651401519775,-2.200000047683716,0.36292709223396,0.0,6.952838271143077,0,0
5,390,15.599999999999843,to_table,-1.2744919061660767,2.1439671516418457,-0.6025739645861008,0.6273467540740967,-0.19675570726394653,0.20000000298023224,0.7211782932281494,0.20000000298023224,0.7211782932281494,0,nominal-sac-a-star,1.3048467587332901,99.0,99.0,1.3695173358917236,99.0,customer-1,0,,waiter-1,-6.4124531745910645,-2.549999952316284,-0.4464861272017373,0.0,6.959308382941252,0,0,waiter-2,-6.329796314239502,2.200000047683716,0.44190393669932604,0.0,5.055614932303037,0,0,customer-1,1.049827218055725,2.549999952316284,0.38911368774419586,0.0,2.3595173291261777,0,0,customer-2,4.146168231964111,-2.200000047683716,0.36292771446539973,0.0,6.946481653465296,0,0
5,391,15.639999999999842,to_table,-1.2650052309036255,2.1300899982452393,-0.5794074664945421,0.6421787738800049,-0.20051246881484985,0.20000000298023224,0.7358178496360779,0.20000000298023224,0.7358178496360779,0,nominal-sac-a-star,1.3108740668263115,99.0,99.0,1.3779258823394775,99.0,customer-1,0,,waiter-1,-6.430312633514404,-2.549999952316284,-0.4464852683106457,0.0,6.970196733867178,0,0,waiter-2,-6.31212043762207,2.200000047683716,0.441905285690094,0.0,5.0475993625585085,0,0,customer-1,1.0653915405273438,2.549999952316284,0.38911462340012193,0.0,2.367925987404132,0,0,customer-2,4.1606855392456055,-2.200000047683716,0.3629235683252574,0.0,6.94174330691762,0,0
5,392,15.679999999999842,to_table,-1.2570428848266602,2.1207761764526367,-0.5544872434140856,0.6778630018234253,-0.33481061458587646,0.20000000298023224,0.7327132821083069,0.20000000298023224,0.7327132821083069,0,nominal-sac-a-star,1.3192684075285512,99.0,99.0,1.3870720958709717,99.0,customer-1,0,,waiter-1,-6.448172092437744,-2.549999952316284,-0.44648440941955414,0.0,6.983120512721405,0,0,waiter-2,-6.2944440841674805,2.200000047683716,0.44190186630927997,0.0,5.03802414294465,0,0,customer-1,1.080955982208252,2.549999952316284,0.3891143669631525,0.0,2.3770720965135195,0,0,customer-2,4.175202369689941,-2.200000047683716,0.3629241905566971,0.0,6.941065889636845,0,0
5,393,15.71999999999984,to_table,-1.2507027387619019,2.1108996868133545,-0.5268216142859552,0.5924389362335205,0.019368410110473633,0.20000000298023224,0.77375328540802,0.20000000298023224,0.77375328540802,0,nominal-sac-a-star,1.3284053830547016,99.0,99.0,1.397941837310791,99.0,customer-1,0,,waiter-1,-6.466031074523926,-2.549999952316284,-0.4464883189000446,0.0,6.994543237112848,0,0,waiter-2,-6.276768207550049,2.200000047683716,0.44190321530004795,0.0,5.026855177031843,0,0,customer-1,1.0965204238891602,2.549999952316284,0.38911411052618305,0.0,2.387941711694487,0,0,customer-2,4.189719200134277,-2.200000047683716,0.3629248127881368,0.0,6.9413289357377215,0,0
5,394,15.75999999999984,to_table,-1.2437399625778198,2.0998849868774414,-0.49880215221160734,0.6040762662887573,0.07529377937316895,0.20000000298023224,0.7779181599617004,0.20000000298023224,0.7779181599617004,0,nominal-sac-a-star,1.3392654666900359,99.0,99.0,1.408439884185791,99.0,customer-1,0,,waiter-1,-6.483890533447266,-2.549999952316284,-0.446487460008953,0.0,7.005755344937762,0,0,waiter-2,-6.259092330932617,2.200000047683716,0.4419045642908159,0.0,5.016351503250378,0,0,customer-1,1.1120848655700684,2.549999952316284,0.3891138540892136,0.0,2.398439931086463,0,0,customer-2,4.204236030578613,-2.200000047683716,0.3629254350195765,0.0,6.940421725835673,0,0
5,395,15.799999999999839,to_table,-1.2351802587509155,2.092186212539673,-0.4703268361101829,0.5944647789001465,0.14928829669952393,0.20000000298023224,0.7884088158607483,0.20000000298023224,0.7884088158607483,0,nominal-sac-a-star,1.3497525780447381,99.0,99.0,1.4167730903625488,99.0,customer-1,0,,waiter-1,-6.5017499923706055,-2.549999952316284,-0.4464866011178614,0.0,7.0204450819203075,0,0,waiter-2,-6.241415977478027,2.200000047683716,0.4419011449100019,0.0,5.00739651860202,0,0,customer-1,1.1276493072509766,2.549999952316284,0.3891135976522442,0.0,2.406773146414289,0,0,customer-2,4.218752861022949,-2.200000047683716,0.36292605725101623,0.0,6.940334960750578,0,0
5,396,15.839999999999838,to_table,-1.2262747287750244,2.0860137939453125,-0.4392026518202476,0.6851456165313721,0.1781163215637207,0.20000000298023224,0.7843642830848694,0.20000000298023224,0.7843642830848694,0,nominal-sac-a-star,1.3580781764718888,99.0,99.0,1.4244892692565918,99.0,customer-1,0,,waiter-1,-6.519609451293945,-2.549999952316284,-0.44648574222676984,0.0,7.036477523601631,0,0,waiter-2,-6.223740577697754,2.200000047683716,0.4419072622723519,0.0,4.998765625350952,0,0,customer-1,1.1432137489318848,2.549999952316284,0.38911334121527474,0.0,2.4144893458339505,0,0,customer-2,4.233269691467285,-2.200000047683716,0.36292667948245594,0.0,6.940932208805569,0,0
5,397,15.879999999999837,to_table,-1.2167152166366577,2.07853364944458,-0.405934963765131,0.5931253433227539,-0.24411433935165405,0.20000000298023224,0.7193229794502258,0.20000000298023224,0.7193229794502258,0,nominal-sac-a-star,1.3657884746320714,99.0,99.0,1.4318275547027588,99.0,customer-1,0,,waiter-1,-6.537468910217285,-2.549999952316284,-0.44648488333567826,0.0,7.052215479576705,0,0,waiter-2,-6.206064224243164,2.200000047683716,0.44190384289153783,0.0,4.990827346803856,0,0,customer-1,1.1587780714035034,2.549999952316284,0.3891142768712008,0.0,2.4218275818619643,0,0,customer-2,4.247786521911621,-2.200000047683716,0.36292730171389564,0.0,6.940218285332205,0,0
5,398,15.919999999999837,to_table,-1.2072429656982422,2.073927879333496,-0.3936341767651595,0.8325197696685791,-0.04759722948074341,0.8199999928474426,0.30857518315315247,0.30000001192092896,-0.44999998807907104,1,dwa-right-arc,1.3302632537241148,2.096069017707376,99.0,1.4387021160125733,99.0,customer-1,0,,waiter-1,-6.555327892303467,-2.549999952316284,-0.4464887928161687,0.0,7.06984589467744,0,0,waiter-2,-6.188387870788574,2.200000047683716,0.4419004235107238,0.0,4.982740085248266,0,0,customer-1,1.1743425130844116,2.549999952316284,0.3891140204342314,0.0,2.428702124885333,0,0,customer-2,4.262303352355957,-2.200000047683716,0.36292792394533535,0.0,6.9413541078580545,0,0
5,399,15.959999999999836,to_table,-1.1944173574447632,2.0695009231567383,-0.40055896192860396,0.6102408170700073,0.7696301937103271,0.7799999713897705,0.3990110754966736,0.30000001192092896,-0.44999998807907104,1,dwa-right-arc,1.3370196234655827,2.0957818638312435,99.0,1.4422586059570313,99.0,customer-1,0,,waiter-1,-6.573187351226807,-2.549999952316284,-0.44648793392507713,0.0,7.0902013359640295,0,0,waiter-2,-6.170712471008301,2.200000047683716,0.4419065408730738,0.0,4.978005933983873,0,0,customer-1,1.1899069547653198,2.549999952316284,0.38911376399726194,0.0,2.4322585682487277,0,0,customer-2,4.276820659637451,-2.200000047683716,0.362923777805193,0.0,6.939962822636249,0,0
5,400,15.999999999999835,to_table,-1.1794376373291016,2.0640833377838135,-0.41377253855573176,0.6540534496307373,0.7713499069213867,0.7799999713897705,0.41399410367012024,0.30000001192092896,-0.44999998807907104,1,dwa-right-arc,1.3406594643058927,2.094408929473156,99.0,1.4439075088500977,99.0,customer-1,0,,waiter-1,-6.5910468101501465,-2.549999952316284,-0.44648707503398555,0.0,7.111629802467351,0,0,waiter-2,-6.153036117553711,2.200000047683716,0.44190312149225974,0.0,4.975455275100215,0,0,customer-1,1.2054712772369385,2.549999952316284,0.389114699653188,0.0,2.4339074524425257,0,0,customer-2,4.291337490081787,-2.200000047683716,0.36292440003663273,0.0,6.9362661146266475,0,0
5,401,16.039999999999836,to_table,-1.1636817455291748,2.057668447494507,-0.42623893503060595,0.6743365526199341,0.7706985473632812,0.7799999713897705,0.43854841589927673,0.30000001192092896,-0.44999998807907104,1,dwa-right-arc,1.342464072840307,2.0931145151728225,99.0,1.4450087642669678,99.0,customer-1,0,,waiter-1,-6.608906269073486,-2.549999952316284,-0.44648621614289397,0.0,7.133097377326578,0,0,waiter-2,-6.135360240936279,2.200000047683716,0.4419044704830455,0.0,4.973715446837089,0,0,customer-1,1.2210357189178467,2.549999952316284,0.3891144432162186,0.0,2.4350087671051015,0,0,customer-2,4.305854320526123,-2.200000047683716,0.36292502226807244,0.0,6.9313466074575185,0,0
5,402,16.079999999999835,to_table,-1.1496267318725586,2.0513572692871094,-0.44091166098221485,0.6787714958190918,0.7712368965148926,0.7799999713897705,0.46523281931877136,0.30000001192092896,-0.44999998807907104,1,dwa-right-arc,1.3437197721109937,2.092328899397864,99.0,1.447770128250122,99.0,customer-1,0,,waiter-1,-6.626765727996826,-2.549999952316284,-0.4464853572518024,0.0,7.15342853907599,0,0,waiter-2,-6.117684364318848,2.200000047683716,0.44190581947381347,0.0,4.970280808453109,0,0,customer-1,1.2366001605987549,2.549999952316284,0.3891141867792669,0.0,2.4377701507098317,0,0,customer-2,4.320371150970459,-2.200000047683716,0.3629256444995299,0.0,6.927836305432488,0,0
5,403,16.119999999999834,to_table,-1.1334679126739502,2.0446724891662598,-0.45431739209614985,0.28388547897338867,0.898230791091919,0.7799999713897705,0.5108765959739685,0.30000001192092896,-0.44999998807907104,1,dwa-right-arc,1.3466617849925482,2.0921636670590535,99.0,1.4485647773742676,99.0,customer-1,0,,waiter-1,-6.644625186920166,-2.549999952316284,-0.4464844983607108,0.0,7.175226083267073,0,0,waiter-2,-6.100008010864258,2.200000047683716,0.4419024000929994,0.0,4.968968423864976,0,0,customer-1,1.252164602279663,2.549999952316284,0.38911393034229746,0.0,2.438564811814019,0,0,customer-2,4.334887981414795,-2.200000047683716,0.3629262667309696,0.0,6.922438958163772,0,0
5,404,16.159999999999833,to_table,-1.1178982257843018,2.0375001430511475,-0.4690711961533857,0.276170015335083,0.7436256408691406,0.7799999713897705,0.5224328637123108,0.30000001192092896,-0.44999998807907104,1,dwa-right-arc,1.347629330749047,2.0915392604169822,99.0,1.4500560855865479,99.0,customer-1,0,,waiter-1,-6.662484169006348,-2.549999952316284,-0.44648840784120125,0.0,7.196359524563214,0,0,waiter-2,-6.082332134246826,2.200000047683716,0.4419037490837674,0.0,4.967092736249051,0,0,customer-1,1.2677290439605713,2.549999952316284,0.38911367390532803,0.0,2.4400560494888595,0,0,customer-2,4.349404811859131,-2.200000047683716,0.3629268889624093,0.0,6.917211170110618,0,0
5,405,16.199999999999832,to_table,-1.1060186624526978,2.030717372894287,-0.47527165103798497,0.340834379196167,0.7067430019378662,0.7799999713897705,0.5524465441703796,0.18000000715255737,0.0,1,dwa-slow-forward,1.3546908059740879,2.091608534634841,99.0,1.4550905323028565,99.0,customer-1,0,,waiter-1,-6.6803436279296875,-2.549999952316284,-0.44648754895010967,0.0,7.214989260853015,0,0,waiter-2,-6.0646562576293945,2.200000047683716,0.4419050980745354,0.0,4.961526320023265,0,0,customer-1,1.2832934856414795,2.549999952316284,0.3891134174683586,0.0,2.4450903742646353,0,0,customer-2,4.363921642303467,-2.200000047683716,0.36292751119384903,0.0,6.915144020942598,0,0
5,406,16.23999999999983,to_table,-1.0959736108779907,2.0255560874938965,-0.47531518154033836,0.3453017473220825,0.5504759550094604,0.7799999713897705,0.5585619807243347,0.18000000715255737,0.0,1,dwa-slow-forward,1.3597760106930774,2.09296333358958,99.0,1.461582908630371,99.0,customer-1,0,,waiter-1,-6.698203086853027,-2.549999952316284,-0.4464866900590181,0.0,7.23330409805415,0,0,waiter-2,-6.046979904174805,2.200000047683716,0.4419016786937213,0.0,4.954078522945651,0,0,customer-1,1.2988578081130981,2.549999952316284,0.38911435312428466,0.0,2.4515829361326356,0,0,customer-2,4.378438472747803,-2.200000047683716,0.36292813342528873,0.0,6.915526900597326,0,0
5,407,16.27999999999983,to_table,-1.0776352882385254,2.018791675567627,-0.4714088875920167,0.3163188695907593,0.5368566513061523,0.7799999713897705,0.5706080794334412,0.7799999713897705,0.5706080794334412,0,nominal-sac-a-star,0.4502792487464726,1.1573809311864176,99.0,0.9314751720428467,99.0,customer-1,0,,waiter-1,-6.716062545776367,-2.549999952316284,-0.4464858311679265,0.0,7.257115051972638,0,0,waiter-2,-6.029304027557373,2.200000047683716,0.4419030276844893,0.0,4.954983327729011,0,0,customer-1,1.3144222497940063,2.549999952316284,0.3891140966873152,0.0,2.450330895725011,0,0,customer-2,4.392955780029297,-2.200000047683716,0.3629239872851464,0.0,6.908369579024106,0,0
5,408,16.31999999999983,to_table,-1.0503238439559937,2.0089104175567627,-0.462563482266924,0.6259686946868896,-0.025919854640960693,0.7799999713897705,0.5164098143577576,0.7799999713897705,0.5164098143577576,0,nominal-sac-a-star,0.8761871758288187,99.0,99.0,0.9134736156463623,99.0,customer-1,0,,waiter-1,-6.733922004699707,-2.549999952316284,-0.4464849722768349,0.0,7.286079316981481,0,0,waiter-2,-6.011628150939941,2.200000047683716,0.4419043766752573,0.0,4.964982947930388,0,0,customer-1,1.3299866914749146,2.549999952316284,0.3891138402503458,0.0,2.4410358722701417,0,0,customer-2,4.407472610473633,-2.200000047683716,0.3629246095165861,0.0,6.892203525897608,0,0
5,409,16.35999999999983,to_table,-1.0184813737869263,1.999448299407959,-0.45484481211361855,0.5319275856018066,0.0018461942672729492,0.7799999713897705,0.5481610298156738,0.7799999713897705,0.5481610298156738,0,nominal-sac-a-star,0.8592392134324882,99.0,99.0,0.8947590684890747,99.0,customer-1,0,,waiter-1,-6.751780986785889,-2.549999952316284,-0.4464888817573254,0.0,7.319030253218716,0,0,waiter-2,-5.993951797485352,2.200000047683716,0.44190095729444323,0.0,4.9795107129952285,0,0,customer-1,1.3455511331558228,2.549999952316284,0.38911358381337635,0.0,2.427294134710935,0,0,customer-2,4.421989440917969,-2.200000047683716,0.3629252317480258,0.0,6.872706097713385,0,0
5,410,16.399999999999828,to_table,-0.9954478740692139,1.9873950481414795,-0.43912068548424316,0.622596263885498,0.04049694538116455,0.20000000298023224,0.5666792988777161,0.20000000298023224,0.5666792988777161,0,nominal-sac-a-star,1.3784784331358757,99.0,99.0,1.432790765762329,99.0,customer-1,0,,waiter-1,-6.7696404457092285,-2.549999952316284,-0.4464880228662338,0.0,7.343653943682384,0,0,waiter-2,-5.976276397705078,2.200000047683716,0.44190707465679324,0.0,4.985363945359955,0,0,customer-1,1.3611154556274414,2.549999952316284,0.3891145194693024,0.0,2.422790747273179,0,0,customer-2,4.436506271362305,-2.200000047683716,0.36292585397946553,0.0,6.858600697417189,0,0
5,411,16.439999999999827,to_table,-0.9762852787971497,1.9749282598495483,-0.4226640370281787,0.5557459592819214,0.2013394832611084,0.20000000298023224,0.600010335445404,0.20000000298023224,0.600010335445404,0,nominal-sac-a-star,1.3739554574088595,99.0,99.0,1.4322204685211182,99.0,customer-1,0,,waiter-1,-6.787499904632568,-2.549999952316284,-0.4464871639751422,0.0,7.365133451118028,0,0,waiter-2,-5.958600044250488,2.200000047683716,0.4419036552759792,0.0,4.987395886806382,0,0,customer-1,1.3766798973083496,2.549999952316284,0.389114263032333,0.0,2.4222205868668816,0,0,customer-2,4.451023101806641,-2.200000047683716,0.36292647621090524,0.0,6.847313533876968,0,0
5,412,16.479999999999826,to_table,-0.9612662196159363,1.9641685485839844,-0.40232951258772554,0.5631346702575684,0.17965173721313477,0.20000000298023224,0.6146563291549683,0.20000000298023224,0.6146563291549683,0,nominal-sac-a-star,1.373365836551123,99.0,99.0,1.4353268241882324,99.0,customer-1,0,,waiter-1,-6.805359363555908,-2.549999952316284,-0.4464863050840506,0.0,7.3845204265115525,0,0,waiter-2,-5.940924167633057,2.200000047683716,0.44190500426674717,0.0,4.985239189368722,0,0,customer-1,1.3922443389892578,2.549999952316284,0.38911400659536355,0.0,2.425326861077717,0,0,customer-2,4.465539932250977,-2.200000047683716,0.36292709844234494,0.0,6.8403600130462925,0,0
5,413,16.519999999999825,to_table,-0.9478936195373535,1.9541891813278198,-0.37908052697898986,0.5743863582611084,0.21975302696228027,0.20000000298023224,0.6291075944900513,0.20000000298023224,0.6291075944900513,0,nominal-sac-a-star,1.3764563157270817,99.0,99.0,1.4398815727233887,99.0,customer-1,0,,waiter-1,-6.823218822479248,-2.549999952316284,-0.44648544619295905,0.0,7.403186205409252,0,0,waiter-2,-5.923248291015625,2.200000047683716,0.44190635325751515,0.0,4.981423199148944,0,0,customer-1,1.407808780670166,2.549999952316284,0.3891137501583941,0.0,2.429881534801509,0,0,customer-2,4.4800567626953125,-2.200000047683716,0.36292772067378465,0.0,6.835198131906288,0,0
5,414,16.559999999999825,to_table,-0.9367565512657166,1.9473530054092407,-0.35296859141786446,0.8436810970306396,0.07680630683898926,0.20000000298023224,0.6174664497375488,0.20000000298023224,0.6174664497375488,0,nominal-sac-a-star,1.3809967759442447,99.0,99.0,1.4458563423156738,99.0,customer-1,0,,waiter-1,-6.841078281402588,-2.549999952316284,-0.44648458730186746,0.0,7.422075095236438,0,0,waiter-2,-5.905571937561035,2.200000047683716,0.4419029338767011,0.0,4.975234353380264,0,0,customer-1,1.4233732223510742,2.549999952316284,0.3891134937214247,0.0,2.435856295213005,0,0,customer-2,4.494574069976807,-2.200000047683716,0.3629235745336423,0.0,6.833731752435572,0,0
5,415,16.599999999999824,to_table,-0.9264077544212341,1.9382367134094238,-0.3273619097323169,0.7307003736495972,0.5440018177032471,0.20000000298023224,0.6668182611465454,0.20000000298023224,0.6668182611465454,0,nominal-sac-a-star,1.3869628358521522,99.0,99.0,1.4531769847869873,99.0,customer-1,0,,waiter-1,-6.8589372634887695,-2.549999952316284,-0.4464884967823579,0.0,7.439030497552871,0,0,waiter-2,-5.8878960609436035,2.200000047683716,0.4419042828674691,0.0,4.968388698454319,0,0,customer-1,1.4389376640319824,2.549999952316284,0.38911323728445524,0.0,2.443176868152495,0,0,customer-2,4.509090900421143,-2.200000047683716,0.36292419676508203,0.0,6.831518800212433,0,0
5,416,16.639999999999823,to_table,-0.9155128598213196,1.9324570894241333,-0.30563448741412447,0.796637773513794,0.19188714027404785,0.20000000298023224,0.6267049312591553,0.20000000298023224,0.6267049312591553,0,nominal-sac-a-star,1.3942714883230882,99.0,99.0,1.4591486549377441,99.0,customer-1,0,,waiter-1,-6.876796722412109,-2.549999952316284,-0.44648763789126633,0.0,7.458506983400473,0,0,waiter-2,-5.870220184326172,2.200000047683716,0.44190563185823706,0.0,4.961925423262256,0,0,customer-1,1.454501986503601,2.549999952316284,0.3891141729403813,0.0,2.4491487417691826,0,0,customer-2,4.5236077308654785,-2.200000047683716,0.36292481899652174,0.0,6.830902926412196,0,0
5,417,16.679999999999822,to_table,-0.9018060564994812,1.9282817840576172,-0.30358720037942677,0.7822915315628052,0.20916426181793213,0.7822915315628052,0.5621448159217834,0.30000001192092896,-0.44999998807907104,1,dwa-right-arc,1.3569555476166235,2.1124347970405113,99.0,1.4605181312561035,99.0,customer-1,0,,waiter-1,-6.894656181335449,-2.549999952316284,-0.44648677900017475,0.0,7.48126058422553,0,0,waiter-2,-5.852543830871582,2.200000047683716,0.441902212477423,0.0,4.958188714176055,0,0,customer-1,1.4700664281845093,2.549999952316284,0.38911391650341187,0.0,2.452001746399035,0,0,customer-2,4.5381245613098145,-2.200000047683716,0.36292544122796144,0.0,6.829023064016155,0,0
5,418,16.71999999999982,to_table,-0.888089656829834,1.923953652381897,-0.3137777085529401,0.5476375818252563,0.8049526214599609,0.7799999713897705,0.6455070376396179,0.30000001192092896,-0.44999998807907104,1,dwa-right-arc,1.35979690259902,2.1117938551440067,99.0,1.4646010494232178,99.0,customer-1,0,,waiter-1,-6.912515640258789,-2.549999952316284,-0.44648592010908317,0.0,7.5039968874464344,0,0,waiter-2,-5.83486795425415,2.200000047683716,0.441903561468191,0.0,4.954474456108069,0,0,customer-1,1.485630750656128,2.549999952316284,0.38911485215933794,0.0,2.454889517387057,0,0,customer-2,4.55264139175415,-2.200000047683716,0.36292606345940115,0.0,6.827045368481935,0,0
5,419,16.75999999999982,to_table,-0.8734632730484009,1.9214845895767212,-0.3210290847931568,0.5922915935516357,0.8236417770385742,0.20000000298023224,0.6758307814598083,0.18000000715255737,0.0,1,dwa-slow-forward,1.3686653353596998,2.110850349821267,99.0,1.4664273357391358,99.0,customer-1,0,,waiter-1,-6.930375099182129,-2.549999952316284,-0.4464850612179916,0.0,7.52863565846739,0,0,waiter-2,-5.817192077636719,2.200000047683716,0.44190491045895897,0.0,4.951567969211449,0,0,customer-1,1.5011951923370361,2.549999952316284,0.3891145957223685,0.0,2.456427159194093,0,0,customer-2,4.567158222198486,-2.200000047683716,0.36292668569084086,0.0,6.825466860934589,0,0
5,420,16.79999999999982,to_table,-0.8627605438232422,1.9179736375808716,-0.3210727099885189,0.6458693742752075,0.7562010288238525,0.20000000298023224,0.6887146234512329,0.18000000715255737,0.0,1,dwa-slow-forward,1.3702473004915265,2.1089868587945846,99.0,1.4720263576507568,99.0,customer-1,0,,waiter-1,-6.9482340812683105,-2.549999952316284,-0.44648897069848204,0.0,7.549554700441786,0,0,waiter-2,-5.799515724182129,2.200000047683716,0.4419014910781449,0.0,4.944804405312287,0,0,customer-1,1.5167596340179443,2.549999952316284,0.38911433928539907,0.0,2.4620263075912447,0,0,customer-2,4.581675052642822,-2.200000047683716,0.36292730792228056,0.0,6.826388960248193,0,0
5,421,16.83999999999982,to_table,-0.8521761894226074,1.9145241975784302,-0.3128596357233282,0.6374361515045166,0.7367672920227051,0.20000000298023224,0.7001062035560608,0.20000000298023224,0.7001062035560608,0,nominal-sac-a-star,1.3746662353321566,1.7657920289822842,99.0,1.4777259922027588,99.0,customer-1,0,,waiter-1,-6.96609354019165,-2.549999952316284,-0.44648811180739045,0.0,7.570466383059096,0,0,waiter-2,-5.781839847564697,2.200000047683716,0.4419028400689129,0.0,4.937922664785282,0,0,customer-1,1.5323240756988525,2.549999952316284,0.38911408284842963,0.0,2.46772586589839,0,0,customer-2,4.596191883087158,-2.200000047683716,0.36292793015372027,0.0,6.8274464053842125,0,0
5,422,16.879999999999818,to_table,-0.8411902785301208,1.9110685586929321,-0.29555400267486226,0.8034522533416748,0.2788146734237671,0.20000000298023224,0.6490724086761475,0.20000000298023224,0.6490724086761475,0,nominal-sac-a-star,1.418791623750132,99.0,99.0,1.4830408191680908,99.0,customer-1,0,,waiter-1,-6.98395299911499,-2.549999952316284,-0.44648725291629887,0.0,7.591749870835129,0,0,waiter-2,-5.764163970947266,2.200000047683716,0.4419041890596809,0.0,4.931445161568942,0,0,customer-1,1.5478885173797607,2.549999952316284,0.3891138264114602,0.0,2.4730408041161973,0,0,customer-2,4.610709190368652,-2.200000047683716,0.36292378401357794,0.0,6.828183719358638,0,0
5,423,16.919999999999817,to_table,-0.8301466107368469,1.9076865911483765,-0.27810092389915736,0.7907123565673828,0.24584031105041504,0.20000000298023224,0.6386759281158447,0.20000000298023224,0.6386759281158447,0,nominal-sac-a-star,1.4241030448409486,99.0,99.0,1.4882826900482178,99.0,customer-1,0,,waiter-1,-7.00181245803833,-2.549999952316284,-0.4464863940252073,0.0,7.613174676213166,0,0,waiter-2,-5.746487617492676,2.200000047683716,0.4419007696788668,0.0,4.925023456957393,0,0,customer-1,1.563452959060669,2.549999952316284,0.38911356997449076,0.0,2.478282743043995,0,0,customer-2,4.625226020812988,-2.200000047683716,0.36292440624501765,0.0,6.828922321413728,0,0
5,424,16.959999999999816,to_table,-0.8189483284950256,1.9045077562332153,-0.2602057588599365,0.7818551063537598,0.2388073205947876,0.20000000298023224,0.6317251920700073,0.20000000298023224,0.6317251920700073,0,nominal-sac-a-star,1.4293415612104503,99.0,99.0,1.4933242893218994,99.0,customer-1,0,,waiter-1,-7.01967191696167,-2.549999952316284,-0.4464855351341157,0.0,7.634894363780914,0,0,waiter-2,-5.728812217712402,2.200000047683716,0.44190688704121683,0.0,4.918747717147877,0,0,customer-1,1.5790174007415771,2.549999952316284,0.3891133135375213,0.0,2.4833243472807522,0,0,customer-2,4.639742851257324,-2.200000047683716,0.36292502847645736,0.0,6.8296627814498345,0,0
5,425,16.999999999999815,to_table,-0.8059262037277222,1.9011633396148682,-0.25469973412855385,0.7718638181686401,0.22058165073394775,0.7799999713897705,0.1876479536294937,0.30000001192092896,-0.44999998807907104,1,dwa-right-arc,1.3906763705924174,2.107431970872062,99.0,1.4782869911193848,99.0,customer-1,0,,waiter-1,-7.03753137588501,-2.549999952316284,-0.4464846762430241,0.0,7.658051819692319,0,0,waiter-2,-5.7111358642578125,2.200000047683716,0.4419034676604028,0.0,4.914304141162526,0,0,customer-1,1.5945817232131958,2.549999952316284,0.3891142491934474,0.0,2.486649805921218,0,0,customer-2,4.65425968170166,-2.200000047683716,0.36292565070789706,0.0,6.828848441191285,0,0
5,426,17.039999999999814,to_table,-0.791000485420227,1.897806167602539,-0.26350218247281343,0.49887895584106445,0.8094344139099121,0.7799999713897705,0.25645431876182556,0.30000001192092896,-0.44999998807907104,1,dwa-right-arc,1.3939226121884312,2.106625066775459,99.0,1.4847068881988525,99.0,customer-1,0,,waiter-1,-7.055390357971191,-2.549999952316284,-0.4464885857235146,0.0,7.682809366091705,0,0,waiter-2,-5.693459987640381,2.200000047683716,0.44190481665117076,0.0,4.911764480516874,0,0,customer-1,1.610146164894104,2.549999952316284,0.38911399275647796,0.0,2.48814428221817,0,0,customer-2,4.668776512145996,-2.200000047683716,0.36292627293933677,0.0,6.826505741680139,0,0
5,427,17.079999999999814,to_table,-0.7769338488578796,1.894068956375122,-0.27157041091437256,0.5624052286148071,0.8465068340301514,0.7799999713897705,0.2763274908065796,0.30000001192092896,-0.44999998807907104,1,dwa-right-arc,1.3955616723407396,2.105621970693912,99.0,1.4913804626464844,99.0,customer-1,0,,waiter-1,-7.073249816894531,-2.549999952316284,-0.446487726832423,0.0,7.706707678026392,0,0,waiter-2,-5.675784111022949,2.200000047683716,0.44190616564193874,0.0,4.908393599105927,0,0,customer-1,1.6257106065750122,2.549999952316284,0.3891137363195085,0.0,2.490571390395943,0,0,customer-2,4.683293342590332,-2.200000047683716,0.3629268951707765,0.0,6.824623212473034,0,0
5,428,17.119999999999813,to_table,-0.7617118954658508,1.891107439994812,-0.27963102950596735,0.5736265182495117,0.8414101600646973,0.7799999713897705,0.2921565771102905,0.30000001192092896,-0.44999998807907104,1,dwa-right-arc,1.3981028074286812,2.105219388277729,99.0,1.4958181476593018,99.0,customer-1,0,,waiter-1,-7.091109275817871,-2.549999952316284,-0.4464868679413314,0.0,7.732057039911648,0,0,waiter-2,-5.658107757568359,2.200000047683716,0.4419027462611247,0.0,4.906129541858777,0,0,customer-1,1.6412749290466309,2.549999952316284,0.3891146719754346,0.0,2.4916831703838036,0,0,customer-2,4.697810173034668,-2.200000047683716,0.3629275174022162,0.0,6.8222827332340525,0,0
5,429,17.159999999999812,to_table,-0.7466699481010437,1.8871804475784302,-0.2917673690597358,0.5885162353515625,0.8388931751251221,0.7799999713897705,0.004824026953428984,0.30000001192092896,-0.44999998807907104,1,dwa-right-arc,1.3993084784261598,2.1037356977780597,99.0,1.500839958190918,99.0,customer-1,0,,waiter-1,-7.108968734741211,-2.549999952316284,-0.44648600905023983,0.0,7.756765804875944,0,0,waiter-2,-5.640431880950928,2.200000047683716,0.44190409525189267,0.0,4.903749785380639,0,0,customer-1,1.656839370727539,2.549999952316284,0.38911441553846515,0.0,2.4932281767934463,0,0,customer-2,4.712327003479004,-2.200000047683716,0.3629281396336559,0.0,6.81950820207818,0,0
5,430,17.19999999999981,to_table,-0.7299309372901917,1.882744312286377,-0.30673692274624614,0.6010444164276123,0.8282275199890137,0.7799999713897705,0.014819812029600143,0.30000001192092896,-0.44999998807907104,1,dwa-right-arc,1.400980345962059,2.103283594035087,99.0,1.503013620376587,99.0,customer-1,0,,waiter-1,-7.126828193664551,-2.549999952316284,-0.44648515015914825,0.0,7.782641982256256,0,0,waiter-2,-5.622756004333496,2.200000047683716,0.44190544424266065,0.0,4.903099870319778,0,0,customer-1,1.6724038124084473,2.549999952316284,0.3891141591014957,0.0,2.493279434552281,0,0,customer-2,4.726844310760498,-2.200000047683716,0.36292399349351356,0.0,6.8150713581448485,0,0
5,431,17.23999999999981,to_table,-0.7134130597114563,1.8778572082519531,-0.32197841565604446,0.5610275268554688,0.7864673137664795,0.7799999713897705,0.024047965183854103,0.30000001192092896,-0.44999998807907104,1,dwa-right-arc,1.4011921037664006,2.1029476124075748,99.0,1.50367356300354,99.0,customer-1,0,,waiter-1,-7.144687175750732,-2.549999952316284,-0.4464890596396387,0.0,7.8081499594995085,0,0,waiter-2,-5.605079650878906,2.200000047683716,0.4419020248618466,0.0,4.902262543779243,0,0,customer-1,1.6879682540893555,2.549999952316284,0.3891139026645263,0.0,2.4936736118967215,0,0,customer-2,4.741361141204834,-2.200000047683716,0.36292461572495327,0.0,6.810541930182144,0,0
5,432,17.27999999999981,to_table,-0.6967805624008179,1.872680902481079,-0.33748880459512526,0.5461328029632568,0.7905131578445435,0.7799999713897705,0.0400579534471035,0.30000001192092896,-0.44999998807907104,1,dwa-right-arc,1.4017547016114975,2.103209203153555,99.0,1.5040459728240967,99.0,customer-1,0,,waiter-1,-7.162546634674072,-2.549999952316284,-0.4464882007485471,0.0,7.833660500988732,0,0,waiter-2,-5.587403774261475,2.200000047683716,0.4419033738526146,0.0,4.901564364894787,0,0,customer-1,1.7035326957702637,2.549999952316284,0.38911364622755684,0.0,2.4940458762062776,0,0,customer-2,4.75587797164917,-2.200000047683716,0.362925237956393,0.0,6.805748688482655,0,0
5,433,17.31999999999981,to_table,-0.6802515387535095,1.8672500848770142,-0.35280210814844615,0.5308904647827148,0.7943747043609619,0.7799999713897705,0.4486221671104431,0.30000001192092896,-0.44999998807907104,1,dwa-right-arc,1.4023033616367793,2.1038219141063337,99.0,1.504598627090454,99.0,customer-1,0,,waiter-1,-7.180406093597412,-2.549999952316284,-0.44648734185745553,0.0,7.859014386546326,0,0,waiter-2,-5.569727897644043,2.200000047683716,0.44190472284338256,0.0,4.900785814733928,0,0,customer-1,1.7190971374511719,2.549999952316284,0.3891133897905874,0.0,2.4945984549609377,0,0,customer-2,4.770394802093506,-2.200000047683716,0.3629258601878327,0.0,6.800887381349895,0,0
5,434,17.359999999999808,to_table,-0.6638027429580688,1.861594557762146,-0.3679936467269617,0.5069364309310913,0.8331618309020996,0.7799999713897705,0.48526352643966675,0.30000001192092896,-0.44999998807907104,1,dwa-right-arc,1.403035215941111,2.1048097947267905,99.0,1.5053022003173828,99.0,customer-1,0,,waiter-1,-7.198265552520752,-2.549999952316284,-0.44648648296636395,0.0,7.884248241329796,0,0,waiter-2,-5.552051544189453,2.200000047683716,0.4419013034625685,0.0,4.899948430172416,0,0,customer-1,1.73466157913208,2.549999952316284,0.38911313335361797,0.0,2.495302204461535,0,0,customer-2,4.784911632537842,-2.200000047683716,0.3629264824192724,0.0,6.795957554658704,0,0
5,435,17.399999999999807,to_table,-0.6474434733390808,1.8557047843933105,-0.38303941683508047,0.12833011150360107,0.930142879486084,0.7799999713897705,0.5304743647575378,0.30000001192092896,-0.44999998807907104,1,dwa-right-arc,1.403921744436939,2.1061377414087543,99.0,1.5061698055267334,99.0,customer-1,0,,waiter-1,-7.216125011444092,-2.549999952316284,-0.44648562407527237,0.0,7.909349617769275,0,0,waiter-2,-5.53437614440918,2.200000047683716,0.4419074208249185,0.0,4.8990458417835345,0,0,customer-1,1.7502259016036987,2.549999952316284,0.38911406900954404,0.0,2.4961699084276474,0,0,customer-2,4.799428462982178,-2.200000047683716,0.3629271046507121,0.0,6.790961314542812,0,0
5,436,17.439999999999806,to_table,-0.631184995174408,1.8495683670043945,-0.3979409921109638,0.065834641456604,0.7801401615142822,0.7799999713897705,0.5478389263153076,0.30000001192092896,-0.44999998807907104,1,dwa-right-arc,1.4049754853440117,2.107816659622614,99.0,1.5072174167633057,99.0,customer-1,0,,waiter-1,-7.233984470367432,-2.549999952316284,-0.4464847651841808,0.0,7.934302887209402,0,0,waiter-2,-5.51669979095459,2.200000047683716,0.44190400144410447,0.0,4.898066678048678,0,0,customer-1,1.765790343284607,2.549999952316284,0.3891138125725746,0.0,2.4972174873012634,0,0,customer-2,4.813945293426514,-2.200000047683716,0.3629277268821518,0.0,6.785900692249978,0,0
5,437,17.479999999999805,to_table,-0.6166641712188721,1.844990849494934,-0.40672081929922554,0.33983540534973145,0.6921815872192383,0.7799999713897705,0.5747202038764954,0.18000000715255737,0.0,1,dwa-slow-forward,1.4115839006553432,2.109564975361482,99.0,1.5095064735412598,99.0,customer-1,0,,waiter-1,-7.251843452453613,-2.549999952316284,-0.44648867466467124,0.0,7.958740367805197,0,0,waiter-2,-5.4990234375,2.200000047683716,0.4419005820632904,0.0,4.8952490780183835,0,0,customer-1,1.7813546657562256,2.549999952316284,0.3891147482285007,0.0,2.4995063867788705,0,0,customer-2,4.828462600708008,-2.200000047683716,0.3629235807420095,0.0,6.783167174750522,0,0
5,438,17.519999999999804,to_table,-0.6063118577003479,1.8405327796936035,-0.4067411907876236,0.16887199878692627,0.6480011940002441,0.7799999713897705,0.2417753040790558,0.18000000715255737,0.0,1,dwa-slow-forward,1.4139371828528666,2.1105538433761746,99.0,1.5157659149169922,99.0,customer-1,0,,waiter-1,-7.269702911376953,-2.549999952316284,-0.44648781577357965,0.0,7.979821928155266,0,0,waiter-2,-5.481348037719727,2.200000047683716,0.4419066994256404,0.0,4.888271112904255,0,0,customer-1,1.7969191074371338,2.549999952316284,0.38911449179153124,0.0,2.505765899046607,0,0,customer-2,4.842979431152344,-2.200000047683716,0.3629242029734492,0.0,6.78385444123616,0,0
5,439,17.559999999999803,to_table,-0.586549699306488,1.8339135646820068,-0.4038717422111594,0.1731109619140625,0.640125036239624,0.7799999713897705,0.24436087906360626,0.7799999713897705,0.24436087906360626,0,nominal-sac-a-star,0.3177777273143727,2.059108357324148,99.0,0.93969810962677,99.0,customer-1,0,,waiter-1,-7.287562370300293,-2.549999952316284,-0.4464869568824881,0.0,8.007638137512199,0,0,waiter-2,-5.463671684265137,2.200000047683716,0.4419032800448264,0.0,4.890842276050573,0,0,customer-1,1.812483549118042,2.549999952316284,0.3891142353545618,0.0,2.503625419586856,0,0,customer-2,4.85749626159668,-2.200000047683716,0.3629248252048889,0.0,6.775698890627856,0,0
5,440,17.599999999999802,to_table,-0.5568740367889404,1.8247978687286377,-0.4047885038872488,0.41071653366088867,0.4123800992965698,0.7799999713897705,0.21616396307945251,0.7799999713897705,0.21616396307945251,0,nominal-sac-a-star,0.8953233156669647,99.0,99.0,0.9414333200454712,99.0,customer-1,0,,waiter-1,-7.305421829223633,-2.549999952316284,-0.4464860979913965,0.0,8.042496706980648,0,0,waiter-2,-5.445995807647705,2.200000047683716,0.44190462903559435,0.0,4.903497564532666,0,0,customer-1,1.8280479907989502,2.549999952316284,0.38911397891759236,0.0,2.492743697156569,0,0,customer-2,4.872013092041016,-2.200000047683716,0.3629254474363286,0.0,6.758092462043767,0,0
5,441,17.6399999999998,to_table,-0.5296416878700256,1.8162822723388672,-0.390405886516515,0.3882448673248291,0.44669246673583984,0.20000000298023224,0.6201934814453125,0.20000000298023224,0.6201934814453125,0,nominal-sac-a-star,1.4436619876849355,99.0,99.0,1.4940846061706543,99.0,customer-1,0,,waiter-1,-7.323281288146973,-2.549999952316284,-0.4464852391003049,0.0,8.075763709011715,0,0,waiter-2,-5.428319931030273,2.200000047683716,0.44190597802636233,0.0,4.913683736376118,0,0,customer-1,1.8436124324798584,2.549999952316284,0.3891137224806229,0.0,2.484084691323777,0,0,customer-2,4.886529922485352,-2.200000047683716,0.3629260696677683,0.0,6.742806432558,0,0
5,442,17.6799999999998,to_table,-0.5080415606498718,1.8059970140457153,-0.377357272501336,0.3112807273864746,0.18661224842071533,0.20000000298023224,0.5998616218566895,0.20000000298023224,0.5998616218566895,0,nominal-sac-a-star,1.4349818978302114,99.0,99.0,1.4913833236694336,99.0,customer-1,0,,waiter-1,-7.3411407470703125,-2.549999952316284,-0.4464843802092133,0.0,8.103453218376387,0,0,waiter-2,-5.410643577575684,2.200000047683716,0.4419025586455483,0.0,4.918408779969492,0,0,customer-1,1.8591768741607666,2.549999952316284,0.3891134660436535,0.0,2.481383382362058,0,0,customer-2,4.9010467529296875,-2.200000047683716,0.362926691899208,0.0,6.730991668594442,0,0
5,443,17.7199999999998,to_table,-0.490652859210968,1.7949072122573853,-0.3624794216893162,0.47016382217407227,0.1828998327255249,0.20000000298023224,0.6191989779472351,0.20000000298023224,0.6191989779472351,0,nominal-sac-a-star,1.4322590267762128,99.0,99.0,1.4929931259155274,99.0,customer-1,0,,waiter-1,-7.358999729156494,-2.549999952316284,-0.4464882896897038,0.0,8.127263192160944,0,0,waiter-2,-5.392967700958252,2.200000047683716,0.44190390763631626,0.0,4.919023379994187,0,0,customer-1,1.8747413158416748,2.549999952316284,0.38911320960668405,0.0,2.482993082846311,0,0,customer-2,4.915564060211182,-2.200000047683716,0.3629225457590657,0.0,6.722087874713959,0,0
5,444,17.7599999999998,to_table,-0.4743398427963257,1.7861915826797485,-0.3403327450070559,0.47953665256500244,0.17486298084259033,0.20000000298023224,0.6401658058166504,0.20000000298023224,0.6401658058166504,0,nominal-sac-a-star,1.4338477635134332,99.0,99.0,1.4949450588226318,99.0,customer-1,0,,waiter-1,-7.376859188079834,-2.549999952316284,-0.4464874307986122,0.0,8.151523191415475,0,0,waiter-2,-5.37529182434082,2.200000047683716,0.44190525662708424,0.0,4.9183907704770515,0,0,customer-1,1.8903056383132935,2.549999952316284,0.3891141452626101,0.0,2.484944964553333,0,0,customer-2,4.930080890655518,-2.200000047683716,0.3629231679905054,0.0,6.715466266622437,0,0
5,445,17.799999999999798,to_table,-0.45760998129844666,1.7772842645645142,-0.330595243975275,0.4924888610839844,0.16601085662841797,0.7799999713897705,0.23848886787891388,0.30000001192092896,-0.44999998807907104,1,dwa-right-arc,1.393472782176967,2.137972121790308,99.0,1.4965894317626953,99.0,customer-1,0,,waiter-1,-7.394718647003174,-2.549999952316284,-0.4464865719075206,0.0,8.17611554061348,0,0,waiter-2,-5.3576154708862305,2.200000047683716,0.4419018372462702,0.0,4.918205204267965,0,0,customer-1,1.9058700799942017,2.549999952316284,0.3891138888256407,0.0,2.486589538750936,0,0,customer-2,4.9445977210998535,-2.200000047683716,0.3629237902219451,0.0,6.708400596290251,0,0
5,446,17.839999999999797,to_table,-0.44130855798721313,1.7709355354309082,-0.34200223407865904,0.027608871459960938,0.7937796115875244,0.7799999713897705,0.31640294194221497,0.30000001192092896,-0.44999998807907104,1,dwa-right-arc,1.395030955289504,2.1436207684413535,99.0,1.4978699779510498,99.0,customer-1,0,,waiter-1,-7.412578105926514,-2.549999952316284,-0.44648571301642903,0.0,8.20177313751721,0,0,waiter-2,-5.339939594268799,2.200000047683716,0.44190318623703817,0.0,4.917385726714546,0,0,customer-1,1.9214345216751099,2.549999952316284,0.38911363238867125,0.0,2.4878698169617213,0,0,customer-2,4.9591145515441895,-2.200000047683716,0.3629244124533848,0.0,6.7032006658913845,0,0
5,447,17.879999999999797,to_table,-0.42358312010765076,1.76521635055542,-0.3567079030949762,0.009531140327453613,0.8032463788986206,0.7799999713897705,0.34108003973960876,0.30000001192092896,-0.44999998807907104,1,dwa-right-arc,1.3964553251354037,2.1470286354624966,99.0,1.4976158237457275,99.0,customer-1,0,,waiter-1,-7.4304375648498535,-2.549999952316284,-0.44648485412533745,0.0,8.229040098964964,0,0,waiter-2,-5.322263717651367,2.200000047683716,0.44190453522780615,0.0,4.917937419288681,0,0,customer-1,1.9369988441467285,2.549999952316284,0.3891145680445973,0.0,2.487615828771762,0,0,customer-2,4.973631381988525,-2.200000047683716,0.3629250346848245,0.0,6.697228192804977,0,0
5,448,17.919999999999796,to_table,-0.4070743918418884,1.758535385131836,-0.37124203371567027,-0.00817018747329712,0.8038990497589111,0.7799999713897705,0.36733585596084595,0.30000001192092896,-0.44999998807907104,1,dwa-right-arc,1.3963858635106103,2.1496894249108403,99.0,1.4988362884521484,99.0,customer-1,0,,waiter-1,-7.448296546936035,-2.549999952316284,-0.4464887636058279,0.0,8.254834110472956,0,0,waiter-2,-5.304587364196777,2.200000047683716,0.4419011158469921,0.0,4.917369658940282,0,0,customer-1,1.9525632858276367,2.549999952316284,0.3891143116076279,0.0,2.4888363005601826,0,0,customer-2,4.988148212432861,-2.200000047683716,0.3629256569162642,0.0,6.691668679973136,0,0
5,449,17.959999999999795,to_table,-0.39234459400177,1.7523869276046753,-0.3775818224783849,-0.025416851043701172,0.8019051551818848,0.7799999713897705,0.39667659997940063,0.18000000715255737,0.0,1,dwa-slow-forward,1.4031058044388696,2.153219321062955,99.0,1.501588830947876,99.0,customer-1,0,,waiter-1,-7.466156005859375,-2.549999952316284,-0.4464879047147363,0.0,8.279452926072041,0,0,waiter-2,-5.286911964416504,2.200000047683716,0.4419072332093421,0.0,4.914992090410268,0,0,customer-1,1.968127727508545,2.549999952316284,0.38911405517065845,0.0,2.491589074828732,0,0,customer-2,5.002665042877197,-2.200000047683716,0.3629262791477039,0.0,6.687861525513686,0,0
5,450,17.999999999999794,to_table,-0.38161104917526245,1.7481096982955933,-0.3776324159035157,0.0726555585861206,0.6818397045135498,0.7799999713897705,0.40177223086357117,0.18000000715255737,0.0,1,dwa-slow-forward,1.405907079828635,2.1569386378031608,99.0,1.5075364208221436,99.0,customer-1,0,,waiter-1,-7.484015464782715,-2.549999952316284,-0.44648704582364473,0.0,8.301680254714897,0,0,waiter-2,-5.269235610961914,2.200000047683716,0.44190381382852806,0.0,4.908470102267128,0,0,customer-1,1.9836921691894531,2.549999952316284,0.389113798733689,0.0,2.4975362448420744,0,0,customer-2,5.017181873321533,-2.200000047683716,0.36292690137914363,0.0,6.688388115704583,0,0
5,451,18.039999999999793,to_table,-0.3621034026145935,1.743094801902771,-0.37559180731141506,0.07239222526550293,0.6771910190582275,0.7799999713897705,0.40974536538124084,0.7799999713897705,0.40974536538124084,0,nominal-sac-a-star,0.26089429572530665,1.6450201991616378,99.0,0.9328540658950806,99.0,customer-1,0,,waiter-1,-7.501874923706055,-2.549999952316284,-0.44648618693255315,0.0,8.331086360258897,0,0,waiter-2,-5.251559257507324,2.200000047683716,0.441900394447714,0.0,4.910757676832257,0,0,customer-1,1.9992566108703613,2.549999952316284,0.3891135422967196,0.0,2.4954192102830177,0,0,customer-2,5.031699180603027,-2.200000047683716,0.3629227552390013,0.0,6.681399800907034,0,0
5,452,18.079999999999792,to_table,-0.3340121805667877,1.7321321964263916,-0.37145858715030894,0.4492514133453369,0.3161383867263794,0.7799999713897705,0.3722987473011017,0.7799999713897705,0.3722987473011017,0,nominal-sac-a-star,0.8888135628311058,99.0,99.0,0.926471004486084,99.0,customer-1,0,,waiter-1,-7.5197343826293945,-2.549999952316284,-0.44648532804146157,0.0,8.364882503927419,0,0,waiter-2,-5.233883857727051,2.200000047683716,0.441906511810064,0.0,4.9221583455713285,0,0,customer-1,2.0148210525512695,2.549999952316284,0.38911328585975014,0.0,2.4871520305610986,0,0,customer-2,5.046216011047363,-2.200000047683716,0.362923377470441,0.0,6.663971742062691,0,0
5,453,18.11999999999979,to_table,-0.30025145411491394,1.7189093828201294,-0.36463039506457334,0.42780017852783203,0.35042309761047363,0.7799999713897705,0.39683997631073,0.7799999713897705,0.39683997631073,0,nominal-sac-a-star,0.8818513275886197,99.0,99.0,0.9132443761825562,99.0,customer-1,0,,waiter-1,-7.537593841552734,-2.549999952316284,-0.44648446915037,0.0,8.402541981128032,0,0,waiter-2,-5.216207504272461,2.200000047683716,0.44190309242924997,0.0,4.939440465771349,0,0,customer-1,2.0303854942321777,2.549999952316284,0.3891130294227807,0.0,2.4743847962081578,0,0,customer-2,5.060732841491699,-2.200000047683716,0.3629239997018807,0.0,6.64063278176355,0,0
5,454,18.15999999999979,to_table,-0.25963732600212097,1.7053676843643188,-0.35858500573809643,0.43412160873413086,0.33791959285736084,0.7799999713897705,0.08859926462173462,0.7799999713897705,0.08859926462173462,0,nominal-sac-a-star,0.8683787443995372,99.0,99.0,0.8988136148452759,99.0,customer-1,0,,waiter-1,-7.555452823638916,-2.549999952316284,-0.44648837863086044,0.0,8.446127958944613,0,0,waiter-2,-5.198531627655029,2.200000047683716,0.44190444142001795,0.0,4.963601323408489,0,0,customer-1,2.045949935913086,2.549999952316284,0.38911277298581126,0.0,2.4554299603880665,0,0,customer-2,5.075249671936035,-2.200000047683716,0.3629246219333204,0.0,6.611574426964549,0,0
5,455,18.19999999999979,to_table,-0.2171390801668167,1.6899052858352661,-0.3561923560369731,0.2837103605270386,0.5743136405944824,0.7799999713897705,0.10910574346780777,0.7799999713897705,0.10910574346780777,0,nominal-sac-a-star,0.8524863529627849,99.0,99.0,0.8934404945373535,99.0,customer-1,0,,waiter-1,-7.573312282562256,-2.549999952316284,-0.44648751973976886,0.0,8.490587765999814,0,0,waiter-2,-5.180855751037598,2.200000047683716,0.4419057904107859,0.0,4.989857698847307,0,0,customer-1,2.061514377593994,2.549999952316284,0.3891125165488418,0.0,2.4355747608879494,0,0,customer-2,5.089766502380371,-2.200000047683716,0.36292524416476013,0.0,6.579864008154723,0,0
5,456,18.23999999999979,to_table,-0.18034705519676208,1.676181674003601,-0.3558869509864879,0.28507721424102783,0.5687582492828369,0.7799999713897705,0.10840146243572235,0.30000001192092896,-0.44999998807907104,1,dwa-right-arc,1.3446023750848235,2.1969110950892663,99.0,1.4306464290618897,99.0,customer-1,0,,waiter-1,-7.591171741485596,-2.549999952316284,-0.4464866608486773,0.0,8.531174225717805,0,0,waiter-2,-5.163179397583008,2.200000047683716,0.4419023710299719,0.0,5.010289796103144,0,0,customer-1,2.0770788192749023,2.549999952316284,0.3891122601118724,0.0,2.4206466000322107,0,0,customer-2,5.104283332824707,-2.200000047683716,0.36292586639619984,0.0,6.553785400632431,0,0
5,457,18.279999999999788,to_table,-0.15137073397636414,1.666098713874817,-0.36255487117125146,-0.09433799982070923,0.8138778209686279,0.7799999713897705,0.6131686568260193,0.30000001192092896,-0.44999998807907104,1,dwa-right-arc,1.3297256791444803,2.2072235646899694,99.0,1.421820650100708,99.0,customer-1,0,,waiter-1,-7.6090312004089355,-2.549999952316284,-0.4464858019575857,0.0,8.566924045166367,0,0,waiter-2,-5.145503520965576,2.200000047683716,0.44190372002073985,0.0,5.022590260843856,0,0,customer-1,2.0926430225372314,2.549999952316284,0.38911438786069397,0.0,2.4118207103225187,0,0,customer-2,5.118800163269043,-2.200000047683716,0.36292648862763954,0.0,6.536162553080889,0,0
5,458,18.319999999999787,to_table,-0.12848004698753357,1.6599692106246948,-0.36476440665664356,-0.013765215873718262,0.836754322052002,0.7799999713897705,0.26673397421836853,0.18000000715255737,0.0,1,dwa-slow-forward,1.3261193177479356,2.214455486232609,99.0,1.4172651863098145,99.0,customer-1,0,,waiter-1,-7.626890659332275,-2.549999952316284,-0.4464849430664941,0.0,8.59941870501944,0,0,waiter-2,-5.1278276443481445,2.200000047683716,0.44190506901150783,0.0,5.028430143117231,0,0,customer-1,2.1082074642181396,2.549999952316284,0.38911413142372453,0.0,2.407265200167923,0,0,customer-2,5.133317470550537,-2.200000047683716,0.3629223424874972,0.0,6.525785453924745,0,0
5,459,18.359999999999786,to_table,-0.11598227173089981,1.6554993391036987,-0.3654040976084441,-0.013385534286499023,0.6894056797027588,0.7799999713897705,0.253800630569458,0.18000000715255737,0.0,1,dwa-slow-forward,1.3215853112703175,2.218929401737755,99.0,1.421769151687622,99.0,customer-1,0,,waiter-1,-7.644749641418457,-2.549999952316284,-0.44648885254698456,0.0,8.623720913677928,0,0,waiter-2,-5.110151290893555,2.200000047683716,0.4419016496306938,0.0,5.023764048361369,0,0,customer-1,2.123771905899048,2.549999952316284,0.3891138749867551,0.0,2.4117690858057896,0,0,customer-2,5.147834300994873,-2.200000047683716,0.3629229647189369,0.0,6.524771293525975,0,0
5,460,18.399999999999785,to_table,-0.0953032448887825,1.6491916179656982,-0.3621752427350431,-0.011543691158294678,0.6891440153121948,0.7799999713897705,0.2585720121860504,0.7799999713897705,0.2585720121860504,0,nominal-sac-a-star,0.2281494671023343,2.1275249941101615,99.0,0.9191999530792236,99.0,customer-1,0,,waiter-1,-7.662609100341797,-2.549999952316284,-0.446487993655893,0.0,8.654324222832233,0,0,waiter-2,-5.092475414276123,2.200000047683716,0.44190299862146176,0.0,5.027436684509095,0,0,customer-1,2.139336347579956,2.549999952316284,0.38911361854978566,0.0,2.409371238199777,0,0,customer-2,5.162351131439209,-2.200000047683716,0.36292358695037663,0.0,6.516072898596653,0,0
5,461,18.439999999999785,to_table,-0.06598131358623505,1.6409571170806885,-0.3615721679222302,0.3053990602493286,0.4558526277542114,0.7799999713897705,0.23088154196739197,0.7799999713897705,0.23088154196739197,0,nominal-sac-a-star,0.8610448942548434,99.0,99.0,0.9180878496170044,99.0,customer-1,0,,waiter-1,-7.680468559265137,-2.549999952316284,-0.4464871347648014,0.0,8.691636046920921,0,0,waiter-2,-5.074799537658691,2.200000047683716,0.44190434761222974,0.0,5.039919543014311,0,0,customer-1,2.154900550842285,2.549999952316284,0.38911574629860723,0.0,2.3997239699683526,0,0,customer-2,5.176867961883545,-2.200000047683716,0.36292420918181634,0.0,6.499263071060366,0,0
5,462,18.479999999999784,to_table,-0.027733001857995987,1.62801194190979,-0.35460505283038574,0.28595709800720215,0.4813385009765625,0.7799999713897705,0.2380063533782959,0.7799999713897705,0.2380063533782959,0,nominal-sac-a-star,0.8586883858062864,99.0,99.0,0.9036200141906738,99.0,customer-1,0,,waiter-1,-7.698328018188477,-2.549999952316284,-0.4464862758737098,0.0,8.73463286537268,0,0,waiter-2,-5.057123184204102,2.200000047683716,0.4419009282314157,0.0,5.061811533376785,0,0,customer-1,2.1704649925231934,2.549999952316284,0.3891154898616378,0.0,2.383723204114691,0,0,customer-2,5.191384792327881,-2.200000047683716,0.36292483141325604,0.0,6.472469879579146,0,0
5,463,18.519999999999783,to_table,0.002578534185886383,1.6163923740386963,-0.35920167391107755,0.28097856044769287,0.48292505741119385,0.7799999713897705,0.24391113221645355,0.30000001192092896,-0.44999998807907104,1,dwa-right-arc,1.292968492211169,2.2462341832931294,99.0,1.3846750354766846,99.0,customer-1,0,,waiter-1,-7.716187477111816,-2.549999952316284,-0.44648541698261823,0.0,8.77144080264322,0,0,waiter-2,-5.039447784423828,2.200000047683716,0.4419070455937657,0.0,5.075689836297169,0,0,customer-1,2.1860294342041016,2.549999952316284,0.38911523342466836,0.0,2.374674913121309,0,0,customer-2,5.205901622772217,-2.200000047683716,0.36292545364469575,0.0,6.452861557541417,0,0
5,464,18.559999999999782,to_table,0.026846233755350113,1.608526349067688,-0.3617356765786552,-0.17198562622070312,0.8164327144622803,0.7799999713897705,0.03497700020670891,0.18000000715255737,0.0,1,dwa-slow-forward,1.2889906731153158,2.2563760417433167,99.0,1.3797891235351563,99.0,customer-1,0,,waiter-1,-7.734046936035156,-2.549999952316284,-0.44648455809152665,0.0,8.804817078861047,0,0,waiter-2,-5.021771430969238,2.200000047683716,0.44190362621295165,0.0,5.083146806922231,0,0,customer-1,2.2015938758850098,2.549999952316284,0.3891149769876989,0.0,2.3697889890372963,0,0,customer-2,5.220418453216553,-2.200000047683716,0.36292607587613546,0.0,6.440346707554757,0,0
5,465,18.59999999999978,to_table,0.04010738059878349,1.6033968925476074,-0.36122546350927814,-0.05719488859176636,0.7006015777587891,0.7799999713897705,0.3781093955039978,0.18000000715255737,0.0,1,dwa-slow-forward,1.2841297406466834,2.2637444764223114,99.0,1.383943567276001,99.0,customer-1,0,,waiter-1,-7.751905918121338,-2.549999952316284,-0.4464884675720171,0.0,8.829845785649745,0,0,waiter-2,-5.004095554351807,2.200000047683716,0.44190497520371963,0.0,5.079362024278493,0,0,customer-1,2.217158317565918,2.549999952316284,0.3891147205507295,0.0,2.373943582925445,0,0,customer-2,5.234935283660889,-2.200000047683716,0.36292669810757516,0.0,6.438327828512122,0,0
5,466,18.63999999999978,to_table,0.06026223674416542,1.5980125665664673,-0.35901797036724586,-0.05455595254898071,0.7013918161392212,0.7799999713897705,0.38679009675979614,0.7799999713897705,0.38679009675979614,0,nominal-sac-a-star,0.118183721270821,1.8202902309132767,99.0,0.9255887365341187,99.0,customer-1,0,,waiter-1,-7.769765377044678,-2.549999952316284,-0.4464876086809255,0.0,8.860888233665056,0,0,waiter-2,-4.986419200897217,2.200000047683716,0.4419015558229056,0.0,5.082458308776962,0,0,customer-1,2.232722759246826,2.549999952316284,0.38911446411376005,0.0,2.3718905338272473,0,0,customer-2,5.249452590942383,-2.200000047683716,0.36292255196743284,0.0,6.430598444165779,0,0
5,467,18.67999999999978,to_table,0.09010730683803558,1.5891815423965454,-0.3590484554379112,0.3396338224411011,0.35544824600219727,0.7799999713897705,0.35097917914390564,0.7799999713897705,0.35097917914390564,0,nominal-sac-a-star,0.8622840317811251,99.0,99.0,0.9260971641540527,99.0,customer-1,0,,waiter-1,-7.787624835968018,-2.549999952316284,-0.44648674978983394,0.0,8.898959892030797,0,0,waiter-2,-4.968743324279785,2.200000047683716,0.44190290481367356,0.0,5.095593091521577,0,0,customer-1,2.2482872009277344,2.549999952316284,0.3891142076767906,0.0,2.362395494428001,0,0,customer-2,5.263969421386719,-2.200000047683716,0.36292317419887254,0.0,6.413013823699848,0,0
5,468,18.71999999999978,to_table,0.12607556581497192,1.5788483619689941,-0.3535320222761564,0.31633663177490234,0.3900078535079956,0.7799999713897705,0.37173864245414734,0.7799999713897705,0.37173864245414734,0,nominal-sac-a-star,0.8619494532569367,99.0,99.0,0.9141141271591187,99.0,customer-1,0,,waiter-1,-7.805484294891357,-2.549999952316284,-0.44648589089874235,0.0,8.941869503987641,0,0,waiter-2,-4.9510674476623535,2.200000047683716,0.44190425380444154,0.0,5.114998591981024,0,0,customer-1,2.2638516426086426,2.549999952316284,0.3891139512398212,0.0,2.348025120382107,0,0,customer-2,5.278486251831055,-2.200000047683716,0.36292379643031225,0.0,6.3896033664467415,0,0
5,469,18.759999999999778,to_table,0.15886308252811432,1.5675883293151855,-0.35129976446450906,0.3186887502670288,0.37970709800720215,0.7799999713897705,0.07583792507648468,0.30000001192092896,-0.44999998807907104,1,dwa-right-arc,1.2574461816642655,2.2936113785451147,99.0,1.3470661735534668,99.0,customer-1,0,,waiter-1,-7.823343753814697,-2.549999952316284,-0.4464850320076508,0.0,8.981656820163344,0,0,waiter-2,-4.933391571044922,2.200000047683716,0.4419056027952095,0.0,5.131374283597531,0,0,customer-1,2.279416084289551,2.549999952316284,0.38911369480285174,0.0,2.3370660303652295,0,0,customer-2,5.293003082275391,-2.200000047683716,0.36292441866175196,0.0,6.368211343501579,0,0
5,470,18.799999999999777,to_table,0.18800824880599976,1.5566455125808716,-0.35429171417561145,-0.2185792326927185,0.8263466358184814,0.7799999713897705,0.1268363893032074,0.30000001192092896,-0.44999998807907104,1,dwa-right-arc,1.2465059548874413,2.304861999098174,99.0,1.3393957710266113,99.0,customer-1,0,,waiter-1,-7.841202735900879,-2.549999952316284,-0.4464889414881412,0.0,9.018468052352238,0,0,waiter-2,-4.915715217590332,2.200000047683716,0.44190218341439547,0.0,5.144112973028682,0,0,customer-1,2.294980525970459,2.549999952316284,0.3891134383658823,0.0,2.3293958915739594,0,0,customer-2,5.307519912719727,-2.200000047683716,0.36292504089319166,0.0,6.349943743247205,0,0
5,471,18.839999999999776,to_table,0.20925086736679077,1.5480448007583618,-0.3596726176479691,-0.22907274961471558,0.8262027502059937,0.7799999713897705,0.132889986038208,0.18000000715255737,0.0,1,dwa-slow-forward,1.2437182141916796,2.315173985753665,99.0,1.3379497623443604,99.0,customer-1,0,,waiter-1,-7.859062194824219,-2.549999952316284,-0.44648808259704964,0.0,9.049400337465721,0,0,waiter-2,-4.8980393409729,2.200000047683716,0.44190353240516345,0.0,5.1487337196825385,0,0,customer-1,2.310544967651367,2.549999952316284,0.38911318192891287,0.0,2.3279499611512757,0,0,customer-2,5.3220367431640625,-2.200000047683716,0.36292566312463137,0.0,6.3394336969231935,0,0
5,472,18.879999999999775,to_table,0.22386495769023895,1.5430607795715332,-0.3594312184228502,0.7413697242736816,0.05655801296234131,0.7799999713897705,0.05067025497555733,0.18000000715255737,0.0,1,dwa-slow-forward,1.2423186631347722,2.3237883100638763,99.0,1.3409564590454102,99.0,customer-1,0,,waiter-1,-7.876921653747559,-2.549999952316284,-0.44648722370595806,0.0,9.076116453581449,0,0,waiter-2,-4.880363464355469,2.200000047683716,0.4419048813959314,0.0,5.146330438905666,0,0,customer-1,2.3261094093322754,2.549999952316284,0.38911292549194343,0.0,2.330956505829229,0,0,customer-2,5.336553573608398,-2.200000047683716,0.3629262853560711,0.0,6.3364098068126795,0,0
5,473,18.919999999999774,to_table,0.24493776261806488,1.5375640392303467,-0.35689068840595134,-0.3488604426383972,0.8207247257232666,0.7799999713897705,0.1422683298587799,0.7799999713897705,0.1422683298587799,0,nominal-sac-a-star,0.4400765995752578,2.3319218117977565,99.0,0.9358188009262085,99.0,customer-1,0,,waiter-1,-7.894781112670898,-2.549999952316284,-0.4464863648148665,0.0,9.108413844008409,0,0,waiter-2,-4.862687587738037,2.200000047683716,0.4419062303866994,0.0,5.150403691449431,0,0,customer-1,2.3416738510131836,2.549999952316284,0.389112669054974,0.0,2.3283746911707786,0,0,customer-2,5.351070404052734,-2.200000047683716,0.3629269075875108,0.0,6.327872932962098,0,0
5,474,18.959999999999773,to_table,0.27466654777526855,1.528294563293457,-0.3539677467922122,-0.2860245704650879,0.6936192512512207,0.7799999713897705,0.11957811564207077,0.7799999713897705,0.11957811564207077,0,nominal-sac-a-star,0.8696904936054317,99.0,99.0,0.9314038848876953,99.0,customer-1,0,,waiter-1,-7.912640571594238,-2.549999952316284,-0.4464855059237749,0.0,9.146829178624202,0,0,waiter-2,-4.845011234283447,2.200000047683716,0.44190281100588535,0.0,5.163553897255804,0,0,customer-1,2.357238292694092,2.549999952316284,0.38911241261800456,0.0,2.3196954486941856,0,0,customer-2,5.3655877113342285,-2.200000047683716,0.36292276144736846,0.0,6.3101235328489365,0,0
5,475,18.999999999999773,to_table,0.31356069445610046,1.5143539905548096,-0.35272826338038504,-0.309736967086792,0.7073692083358765,0.7799999713897705,0.11519549041986465,0.7799999713897705,0.11519549041986465,0,nominal-sac-a-star,0.8651734400199487,99.0,99.0,0.9296772575378418,99.0,customer-1,0,,waiter-1,-7.930500030517578,-2.549999952316284,-0.4464846470326833,0.0,9.191491185329252,0,0,waiter-2,-4.827335357666016,2.200000047683716,0.44190415999665333,0.0,5.186417138485987,0,0,customer-1,2.372802495956421,2.549999952316284,0.38911454036682613,0.0,2.3050031139152796,0,0,customer-2,5.3801045417785645,-2.200000047683716,0.36292338367880816,0.0,6.282220346200853,0,0
5,476,19.03999999999977,to_table,0.3557809889316559,1.4986664056777954,-0.3482163451883443,-0.3257972002029419,0.7111806869506836,0.7799999713897705,0.23544470965862274,0.7799999713897705,0.23544470965862274,0,nominal-sac-a-star,0.8634097161464342,99.0,99.0,0.9221130704879761,99.0,customer-1,0,,waiter-1,-7.94835901260376,-2.549999952316284,-0.44648855651317376,0.0,9.238530210128323,0,0,waiter-2,-4.809659481048584,2.200000047683716,0.4419055089874213,0.0,5.212834557735261,0,0,customer-1,2.388366937637329,2.549999952316284,0.3891142839298567,0.0,2.2883854275805913,0,0,customer-2,5.3946213722229,-2.200000047683716,0.36292400591024787,0.0,6.250603646169582,0,0
5,477,19.07999999999977,to_table,0.3994094431400299,1.483444333076477,-0.3415142484710497,-0.26045775413513184,0.6535176038742065,0.7799999713897705,0.23815377056598663,0.7799999713897705,0.23815377056598663,0,nominal-sac-a-star,0.8557590231256851,99.0,99.0,0.9099119997024536,99.0,customer-1,0,,waiter-1,-7.9662184715271,-2.549999952316284,-0.4464876976220822,0.0,9.28721719408055,0,0,waiter-2,-4.791983127593994,2.200000047683716,0.44190208960660726,0.0,5.240611502068123,0,0,customer-1,2.4039313793182373,2.549999952316284,0.38911402749288726,0.0,2.2706054438302656,0,0,customer-2,5.409138202667236,-2.200000047683716,0.3629246281416876,0.0,6.218130325924975,0,0
5,478,19.11999999999977,to_table,0.43596428632736206,1.469048023223877,-0.3395470998872794,-0.26638150215148926,0.6544115543365479,0.7799999713897705,0.24626322090625763,0.30000001192092896,-0.44999998807907104,1,dwa-right-arc,1.1802630097630524,2.388964644102355,99.0,1.2689497566223145,99.0,customer-1,0,,waiter-1,-7.9840779304504395,-2.549999952316284,-0.4464868387309906,0.0,9.330051316151154,0,0,waiter-2,-4.7743072509765625,2.200000047683716,0.44190343859737524,0.0,5.261294551201381,0,0,customer-1,2.4194958209991455,2.549999952316284,0.3891137710559178,0.0,2.2589498493870988,0,0,customer-2,5.423655033111572,-2.200000047683716,0.3629252503731273,0.0,6.191847279462531,0,0
5,479,19.15999999999977,to_table,0.46813836693763733,1.4576008319854736,-0.34086690630872896,-0.5504041314125061,0.910881519317627,0.7799999713897705,0.03134044259786606,0.30000001192092896,-0.44999998807907104,1,dwa-right-arc,1.1686423315512482,2.403352623489205,99.0,1.2599151229858399,99.0,customer-1,0,,waiter-1,-8.001936912536621,-2.549999952316284,-0.44649074821148105,0.0,9.370327597597482,0,0,waiter-2,-4.756631374359131,2.200000047683716,0.4419047875881432,0.0,5.277250746841546,0,0,customer-1,2.4350602626800537,2.549999952316284,0.3891135146189484,0.0,2.2499150166285102,0,0,customer-2,5.438171863555908,-2.200000047683716,0.362925872604567,0.0,6.170840878880646,0,0
5,480,19.19999999999977,to_table,0.49299636483192444,1.4483393430709839,-0.35061939696445155,-0.553484320640564,0.9064759016036987,0.7799999713897705,0.027548756450414658,0.30000001192092896,-0.44999998807907104,1,dwa-right-arc,1.1596747450570761,2.4148054044841114,99.0,1.2563223934173584,99.0,customer-1,0,,waiter-1,-8.019796371459961,-2.549999952316284,-0.44648988932038947,0.0,9.405017665698553,0,0,waiter-2,-4.738955497741699,2.200000047683716,0.4419061365789112,0.0,5.285670639298907,0,0,customer-1,2.450624465942383,2.549999952316284,0.38911564236776996,0.0,2.2463223010556757,0,0,customer-2,5.452688694000244,-2.200000047683716,0.3629264948360067,0.0,6.157022682282683,0,0
5,481,19.239999999999768,to_table,0.5117212533950806,1.442992091178894,-0.3531736648069062,-0.5541011691093445,0.8986537456512451,0.7799999713897705,0.03533630073070526,0.18000000715255737,0.0,1,dwa-slow-forward,1.1606746473456477,2.423470849523807,99.0,1.256199131011963,99.0,customer-1,0,,waiter-1,-8.0376558303833,-2.549999952316284,-0.4464890304292979,0.0,9.435880138071422,0,0,waiter-2,-4.721279144287109,2.200000047683716,0.44190271719809715,0.0,5.2874714380650385,0,0,customer-1,2.466188907623291,2.549999952316284,0.38911538593080053,0.0,2.2461990597550128,0,0,customer-2,5.467206001281738,-2.200000047683716,0.36292234869586437,0.0,6.150465088946694,0,0
5,482,19.279999999999767,to_table,0.5232747793197632,1.43880033493042,-0.35337541461423333,-0.3912128210067749,0.8284388780593872,0.7799999713897705,0.023498237133026123,0.18000000715255737,0.0,1,dwa-slow-forward,1.160573980529856,2.4288245753235085,99.0,1.2617554759979248,99.0,customer-1,0,,waiter-1,-8.05551528930664,-2.549999952316284,-0.4464881715382063,0.0,9.460769882684094,0,0,waiter-2,-4.703603267669678,2.200000047683716,0.44190406618886513,0.0,5.282014683886808,0,0,customer-1,2.481753349304199,2.549999952316284,0.3891151294938311,0.0,2.2517555148742887,0,0,customer-2,5.481722831726074,-2.200000047683716,0.3629229709273041,0.0,6.150371965411907,0,0
5,483,19.319999999999766,to_table,0.5440883040428162,1.4330544471740723,-0.3515569070519993,-0.39440464973449707,0.8309547901153564,0.7799999713897705,0.02188430353999138,0.7799999713897705,0.02188430353999138,0,nominal-sac-a-star,0.7854438613498185,2.4361290397059845,99.0,0.9458938932418823,99.0,customer-1,0,,waiter-1,-8.07337474822998,-2.549999952316284,-0.4464873126471147,0.0,9.493439408696212,0,0,waiter-2,-4.685927391052246,2.200000047683716,0.4419054151796331,0.0,5.285950219693881,0,0,customer-1,2.4973177909851074,2.549999952316284,0.38911487305686165,0.0,2.2500383752545727,0,0,customer-2,5.49623966217041,-2.200000047683716,0.3629235931587438,0.0,6.141896127126488,0,0
5,484,19.359999999999765,to_table,0.5740810632705688,1.4249924421310425,-0.35118414637045264,-0.37156105041503906,0.756793737411499,0.7799999713897705,0.001982737798243761,0.7799999713897705,0.001982737798243761,0,nominal-sac-a-star,0.8796039718213824,99.0,99.0,0.9451816177368164,99.0,customer-1,0,,waiter-1,-8.09123420715332,-2.549999952316284,-0.44648645375602314,0.0,9.533533094910592,0,0,waiter-2,-4.668251037597656,2.200000047683716,0.44190199579881906,0.0,5.299309638477256,0,0,customer-1,2.5128822326660156,2.549999952316284,0.3891146166198922,0.0,2.241560142495032,0,0,customer-2,5.510756492614746,-2.200000047683716,0.3629242153901835,0.0,6.124649773326138,0,0
5,485,19.399999999999764,to_table,0.6127790212631226,1.412489891052246,-0.350099951805229,-0.3812418580055237,0.7638574838638306,0.7799999713897705,-0.012427954003214836,0.7799999713897705,-0.012427954003214836,0,nominal-sac-a-star,0.878884568703401,99.0,99.0,0.9429437017440796,99.0,customer-1,0,,waiter-1,-8.10909366607666,-2.549999952316284,-0.44648559486493156,0.0,9.57979065183381,0,0,waiter-2,-4.650575160980225,2.200000047683716,0.44190334478958704,0.0,5.321942267117922,0,0,customer-1,2.528446674346924,2.549999952316284,0.3891143601829228,0.0,2.227938889769761,0,0,customer-2,5.525273323059082,-2.200000047683716,0.3629248376216232,0.0,6.09776055799556,0,0
5,486,19.439999999999763,to_table,0.65559983253479,1.3969517946243286,-0.3482454329261411,-0.38775360584259033,0.7706804275512695,0.7799999713897705,0.12721948325634003,0.7799999713897705,0.12721948325634003,0,nominal-sac-a-star,0.8766258892092182,99.0,99.0,0.9402242994308472,99.0,customer-1,0,,waiter-1,-8.126953125,-2.549999952316284,-0.44648473597384,0.0,9.62868965875319,0,0,waiter-2,-4.632899284362793,2.200000047683716,0.441904693780355,0.0,5.349122302412635,0,0,customer-1,2.544011116027832,2.549999952316284,0.38911410374595334,0.0,2.212604173723952,0,0,customer-2,5.539790153503418,-2.200000047683716,0.3629254598530629,0.0,6.065754499427657,0,0
5,487,19.479999999999762,to_table,0.6988638639450073,1.3816725015640259,-0.3454753922262752,-0.2832484841346741,0.7131500244140625,0.7799999713897705,0.12117019295692444,0.7799999713897705,0.12117019295692444,0,nominal-sac-a-star,0.8738708406737059,99.0,99.0,0.9358424043655396,99.0,customer-1,0,,waiter-1,-8.144811630249023,-2.549999952316284,-0.44649341382591246,0.0,9.678256275342644,0,0,waiter-2,-4.615223407745361,2.200000047683716,0.441906042771123,0.0,5.376726095299988,0,0,customer-1,2.5595755577087402,2.549999952316284,0.3891138473089839,0.0,2.1970974123807916,0,0,customer-2,5.554306983947754,-2.200000047683716,0.3629260820845026,0.0,6.033548387277326,0,0
5,488,19.51999999999976,to_table,0.7423150539398193,1.3662161827087402,-0.3423583208315477,-0.2811102867126465,0.7208259105682373,0.7799999713897705,0.12137430906295776,0.7799999713897705,0.12137430906295776,0,nominal-sac-a-star,0.8694354625293614,99.0,99.0,0.9312312698364258,99.0,customer-1,0,,waiter-1,-8.162671089172363,-2.549999952316284,-0.4464925549348209,0.0,9.72807930812914,0,0,waiter-2,-4.5975470542907715,2.200000047683716,0.44190262339030895,0.0,5.404565002699982,0,0,customer-1,2.5751399993896484,2.549999952316284,0.38911359087201447,0.0,2.1818779282648735,0,0,customer-2,5.56882381439209,-2.200000047683716,0.3629267043159423,0.0,6.0010903189868,0,0
5,489,19.55999999999976,to_table,0.7860068082809448,1.3506405353546143,-0.3383470967837396,-0.27493715286254883,0.7244902849197388,0.7799999713897705,0.23147907853126526,0.7799999713897705,0.23147907853126526,0,nominal-sac-a-star,0.8647642111298328,99.0,99.0,0.9255652523040772,99.0,customer-1,0,,waiter-1,-8.180530548095703,-2.549999952316284,-0.4464916960437293,0.0,9.778230329530768,0,0,waiter-2,-4.57987117767334,2.200000047683716,0.4419039723810769,0.0,5.43268424826372,0,0,customer-1,2.5907044410705566,2.549999952316284,0.38911333443504503,0.0,2.1668863737748376,0,0,customer-2,5.583341121673584,-2.200000047683716,0.3629225581758,0.0,5.9683720614899,0,0
5,490,19.59999999999976,to_table,0.8297688364982605,1.3351997137069702,-0.3331140352390167,-0.1993873119354248,0.669224739074707,0.7799999713897705,0.23400481045246124,0.7799999713897705,0.23400481045246124,0,nominal-sac-a-star,0.859020456791296,99.0,99.0,0.9183182811737061,99.0,customer-1,0,,waiter-1,-8.198390007019043,-2.549999952316284,-0.4464908371526377,0.0,9.828653445342699,0,0,waiter-2,-4.562195301055908,2.200000047683716,0.4419053213718449,0.0,5.460875101878504,0,0,customer-1,2.606268882751465,2.549999952316284,0.3891130779980756,0.0,2.152136620677898,0,0,customer-2,5.59785795211792,-2.200000047683716,0.3629231804072397,0.0,5.935681188155866,0,0
5,491,19.63999999999976,to_table,0.8737107515335083,1.3197036981582642,-0.324841284507743,-0.19400185346603394,0.6733298301696777,0.7799999713897705,0.2447548508644104,0.7799999713897705,0.2447548508644104,0,nominal-sac-a-star,0.8516715566609794,99.0,99.0,0.9071480131149292,99.0,customer-1,0,,waiter-1,-8.216249465942383,-2.549999952316284,-0.4464899782615461,0.0,9.879371594276146,0,0,waiter-2,-4.544518947601318,2.200000047683716,0.44190190199103085,0.0,5.489274518146684,0,0,customer-1,2.621833324432373,2.549999952316284,0.38911282156110616,0.0,2.1376532466407645,0,0,customer-2,5.612374782562256,-2.200000047683716,0.3629238026386794,0.0,5.902817230565392,0,0
5,492,19.679999999999758,to_table,0.9099529981613159,1.3062008619308472,-0.32267668294264396,-0.18759554624557495,0.6758735179901123,0.7799999713897705,-0.005903898738324642,0.30000001192092896,-0.44999998807907104,1,dwa-right-arc,1.0478169275575075,2.5526344886083834,99.0,1.138638505935669,99.0,customer-1,0,,waiter-1,-8.234108924865723,-2.549999952316284,-0.44648911937045455,0.0,9.923918236863562,0,0,waiter-2,-4.526843070983887,2.200000047683716,0.44190325098179883,0.0,5.509775719748057,0,0,customer-1,2.6373977661132812,2.549999952316284,0.3891125651241367,0.0,2.1286384389013224,0,0,customer-2,5.626891613006592,-2.200000047683716,0.3629244248701191,0.0,5.877325472934135,0,0
5,493,19.719999999999757,to_table,0.9416362047195435,1.2955044507980347,-0.3246771308831007,-0.5885055661201477,0.9247773885726929,0.7799999713897705,0.017819048836827278,0.30000001192092896,-0.44999998807907104,1,dwa-right-arc,1.0388317570081236,2.566128104234526,99.0,1.131884822845459,99.0,customer-1,0,,waiter-1,-8.251968383789062,-2.549999952316284,-0.44648826047936296,0.0,9.965453800214926,0,0,waiter-2,-4.509167194366455,2.200000047683716,0.4419045999725668,0.0,5.525338901847837,0,0,customer-1,2.6529622077941895,2.549999952316284,0.3891123086871673,0.0,2.121884929049869,0,0,customer-2,5.641408443450928,-2.200000047683716,0.3629250471015588,0.0,5.857167471983054,0,0
5,494,19.759999999999756,to_table,0.9670971035957336,1.2866034507751465,-0.3322341647952466,0.31812429428100586,0.8124885559082031,0.7799999713897705,0.000803864561021328,0.30000001192092896,-0.44999998807907104,1,dwa-right-arc,1.0321565567182491,2.576833036958197,99.0,1.1292057132720947,99.0,customer-1,0,,waiter-1,-8.269827842712402,-2.549999952316284,-0.4464874015882714,0.0,10.002015203764804,0,0,waiter-2,-4.491491317749023,2.200000047683716,0.4419059489633348,0.0,5.534481086505148,0,0,customer-1,2.6685264110565186,2.549999952316284,0.38911443643598886,0.0,2.119205607861793,0,0,customer-2,5.655925273895264,-2.200000047683716,0.3629256693329985,0.0,5.84307398259341,0,0
5,495,19.799999999999756,to_table,0.9857051372528076,1.2811272144317627,-0.3357210038965473,-0.23145610094070435,0.9468601942062378,0.7799999713897705,0.021530039608478546,0.18000000715255737,0.0,1,dwa-slow-forward,1.0334130803862192,2.5851599676824124,99.0,1.1300358867645264,99.0,customer-1,0,,waiter-1,-8.287687301635742,-2.549999952316284,-0.4464865426971798,0.0,10.033610650878886,0,0,waiter-2,-4.473814964294434,2.200000047683716,0.44190252958252074,0.0,5.536306261659201,0,0,customer-1,2.6840908527374268,2.549999952316284,0.3891141799990194,0.0,2.1200358637317347,0,0,customer-2,5.6704421043396,-2.200000047683716,0.36292629156443823,0.0,5.836523577081922,0,0
5,496,19.839999999999755,to_table,0.9970323443412781,1.277176022529602,-0.3357525481056439,0.1734936237335205,0.9014922380447388,0.7799999713897705,0.014014210551977158,0.18000000715255737,0.0,1,dwa-slow-forward,1.0342734021690265,2.5906450982999107,99.0,1.1357951259613037,99.0,customer-1,0,,waiter-1,-8.305546760559082,-2.549999952316284,-0.4464856838060882,0.0,10.059088126931107,0,0,waiter-2,-4.456139087677002,2.200000047683716,0.4419038785732887,0.0,5.530703648576909,0,0,customer-1,2.699655294418335,2.549999952316284,0.38911392356205,0.0,2.125795302085013,0,0,customer-2,5.6849589347839355,-2.200000047683716,0.36292691379587794,0.0,5.836729318774638,0,0
5,497,19.879999999999754,to_table,1.0180422067642212,1.2716798782348633,-0.3342770217869599,0.1723036766052246,0.9018850326538086,0.7799999713897705,0.0115332817658782,0.7799999713897705,0.0115332817658782,0,nominal-sac-a-star,0.818277418741022,2.597560414484665,99.0,0.9384712076187134,99.0,customer-1,0,,waiter-1,-8.323406219482422,-2.549999952316284,-0.44648482491499664,0.0,10.092962668486757,0,0,waiter-2,-4.43846321105957,2.200000047683716,0.4419052275640567,0.0,5.534910090665063,0,0,customer-1,2.715219736099243,2.549999952316284,0.38911366712508055,0.0,2.124738519884096,0,0,customer-2,5.69947624206543,-2.200000047683716,0.3629227676557356,0.0,5.828240397830428,0,0
5,498,19.919999999999753,to_table,1.0477746725082397,1.263883352279663,-0.3329148572300698,0.22603023052215576,0.8347166776657104,0.7799999713897705,-0.008421111851930618,0.7799999713897705,-0.008421111851930618,0,nominal-sac-a-star,0.8718472249895679,99.0,99.0,0.9369490242004395,99.0,customer-1,0,,waiter-1,-8.341264724731445,-2.549999952316284,-0.4464935027670691,0.0,10.134089335702278,0,0,waiter-2,-4.4207868576049805,2.200000047683716,0.44190180818324265,0.0,5.548105953931346,0,0,customer-1,2.7307841777801514,2.549999952316284,0.3891134106881111,0.0,2.1181635686899543,0,0,customer-2,5.713993072509766,-2.200000047683716,0.3629233898871753,0.0,5.811375255914443,0,0
5,499,19.959999999999752,to_table,1.0881171226501465,1.2510625123977661,-0.3298767087319611,0.2019728422164917,0.8412653207778931,0.7799999713897705,0.12250519543886185,0.7799999713897705,0.12250519543886185,0,nominal-sac-a-star,0.870298406395716,99.0,99.0,0.9328965044021607,99.0,customer-1,0,,waiter-1,-8.359124183654785,-2.549999952316284,-0.44649264387597754,0.0,10.183243302612983,0,0,waiter-2,-4.403110980987549,2.200000047683716,0.44190315717401063,0.0,5.572617745014906,0,0,customer-1,2.7463483810424805,2.549999952316284,0.3891155384369327,0.0,2.1064114933059725,0,0,customer-2,5.728509902954102,-2.200000047683716,0.362924012118615,0.0,5.782999044535043,0,0
5,500,19.99999999999975,to_table,1.1309584379196167,1.2369389533996582,-0.32722406764569417,0.29172050952911377,0.8146075010299683,0.7799999713897705,0.1147354245185852,0.7799999713897705,0.1147354245185852,0,nominal-sac-a-star,0.8661865441373449,99.0,99.0,0.9295035696029663,99.0,customer-1,0,,waiter-1,-8.376983642578125,-2.549999952316284,-0.44649178498488595,0.0,10.23434750639848,0,0,waiter-2,-4.385435104370117,2.200000047683716,0.4419045061647786,0.0,5.599828960311153,0,0,customer-1,2.7619128227233887,2.549999952316284,0.38911528199996326,0.0,2.0938341367421103,0,0,customer-2,5.7430267333984375,-2.200000047683716,0.36292463435005473,0.0,5.751845239514785,0,0
5,501,20.03999999999975,to_table,1.1745264530181885,1.222334623336792,-0.3255634748042963,0.4493091106414795,0.49777424335479736,0.7799999713897705,0.0737447738647461,0.7799999713897705,0.0737447738647461,0,nominal-sac-a-star,0.8627414593261138,99.0,99.0,0.9275522327423096,99.0,customer-1,0,,waiter-1,-8.394843101501465,-2.549999952316284,-0.44649092609379437,0.0,10.286075141745531,0,0,waiter-2,-4.3677592277526855,2.200000047683716,0.4419058551555466,0.0,5.627855741687177,0,0,customer-1,2.777477264404297,2.549999952316284,0.3891150255629938,0.0,2.0813809188847694,0,0,customer-2,5.757543563842773,-2.200000047683716,0.36292525658149444,0.0,5.719826958796916,0,0
5,502,20.07999999999975,to_table,1.2183390855789185,1.2075183391571045,-0.323392865832511,0.3683943748474121,0.8136763572692871,0.7799999713897705,0.11069460958242416,0.7799999713897705,0.11069460958242416,0,nominal-sac-a-star,0.8607574065938763,99.0,99.0,0.9252450561523438,99.0,customer-1,0,,waiter-1,-8.412702560424805,-2.549999952316284,-0.4464900672027028,0.0,10.338080426163032,0,0,waiter-2,-4.350082874298096,2.200000047683716,0.44190243577473254,0.0,5.6561774251698,0,0,customer-1,2.793041706085205,2.549999952316284,0.3891147691260244,0.0,2.069286163076494,0,0,customer-2,5.772060394287109,-2.200000047683716,0.36292587881293414,0.0,5.6874914781510935,0,0
5,503,20.11999999999975,to_table,1.2618930339813232,1.192674994468689,-0.3247555327923008,0.3873152732849121,0.8032474517822266,0.7799999713897705,-0.11007659137248993,0.7799999713897705,-0.11007659137248993,0,nominal-sac-a-star,0.8584075557789883,99.0,99.0,0.9270529842376709,99.0,customer-1,0,,waiter-1,-8.430562019348145,-2.549999952316284,-0.4464892083116112,0.0,10.389961535929949,0,0,waiter-2,-4.332406997680664,2.200000047683716,0.4419037847655005,0.0,5.6842674644221285,0,0,customer-1,2.8086061477661133,2.549999952316284,0.38911451268905495,0.0,2.05782713014233,0,0,customer-2,5.786577224731445,-2.200000047683716,0.36292650104437385,0.0,5.65535241763658,0,0
5,504,20.159999999999748,to_table,1.3057068586349487,1.1776608228683472,-0.3271670790458934,0.20603954792022705,0.8447185754776001,0.7799999713897705,-0.12173682451248169,0.7799999713897705,-0.12173682451248169,0,nominal-sac-a-star,0.8602422980150948,99.0,99.0,0.9298240041732788,99.0,customer-1,0,,waiter-1,-8.448421478271484,-2.549999952316284,-0.4464883494205196,0.0,10.44214893916435,0,0,waiter-2,-4.314731121063232,2.200000047683716,0.4419051337562685,0.0,5.712661426535784,0,0,customer-1,2.8241705894470215,2.549999952316284,0.3891142562520855,0.0,2.0467160985358084,0,0,customer-2,5.8010945320129395,-2.200000047683716,0.3629223549042315,0.0,5.622908792646143,0,0
5,505,20.199999999999747,to_table,1.349465012550354,1.1626334190368652,-0.3308749247877185,0.1867145299911499,0.843421459197998,0.7799999713897705,-0.14082972705364227,0.7799999713897705,-0.14082972705364227,0,nominal-sac-a-star,0.8630607922436302,99.0,99.0,0.9336235618591309,99.0,customer-1,0,,waiter-1,-8.466280937194824,-2.549999952316284,-0.44648749052942804,0.0,10.494403989747294,0,0,waiter-2,-4.297054767608643,2.200000047683716,0.44190171437545445,0.0,5.7410203927487435,0,0,customer-1,2.8397350311279297,2.549999952316284,0.3891139998151161,0.0,2.0360969097601815,0,0,customer-2,5.815611362457275,-2.200000047683716,0.36292297713567123,0.0,5.590506868817548,0,0
5,506,20.239999999999746,to_table,1.3933237791061401,1.1476167440414429,-0.33119283824766066,0.16155517101287842,0.8419654369354248,0.7799999713897705,0.013764999806880951,0.7799999713897705,0.013764999806880951,0,nominal-sac-a-star,0.866932961615956,99.0,99.0,0.933933744430542,99.0,customer-1,0,,waiter-1,-8.484140396118164,-2.549999952316284,-0.44648663163833646,0.0,10.546879527425302,0,0,waiter-2,-4.279378890991211,2.200000047683716,0.4419030633662224,0.0,5.769494449352962,0,0,customer-1,2.855299472808838,2.549999952316284,0.38911374337814664,0.0,2.0258458953801797,0,0,customer-2,5.830128192901611,-2.200000047683716,0.36292359936711094,0.0,5.558036666891936,0,0
5,507,20.279999999999745,to_table,1.4371150732040405,1.132559061050415,-0.33116998306104095,0.2843019962310791,0.8157422542572021,0.7799999713897705,0.0027718523051589727,0.7799999713897705,0.0027718523051589727,0,nominal-sac-a-star,0.8672495513474148,99.0,99.0,0.9339907264709473,99.0,customer-1,0,,waiter-1,-8.501999855041504,-2.549999952316284,-0.4464857727472449,0.0,10.599398400088646,0,0,waiter-2,-4.261703014373779,2.200000047683716,0.4419044123569904,0.0,5.7979270308661865,0,0,customer-1,2.870863914489746,2.549999952316284,0.3891134869411772,0.0,2.0161285723189097,0,0,customer-2,5.844645023345947,-2.200000047683716,0.36292422159855064,0.0,5.525601367688837,0,0
5,508,20.319999999999744,to_table,1.4809119701385498,1.1174862384796143,-0.3324071667167003,0.3295513391494751,0.1180410385131836,0.7799999713897705,-0.0907285064458847,0.7799999713897705,-0.0907285064458847,0,nominal-sac-a-star,0.867305913674598,99.0,99.0,0.935080418586731,99.0,customer-1,0,,waiter-1,-8.519859313964844,-2.549999952316284,-0.4464849138561533,0.0,10.652036483068656,0,0,waiter-2,-4.244027137756348,2.200000047683716,0.4419057613477584,0.0,5.826385151723322,0,0,customer-1,2.8864283561706543,2.549999952316284,0.38911323050420776,0.0,2.0068811254618137,0,0,customer-2,5.859161853790283,-2.200000047683716,0.36292484382999035,0.0,5.49315822661046,0,0
5,509,20.359999999999744,to_table,1.5247408151626587,1.1023967266082764,-0.33552345838705844,-0.023695170879364014,0.8327677249908447,0.7799999713897705,-0.16681425273418427,0.7799999713897705,-0.16681425273418427,0,nominal-sac-a-star,0.8684198184227061,99.0,99.0,0.9374646043777466,99.0,customer-1,0,,waiter-1,-8.537717819213867,-2.549999952316284,-0.4464935917082258,0.0,10.704815517735831,0,0,waiter-2,-4.226350784301758,2.200000047683716,0.44190234196694433,0.0,5.854894331742121,0,0,customer-1,2.9019927978515625,2.549999952316284,0.3891129740672383,0.0,1.9980936221560655,0,0,customer-2,5.873678684234619,-2.200000047683716,0.36292546606143006,0.0,5.460685400561208,0,0
5,510,20.399999999999743,to_table,1.5686843395233154,1.0871024131774902,-0.3396917788971243,-0.09718340635299683,0.8431740999221802,0.7799999713897705,-0.18358904123306274,0.7799999713897705,-0.18358904123306274,0,nominal-sac-a-star,0.8708648153423715,99.0,99.0,0.9403735494613648,99.0,customer-1,0,,waiter-1,-8.555577278137207,-2.549999952316284,-0.4464927328171342,0.0,10.757750086329134,0,0,waiter-2,-4.208674907684326,2.200000047683716,0.4419036909577123,0.0,5.883572130618031,0,0,customer-1,2.9175572395324707,2.549999952316284,0.3891127176302689,0.0,1.9898561029374582,0,0,customer-2,5.888195514678955,-2.200000047683716,0.36292608829286976,0.0,5.428003259071816,0,0
5,511,20.439999999999742,to_table,1.611987590789795,1.0714682340621948,-0.3429923219570186,-0.12089061737060547,0.8425179719924927,0.7799999713897705,-0.20394355058670044,0.7799999713897705,-0.20394355058670044,0,nominal-sac-a-star,0.8738548428113913,99.0,99.0,0.9428948259353638,99.0,customer-1,0,,waiter-1,-8.573436737060547,-2.549999952316284,-0.4464918739260426,0.0,10.810083281978775,0,0,waiter-2,-4.1909990310668945,2.200000047683716,0.4419050399484803,0.0,5.911703459055063,0,0,customer-1,2.933121681213379,2.549999952316284,0.38911246119329945,0.0,1.9827887751252629,0,0,customer-2,5.902712345123291,-2.200000047683716,0.36292671052430947,0.0,5.395630049949661,0,0
5,512,20.47999999999974,to_table,1.6556857824325562,1.0561730861663818,-0.34803185897173655,-0.14574062824249268,0.8528232574462891,0.7799999713897705,-0.22720967233181,0.7799999713897705,-0.22720967233181,0,nominal-sac-a-star,0.8764399761220456,99.0,99.0,0.9455669021606445,99.0,customer-1,0,,waiter-1,-8.591296195983887,-2.549999952316284,-0.44649101503495103,0.0,10.863016323722922,0,0,waiter-2,-4.173322677612305,2.200000047683716,0.44190162056766624,0.0,5.94017506014499,0,0,customer-1,2.948686122894287,2.549999952316284,0.38911220475633,0.0,1.9756944567582788,0,0,customer-2,5.917229652404785,-2.200000047683716,0.36292256438416715,0.0,5.363153888646591,0,0
5,513,20.51999999999974,to_table,1.6988087892532349,1.040382981300354,-0.3503014391444658,-0.17592644691467285,0.8562674522399902,0.7799999713897705,-0.057531654834747314,0.7799999713897705,-0.057531654834747314,0,nominal-sac-a-star,0.87920912910682,99.0,99.0,0.9470051622390747,99.0,customer-1,0,,waiter-1,-8.609155654907227,-2.549999952316284,-0.44649015614385945,0.0,10.915355266416293,0,0,waiter-2,-4.155646800994873,2.200000047683716,0.4419029695584342,0.0,5.968195874704087,0,0,customer-1,2.9642505645751953,2.549999952316284,0.3891119483193606,0.0,1.9698442288438207,0,0,customer-2,5.931746482849121,-2.200000047683716,0.36292318661560685,0.0,5.330838929511267,0,0
5,514,20.55999999999974,to_table,1.7422335147857666,1.02446711063385,-0.3513547036281006,-0.03360670804977417,0.8222852945327759,0.7799999713897705,-0.07284513860940933,0.7799999713897705,-0.07284513860940933,0,nominal-sac-a-star,0.88069101900517,99.0,99.0,0.9476252889633179,99.0,customer-1,0,,waiter-1,-8.627015113830566,-2.549999952316284,-0.44648929725276787,0.0,10.968050506182813,0,0,waiter-2,-4.137970924377441,2.200000047683716,0.4419043185492022,0.0,5.996555839183338,0,0,customer-1,2.9798150062561035,2.549999952316284,0.38911169188239114,0.0,1.964397719170338,0,0,customer-2,5.946263313293457,-2.200000047683716,0.36292380884704656,0.0,5.29821243456783,0,0
5,515,20.59999999999974,to_table,1.7856700420379639,1.008492112159729,-0.3527458164760568,-0.06185412406921387,0.8241419792175293,0.7799999713897705,-0.08819015324115753,0.7799999713897705,-0.08819015324115753,0,nominal-sac-a-star,0.8813313346286167,99.0,99.0,0.9483281469345093,99.0,customer-1,0,,waiter-1,-8.644874572753906,-2.549999952316284,-0.4464884383616763,0.0,11.02084963757797,0,0,waiter-2,-4.12029504776001,2.200000047683716,0.4419056675399702,0.0,6.024957659795546,0,0,customer-1,2.9953789710998535,2.549999952316284,0.38911620381700374,0.0,1.9595004757121626,0,0,customer-2,5.960780143737793,-2.200000047683716,0.36292443107848626,0.0,5.265545204543668,0,0
5,516,20.639999999999738,to_table,1.8287657499313354,0.9923816919326782,-0.3558501374104718,0.5009927749633789,0.5698025226593018,0.7799999713897705,-0.24697795510292053,0.7799999713897705,-0.24697795510292053,0,nominal-sac-a-star,0.8820610260041719,99.0,99.0,0.94978750705719,99.0,customer-1,0,,waiter-1,-8.662734031677246,-2.549999952316284,-0.4464875794705847,0.0,11.073393128621637,0,0,waiter-2,-4.10261869430542,2.200000047683716,0.44190224815915613,0.0,6.053070585948969,0,0,customer-1,3.0109434127807617,2.549999952316284,0.3891159473800343,0.0,1.9554331161204626,0,0,customer-2,5.975296974182129,-2.200000047683716,0.36292505330992597,0.0,5.233070070725499,0,0
5,517,20.679999999999737,to_table,1.8721890449523926,0.9761893153190613,-0.35937552742364903,-0.16226470470428467,0.8246805667877197,0.7799999713897705,-0.23673655092716217,0.7799999713897705,-0.23673655092716217,0,nominal-sac-a-star,0.883579526391687,99.0,99.0,0.950956711769104,99.0,customer-1,0,,waiter-1,-8.680593490600586,-2.549999952316284,-0.4464867205794931,0.0,11.126330481962984,0,0,waiter-2,-4.084942817687988,2.200000047683716,0.4419035971499241,0.0,6.081540326063469,0,0,customer-1,3.02650785446167,2.549999952316284,0.38911569094306486,0.0,1.95175096646896,0,0,customer-2,5.989813804626465,-2.200000047683716,0.3629256755413657,0.0,5.200289658387593,0,0
5,518,20.719999999999736,to_table,1.9155497550964355,0.9598839282989502,-0.36335300067969484,-0.16550254821777344,0.8209298849105835,0.7799999713897705,-0.26129812002182007,0.7799999713897705,-0.26129812002182007,0,nominal-sac-a-star,0.8848158969678066,99.0,99.0,0.9519889450073242,99.0,customer-1,0,,waiter-1,-8.698452949523926,-2.549999952316284,-0.44648586168840154,0.0,11.179281652641684,0,0,waiter-2,-4.067266941070557,2.200000047683716,0.4419049461406921,0.0,6.1099904754011245,0,0,customer-1,3.042072296142578,2.549999952316284,0.3891154345060954,0.0,1.948723173085842,0,0,customer-2,6.004330635070801,-2.200000047683716,0.3629262977728054,0.0,5.1674941534670324,0,0
5,519,20.759999999999735,to_table,1.9587955474853516,0.9434612989425659,-0.36851252418054214,-0.2013300657272339,0.8249714374542236,0.7799999713897705,-0.28916072845458984,0.7799999713897705,-0.28916072845458984,0,nominal-sac-a-star,0.8859234171756922,99.0,99.0,0.9529521560668945,99.0,customer-1,0,,waiter-1,-8.716312408447266,-2.549999952316284,-0.44648500279730996,0.0,11.232194860527612,0,0,waiter-2,-4.049590587615967,2.200000047683716,0.44190152675987804,0.0,6.138370596140781,0,0,customer-1,3.0576367378234863,2.549999952316284,0.389115178069126,0.0,1.9463859859667016,0,0,customer-2,6.018847465515137,-2.200000047683716,0.3629269200042451,0.0,5.134722077662126,0,0
5,520,20.799999999999734,to_table,2.002310037612915,0.9268430471420288,-0.3716811214041128,-0.239221453666687,0.8298109769821167,0.7799999713897705,-0.10988320410251617,0.7799999713897705,-0.10988320410251617,0,nominal-sac-a-star,0.8869838515107016,99.0,99.0,0.9531707859039307,99.0,customer-1,0,,waiter-1,-8.734170913696289,-2.549999952316284,-0.44649368064938244,0.0,11.285409184460601,0,0,waiter-2,-4.031914710998535,2.200000047683716,0.441902875750646,0.0,6.167073622455242,0,0,customer-1,3.0732011795043945,2.549999952316284,0.38911492163215655,0.0,1.9445940904457422,0,0,customer-2,6.033364772796631,-2.200000047683716,0.36292277386410277,0.0,5.1016222927326265,0,0
5,521,20.839999999999733,to_table,2.045522689819336,0.9101352691650391,-0.3749834749827016,-0.0679481029510498,0.7813948392868042,0.7799999713897705,-0.13063454627990723,0.7799999713897705,-0.13063454627990723,0,nominal-sac-a-star,0.8872618104814316,99.0,99.0,0.9533009624481201,99.0,customer-1,0,,waiter-1,-8.752030372619629,-2.549999952316284,-0.44649282175829086,0.0,11.338416462942286,0,0,waiter-2,-4.0142388343811035,2.200000047683716,0.441904224741414,0.0,6.195519419471064,0,0,customer-1,3.0887656211853027,2.549999952316284,0.3891146651951871,0.0,1.9435822578146233,0,0,customer-2,6.047881603240967,-2.200000047683716,0.36292339609554247,0.0,5.068709753078735,0,0
5,522,20.879999999999733,to_table,2.088322162628174,0.8933404088020325,-0.3776199196798545,-0.018010258674621582,0.8927130699157715,0.7799999713897705,-0.13502852618694305,0.7799999713897705,-0.13502852618694305,0,nominal-sac-a-star,0.8874536509423911,99.0,99.0,0.9533974027633667,99.0,customer-1,0,,waiter-1,-8.769889831542969,-2.549999952316284,-0.4464919628671993,0.0,11.391108837723765,0,0,waiter-2,-3.996562957763672,2.200000047683716,0.441905573732182,0.0,6.223599146815972,0,0,customer-1,3.104330062866211,2.549999952316284,0.3891144087582177,0.0,1.9433972564720148,0,0,customer-2,6.062398433685303,-2.200000047683716,0.3629240183269822,0.0,5.03607360826972,0,0
5,523,20.91999999999973,to_table,2.131587266921997,0.8762575387954712,-0.3816842444589725,0.32569169998168945,0.9632233381271362,0.7799999713897705,-0.14882946014404297,0.7799999713897705,-0.14882946014404297,0,nominal-sac-a-star,0.8875893355013837,99.0,99.0,0.953750262260437,99.0,customer-1,0,,waiter-1,-8.787749290466309,-2.549999952316284,-0.4464911039761077,0.0,11.444262809325732,0,0,waiter-2,-3.978886604309082,2.200000047683716,0.4419021543513679,0.0,6.25221442057416,0,0,customer-1,3.119894504547119,2.549999952316284,0.38911415232124824,0.0,1.9437502058548253,0,0,customer-2,6.076915264129639,-2.200000047683716,0.3629246405584219,0.0,5.002896535400389,0,0
5,524,20.95999999999973,to_table,2.174349069595337,0.8591156601905823,-0.3876610735195224,0.2300964593887329,0.8381624221801758,0.7799999713897705,-0.2629120945930481,0.7799999713897705,-0.2629120945930481,0,nominal-sac-a-star,0.8877328734856529,99.0,99.0,0.9549478387832642,99.0,customer-1,0,,waiter-1,-8.805608749389648,-2.549999952316284,-0.4464902450850161,0.0,11.497023221953045,0,0,waiter-2,-3.9612107276916504,2.200000047683716,0.4419035033421359,0.0,6.280371403564216,0,0,customer-1,3.1354589462280273,2.549999952316284,0.3891138958842788,0.0,1.9449477844709202,0,0,customer-2,6.091432094573975,-2.200000047683716,0.3629252627898616,0.0,4.970083333178535,0,0
5,525,20.99999999999973,to_table,2.2174363136291504,0.8420892953872681,-0.3929716162459625,0.1387408971786499,0.8646841049194336,0.7799999713897705,-0.28204604983329773,0.7799999713897705,-0.28204604983329773,0,nominal-sac-a-star,0.8887087808146568,99.0,99.0,0.9564181661605835,99.0,customer-1,0,,waiter-1,-8.823468208312988,-2.549999952316284,-0.44648938619392453,0.0,11.550231258595145,0,0,waiter-2,-3.9435348510742188,2.200000047683716,0.4419048523329039,0.0,6.308841993861369,0,0,customer-1,3.1510233879089355,2.549999952316284,0.38911363944730937,0.0,1.9464181558221225,0,0,customer-2,6.1059489250183105,-2.200000047683716,0.3629258850213013,0.0,4.937087998016502,0,0
5,526,21.03999999999973,to_table,2.259695529937744,0.8247582912445068,-0.4021239561769389,0.12494397163391113,0.8640108108520508,0.7799999713897705,-0.311048299074173,0.7799999713897705,-0.311048299074173,0,nominal-sac-a-star,0.8899540863385109,99.0,99.0,0.9590798711776733,99.0,customer-1,0,,waiter-1,-8.841327667236328,-2.549999952316284,-0.44648852730283295,0.0,11.602659575574833,0,0,waiter-2,-3.925858974456787,2.200000047683716,0.44190620132367187,0.0,6.336590125255813,0,0,customer-1,3.1665878295898438,2.549999952316284,0.38911338301033993,0.0,1.949079893761664,0,0,customer-2,6.1204657554626465,-2.200000047683716,0.362926507252741,0.0,4.9045600968094405,0,0
5,527,21.07999999999973,to_table,2.3032915592193604,0.8078092336654663,-0.4087017657905494,0.11021459102630615,0.8646926879882812,0.7799999713897705,-0.12155920267105103,0.7799999713897705,-0.12155920267105103,0,nominal-sac-a-star,0.8923932210334551,99.0,99.0,0.9613134956359863,99.0,customer-1,0,,waiter-1,-8.859187126159668,-2.549999952316284,-0.44648766841174137,0.0,11.656578096980457,0,0,waiter-2,-3.9081826210021973,2.200000047683716,0.4419027819428578,0.0,6.365579844302942,0,0,customer-1,3.182152271270752,2.549999952316284,0.3891131265733705,0.0,1.9513135707365263,0,0,customer-2,6.134983062744141,-2.200000047683716,0.3629223611125987,0.0,4.8712191955561055,0,0
5,528,21.119999999999727,to_table,2.3460521697998047,0.7897300124168396,-0.41219117991129633,0.25411713123321533,0.7889827489852905,0.7799999713897705,-0.14512421190738678,0.7799999713897705,-0.14512421190738678,0,nominal-sac-a-star,0.8943957955438677,99.0,99.0,0.9654749727249146,99.0,customer-1,0,,waiter-1,-8.877046585083008,-2.549999952316284,-0.4464868095206498,0.0,11.70947231514676,0,0,waiter-2,-3.8905067443847656,2.200000047683716,0.4419041309336258,0.0,6.394022885669605,0,0,customer-1,3.19771671295166,2.549999952316284,0.38911287013640106,0.0,1.9554750715301008,0,0,customer-2,6.149499893188477,-2.200000047683716,0.3629229833440384,0.0,4.837840470377185,0,0
5,529,21.159999999999727,to_table,2.3891117572784424,0.7711349725723267,-0.41451943252147105,0.2166004180908203,0.7818307876586914,0.7799999713897705,-0.16491980850696564,0.7799999713897705,-0.16491980850696564,0,nominal-sac-a-star,0.8983266114454229,99.0,99.0,0.9705141878128052,99.0,customer-1,0,,waiter-1,-8.894906044006348,-2.549999952316284,-0.4464859506295582,0.0,11.762610038976337,0,0,waiter-2,-3.872830867767334,2.200000047683716,0.4419054799243938,0.0,6.422895051473149,0,0,customer-1,3.2132811546325684,2.549999952316284,0.3891126136994316,0.0,1.9605141702355873,0,0,customer-2,6.1640167236328125,-2.200000047683716,0.3629236055754781,0.0,4.803909950613018,0,0
5,530,21.199999999999726,to_table,2.431694746017456,0.7521799802780151,-0.41850189551534556,0.18166351318359375,0.786903977394104,0.7799999713897705,-0.18870054185390472,0.7799999713897705,-0.18870054185390472,0,nominal-sac-a-star,0.9031306656403177,99.0,99.0,0.976623067855835,99.0,customer-1,0,,waiter-1,-8.912764549255371,-2.549999952316284,-0.4464946284816307,0.0,11.815293014112283,0,0,waiter-2,-3.855154514312744,2.200000047683716,0.4419020605435797,0.0,6.4514073324893255,0,0,customer-1,3.2288455963134766,2.549999952316284,0.3891123572624622,0.0,1.9666230269137375,0,0,customer-2,6.178533554077148,-2.200000047683716,0.3629242278069178,0.0,4.770132909162836,0,0
5,531,21.239999999999725,to_table,2.4657793045043945,0.7368707656860352,-0.4199125494456253,0.14307725429534912,0.7907655239105225,0.3400000035762787,-0.06217295676469803,0.3400000035762787,-0.06217295676469803,0,nominal-sac-a-star,0.9090059632276688,99.0,99.0,0.9832469320297241,99.0,customer-1,0,,waiter-1,-8.930624008178711,-2.549999952316284,-0.4464937695905391,0.0,11.860924398300309,0,0,waiter-2,-3.8374786376953125,2.200000047683716,0.4419034095343477,0.0,6.470842911224374,0,0,customer-1,3.2444100379943848,2.549999952316284,0.38911210082549275,0.0,1.9732468843369875,0,0,customer-2,6.193050384521484,-2.200000047683716,0.3629248500383575,0.0,4.7452881765341575,0,0
5,532,21.279999999999724,to_table,2.491333246231079,0.7255551218986511,-0.4180956866097068,0.4222419261932373,0.8866293430328369,0.3400000035762787,-0.06112759932875633,0.3400000035762787,-0.06112759932875633,0,nominal-sac-a-star,0.9154629076262126,99.0,99.0,0.9897494411468506,99.0,customer-1,0,,waiter-1,-8.94848346710205,-2.549999952316284,-0.4464929106994475,0.0,11.899523834123414,0,0,waiter-2,-3.819802761077881,2.200000047683716,0.4419047585251157,0.0,6.481082127386213,0,0,customer-1,3.259974479675293,2.549999952316284,0.3891118443885233,0.0,1.979749551076668,0,0,customer-2,6.20756721496582,-2.200000047683716,0.3629254722697972,0.0,4.729616047910029,0,0
5,533,21.319999999999723,to_table,2.5112106800079346,0.7170458436012268,-0.4194441580548201,0.30362796783447266,0.8429605960845947,0.3400000035762787,-0.06463546305894852,0.3400000035762787,-0.06463546305894852,0,nominal-sac-a-star,0.9218669911126345,99.0,99.0,0.9959299659729004,99.0,customer-1,0,,waiter-1,-8.96634292602539,-2.549999952316284,-0.22664942768383156,0.0,11.933474976384325,0,0,waiter-2,-3.802126884460449,2.200000047683716,0.44190610751588366,0.0,6.485166487788383,0,0,customer-1,3.275538444519043,2.549999952316284,0.3891163563231359,0.0,1.985929932363667,0,0,customer-2,6.222084045410156,-2.200000047683716,0.3629260945012369,0.0,4.7201417209564775,0,0
5,534,21.359999999999722,to_table,2.529794692993164,0.7087125182151794,-0.4202447724501968,0.36377882957458496,0.8829240798950195,0.3400000035762787,-0.06355881690979004,0.3400000035762787,-0.06355881690979004,0,nominal-sac-a-star,0.927994935931121,99.0,99.0,1.0024681186676025,99.0,customer-1,0,,waiter-1,-8.98420238494873,-2.549999952316284,0.13053889189187373,0.0,11.966258215350852,0,0,waiter-2,-3.7844505310058594,2.200000047683716,0.4419026881350696,0.0,6.487960484184752,0,0,customer-1,3.291102886199951,2.549999952316284,0.38911609988616647,0.0,1.9924682130519455,0,0,customer-2,6.236600875854492,-2.200000047683716,0.3629267167326766,0.0,4.7117959281273105,0,0
5,535,21.39999999999972,to_table,2.5482711791992188,0.7004580497741699,-0.4210179274231157,-0.3341600298881531,0.7664937973022461,0.3400000035762787,-0.06299769133329391,0.3400000035762787,-0.06299769133329391,0,nominal-sac-a-star,0.9344899208798672,99.0,99.0,1.0089922046661377,99.0,customer-1,0,,waiter-1,-8.99793815612793,-2.549999952316284,0.44648318146878196,0.0,11.99501676691407,0,0,waiter-2,-3.7667746543884277,2.200000047683716,0.4419040371258376,0.0,6.490641731277982,0,0,customer-1,3.3066673278808594,2.549999952316284,0.38911584344919703,0.0,1.9989922380025014,0,0,customer-2,6.251118183135986,-2.200000047683716,0.3629225705925343,0.0,4.703587259706416,0,0
5,536,21.43999999999972,to_table,2.566711664199829,0.6922010779380798,-0.42176674923944774,0.3653215169906616,0.803528904914856,0.3400000035762787,-0.06250433623790741,0.3400000035762787,-0.06250433623790741,0,nominal-sac-a-star,0.9409718087207566,99.0,99.0,1.0155491924285889,99.0,customer-1,0,,waiter-1,-8.98007869720459,-2.549999952316284,0.4464823225776904,0.0,11.993341284679781,0,0,waiter-2,-3.749098777770996,2.200000047683716,0.44190538611660557,0.0,6.493298027356646,0,0,customer-1,3.3222317695617676,2.549999952316284,0.3891155870122276,0.0,2.005549123618526,0,0,customer-2,6.265635013580322,-2.200000047683716,0.362923192823974,0.0,4.695408533412208,0,0
5,537,21.47999999999972,to_table,2.5851385593414307,0.6839309334754944,-0.4224973806628248,0.22779333591461182,0.7232518196105957,0.3400000035762787,-0.062045637518167496,0.3400000035762787,-0.062045637518167496,0,nominal-sac-a-star,0.9474870117091372,99.0,99.0,1.0221397972106934,99.0,customer-1,0,,waiter-1,-8.96221923828125,-2.549999952316284,0.4464814636865988,0.0,11.99165464314226,0,0,waiter-2,-3.7314224243164062,2.200000047683716,0.4419019667357915,0.0,6.4959532186835025,0,0,customer-1,3.337796211242676,2.549999952316284,0.38911533057525816,0.0,2.012139936496198,0,0,customer-2,6.280151844024658,-2.200000047683716,0.3629238150554137,0.0,4.687235974225691,0,0
5,538,21.51999999999972,to_table,2.6035571098327637,0.6756470799446106,-0.4232125425254918,0.21835863590240479,0.7211117744445801,0.3400000035762787,-0.061613019555807114,0.3400000035762787,-0.061613019555807114,0,nominal-sac-a-star,0.9540364181111503,99.0,99.0,1.0287630653381348,99.0,customer-1,0,,waiter-1,-8.94435977935791,-2.549999952316284,0.4464806047955072,0.0,11.98996177043066,0,0,waiter-2,-3.7137465476989746,2.200000047683716,0.4419033157265595,0.0,6.498613503795936,0,0,customer-1,3.353360652923584,2.549999952316284,0.3891150741382887,0.0,2.018762998323352,0,0,customer-2,6.294668674468994,-2.200000047683716,0.3629244372868534,0.0,4.6790651828360295,0,0
5,539,21.559999999999718,to_table,2.621969223022461,0.667350172996521,-0.42391359949432944,0.20886468887329102,0.7189879417419434,0.3400000035762787,-0.06120389699935913,0.3400000035762787,-0.06120389699935913,0,nominal-sac-a-star,0.9606183135261805,99.0,99.0,1.0354168510437012,99.0,customer-1,0,,waiter-1,-8.92650032043457,-2.549999952316284,0.44647974590441564,0.0,11.988264704493513,0,0,waiter-2,-3.696070671081543,2.200000047683716,0.4419046647173275,0.0,6.501280161773403,0,0,customer-1,3.368925094604492,2.549999952316284,0.3891148177013193,0.0,2.025416812822394,0,0,customer-2,6.30918550491333,-2.200000047683716,0.3629250595182931,0.0,4.670895117370559,0,0
5,540,21.599999999999717,to_table,2.6403753757476807,0.6590402722358704,-0.42460124492708023,0.19931352138519287,0.7168776988983154,0.3400000035762787,-0.06081739440560341,0.3400000035762787,-0.06081739440560341,0,nominal-sac-a-star,0.9672311909540852,99.0,99.0,1.0421009159088135,99.0,customer-1,0,,waiter-1,-8.908641815185547,-2.549999952316284,0.44648842375647035,0.0,11.986564864016085,0,0,waiter-2,-3.6783947944641113,2.200000047683716,0.44190601370809546,0.0,6.503953681685212,0,0,customer-1,3.3844895362854004,2.549999952316284,0.38911456126434985,0.0,2.0321009806607977,0,0,customer-2,6.323702335357666,-2.200000047683716,0.36292568174973283,0.0,4.66272549506355,0,0
5,541,21.639999999999716,to_table,2.658775568008423,0.6507179141044617,-0.42527638688386743,0.1897033452987671,0.7147769927978516,0.3400000035762787,-0.06045277416706085,0.3400000035762787,-0.06045277416706085,0,nominal-sac-a-star,0.9738746481676912,99.0,99.0,1.0488147830963135,99.0,customer-1,0,,waiter-1,-8.890782356262207,-2.549999952316284,0.44648756486537877,0.0,11.98486057935208,0,0,waiter-2,-3.6607184410095215,2.200000047683716,0.4419025943272814,0.0,6.506633511996935,0,0,customer-1,3.4000539779663086,2.549999952316284,0.3891143048273804,0.0,2.038814837532763,0,0,customer-2,6.338219165802002,-2.200000047683716,0.36292630398117254,0.0,4.654556701449226,0,0
5,542,21.679999999999715,to_table,2.6771700382232666,0.6423831582069397,-0.4259399087821585,0.1799238920211792,0.7124700546264648,0.3400000035762787,-0.06010916084051132,0.3400000035762787,-0.06010916084051132,0,nominal-sac-a-star,0.9805480223221819,99.0,99.0,1.055558214187622,99.0,customer-1,0,,waiter-1,-8.872922897338867,-2.549999952316284,0.4464867059742872,0.0,11.983153038515207,0,0,waiter-2,-3.64304256439209,2.200000047683716,0.4419039433180494,0.0,6.50932083374612,0,0,customer-1,3.415618419647217,2.549999952316284,0.38911404839041097,0.0,2.0455580767105257,0,0,customer-2,6.352735996246338,-2.200000047683716,0.36292692621261224,0.0,4.646388640751794,0,0
5,543,21.719999999999715,to_table,2.695559024810791,0.6340360641479492,-0.4265925582203095,0.1700901985168457,0.710172176361084,0.3400000035762787,-0.05978548526763916,0.3400000035762787,-0.05978548526763916,0,nominal-sac-a-star,0.987251005261762,99.0,99.0,1.062330493927002,99.0,customer-1,0,,waiter-1,-8.855063438415527,-2.549999952316284,0.4464858470831956,0.0,11.981442510905348,0,0,waiter-2,-3.625366687774658,2.200000047683716,0.44190529230881737,0.0,6.512015437770021,0,0,customer-1,3.431182861328125,2.549999952316284,0.38911379195344153,0.0,2.0523303948481604,0,0,customer-2,6.367253303527832,-2.200000047683716,0.3629227800724699,0.0,4.638221594483105,0,0
5,544,21.759999999999714,to_table,2.713942527770996,0.6256768107414246,-0.427235346752285,0.16020631790161133,0.7078812122344971,0.3400000035762787,-0.05948089063167572,0.3400000035762787,-0.05948089063167572,0,nominal-sac-a-star,0.9939832921782534,99.0,99.0,1.069131383895874,99.0,customer-1,0,,waiter-1,-8.837203979492188,-2.549999952316284,0.446484988192104,0.0,11.979729067707797,0,0,waiter-2,-3.6076903343200684,2.200000047683716,0.4419018729280033,0.0,6.514716854740973,0,0,customer-1,3.446747303009033,2.549999952316284,0.3891135355164721,0.0,2.0591314654028787,0,0,customer-2,6.381770133972168,-2.200000047683716,0.3629234023039096,0.0,4.630054973437225,0,0
5,545,21.799999999999713,to_table,2.7323203086853027,0.6173056960105896,-0.4278701737861455,0.150274395942688,0.7055971622467041,0.3400000035762787,-0.05919414013624191,0.3400000035762787,-0.05919414013624191,0,nominal-sac-a-star,1.0007445569030835,99.0,99.0,1.0759608840942383,99.0,customer-1,0,,waiter-1,-8.819344520568848,-2.549999952316284,0.4464841293009947,0.0,11.978012581282032,0,0,waiter-2,-3.5900144577026367,2.200000047683716,0.4419032219187713,0.0,6.51742574250721,0,0,customer-1,3.4623117446899414,2.549999952316284,0.38911327907950266,0.0,2.065960935012358,0,0,customer-2,6.396286964416504,-2.200000047683716,0.36292402453534933,0.0,4.621889581952711,0,0
5,546,21.839999999999712,to_table,2.750692844390869,0.6089229583740234,-0.42849746384121745,0.14008140563964844,0.7033712863922119,0.3400000035762787,-0.05892272666096687,0.3400000035762787,-0.05892272666096687,0,nominal-sac-a-star,1.0075344482625248,99.0,99.0,1.0828182792663574,99.0,customer-1,0,,waiter-1,-8.801485061645508,-2.549999952316284,0.4464832704099031,0.0,11.97629359728623,0,0,waiter-2,-3.572338581085205,2.200000047683716,0.4419045709095393,0.0,6.520142077568877,0,0,customer-1,3.4778761863708496,2.549999952316284,0.3891130226425332,0.0,2.072818252829972,0,0,customer-2,6.41080379486084,-2.200000047683716,0.36292464676678904,0.0,4.61372524363021,0,0
5,547,21.87999999999971,to_table,2.7690601348876953,0.6005287170410156,-0.4291176191277612,0.12921226024627686,0.701305627822876,0.3400000035762787,-0.05866650491952896,0.3400000035762787,-0.05866650491952896,0,nominal-sac-a-star,1.0143524126914019,99.0,99.0,1.0897030925750733,99.0,customer-1,0,,waiter-1,-8.783625602722168,-2.549999952316284,0.4464824115188115,0.0,11.97457216974438,0,0,waiter-2,-3.5546627044677734,2.200000047683716,0.44190591990030725,0.0,6.522865864521048,0,0,customer-1,3.493440628051758,2.549999952316284,0.3891127662055638,0.0,2.0797031509430117,0,0,customer-2,6.425320625305176,-2.200000047683716,0.36292526899822874,0.0,4.6055620868509095,0,0
5,548,21.91999999999971,to_table,2.78739857673645,0.5921353697776794,-0.4297308272608682,0.11829555034637451,0.6992473602294922,0.3392474949359894,-0.058425117284059525,0.3392474949359894,-0.058425117284059525,0,nominal-sac-a-star,1.0211981823509502,99.0,99.0,1.0966119861602783,99.0,customer-1,0,,waiter-1,-8.765766143798828,-2.549999952316284,0.44648155262771994,0.0,11.972828798666233,0,0,waiter-2,-3.5369863510131836,2.200000047683716,0.4419025005194932,0.0,6.525570744142202,0,0,customer-1,3.509005069732666,2.549999952316284,0.38911250976859435,0.0,2.086612003773908,0,0,customer-2,6.439837455749512,-2.200000047683716,0.36292589122966845,0.0,4.597426449043912,0,0
5,549,21.95999999999971,to_table,2.805654525756836,0.5837692022323608,-0.43033743389430196,0.10758495330810547,0.6974303722381592,0.3372323513031006,-0.05819874629378319,0.3372323513031006,-0.05819874629378319,0,nominal-sac-a-star,1.0280683160265565,99.0,99.0,1.1035382843017578,99.0,customer-1,0,,waiter-1,-8.747906684875488,-2.549999952316284,0.44648069373662835,0.0,11.971018576621972,0,0,waiter-2,-3.519310474395752,2.200000047683716,0.4419038495102612,0.0,6.528199169674868,0,0,customer-1,3.524569511413574,2.549999952316284,0.3891122533316249,0.0,2.0935381819249,0,0,customer-2,6.454354286193848,-2.200000047683716,0.36292651346110816,0.0,4.589376992424072,0,0
5,550,21.99999999999971,to_table,2.823802947998047,0.5754398107528687,-0.43093821367229684,0.09727561473846436,0.6960135698318481,0.33522582054138184,-0.0579863078892231,0.33522582054138184,-0.0579863078892231,0,nominal-sac-a-star,1.034956596464289,99.0,99.0,1.110480318069458,99.0,customer-1,0,,waiter-1,-8.730047225952148,-2.549999952316284,0.446479834845519,0.0,11.969119748530495,0,0,waiter-2,-3.5016345977783203,2.200000047683716,0.44190519850102916,0.0,6.5307240110828575,0,0,customer-1,3.5401339530944824,2.549999952316284,0.3891119968946555,0.0,2.100480388271551,0,0,customer-2,6.468871593475342,-2.200000047683716,0.36292236732096583,0.0,4.581439930637547,0,0
5,551,22.039999999999708,to_table,2.841839551925659,0.5671488642692566,-0.4315331689871522,0.08698630332946777,0.6946020126342773,0.333230584859848,-0.05778438225388527,0.333230584859848,-0.05778438225388527,0,nominal-sac-a-star,1.0418619077416487,99.0,99.0,1.1174373722076416,99.0,customer-1,0,,waiter-1,-8.712188720703125,-2.549999952316284,0.4464885126975915,0.0,11.967129399711775,0,0,waiter-2,-3.4839582443237305,2.200000047683716,0.4419017791202151,0.0,6.533140190307539,0,0,customer-1,3.5556983947753906,2.549999952316284,0.38911174045768604,0.0,2.107437516246695,0,0,customer-2,6.483388423919678,-2.200000047683716,0.36292298955240554,0.0,4.5736190580374565,0,0
5,552,22.079999999999707,to_table,2.8597638607025146,0.558896541595459,-0.43212267256388753,0.07672727108001709,0.6932034492492676,0.33124709129333496,-0.05759251490235329,0.33124709129333496,-0.05759251490235329,0,nominal-sac-a-star,1.0487831686995162,99.0,99.0,1.1244084930419922,99.0,customer-1,0,,waiter-1,-8.694329261779785,-2.549999952316284,0.4464876538064999,0.0,11.965045143786526,0,0,waiter-2,-3.466282367706299,2.200000047683716,0.4419031281109831,0.0,6.535448079639264,0,0,customer-1,3.5712623596191406,2.549999952316284,0.38911625239229863,0.0,2.1144084057117998,0,0,customer-2,6.497905254364014,-2.200000047683716,0.36292361178384525,0.0,4.565915372694669,0,0
5,553,22.119999999999706,to_table,2.8775765895843506,0.5506829023361206,-0.43270690987176763,0.06650233268737793,0.6918184757232666,0.32927536964416504,-0.05741003528237343,0.32927536964416504,-0.05741003528237343,0,nominal-sac-a-star,1.0557193763333979,99.0,99.0,1.1313922500610352,99.0,customer-1,0,,waiter-1,-8.676469802856445,-2.549999952316284,0.4464867949154083,0.0,11.962868477242804,0,0,waiter-2,-3.448606491088867,2.200000047683716,0.44190447710175107,0.0,6.537647850422476,0,0,customer-1,3.586826801300049,2.549999952316284,0.3891159959553292,0.0,2.121392120556722,0,0,customer-2,6.51242208480835,-2.200000047683716,0.36292423401528495,0.0,4.558328472771573,0,0
5,554,22.159999999999705,to_table,2.8952784538269043,0.5425078272819519,-0.43328628288357857,0.056313276290893555,0.6904475688934326,0.32731541991233826,-0.05723690986633301,0.32731541991233826,-0.05723690986633301,0,nominal-sac-a-star,1.0626692611150272,99.0,99.0,1.138387451171875,99.0,customer-1,0,,waiter-1,-8.658610343933105,-2.549999952316284,0.44648593602431674,0.0,11.960599931352936,0,0,waiter-2,-3.4309306144714355,2.200000047683716,0.44190582609251905,0.0,6.539740181116717,0,0,customer-1,3.602391242980957,2.549999952316284,0.38911573951835976,0.0,2.1283874479662024,0,0,customer-2,6.5269389152526855,-2.200000047683716,0.36292485624672466,0.0,4.55085784784935,0,0
5,555,22.199999999999704,to_table,2.912870168685913,0.5343712568283081,-0.43386092701381584,0.04616415500640869,0.6890912055969238,0.32536712288856506,-0.05707266926765442,0.32536712288856506,-0.05707266926765442,0,nominal-sac-a-star,1.06963175980111,99.0,99.0,1.1453933811187744,99.0,customer-1,0,,waiter-1,-8.640750885009766,-2.549999952316284,0.4464850771332074,0.0,11.958240054799038,0,0,waiter-2,-3.4132542610168457,2.200000047683716,0.441902406711705,0.0,6.5417252746510615,0,0,customer-1,3.6179556846618652,2.549999952316284,0.3891154830813903,0.0,2.135393318083026,0,0,customer-2,6.5414557456970215,-2.200000047683716,0.36292547847816437,0.0,4.543503023068415,0,0
5,556,22.239999999999704,to_table,2.9303524494171143,0.5262731313705444,-0.43443116094109546,0.03605544567108154,0.6877485513687134,0.3234304189682007,-0.05691727623343468,0.3234304189682007,-0.05691727623343468,0,nominal-sac-a-star,1.0766057906867836,99.0,99.0,1.152408847808838,99.0,customer-1,0,,waiter-1,-8.622891426086426,-2.549999952316284,0.4464842182421158,0.0,11.955789398123242,0,0,waiter-2,-3.395578384399414,2.200000047683716,0.441903755702473,0.0,6.543604717938108,0,0,customer-1,3.6335201263427734,2.549999952316284,0.3891152266444209,0.0,2.1424086976317516,0,0,customer-2,6.555972576141357,-2.200000047683716,0.36292610070960407,0.0,4.536263523004207,0,0
5,557,22.279999999999703,to_table,2.947725772857666,0.5182133316993713,-0.4349971721495106,0.02724134922027588,0.686403751373291,0.32150524854660034,-0.0567704439163208,0.32150524854660034,-0.0567704439163208,0,nominal-sac-a-star,1.0835903086199277,99.0,99.0,1.159432897567749,99.0,customer-1,0,,waiter-1,-8.605031967163086,-2.549999952316284,0.44648335935102423,0.0,11.953248267973837,0,0,waiter-2,-3.3779025077819824,2.200000047683716,0.44190510469324096,0.0,6.545378499589578,0,0,customer-1,3.6490845680236816,2.549999952316284,0.38911497020745145,0.0,2.1494327231329247,0,0,customer-2,6.570489406585693,-2.200000047683716,0.3629267229410438,0.0,4.529139026539098,0,0
5,558,22.319999999999702,to_table,2.964991331100464,0.5101916790008545,-0.4355593334788165,0.018558979034423828,0.6850713491439819,0.31959155201911926,-0.05663193017244339,0.31959155201911926,-0.05663193017244339,0,nominal-sac-a-star,1.0905844396291233,99.0,99.0,1.1664643383026123,99.0,customer-1,0,,waiter-1,-8.587172508239746,-2.549999952316284,0.44648250045993265,0.0,11.950617648947814,0,0,waiter-2,-3.3602261543273926,2.200000047683716,0.4419016853124269,0.0,6.54704731622072,0,0,customer-1,3.66464900970459,2.549999952316284,0.389114713770482,0.0,2.1564643885572954,0,0,customer-2,6.5850067138671875,-2.200000047683716,0.36292257680090145,0.0,4.522128986092413,0,0
5,559,22.3599999999997,to_table,2.982149600982666,0.5022082328796387,-0.43611780539622436,0.009914875030517578,0.6837520599365234,0.3176892399787903,-0.05650148540735245,0.3176892399787903,-0.05650148540735245,0,nominal-sac-a-star,1.0975871624417974,99.0,99.0,1.1735026931762695,99.0,customer-1,0,,waiter-1,-8.569313049316406,-2.549999952316284,0.44648164156884107,0.0,11.947897897414066,0,0,waiter-2,-3.342550277709961,2.200000047683716,0.4419030343031949,0.0,6.5486124944105715,0,0,customer-1,3.680213451385498,2.549999952316284,0.3891144573335126,0.0,2.1635027306274703,0,0,customer-2,6.599523544311523,-2.200000047683716,0.36292319903234116,0.0,4.515232423410752,0,0
5,560,22.3999999999997,to_table,2.9992010593414307,0.49426254630088806,-0.43667288338455623,0.0013107061386108398,0.6824464797973633,0.31579822301864624,-0.056379061192274094,0.31579822301864624,-0.056379061192274094,0,nominal-sac-a-star,1.1045975036917988,99.0,99.0,1.1805474853515625,99.0,customer-1,0,,waiter-1,-8.551453590393066,-2.549999952316284,0.4464807826777495,0.0,11.945089241940389,0,0,waiter-2,-3.3248744010925293,2.200000047683716,0.44190438329396287,0.0,6.5500741104881195,0,0,customer-1,3.6957778930664062,2.549999952316284,0.38911420089654314,0.0,2.1705472968293553,0,0,customer-2,6.614040374755859,-2.200000047683716,0.36292382126378087,0.0,4.508449201400688,0,0
5,561,22.4399999999997,to_table,3.016146421432495,0.4863543212413788,-0.4372252589530839,-0.007257044315338135,0.6811509132385254,0.31391847133636475,-0.056264039129018784,0.31391847133636475,-0.056264039129018784,0,nominal-sac-a-star,1.111614999652841,99.0,99.0,1.1875975227355957,99.0,customer-1,0,,waiter-1,-8.533594131469727,-2.549999952316284,0.44647992378664014,0.0,11.942192182087258,0,0,waiter-2,-3.3071985244750977,2.200000047683716,0.44190573228473085,0.0,6.551432895229041,0,0,customer-1,3.7113423347473145,2.549999952316284,0.3891139444595737,0.0,2.177597448690683,0,0,customer-2,6.628557205200195,-2.200000047683716,0.36292444349522057,0.0,4.501778700261055,0,0
5,562,22.4799999999997,to_table,3.032986640930176,0.4784835875034332,-0.4377749880376142,-0.01613551378250122,0.6796741485595703,0.312049925327301,-0.05615536496043205,0.312049925327301,-0.05615536496043205,0,nominal-sac-a-star,1.1186389994720434,99.0,99.0,1.1946520900726318,99.0,customer-1,0,,waiter-1,-8.515735626220703,-2.549999952316284,0.4464886016387126,0.0,11.939208455954923,0,0,waiter-2,-3.289522171020508,2.200000047683716,0.4419023129039168,0.0,6.552689264711527,0,0,customer-1,3.7269067764282227,2.549999952316284,0.38911368802260426,0.0,2.1846521929444687,0,0,customer-2,6.643074035644531,-2.200000047683716,0.3629250657266603,0.0,4.495220303994104,0,0
5,563,22.519999999999698,to_table,3.049722194671631,0.4706498980522156,-0.4383222275669558,-0.02496790885925293,0.6782087087631226,0.3101924657821655,-0.05605336278676987,0.3101924657821655,-0.05605336278676987,0,nominal-sac-a-star,1.1256684967287474,99.0,99.0,1.201711187362671,99.0,customer-1,0,,waiter-1,-8.497876167297363,-2.549999952316284,0.44648774274762104,0.0,11.936136453973717,0,0,waiter-2,-3.271846294403076,2.200000047683716,0.4419036618946848,0.0,6.55384468095581,0,0,customer-1,3.742471218109131,2.549999952316284,0.38911343158563483,0.0,2.1917111711267054,0,0,customer-2,6.657590866088867,-2.200000047683716,0.3629256879581,0.0,4.488773494269154,0,0
5,564,22.559999999999697,to_table,3.0663535594940186,0.46285319328308105,-0.43886738085047783,-0.03879481554031372,0.6735901832580566,0.3083460330963135,-0.05595755949616432,0.3083460330963135,-0.05595755949616432,0,nominal-sac-a-star,1.1327031218572785,99.0,99.0,1.2087736225128174,99.0,customer-1,0,,waiter-1,-8.480016708374023,-2.549999952316284,0.44648688385652946,0.0,11.932977433970748,0,0,waiter-2,-3.2541704177856445,2.200000047683716,0.44190501088545275,0.0,6.554899125167461,0,0,customer-1,3.758035659790039,2.549999952316284,0.3891131751486654,0.0,2.198773685855986,0,0,customer-2,6.672107696533203,-2.200000047683716,0.3629263101895397,0.0,4.482437983921536,0,0
5,565,22.599999999999696,to_table,3.082881450653076,0.4550936818122864,-0.4394103670666371,-0.05092900991439819,0.6692811250686646,0.3065105974674225,-0.055867522954940796,0.3065105974674225,-0.055867522954940796,0,nominal-sac-a-star,1.1397421672493853,99.0,99.0,1.215838680267334,99.0,customer-1,0,,waiter-1,-8.462157249450684,-2.549999952316284,0.4464860249654379,0.0,11.929732031222393,0,0,waiter-2,-3.2364940643310547,2.200000047683716,0.4419015915046387,0.0,6.555852738205731,0,0,customer-1,3.7736001014709473,2.549999952316284,0.38911291871169595,0.0,2.2058387377105855,0,0,customer-2,6.686624526977539,-2.200000047683716,0.3629269324209794,0.0,4.476213452524968,0,0
5,566,22.639999999999695,to_table,3.099306583404541,0.447371244430542,-0.4399515067872866,-0.05897378921508789,0.6670162677764893,0.3046860992908478,-0.05578381195664406,0.3046860992908478,-0.05578381195664406,0,nominal-sac-a-star,1.146784622341069,99.0,99.0,1.2229056453704834,99.0,customer-1,0,,waiter-1,-8.444297790527344,-2.549999952316284,0.44648516607432853,0.0,11.926400799610368,0,0,waiter-2,-3.218818187713623,2.200000047683716,0.4419029404954067,0.0,6.556707126706942,0,0,customer-1,3.7891645431518555,2.549999952316284,0.3891126622747265,0.0,2.212905666279517,0,0,customer-2,6.701141834259033,-2.200000047683716,0.3629227862808371,0.0,4.4700997676348075,0,0
5,567,22.679999999999694,to_table,3.1156299114227295,0.43968597054481506,-0.4404911983331079,-0.06696921586990356,0.6647598743438721,0.3028724491596222,-0.05570613965392113,0.3028724491596222,-0.05570613965392113,0,nominal-sac-a-star,1.1538298149228121,99.0,99.0,1.2299735641479492,99.0,customer-1,0,,waiter-1,-8.426438331604004,-2.549999952316284,0.44648430718323695,0.0,11.922984577866401,0,0,waiter-2,-3.2011423110961914,2.200000047683716,0.44190428948617466,0.0,6.55746269233459,0,0,customer-1,3.8047289848327637,2.549999952316284,0.3891124058377571,0.0,2.219973566201796,0,0,customer-2,6.715658664703369,-2.200000047683716,0.3629234085122768,0.0,4.464095574612908,0,0
5,568,22.719999999999693,to_table,3.1318516731262207,0.43203774094581604,-0.44102944497488583,-0.07491350173950195,0.6625134944915771,0.30106958746910095,-0.05563446506857872,0.30106958746910095,-0.05563446506857872,0,nominal-sac-a-star,1.1608768268222798,99.0,99.0,1.2370419597625733,99.0,customer-1,0,,waiter-1,-8.408578872680664,-2.549999952316284,0.44648344829214537,0.0,11.919483461401695,0,0,waiter-2,-3.1834664344787598,2.200000047683716,0.44190563847694264,0.0,6.558119663309701,0,0,customer-1,3.820293426513672,2.549999952316284,0.38911214940078764,0.0,2.227041979083572,0,0,customer-2,6.730175495147705,-2.200000047683716,0.3629240307437165,0.0,4.458201122527015,0,0
5,569,22.759999999999692,to_table,3.147972583770752,0.4244268238544464,-0.4415660581500208,-0.08311700820922852,0.6605048179626465,0.29927748441696167,-0.05556870996952057,0.29927748441696167,-0.05556870996952057,0,nominal-sac-a-star,1.1679251909729074,99.0,99.0,1.244109878540039,99.0,customer-1,0,,waiter-1,-8.390719413757324,-2.549999952316284,0.4464825894010538,0.0,11.91589810549838,0,0,waiter-2,-3.16579008102417,2.200000047683716,0.4419022190961286,0.0,6.558678164122535,0,0,customer-1,3.83585786819458,2.549999952316284,0.3891118929638182,0.0,2.2341099545380247,0,0,customer-2,6.744692325592041,-2.200000047683716,0.3629246529751562,0.0,4.4524161199576335,0,0
5,570,22.79999999999969,to_table,3.1639938354492188,0.4168526530265808,-0.4421013839221245,-0.09158492088317871,0.6587469577789307,0.29749608039855957,-0.05550976097583771,0.29749608039855957,-0.05550976097583771,0,nominal-sac-a-star,1.1749739461545154,99.0,99.0,1.2511773204803467,99.0,customer-1,0,,waiter-1,-8.372859954833984,-2.549999952316284,0.4464817305099622,0.0,11.912229420230357,0,0,waiter-2,-3.1481142044067383,2.200000047683716,0.44190356808689657,0.0,6.559140381016916,0,0,customer-1,3.8514223098754883,2.549999952316284,0.38911163652684877,0.0,2.2411772147509854,0,0,customer-2,6.759209156036377,-2.200000047683716,0.3629252752065959,0.0,4.446739396299202,0,0
5,571,22.83999999999969,to_table,3.179915428161621,0.40931519865989685,-0.44263579816056503,-0.09999901056289673,0.6570001840591431,0.2957252562046051,-0.05545714870095253,0.2957252562046051,-0.05545714870095253,0,nominal-sac-a-star,1.1820227990737362,99.0,99.0,1.2582433319091797,99.0,customer-1,0,,waiter-1,-8.355000495910645,-2.549999952316284,0.44648087161885286,0.0,11.908477297211979,0,0,waiter-2,-3.1304383277893066,2.200000047683716,0.44190491707766455,0.0,6.559505831521719,0,0,customer-1,3.8669862747192383,2.549999952316284,0.38911614846146136,0.0,2.248243216986612,0,0,customer-2,6.773725986480713,-2.200000047683716,0.3629258974380356,0.0,4.441171059966843,0,0
5,572,22.87999999999969,to_table,3.1957385540008545,0.40181416273117065,-0.44316921880051485,-0.1083528995513916,0.6552653312683105,0.2939649820327759,-0.05541038513183594,0.2939649820327759,-0.05541038513183594,0,nominal-sac-a-star,1.1890713459132447,99.0,99.0,1.265307674407959,99.0,customer-1,0,,waiter-1,-8.337141036987305,-2.549999952316284,0.4464800127277613,0.0,11.90464271744535,0,0,waiter-2,-3.112761974334717,2.200000047683716,0.4419014976968505,0.0,6.559775254751702,0,0,customer-1,3.8825507164001465,2.549999952316284,0.3891158920244919,0.0,2.2553077690184566,0,0,customer-2,6.788242816925049,-2.200000047683716,0.3629265196694753,0.0,4.435710097001984,0,0
5,573,22.91999999999969,to_table,3.211463451385498,0.39434942603111267,-0.44370199599613175,-0.11665135622024536,0.6535422801971436,0.29221516847610474,-0.055369794368743896,0.29221516847610474,-0.055369794368743896,0,nominal-sac-a-star,1.1961190877335144,99.0,99.0,1.2723703479766846,99.0,customer-1,0,,waiter-1,-8.319282531738281,-2.549999952316284,0.44648869057983376,0.0,11.900726708445156,0,0,waiter-2,-3.095086097717285,2.200000047683716,0.4419028466876185,0.0,6.559949800323395,0,0,customer-1,3.8981151580810547,2.549999952316284,0.3891156355875225,0.0,2.2623703847472583,0,0,customer-2,6.802760124206543,-2.200000047683716,0.362922373529333,0.0,4.4303567558358,0,0
5,574,22.959999999999688,to_table,3.22709059715271,0.3869207799434662,-0.44423415275140654,-0.12489092350006104,0.6518309116363525,0.2904757857322693,-0.055335015058517456,0.2904757857322693,-0.055335015058517456,0,nominal-sac-a-star,1.2031656763525975,99.0,99.0,1.2794308757781983,99.0,customer-1,0,,waiter-1,-8.301423072814941,-2.549999952316284,0.4464878316887422,0.0,11.8967277360713,0,0,waiter-2,-3.0774102210998535,2.200000047683716,0.44190419567838646,0.0,6.560029496767279,0,0,customer-1,3.913679599761963,2.549999952316284,0.38911537915055305,0.0,2.2694307578018424,0,0,customer-2,6.817276954650879,-2.200000047683716,0.3629229957607727,0.0,4.425109879989114,0,0
5,575,22.999999999999687,to_table,3.2426209449768066,0.3795281648635864,-0.44476571750243377,-0.10507982969284058,0.6690797805786133,0.28874677419662476,-0.055305976420640945,0.28874677419662476,-0.055305976420640945,0,nominal-sac-a-star,1.2102107954530663,99.0,99.0,1.2864880657196045,99.0,customer-1,0,,waiter-1,-8.283563613891602,-2.549999952316284,0.4464869727976506,0.0,11.892647538477037,0,0,waiter-2,-3.059734344482422,2.200000047683716,0.44190554466915444,0.0,6.560015249274454,0,0,customer-1,3.929244041442871,2.549999952316284,0.3891151227135836,0.0,2.2764883168443353,0,0,customer-2,6.831793785095215,-2.200000047683716,0.3629236179922124,0.0,4.4199691713371845,0,0
5,576,23.039999999999687,to_table,3.2580549716949463,0.3721713423728943,-0.4452969300175051,-0.09671318531036377,0.6818627119064331,0.2870280146598816,-0.05528309941291809,0.2870280146598816,-0.05528309941291809,0,nominal-sac-a-star,1.2172538611664836,99.0,99.0,1.2935428714752197,99.0,customer-1,0,,waiter-1,-8.265704154968262,-2.549999952316284,0.446486113906559,0.0,11.888486425313317,0,0,waiter-2,-3.042057991027832,2.200000047683716,0.4419021252883404,0.0,6.559907096828873,0,0,customer-1,3.9448084831237793,2.549999952316284,0.3891148662766142,0.0,2.2835428263441417,0,0,customer-2,6.846310615539551,-2.200000047683716,0.3629242402236521,0.0,4.414934226623134,0,0
5,577,23.079999999999686,to_table,3.273392915725708,0.3648501932621002,-0.44582779166239617,-0.10924077033996582,0.6832693815231323,0.2853195071220398,-0.05526614561676979,0.2853195071220398,-0.05526614561676979,0,nominal-sac-a-star,1.224294628125466,99.0,99.0,1.3005938625335693,99.0,customer-1,0,,waiter-1,-8.247844696044922,-2.549999952316284,0.44648525501544967,0.0,11.88424450598592,0,0,waiter-2,-3.0243821144104004,2.200000047683716,0.44190347427910837,0.0,6.559706191468451,0,0,customer-1,3.9603729248046875,2.549999952316284,0.38911460983964474,0.0,2.2905940282749175,0,0,customer-2,6.860827445983887,-2.200000047683716,0.3629248624550918,0.0,4.410004905594611,0,0
5,578,23.119999999999685,to_table,3.288635730743408,0.3575645387172699,-0.4463585678780754,-0.15610253810882568,0.6618022918701172,0.2836211919784546,-0.055255159735679626,0.2836211919784546,-0.055255159735679626,0,nominal-sac-a-star,1.231332830250045,99.0,99.0,1.3076417541503906,99.0,customer-1,0,,waiter-1,-8.229985237121582,-2.549999952316284,0.4464843961243581,0.0,11.879922570069985,0,0,waiter-2,-3.0067062377929688,2.200000047683716,0.44190482326987635,0.0,6.559413015317446,0,0,customer-1,3.9759373664855957,2.549999952316284,0.3891143534026753,0.0,2.2976415258470952,0,0,customer-2,6.875344276428223,-2.200000047683716,0.3629254846865315,0.0,4.405180450935117,0,0
5,579,23.159999999999684,to_table,3.303784132003784,0.350314199924469,-0.4468891524655747,-0.16443073749542236,0.6610560417175293,0.2819329798221588,-0.05525006726384163,0.2819329798221588,-0.05525006726384163,0,nominal-sac-a-star,1.2383680582432997,99.0,99.0,1.314685115814209,99.0,customer-1,0,,waiter-1,-8.212125778198242,-2.549999952316284,0.4464835372332665,0.0,11.87552117768215,0,0,waiter-2,-2.989030361175537,2.200000047683716,0.4419061722606443,0.0,6.559028280238511,0,0,customer-1,3.991501808166504,2.549999952316284,0.38911409696570587,0.0,2.304685013484966,0,0,customer-2,6.889861106872559,-2.200000047683716,0.3629261069179712,0.0,4.400460297654926,0,0
5,580,23.199999999999683,to_table,3.318838119506836,0.34309905767440796,-0.4474199453752229,-0.17269402742385864,0.6603221893310547,0.2802548110485077,-0.055251285433769226,0.2802548110485077,-0.055251285433769226,0,nominal-sac-a-star,1.2453999955938635,99.0,99.0,1.3217244243621826,99.0,customer-1,0,,waiter-1,-8.194266319274902,-2.549999952316284,0.4464826783421749,0.0,11.871040211367532,0,0,waiter-2,-2.9713540077209473,2.200000047683716,0.4419027528798303,0.0,6.5585515385743465,0,0,customer-1,4.007066249847412,2.549999952316284,0.38911384052873643,0.0,2.311724360334337,0,0,customer-2,6.9043779373168945,-2.200000047683716,0.36292672914941093,0.0,4.3958444973377615,0,0
5,581,23.239999999999682,to_table,3.333799123764038,0.33591896295547485,-0.44795084142467806,-0.180891215801239,0.659600019454956,0.27858665585517883,-0.05525823310017586,0.27858665585517883,-0.05525823310017586,0,nominal-sac-a-star,1.2524285050981983,99.0,99.0,1.3287589645385742,99.0,customer-1,0,,waiter-1,-8.176406860351562,-2.549999952316284,0.44648181945108334,0.0,11.866480935066381,0,0,waiter-2,-2.9536781311035156,2.200000047683716,0.44190410187059825,0.0,6.557985096118963,0,0,customer-1,4.02263069152832,2.549999952316284,0.389113584091767,0.0,2.318759055227071,0,0,customer-2,6.918895244598389,-2.200000047683716,0.3629225830092686,0.0,4.391332306275939,0,0
5,582,23.27999999999968,to_table,3.3486671447753906,0.32877373695373535,-0.4484819987555202,-0.18902122974395752,0.6588904857635498,0.2769283950328827,-0.05527174845337868,0.2769283950328827,-0.05527174845337868,0,nominal-sac-a-star,1.259453060501708,99.0,99.0,1.335789213180542,99.0,customer-1,0,,waiter-1,-8.158547401428223,-2.549999952316284,0.446480960559974,0.0,11.861843219600964,0,0,waiter-2,-2.936002254486084,2.200000047683716,0.44190545086136623,0.0,6.5573285234142205,0,0,customer-1,4.0381951332092285,2.549999952316284,0.38911332765479756,0.0,2.3257890589319246,0,0,customer-2,6.933412075042725,-2.200000047683716,0.3629232052407083,0.0,4.386922961364489,0,0
5,583,23.31999999999968,to_table,3.36344313621521,0.3216632008552551,-0.4490136851122035,-0.1954021453857422,0.6582517623901367,0.27528002858161926,-0.05529149994254112,0.27528002858161926,-0.05529149994254112,0,nominal-sac-a-star,1.2664736162773071,99.0,99.0,1.3428142166137695,99.0,customer-1,0,,waiter-1,-8.140687942504883,-2.549999952316284,0.4464801016688824,0.0,11.857127862246262,0,0,waiter-2,-2.918325901031494,2.200000047683716,0.4419020314805522,0.0,6.556582306923697,0,0,customer-1,4.053759574890137,2.549999952316284,0.3891130712178281,0.0,2.332814065333267,0,0,customer-2,6.9479289054870605,-2.200000047683716,0.362923827472148,0.0,4.382616087355191,0,0
5,584,23.35999999999968,to_table,3.378127098083496,0.31458714604377747,-0.4495457942064476,-0.20123863220214844,0.6576426029205322,0.2736414670944214,-0.05531754344701767,0.2736414670944214,-0.05531754344701767,0,nominal-sac-a-star,1.2734898542772115,99.0,99.0,1.3498339748382568,99.0,customer-1,0,,waiter-1,-8.12282943725586,-2.549999952316284,0.4464887795209549,0.0,11.852335654707723,0,0,waiter-2,-2.9006500244140625,2.200000047683716,0.44190338047132016,0.0,6.555747399318331,0,0,customer-1,4.069324016571045,2.549999952316284,0.3891128147808587,0.0,2.3398340955234,0,0,customer-2,6.9624457359313965,-2.200000047683716,0.3629244497035877,0.0,4.378411681475617,0,0
5,585,23.39999999999968,to_table,3.3927197456359863,0.3075454533100128,-0.4500784585144243,-0.2070336937904358,0.6570456027984619,0.2720126509666443,-0.0553499273955822,0.2720126509666443,-0.0553499273955822,0,nominal-sac-a-star,1.2805017893920467,99.0,99.0,1.356848726272583,99.0,customer-1,0,,waiter-1,-8.10496997833252,-2.549999952316284,0.4464879206298633,0.0,11.847465329506853,0,0,waiter-2,-2.882974147796631,2.200000047683716,0.44190472946208814,0.0,6.554824043087166,0,0,customer-1,4.084888458251953,2.549999952316284,0.38911255834388925,0.0,2.346848888794912,0,0,customer-2,6.976962566375732,-2.200000047683716,0.36292507193502743,0.0,4.374309206900937,0,0
5,586,23.439999999999678,to_table,3.407222032546997,0.30053794384002686,-0.45061205210474403,-0.21278584003448486,0.6564610004425049,0.27039358019828796,-0.05538879334926605,0.27039358019828796,-0.05538879334926605,0,nominal-sac-a-star,1.2875091506164396,99.0,99.0,1.363858232498169,99.0,customer-1,0,,waiter-1,-8.08711051940918,-2.549999952316284,0.44648706173877173,0.0,11.84251861355441,0,0,waiter-2,-2.865298271179199,2.200000047683716,0.4419060784528561,0.0,6.553813183528782,0,0,customer-1,4.100452899932861,2.549999952316284,0.3891123019069198,0.0,2.353858186695748,0,0,customer-2,6.991479396820068,-2.200000047683716,0.36292569416646714,0.0,4.3703078953775485,0,0
5,587,23.479999999999677,to_table,3.4216344356536865,0.29356446862220764,-0.45114641586303755,-0.21849679946899414,0.6558895111083984,0.2687841057777405,-0.05543409287929535,0.2687841057777405,-0.05543409287929535,0,nominal-sac-a-star,1.294511667749821,99.0,99.0,1.3708617782592774,99.0,customer-1,0,,waiter-1,-8.06925106048584,-2.549999952316284,0.4464862028476624,0.0,11.837495854335788,0,0,waiter-2,-2.8476219177246094,2.200000047683716,0.44190265907204207,0.0,6.552714845122265,0,0,customer-1,4.1160173416137695,2.549999952316284,0.3891120454699504,0.0,2.360861857916149,0,0,customer-2,7.005996227264404,-2.200000047683716,0.36292631639790685,0.0,4.366407384811773,0,0
5,588,23.519999999999676,to_table,3.435957431793213,0.28662484884262085,-0.4516817083309649,-0.224165678024292,0.6553311347961426,0.26718419790267944,-0.05548641458153725,0.26718419790267944,-0.05548641458153725,0,nominal-sac-a-star,1.301509200767507,99.0,99.0,1.3778598403930664,99.0,customer-1,0,,waiter-1,-8.0513916015625,-2.549999952316284,0.4464853439565708,0.0,11.83239739345701,0,0,waiter-2,-2.8299460411071777,2.200000047683716,0.44190400806281005,0.0,6.551530430612787,0,0,customer-1,4.131581783294678,2.549999952316284,0.38911178903298094,0.0,2.367859813719184,0,0,customer-2,7.02051305770874,-2.200000047683716,0.36292693862934655,0.0,4.362607295105448,0,0
5,589,23.559999999999675,to_table,3.4501912593841553,0.27971887588500977,-0.452218250672687,0.08276069164276123,0.06284284591674805,0.26559382677078247,-0.055545624345541,0.26559382677078247,-0.055545624345541,0,nominal-sac-a-star,1.3085016522448194,99.0,99.0,1.384851942062378,99.0,customer-1,0,,waiter-1,-8.03353214263916,-2.549999952316284,0.4464844850654792,0.0,11.827223335206572,0,0,waiter-2,-2.812270164489746,2.200000047683716,0.44190535705357803,0.0,6.550259755480949,0,0,customer-1,4.147145748138428,2.549999952316284,0.38911630096759353,0.0,2.3748519375735144,0,0,customer-2,7.035030364990234,-2.200000047683716,0.3629227924892042,0.0,4.358907816527832,0,0
5,590,23.599999999999675,to_table,3.464336633682251,0.27284643054008484,-0.4527560690627338,-0.5621376037597656,0.6992669105529785,0.2640129327774048,-0.055611416697502136,0.2640129327774048,-0.055611416697502136,0,nominal-sac-a-star,1.3154890383534672,99.0,99.0,1.391838321685791,99.0,customer-1,0,,waiter-1,-8.01567268371582,-2.549999952316284,0.44648362617438764,0.0,11.821974269501343,0,0,waiter-2,-2.7945938110351562,2.200000047683716,0.441901937672764,0.0,6.548903066612012,0,0,customer-1,4.162710189819336,2.549999952316284,0.3891160445306241,0.0,2.381838320635829,0,0,customer-2,7.04954719543457,-2.200000047683716,0.36292341472064393,0.0,4.355307621393033,0,0
5,591,23.639999999999674,to_table,3.4783942699432373,0.26600730419158936,-0.4532952969589906,-0.5658246278762817,0.6992908716201782,0.2624414563179016,-0.05568423494696617,0.2624414563179016,-0.05568423494696617,0,nominal-sac-a-star,1.322471160403986,99.0,99.0,1.3988187408447266,99.0,customer-1,0,,waiter-1,-7.9978132247924805,-2.549999952316284,0.4464827672832872,0.0,11.816650766225312,0,0,waiter-2,-2.7769179344177246,2.200000047683716,0.44190328666353196,0.0,6.547462004922777,0,0,customer-1,4.178274631500244,2.549999952316284,0.38911578809365466,0.0,2.3888187325916594,0,0,customer-2,7.064064025878906,-2.200000047683716,0.36292403695208364,0.0,4.351806505134944,0,0
5,592,23.679999999999673,to_table,3.4923644065856934,0.259201318025589,-0.45383604168852093,-0.5695086121559143,0.6993310451507568,0.2608793377876282,-0.05576416850090027,0.2608793377876282,-0.05576416850090027,0,nominal-sac-a-star,1.329447918255765,99.0,99.0,1.4057931995391846,99.0,customer-1,0,,waiter-1,-7.979953765869141,-2.549999952316284,0.4464819083921956,0.0,11.811252940620983,0,0,waiter-2,-2.759242057800293,2.200000047683716,0.44190463565429994,0.0,6.545936380274044,0,0,customer-1,4.193839073181152,2.549999952316284,0.3891155316566852,0.0,2.3957932070075088,0,0,customer-2,7.078580856323242,-2.200000047683716,0.36292465918352335,0.0,4.348404279902536,0,0
5,593,23.719999999999672,to_table,3.5062479972839355,0.2524283528327942,-0.45437846278405564,-0.5731533765792847,0.6993768215179443,0.2593265175819397,-0.05585134029388428,0.2593265175819397,-0.05585134029388428,0,nominal-sac-a-star,1.3364193385429337,99.0,99.0,1.412761459350586,99.0,customer-1,0,,waiter-1,-7.962094783782959,-2.549999952316284,0.44648581787267716,0.0,11.80578208123248,0,0,waiter-2,-2.7415661811828613,2.200000047683716,0.4419059846450679,0.0,6.544327124711541,0,0,customer-1,4.2094035148620605,2.549999952316284,0.3891152752197158,0.0,2.402761523050859,0,0,customer-2,7.093097686767578,-2.200000047683716,0.36292528141496305,0.0,4.34510020075589,0,0
5,594,23.75999999999967,to_table,3.520045042037964,0.24568819999694824,-0.4549227204758573,-0.5767577290534973,0.6994285583496094,0.257782906293869,-0.05594607815146446,0.257782906293869,-0.05594607815146446,0,nominal-sac-a-star,1.3433851894512594,99.0,99.0,1.4197237586975098,99.0,customer-1,0,,waiter-1,-7.944235324859619,-2.549999952316284,0.4464849589815856,0.0,11.800237140660265,0,0,waiter-2,-2.7238898277282715,2.200000047683716,0.44190256526425387,0.0,6.542633831714225,0,0,customer-1,4.224967956542969,2.549999952316284,0.38911501878274635,0.0,2.409723836308061,0,0,customer-2,7.107614517211914,-2.200000047683716,0.36292590364640276,0.0,4.341894257584264,0,0
5,595,23.79999999999967,to_table,3.5337562561035156,0.23898068070411682,-0.4554688952178696,-0.5803242325782776,0.6994855403900146,0.2562485337257385,-0.05604821816086769,0.2562485337257385,-0.05604821816086769,0,nominal-sac-a-star,1.3503456211509623,99.0,99.0,1.426680097579956,99.0,customer-1,0,,waiter-1,-7.926375865936279,-2.549999952316284,0.4464841000904851,0.0,11.79461916409221,0,0,waiter-2,-2.70621395111084,2.200000047683716,0.44190391425502185,0.0,6.540858135183168,0,0,customer-1,4.240532398223877,2.549999952316284,0.3891147623457769,0.0,2.416680075813382,0,0,customer-2,7.12213134765625,-2.200000047683716,0.36292652587784247,0.0,4.338785866014056,0,0
5,596,23.83999999999967,to_table,3.547382354736328,0.2323056161403656,-0.4560171728767,-0.5832210183143616,0.6995238065719604,0.25472331047058105,-0.0561581514775753,0.25472331047058105,-0.0561581514775753,0,nominal-sac-a-star,1.357300553163581,99.0,99.0,1.4336302375793457,99.0,customer-1,0,,waiter-1,-7.9085164070129395,-2.549999952316284,0.44648324119939353,0.0,11.788928734864474,0,0,waiter-2,-2.688538074493408,2.200000047683716,0.4419052632457898,0.0,6.5390003039923075,0,0,customer-1,4.256096839904785,2.549999952316284,0.3891145059088075,0.0,2.423630181655098,0,0,customer-2,7.136648654937744,-2.200000047683716,0.36292237973770014,0.0,4.335774834563283,0,0
5,597,23.87999999999967,to_table,3.5609238147735596,0.22566282749176025,-0.45656766119084585,-0.5843470096588135,0.6991744041442871,0.25320711731910706,-0.05627606809139252,0.25320711731910706,-0.05627606809139252,0,nominal-sac-a-star,1.364249916160816,99.0,99.0,1.4405741786956787,99.0,customer-1,0,,waiter-1,-7.890657424926758,-2.549999952316284,0.4464871506798751,0.0,11.783166669307024,0,0,waiter-2,-2.6708617210388184,2.200000047683716,0.4419018438649758,0.0,6.537060380889537,0,0,customer-1,4.271661281585693,2.549999952316284,0.38911424947183804,0.0,2.43057417425761,0,0,customer-2,7.15116548538208,-2.200000047683716,0.36292300196913985,0.0,4.332859983588024,0,0
5,598,23.919999999999668,to_table,3.574380874633789,0.21905216574668884,-0.45712054611963066,-0.5853611826896667,0.6987941265106201,0.2516999840736389,-0.056402191519737244,0.2516999840736389,-0.056402191519737244,0,nominal-sac-a-star,1.3711937226383377,99.0,99.0,1.4475121593475342,99.0,customer-1,0,,waiter-1,-7.872797966003418,-2.549999952316284,0.4464862917887835,0.0,11.777332169981504,0,0,waiter-2,-2.6531858444213867,2.200000047683716,0.44190319285574375,0.0,6.535039537082728,0,0,customer-1,4.287225723266602,2.549999952316284,0.3891139930348686,0.0,2.437512125495181,0,0,customer-2,7.165682315826416,-2.200000047683716,0.36292362420057955,0.0,4.330041530148963,0,0
5,599,23.959999999999667,to_table,3.587754249572754,0.21247342228889465,-0.4576759348453653,-0.5863440036773682,0.6983072757720947,0.2502018213272095,-0.05653665214776993,0.2502018213272095,-0.05653665214776993,0,nominal-sac-a-star,1.3781320380626119,99.0,99.0,1.454443941116333,99.0,customer-1,0,,waiter-1,-7.854938507080078,-2.549999952316284,0.44648543289768305,0.0,11.771426280130957,0,0,waiter-2,-2.635509967803955,2.200000047683716,0.44190454184651173,0.0,6.532938053122398,0,0,customer-1,4.30279016494751,2.549999952316284,0.38911373659789916,0.0,2.444444034715809,0,0,customer-2,7.180199146270752,-2.200000047683716,0.36292424643201926,0.0,4.327318867281816,0,0
5,600,23.999999999999666,to_table,3.6010446548461914,0.20592647790908813,-0.4582342006243544,-0.5872284770011902,0.6974081993103027,0.24871256947517395,-0.05667973682284355,0.24871256947517395,-0.05667973682284355,0,nominal-sac-a-star,1.3850648525599196,99.0,99.0,1.4613700008392334,99.0,customer-1,0,,waiter-1,-7.837079048156738,-2.549999952316284,0.4464845740065915,0.0,11.765449601864445,0,0,waiter-2,-2.6178340911865234,2.200000047683716,0.4419058908372797,0.0,6.530756637598063,0,0,customer-1,4.318354606628418,2.549999952316284,0.3891134801609297,0.0,2.451369825290595,0,0,customer-2,7.194715976715088,-2.200000047683716,0.36292486866345897,0.0,4.324691435949391,0,0
5,601,24.039999999999665,to_table,3.6142523288726807,0.19941140711307526,-0.45879587674104433,-0.5881091356277466,0.6965185403823853,0.24723216891288757,-0.05683162808418274,0.24723216891288757,-0.05683162808418274,0,nominal-sac-a-star,1.3919920805337591,99.0,99.0,1.468289384841919,99.0,customer-1,0,,waiter-1,-7.819219589233398,-2.549999952316284,0.446483715115491,0.0,11.759402320079007,0,0,waiter-2,-2.6001577377319336,2.200000047683716,0.44190247145646566,0.0,6.528495032141562,0,0,customer-1,4.333919048309326,2.549999952316284,0.3891132237239603,0.0,2.4582893840850475,0,0,customer-2,7.209232807159424,-2.200000047683716,0.3629254908948987,0.0,4.322159179006811,0,0
5,602,24.079999999999664,delivered,3.627377986907959,0.19292806088924408,-0.45936120320937335,-0.5889859199523926,0.6956380605697632,0.24576060473918915,-0.05699235200881958,0.24576060473918915,-0.05699235200881958,0,nominal-sac-a-star,1.3989136030723965,99.0,99.0,1.4752025699615479,99.0,customer-1,0,,waiter-1,-7.801360130310059,-2.549999952316284,0.4464828562243994,0.0,11.753285031750897,0,0,waiter-2,-2.582481861114502,2.200000047683716,0.44190382044723364,0.0,6.5261548627240415,0,0,customer-1,4.349483489990234,2.549999952316284,0.38911296728699085,0.0,2.465202681107002,0,0,customer-2,7.22374963760376,-2.200000047683716,0.3629261131263384,0.0,4.319721516802559,0,0
