episode,step,sim_time,phase,robot_x,robot_y,robot_yaw,sac_linear,sac_turn,proposed_linear,proposed_turn,final_linear,final_turn,dwa_intervened,dwa_reason,pred_dynamic_clearance,pred_static_clearance,pred_ttc,env_dynamic_clearance,env_dynamic_ttc,env_dynamic_person,collision,collision_type,p0_type,p0_x,p0_y,p0_vx,p0_vy,p0_distance,p0_cooperative,p0_reciprocal,p1_type,p1_x,p1_y,p1_vx,p1_vy,p1_distance,p1_cooperative,p1_reciprocal,p2_type,p2_x,p2_y,p2_vx,p2_vy,p2_distance,p2_cooperative,p2_reciprocal,p3_type,p3_x,p3_y,p3_vx,p3_vy,p3_distance,p3_cooperative,p3_reciprocal
3,1,0.04,to_table,-8.300000190734863,5.500000476837158,-0.011059124102688342,0.8647284507751465,-0.9880615472793579,0.0,-0.75,0.0,-0.75,0,nominal-sac-a-star,3.7933569094998703,99.0,99.0,3.8532661819458007,99.0,waiter-1,0,,waiter-1,-4.6599202156066895,2.200000047683716,0.47415693702616224,0.0,4.913266231107575,0,0,waiter-2,3.985246181488037,2.549999952316284,-0.5000099221488785,0.0,12.63446799516661,0,0,customer-1,-4.456826210021973,-2.549999952316284,-0.4489892218020941,0.0,8.920341538046577,0,0,customer-2,4.854223251342773,-2.200000047683716,-0.4152478619564448,0.0,15.242165280619632,0,0
3,2,0.08,to_table,-8.300000190734863,5.500000476837158,-0.03524863709162334,-0.9744782447814941,0.9050692319869995,0.0,-0.7713916897773743,0.0,-0.7713916897773743,0,nominal-sac-a-star,3.7933569094998703,99.0,99.0,3.8673343086242675,99.0,waiter-1,0,,waiter-1,-4.64095401763916,2.200000047683716,0.47415737399544966,0.0,4.92733414020799,0,0,waiter-2,3.9652457237243652,2.549999952316284,-0.5000091907840165,0.0,12.615021222210933,0,0,customer-1,-4.474785804748535,-2.549999952316284,-0.4489886872142179,0.0,8.912618695317745,0,0,customer-2,4.837613582611084,-2.200000047683716,-0.41525075214897456,0.0,15.22783319238922,0,0
3,3,0.12,to_table,-8.300000190734863,5.500000476837158,-0.059855913229695266,-0.9619271755218506,0.9305168390274048,0.0,-0.7683379650115967,0.0,-0.7683379650115967,0,nominal-sac-a-star,3.8074575971335376,99.0,99.0,3.881434860229492,99.0,waiter-1,0,,waiter-1,-4.621987819671631,2.200000047683716,0.4741578109647371,0.0,4.941434795088071,0,0,waiter-2,3.9452452659606934,2.549999952316284,-0.5000084594191545,0.0,12.59557618330327,0,0,customer-1,-4.492745399475098,-2.549999952316284,-0.44898815262634173,0.0,8.904925376157907,0,0,customer-2,4.821003437042236,-2.200000047683716,-0.41524887396992227,0.0,15.213505325130088,0,0
3,4,0.16,to_table,-8.300000190734863,5.500000476837158,-0.08571644800265807,-0.9836776256561279,0.9976099729537964,0.0,-0.760286808013916,0.0,-0.760286808013916,0,nominal-sac-a-star,3.8215907511677347,99.0,99.0,3.8955678367614746,99.0,waiter-1,0,,waiter-1,-4.603021621704102,2.200000047683716,0.4741582479340245,0.0,4.955567916221676,0,0,waiter-2,3.9252448081970215,2.549999952316284,-0.5000077280542925,0.0,12.576132886487105,0,0,customer-1,-4.51070499420166,-2.549999952316284,-0.44898761803846554,0.0,8.897261657152734,0,0,customer-2,4.804393291473389,-2.200000047683716,-0.41524699579087,0.0,15.199182103460826,0,0
3,5,0.2,to_table,-8.300000190734863,5.500000476837158,-0.1116838685293021,-0.9704912304878235,0.9706710577011108,0.0,-0.7635194659233093,0.0,-0.7635194659233093,0,nominal-sac-a-star,3.8357560946141884,99.0,99.0,3.909733715057373,99.0,waiter-1,0,,waiter-1,-4.584054946899414,2.200000047683716,0.4741539165317299,0.0,4.969733583160791,0,0,waiter-2,3.905244827270508,2.549999952316284,-0.5000117650610125,0.0,12.55669180334607,0,0,customer-1,-4.528664588928223,-2.549999952316284,-0.44898708345058935,0.0,8.889627614856815,0,0,customer-2,4.787783622741699,-2.200000047683716,-0.41524988598339974,0.0,15.184863951511744,0,0
3,6,0.24000000000000002,to_table,-8.300000190734863,5.500000476837158,-0.13775816105763525,-0.029488861560821533,-0.956135630607605,0.0,-0.9947362542152405,0.0,-0.9947362542152405,0,nominal-sac-a-star,3.8499533530063603,99.0,99.0,3.9239305877685546,99.0,waiter-1,0,,waiter-1,-4.565088748931885,2.200000047683716,0.4741543535010173,0.0,4.983930809162955,0,0,waiter-2,3.885244369506836,2.549999952316284,-0.5000110336961505,0.0,12.537252014998078,0,0,customer-1,-4.546624183654785,-2.549999952316284,-0.44898654886271316,0.0,8.882023325790977,0,0,customer-2,4.771173477172852,-2.200000047683716,-0.41524800780434745,0.0,15.170550060371106,0,0
3,7,0.28,to_table,-8.300003051757812,5.500000476837158,-0.1642668655166981,-0.8236129879951477,0.9074556827545166,0.0,-0.7711052894592285,0.0,-0.7711052894592285,0,nominal-sac-a-star,3.8641822543813147,99.0,99.0,3.938161792755127,99.0,waiter-1,0,,waiter-1,-4.5461225509643555,2.200000047683716,0.47415479047030473,0.0,4.998161826776944,0,0,waiter-2,3.865243911743164,2.549999952316284,-0.5000103023312885,0.0,12.517816773608853,0,0,customer-1,-4.5645833015441895,-2.549999952316284,-0.448990782646419,0.0,8.87445027140592,0,0,customer-2,4.754563808441162,-2.200000047683716,-0.4152508979968772,0.0,15.156243729401657,0,0
3,8,0.32,to_table,-8.300006866455078,5.500000476837158,-0.19092039895555005,-0.8875523209571838,0.9736044406890869,0.0,-0.7631674408912659,0.0,-0.7631674408912659,0,nominal-sac-a-star,3.878444682751165,99.0,99.0,3.9524249458312988,99.0,waiter-1,0,,waiter-1,-4.527156352996826,2.200000047683716,0.47415522743959215,0.0,5.01242494500567,0,0,waiter-2,3.845243453979492,2.549999952316284,-0.5000095709664265,0.0,12.498384233199484,0,0,customer-1,-4.582542896270752,-2.549999952316284,-0.4489902480585428,0.0,8.866907311965612,0,0,customer-2,4.7379536628723145,-2.200000047683716,-0.4152490198178249,0.0,15.141942505567796,0,0
3,9,0.36,to_table,-8.300007820129395,5.500001907348633,-0.21572391784941608,-0.85888671875,0.9762237071990967,0.0,-0.7628531455993652,0.0,-0.7628531455993652,0,nominal-sac-a-star,3.8927389463489135,99.0,99.0,3.9667181396484374,99.0,waiter-1,0,,waiter-1,-4.508190155029297,2.200000047683716,0.4741556644088796,0.0,5.026717962961227,0,0,waiter-2,3.8252429962158203,2.549999952316284,-0.5000088396015645,0.0,12.4789510333992,0,0,customer-1,-4.6005024909973145,-2.549999952316284,-0.44898971347066663,0.0,8.859394427436069,0,0,customer-2,4.721343517303467,-2.200000047683716,-0.41524714163877263,0.0,15.127644256802398,0,0
3,10,0.39999999999999997,to_table,-8.300007820129395,5.500003814697266,-0.23991082973759378,-0.9322479367256165,0.9976327419281006,0.0,-0.7602840662002563,0.0,-0.7602840662002563,0,nominal-sac-a-star,3.9070628378499936,99.0,99.0,3.981041374206543,99.0,waiter-1,0,,waiter-1,-4.489223957061768,2.200000047683716,0.474156101378167,0.0,5.041041411585531,0,0,waiter-2,3.8052425384521484,2.549999952316284,-0.5000081082367025,0.0,12.45951881221748,0,0,customer-1,-4.618462085723877,-2.549999952316284,-0.44898917888279044,0.0,8.851911637801848,0,0,customer-2,4.704733848571777,-2.200000047683716,-0.4152500318313024,0.0,15.113350566645854,0,0
3,11,0.43999999999999995,to_table,-8.30001163482666,5.500003814697266,-0.26473701657613674,-0.9525396227836609,0.9948711395263672,0.0,-0.7606154680252075,0.0,-0.7606154680252075,0,nominal-sac-a-star,3.9214168956073676,99.0,99.0,3.995397033691406,99.0,waiter-1,0,,waiter-1,-4.470257759094238,2.200000047683716,0.4741565383474544,0.0,5.055397077479783,0,0,waiter-2,3.7852420806884766,2.549999952316284,-0.5000073768718405,0.0,12.44009164582139,0,0,customer-1,-4.6364216804504395,-2.549999952316284,-0.44898864429491425,0.0,8.84445883040555,0,0,customer-2,4.68812370300293,-2.200000047683716,-0.4152481536522501,0.0,15.099063515147547,0,0
3,12,0.4799999999999999,to_table,-8.30001449584961,5.500003814697266,-0.28885360660388204,-0.9507163763046265,0.9944205284118652,0.0,-0.7606695294380188,0.0,-0.7606695294380188,0,nominal-sac-a-star,3.935802920686971,99.0,99.0,4.009782257080078,99.0,waiter-1,0,,waiter-1,-4.451291561126709,2.200000047683716,0.47415697531674184,0.0,5.069782351399878,0,0,waiter-2,3.765242099761963,2.549999952316284,-0.5000114138785605,0.0,12.420665823779789,0,0,customer-1,-4.654381275177002,-2.549999952316284,-0.44898810970703806,0.0,8.837035828183796,0,0,customer-2,4.67151403427124,-2.200000047683716,-0.41525104384477984,0.0,15.084780803459532,0,0
3,13,0.5199999999999999,to_table,-8.299718856811523,5.499908447265625,-0.3108413391493978,-0.9503680467605591,0.9997962713241577,0.20000000298023224,-0.7600244283676147,0.20000000298023224,-0.7600244283676147,0,nominal-sac-a-star,3.950218294998214,99.0,99.0,4.023908557891845,99.0,waiter-1,0,,waiter-1,-4.43232536315918,2.200000047683716,0.47415741228602926,0.0,5.083908720696677,0,0,waiter-2,3.745241641998291,2.549999952316284,-0.5000106825136985,0.0,12.400928737254443,0,0,customer-1,-4.6723408699035645,-2.549999952316284,-0.4489875751191619,0.0,8.829433520988978,0,0,customer-2,4.654903888702393,-2.200000047683716,-0.41524916566572756,0.0,15.070197122439358,0,0
3,14,0.5599999999999999,to_table,-8.2980318069458,5.499460220336914,-0.3326768975644449,-0.9010469317436218,0.9977829456329346,0.20000000298023224,-0.7602660655975342,0.20000000298023224,-0.7602660655975342,0,nominal-sac-a-star,3.9643742179875225,99.0,99.0,4.036775531768798,99.0,waiter-1,0,,waiter-1,-4.41335916519165,2.200000047683716,0.4741578492553167,0.0,5.096775349622332,0,0,waiter-2,3.725241184234619,2.549999952316284,-0.5000099511488365,0.0,12.379758046629219,0,0,customer-1,-4.690300464630127,-2.549999952316284,-0.4489870405312857,0.0,8.820971290592489,0,0,customer-2,4.638293743133545,-2.200000047683716,-0.4152472874866753,0.0,15.054242164800725,0,0
3,15,0.6,to_table,-8.293632507324219,5.497635841369629,-0.35462419555089747,-0.9532037377357483,0.9989540576934814,0.20000000298023224,-0.7601255178451538,0.20000000298023224,-0.7601255178451538,0,nominal-sac-a-star,3.977268641180226,99.0,99.0,4.046708526611328,99.0,waiter-1,0,,waiter-1,-4.394392967224121,2.200000047683716,0.4741582862246041,0.0,5.106708413340098,0,0,waiter-2,3.7052407264709473,2.549999952316284,-0.5000092197839745,0.0,12.355626904982255,0,0,customer-1,-4.7082600593566895,-2.549999952316284,-0.4489865059434095,0.0,8.810183735794581,0,0,customer-2,4.6216840744018555,-2.200000047683716,-0.415250177679205,0.0,15.035258583963582,0,0
3,16,0.64,to_table,-8.290932655334473,5.494906425476074,-0.3748673459017659,-0.8971068263053894,0.9999783039093018,0.20000000298023224,-0.760002613067627,0.20000000298023224,-0.760002613067627,0,nominal-sac-a-star,3.987227619872236,99.0,99.0,4.057382049560546,99.0,waiter-1,0,,waiter-1,-4.375426292419434,2.200000047683716,0.4741539548223095,0.0,5.117381959209701,0,0,waiter-2,3.6852402687072754,2.549999952316284,-0.5000084884191125,0.0,12.332931202362603,0,0,customer-1,-4.726219177246094,-2.549999952316284,-0.44899073972711534,0.0,8.799301154541144,0,0,customer-2,4.605073928833008,-2.200000047683716,-0.41524829950015274,0.0,15.017275766581882,0,0
3,17,0.68,to_table,-8.285449981689453,5.495413303375244,-0.39241370576391776,-0.9662356376647949,0.9990839958190918,0.20000000298023224,-0.7601099014282227,0.20000000298023224,-0.7601099014282227,0,nominal-sac-a-star,3.997930802079215,99.0,99.0,4.068031730651855,99.0,waiter-1,0,,waiter-1,-4.356460094451904,2.200000047683716,0.4741543917915969,0.0,5.128031792003864,0,0,waiter-2,3.6652398109436035,2.549999952316284,-0.5000077570542505,0.0,12.308308020533948,0,0,customer-1,-4.744178771972656,-2.549999952316284,-0.44899020513923915,0.0,8.790294433955328,0,0,customer-2,4.588464260101318,-2.200000047683716,-0.4152511896926825,0.0,14.998568416640294,0,0
3,18,0.7200000000000001,to_table,-8.281204223632812,5.495301723480225,-0.4084858633146061,-0.9583420753479004,0.9989460706710815,0.20000000298023224,-0.7601264715194702,0.20000000298023224,-0.7601264715194702,0,nominal-sac-a-star,4.008600313791768,99.0,99.0,4.079247417449951,99.0,waiter-1,0,,waiter-1,-4.337493896484375,2.200000047683716,0.47415482876088433,0.0,5.1392474428620885,0,0,waiter-2,3.64523983001709,2.549999952316284,-0.5000117940609705,0.0,12.284741360242899,0,0,customer-1,-4.762138366699219,-2.549999952316284,-0.44898967055136296,0.0,8.781270042539967,0,0,customer-2,4.571854114532471,-2.200000047683716,-0.4152493115136302,0.0,14.980613405116594,0,0
3,19,0.7600000000000001,to_table,-8.27636432647705,5.4923529624938965,-0.4258248804411829,-0.9544329047203064,0.9988422393798828,0.20000000298023224,-0.7601389288902283,0.20000000298023224,-0.7601389288902283,0,nominal-sac-a-star,4.019838515167031,99.0,99.0,4.08820909500122,99.0,waiter-1,0,,waiter-1,-4.318527698516846,2.200000047683716,0.47415526573017175,0.0,5.148209250728111,0,0,waiter-2,3.625239372253418,2.549999952316284,-0.5000110626961085,0.0,12.259918916458462,0,0,customer-1,-4.780097961425781,-2.549999952316284,-0.4489891359634868,0.0,8.769453740213505,0,0,customer-2,4.555243968963623,-2.200000047683716,-0.4152474333345779,0.0,14.960697386178577,0,0
3,20,0.8000000000000002,to_table,-8.273329734802246,5.488102912902832,-0.44305321479753884,-0.9545037150382996,0.9988229274749756,0.20000000298023224,-0.7598273158073425,0.20000000298023224,-0.7598273158073425,0,nominal-sac-a-star,4.028826962824838,99.0,99.0,4.097756805419921,99.0,waiter-1,0,,waiter-1,-4.299561500549316,2.200000047683716,0.47415570269945917,0.0,5.157756724761241,0,0,waiter-2,3.605238914489746,2.549999952316284,-0.5000103313312465,0.0,12.23653718022178,0,0,customer-1,-4.798057556152344,-2.549999952316284,-0.4489886013756106,0.0,8.757203571205926,0,0,customer-2,4.538634300231934,-2.200000047683716,-0.41525032352710767,0.0,14.941664886069054,0,0
3,21,0.8400000000000002,to_table,-8.267600059509277,5.485153675079346,-0.46249054883939333,0.330936074256897,-0.11182904243469238,0.20000000298023224,-0.8741337060928345,0.20000000298023224,-0.8741337060928345,0,nominal-sac-a-star,4.038405948568297,99.0,99.0,4.106085720062255,99.0,waiter-1,0,,waiter-1,-4.280595302581787,2.200000047683716,0.4741561396687466,0.0,5.166085683315086,0,0,waiter-2,3.585238456726074,2.549999952316284,-0.5000095999663845,0.0,12.210852069704313,0,0,customer-1,-4.816017150878906,-2.549999952316284,-0.4489880667877344,0.0,8.745119689918397,0,0,customer-2,4.522024154663086,-2.200000047683716,-0.4152484453480554,0.0,14.920994446827027,0,0
3,22,0.8800000000000002,to_table,-8.262618064880371,5.481708526611328,-0.4839806630183569,-0.9224908947944641,0.9965178966522217,0.20000000298023224,-0.7264143228530884,0.20000000298023224,-0.7264143228530884,0,nominal-sac-a-star,4.046759883884505,99.0,99.0,4.114700260162353,99.0,waiter-1,0,,waiter-1,-4.261629104614258,2.200000047683716,0.474156576638034,0.0,5.174700300581349,0,0,waiter-2,3.5652379989624023,2.549999952316284,-0.5000088686015225,0.0,12.185774256549205,0,0,customer-1,-4.833976745605469,-2.549999952316284,-0.4489875321998582,0.0,8.732921755444558,0,0,customer-2,4.505414009094238,-2.200000047683716,-0.4152465671690031,0.0,14.900714401076291,0,0
3,23,0.9200000000000003,to_table,-8.261311531066895,5.477670192718506,-0.5041824670256315,-0.9123836755752563,0.9965022802352905,0.20000000298023224,-0.7072775363922119,0.20000000298023224,-0.7072775363922119,0,nominal-sac-a-star,4.055401322591374,99.0,99.0,4.125812950134277,99.0,waiter-1,0,,waiter-1,-4.2426629066467285,2.200000047683716,0.47415701360732143,0.0,5.185813180804576,0,0,waiter-2,3.5452375411987305,2.549999952316284,-0.5000081372366605,0.0,12.164121589015505,0,0,customer-1,-4.851936340332031,-2.549999952316284,-0.448986997611982,0.0,8.721658509061294,0,0,customer-2,4.488804340362549,-2.200000047683716,-0.41524945736153285,0.0,14.883281730022949,0,0
3,24,0.9600000000000003,to_table,-8.253290176391602,5.4755353927612305,-0.5259198163028512,-0.828545868396759,0.9035942554473877,0.20000000298023224,-0.6925109624862671,0.20000000298023224,-0.6925109624862671,0,nominal-sac-a-star,4.066547275750573,99.0,99.0,4.132952632904052,99.0,waiter-1,0,,waiter-1,-4.223696708679199,2.200000047683716,0.47415745057660885,0.0,5.192952465783077,0,0,waiter-2,3.5252370834350586,2.549999952316284,-0.5000074058717985,0.0,12.136410590606234,0,0,customer-1,-4.869895935058594,-2.549999952316284,-0.4489864630241147,0.0,8.70956796674633,0,0,customer-2,4.472194194793701,-2.200000047683716,-0.41524757918248056,0.0,14.861083297620258,0,0
3,25,1.0000000000000002,to_table,-8.247323036193848,5.4716315269470215,-0.5435979612779224,-0.8670179843902588,0.9616143703460693,0.3400000035762787,-0.38469332456588745,0.3400000035762787,-0.38469332456588745,0,nominal-sac-a-star,3.8695727086822673,99.0,99.0,3.8884639167785644,99.0,waiter-1,0,,waiter-1,-4.20473051071167,2.200000047683716,0.4741578875458963,0.0,5.2005890880929035,0,0,waiter-2,3.505237102508545,2.549999952316284,-0.5000114428785185,0.0,12.11026840626151,0,0,customer-1,-4.887855052947998,-2.549999952316284,-0.44899069680782056,0.0,8.696700335159418,0,0,customer-2,4.455584526062012,-2.200000047683716,-0.4152504693750103,0.0,14.839736909800267,0,0
3,26,1.0400000000000003,to_table,-8.237483978271484,5.464633464813232,-0.5545304416170294,-0.9459872841835022,0.9972555637359619,0.3400000035762787,-0.363815039396286,0.3400000035762787,-0.363815039396286,0,nominal-sac-a-star,3.8769720676619945,99.0,99.0,3.891796054840088,99.0,waiter-1,0,,waiter-1,-4.185764312744141,2.200000047683716,0.4741583245151837,0.0,5.203293533547742,0,0,waiter-2,3.485236644744873,2.549999952316284,-0.5000107115136565,0.0,12.079621985702339,0,0,customer-1,-4.905815124511719,-2.549999952316284,-0.44898539384836234,0.0,8.679537208980792,0,0,customer-2,4.438974380493164,-2.200000047683716,-0.41524859119594915,0.0,14.81348046214614,0,0
3,27,1.0800000000000003,to_table,-8.224976539611816,5.456453323364258,-0.5633414590394086,-0.9480188488960266,0.9978737831115723,0.3400000035762787,-0.35836613178253174,0.3400000035762787,-0.35836613178253174,0,nominal-sac-a-star,3.8800417357162615,99.0,99.0,3.8924993896484374,99.0,waiter-1,0,,waiter-1,-4.166797637939453,2.200000047683716,0.4741539931128891,0.0,5.203201315985115,0,0,waiter-2,3.465236186981201,2.549999952316284,-0.5000099801487945,0.0,12.046100812755698,0,0,customer-1,-4.923774242401123,-2.549999952316284,-0.4489896276320682,0.0,8.660325089900773,0,0,customer-2,4.422364234924316,-2.200000047683716,-0.41524671301689686,0.0,14.784333156766865,0,0
3,28,1.1200000000000003,to_table,-8.2116117477417,5.448505878448486,-0.5717823986750854,-0.9499503970146179,0.9979985952377319,0.3400000035762787,-0.3591766953468323,0.3400000035762787,-0.3591766953468323,0,nominal-sac-a-star,3.8804728850383468,99.0,99.0,3.892766418457031,99.0,waiter-1,0,,waiter-1,-4.147831439971924,2.200000047683716,0.4741544300821765,0.0,5.2026051668688185,0,0,waiter-2,3.4452357292175293,2.549999952316284,-0.5000092487839325,0.0,12.011803765667928,0,0,customer-1,-4.9417338371276855,-2.549999952316284,-0.448989093044192,0.0,8.641076152603882,0,0,customer-2,4.405754566192627,-2.200000047683716,-0.4152496032094266,0.0,14.7545781234871,0,0
3,29,1.1600000000000004,to_table,-8.1973876953125,5.440006256103516,-0.5787779194945879,-0.9978111386299133,0.9981478452682495,0.3400000035762787,-0.3629221022129059,0.3400000035762787,-0.3629221022129059,0,nominal-sac-a-star,3.880455399140531,99.0,99.0,3.892141761779785,99.0,waiter-1,0,,waiter-1,-4.1288652420043945,2.200000047683716,0.4741548670514639,0.0,5.201010977076577,0,0,waiter-2,3.4252352714538574,2.549999952316284,-0.5000085174190705,0.0,11.976539611404236,0,0,customer-1,-4.959693431854248,-2.549999952316284,-0.4489885584563158,0.0,8.621070893700933,0,0,customer-2,4.389144420623779,-2.200000047683716,-0.4152477250303743,0.0,14.72380681167082,0,0
3,30,1.2000000000000004,to_table,-8.184720993041992,5.429654598236084,-0.5850518673944668,-0.9742595553398132,0.9939525127410889,0.3400000035762787,-0.3706556558609009,0.3400000035762787,-0.3706556558609009,0,nominal-sac-a-star,3.8795433192150393,99.0,99.0,3.8919271850585937,99.0,waiter-1,0,,waiter-1,-4.109899044036865,2.200000047683716,0.47415530402075134,0.0,5.199504056349755,0,0,waiter-2,3.4052348136901855,2.549999952316284,-0.5000077860542085,0.0,11.94234007562054,0,0,customer-1,-4.9776530265808105,-2.549999952316284,-0.4489880238684396,0.0,8.600009981834473,0,0,customer-2,4.37253475189209,-2.200000047683716,-0.4152506152229041,0.0,14.693410150801807,0,0
3,31,1.2400000000000004,to_table,-8.17158031463623,5.4193315505981445,-0.5899770106919983,-0.9742531776428223,0.993680477142334,0.3400000035762787,-0.374188095331192,0.3400000035762787,-0.374188095331192,0,nominal-sac-a-star,3.878988914206924,99.0,99.0,3.8914012336730956,99.0,waiter-1,0,,waiter-1,-4.090932846069336,2.200000047683716,0.47415574099003877,0.0,5.1976705444245574,0,0,waiter-2,3.385234832763672,2.549999952316284,-0.5000118230609285,0.0,11.907688279933707,0,0,customer-1,-4.995612621307373,-2.549999952316284,-0.4489874892805634,0.0,8.578870286489531,0,0,customer-2,4.355924606323242,-2.200000047683716,-0.4152487370438518,0.0,14.662625738565389,0,0
3,32,1.2800000000000005,to_table,-8.157230377197266,5.409152507781982,-0.5965897227635893,-0.974258303642273,0.9936503171920776,0.3400000035762787,-0.38107427954673767,0.3400000035762787,-0.38107427954673767,0,nominal-sac-a-star,3.8781392838778688,99.0,99.0,3.8900694274902343,99.0,waiter-1,0,,waiter-1,-4.071966648101807,2.200000047683716,0.4741561779593262,0.0,5.195001371358596,0,0,waiter-2,3.365234375,2.549999952316284,-0.5000110916960665,0.0,11.871897375780101,0,0,customer-1,-5.0135722160339355,-2.549999952316284,-0.44898695469268723,0.0,8.557493471650277,0,0,customer-2,4.3393144607543945,-2.200000047683716,-0.4152468588647995,0.0,14.630886353850421,0,0
3,33,1.3200000000000005,to_table,-8.143325805664062,5.4006476402282715,-0.6045861021752664,-0.9745970368385315,0.9934079647064209,0.3400000035762787,-0.3895551264286041,0.3400000035762787,-0.3895551264286041,0,nominal-sac-a-star,3.87644789867499,99.0,99.0,3.8901752853393554,99.0,waiter-1,0,,waiter-1,-4.053000450134277,2.200000047683716,0.4741566149286136,0.0,5.193737240730525,0,0,waiter-2,3.345233917236328,2.549999952316284,-0.5000103603312045,0.0,11.836942035308235,0,0,customer-1,-5.031531810760498,-2.549999952316284,-0.44898642010481105,0.0,8.537918892069216,0,0,customer-2,4.322704792022705,-2.200000047683716,-0.41524974905732925,0.0,14.60040287588752,0,0
3,34,1.3600000000000005,to_table,-8.130209922790527,5.391976833343506,-0.6150971947177951,-0.9473736882209778,0.3795892000198364,0.3400000035762787,-0.47240397334098816,0.3400000035762787,-0.47240397334098816,0,nominal-sac-a-star,3.876163051354495,99.0,99.0,3.891148986816406,99.0,waiter-1,0,,waiter-1,-4.034034252166748,2.200000047683716,0.474157051897901,0.0,5.1930117393282655,0,0,waiter-2,3.3252334594726562,2.549999952316284,-0.5000096289663425,0.0,11.802712216966514,0,0,customer-1,-5.0494914054870605,-2.549999952316284,-0.44898588551693486,0.0,8.518557498004899,0,0,customer-2,4.306094646453857,-2.200000047683716,-0.41524787087827697,0.0,14.570510776944664,0,0
3,35,1.4000000000000006,to_table,-8.117491722106934,5.382377624511719,-0.6252027501283111,-0.9775674939155579,0.9910094738006592,0.3400000035762787,-0.4042682647705078,0.3400000035762787,-0.4042682647705078,0,nominal-sac-a-star,3.8766371187672357,99.0,99.0,3.8921484375,99.0,waiter-1,0,,waiter-1,-4.015068054199219,2.200000047683716,0.47415748886718845,0.0,5.192052291002765,0,0,waiter-2,3.3052330017089844,2.549999952316284,-0.5000088976014805,0.0,11.76864492598985,0,0,customer-1,-5.067451000213623,-2.549999952316284,-0.44898535092905867,0.0,8.498550607401897,0,0,customer-2,4.289484977722168,-2.200000047683716,-0.4152507610708067,0.0,14.54047874018975,0,0
3,36,1.4400000000000006,to_table,-8.10256290435791,5.372401714324951,-0.6346275499720603,-0.9765599370002747,0.990451455116272,0.3400000035762787,-0.3017732501029968,0.3400000035762787,-0.3017732501029968,0,nominal-sac-a-star,3.8770888573399445,99.0,99.0,3.8911990547180175,99.0,waiter-1,0,,waiter-1,-3.9961018562316895,2.200000047683716,0.47415792583647587,0.0,5.189138143688794,0,0,waiter-2,3.2852325439453125,2.549999952316284,-0.5000081662366185,0.0,11.732341491730677,0,0,customer-1,-5.085410118103027,-2.549999952316284,-0.4489895847127645,0.0,8.477479525378131,0,0,customer-2,4.27287483215332,-2.200000047683716,-0.41524888289175443,0.0,14.508367503462896,0,0
3,37,1.4800000000000006,to_table,-8.088481903076172,5.3606719970703125,-0.6436881481664084,-0.9755421876907349,0.9904178380966187,0.3400000035762787,-0.3031046986579895,0.3400000035762787,-0.3031046986579895,0,nominal-sac-a-star,3.87559550495994,99.0,99.0,3.8902081871032714,99.0,waiter-1,0,,waiter-1,-3.97713565826416,2.200000047683716,0.4741583628057633,0.0,5.185847579361458,0,0,waiter-2,3.2652320861816406,2.549999952316284,-0.5000074348717565,0.0,11.696439573350103,0,0,customer-1,-5.10336971282959,-2.549999952316284,-0.4489890501248883,0.0,8.455153782112463,0,0,customer-2,4.256264686584473,-2.200000047683716,-0.41524700471270215,0.0,14.476067495396089,0,0
3,38,1.5200000000000007,to_table,-8.074275016784668,5.348674774169922,-0.6509241130937177,-0.9760600924491882,0.9898378849029541,0.3400000035762787,-0.302287220954895,0.3400000035762787,-0.302287220954895,0,nominal-sac-a-star,3.8739983860579104,99.0,99.0,3.88893741607666,99.0,waiter-1,0,,waiter-1,-3.9581689834594727,2.200000047683716,0.4741540314034687,0.0,5.182323939198422,0,0,waiter-2,3.245232105255127,2.549999952316284,-0.5000114718784765,0.0,11.66035257804785,0,0,customer-1,-5.121329307556152,-2.549999952316284,-0.44898851553701213,0.0,8.432612335242444,0,0,customer-2,4.239655017852783,-2.200000047683716,-0.4152498949052319,0.0,14.443523270450093,0,0
3,39,1.5600000000000007,to_table,-8.059097290039062,5.3378095626831055,-0.6585944142114204,-0.9768608212471008,0.989648699760437,0.3400000035762787,-0.3041936755180359,0.3400000035762787,-0.3041936755180359,0,nominal-sac-a-star,3.8721600716832763,99.0,99.0,3.88759464263916,99.0,waiter-1,0,,waiter-1,-3.9392027854919434,2.200000047683716,0.4741544683727561,0.0,5.178743021334256,0,0,waiter-2,3.225231647491455,2.549999952316284,-0.5000107405136145,0.0,11.623595054631,0,0,customer-1,-5.139288902282715,-2.549999952316284,-0.44898798094913595,0.0,8.410875101089495,0,0,customer-2,4.2230448722839355,-2.200000047683716,-0.4152480167261796,0.0,14.41074563711575,0,0
3,40,1.6000000000000008,to_table,-8.04495906829834,5.32663106918335,-0.6676601303285638,-0.9773190021514893,0.9893945455551147,0.3400000035762787,-0.30928346514701843,0.3400000035762787,-0.30928346514701843,0,nominal-sac-a-star,3.870241446716464,99.0,99.0,3.8873204612731933,99.0,waiter-1,0,,waiter-1,-3.920236587524414,2.200000047683716,0.4741549053420435,0.0,5.17582429068121,0,0,waiter-2,3.205231189727783,2.549999952316284,-0.5000100091487525,0.0,11.587772055099304,0,0,customer-1,-5.157248497009277,-2.549999952316284,-0.44898744636125976,0.0,8.389290112541405,0,0,customer-2,4.206435203552246,-2.200000047683716,-0.41525090691870936,0.0,14.378693875791532,0,0
3,41,1.6400000000000008,to_table,-8.030033111572266,5.315512180328369,-0.6762307789551605,-0.9778710603713989,0.988487720489502,0.2199999988079071,-0.3113221824169159,0.2199999988079071,-0.3113221824169159,0,nominal-sac-a-star,4.056974108322178,99.0,99.0,4.112339439392089,99.0,waiter-1,0,,waiter-1,-3.9012703895568848,2.200000047683716,0.47415534231133094,0.0,5.1723396508117965,0,0,waiter-2,3.1852307319641113,2.549999952316284,-0.5000092777838905,0.0,11.551199113659964,0,0,customer-1,-5.17520809173584,-2.549999952316284,-0.44898691177338357,0.0,8.367574738397279,0,0,customer-2,4.189825057983398,-2.200000047683716,-0.4152490287396571,0.0,14.34600493982403,0,0
3,42,1.6800000000000008,to_table,-8.016828536987305,5.304854393005371,-0.6835327745312313,-0.9780153632164001,0.9898161888122559,0.2199999988079071,-0.31611865758895874,0.2199999988079071,-0.31611865758895874,0,nominal-sac-a-star,4.05351443657875,99.0,99.0,4.110533180236816,99.0,waiter-1,0,,waiter-1,-3.8823041915893555,2.200000047683716,0.47415577928061836,0.0,5.170533054565177,0,0,waiter-2,3.1652302742004395,2.549999952316284,-0.5000085464190285,0.0,11.51640839177935,0,0,customer-1,-5.193167686462402,-2.549999952316284,-0.4489863771855074,0.0,8.346963363104303,0,0,customer-2,4.173214912414551,-2.200000047683716,-0.4152471505606048,0.0,14.31502705111785,0,0
3,43,1.7200000000000009,to_table,-8.00342845916748,5.294964790344238,-0.6916663031948275,-0.9786473512649536,0.9894027709960938,0.2199999988079071,-0.3207722008228302,0.2199999988079071,-0.3207722008228302,0,nominal-sac-a-star,4.051734226592686,99.0,99.0,4.109057369232177,99.0,waiter-1,0,,waiter-1,-3.863337993621826,2.200000047683716,0.4741562162499058,0.0,5.169057537038425,0,0,waiter-2,3.1452298164367676,2.549999952316284,-0.5000078150541665,0.0,11.481611964711615,0,0,customer-1,-5.211127281188965,-2.549999952316284,-0.4489858425976312,0.0,8.327089388383367,0,0,customer-2,4.156605243682861,-2.200000047683716,-0.41525004075313454,0.0,14.284289186996027,0,0
3,44,1.760000000000001,to_table,-7.9907050132751465,5.285732746124268,-0.7005719905000459,-0.9789778590202332,0.9889906644821167,0.2199999988079071,-0.3265701234340668,0.2199999988079071,-0.3265701234340668,0,nominal-sac-a-star,4.050283427425716,99.0,99.0,4.10854190826416,99.0,waiter-1,0,,waiter-1,-3.844371795654297,2.200000047683716,0.4741566532191932,0.0,5.168541906357273,0,0,waiter-2,3.125229835510254,2.549999952316284,-0.5000118520608865,0.0,11.44763038718311,0,0,customer-1,-5.229086875915527,-2.549999952316284,-0.448985308009755,0.0,8.308143093255199,0,0,customer-2,4.139995098114014,-2.200000047683716,-0.41524816257408226,0.0,14.25447581122327,0,0
3,45,1.800000000000001,to_table,-7.978382587432861,5.276936054229736,-0.7088525223944683,-0.9620802998542786,0.954383373260498,0.2199999988079071,-0.33580633997917175,0.2199999988079071,-0.33580633997917175,0,nominal-sac-a-star,4.049792185021872,99.0,99.0,4.108631553649902,99.0,waiter-1,0,,waiter-1,-3.8254055976867676,2.200000047683716,0.4741570901884806,0.0,5.168631643456505,0,0,waiter-2,3.105229377746582,2.549999952316284,-0.5000111206960245,0.0,11.414141873070786,0,0,customer-1,-5.247045993804932,-2.549999952316284,-0.44898954179346084,0.0,8.289820675880605,0,0,customer-2,4.123385429382324,-2.200000047683716,-0.415251052766612,0.0,14.22523682069679,0,0
3,46,1.840000000000001,to_table,-7.966850757598877,5.268170356750488,-0.716271694516735,-0.9656040668487549,0.9790997505187988,0.2199999988079071,-0.3392612338066101,0.2199999988079071,-0.3392612338066101,0,nominal-sac-a-star,4.0499060013481385,99.0,99.0,4.109399261474609,99.0,waiter-1,0,,waiter-1,-3.8064393997192383,2.200000047683716,0.47415752715776804,0.0,5.169399550451947,0,0,waiter-2,3.08522891998291,2.549999952316284,-0.5000103893311625,0.0,11.3814285371898,0,0,customer-1,-5.265005588531494,-2.549999952316284,-0.44898900720558466,0.0,8.271865224916686,0,0,customer-2,4.106775283813477,-2.200000047683716,-0.4152491745875597,0.0,14.196690282510831,0,0
3,47,1.880000000000001,to_table,-7.955287933349609,5.258583068847656,-0.7256579287195835,-0.9658267498016357,0.9788681268692017,0.2199999988079071,-0.34592974185943604,0.2199999988079071,-0.34592974185943604,0,nominal-sac-a-star,4.050698880754038,99.0,99.0,4.109681549072265,99.0,waiter-1,0,,waiter-1,-3.787473201751709,2.200000047683716,0.47415796412705546,0.0,5.169681782689996,0,0,waiter-2,3.0652284622192383,2.549999952316284,-0.5000096579663005,0.0,11.348489067896246,0,0,customer-1,-5.282965183258057,-2.549999952316284,-0.44898847261770847,0.0,8.253198027375003,0,0,customer-2,4.090165138244629,-2.200000047683716,-0.41524729640850744,0.0,14.167688654335466,0,0
3,48,1.920000000000001,to_table,-7.943374156951904,5.248788833618164,-0.7358737069394721,-0.9659725427627563,0.9773976802825928,0.2199999988079071,-0.3503078520298004,0.2199999988079071,-0.3503078520298004,0,nominal-sac-a-star,4.05100739793043,99.0,99.0,4.109586658477783,99.0,waiter-1,0,,waiter-1,-3.7685070037841797,2.200000047683716,0.4741584010963429,0.0,5.169586908819546,0,0,waiter-2,3.0452280044555664,2.549999952316284,-0.5000089266014385,0.0,11.315159693416952,0,0,customer-1,-5.300924777984619,-2.549999952316284,-0.4489879380298323,0.0,8.234296888503687,0,0,customer-2,4.0735554695129395,-2.200000047683716,-0.4152501866010372,0.0,14.138283256662211,0,0
3,49,1.960000000000001,to_table,-7.931210041046143,5.239234447479248,-0.7446550413112264,-0.9661664962768555,0.9763388633728027,0.2199999988079071,-0.35521888732910156,0.2199999988079071,-0.35521888732910156,0,nominal-sac-a-star,4.050938637257711,99.0,99.0,4.1094593429565425,99.0,waiter-1,0,,waiter-1,-3.749540328979492,2.200000047683716,0.4741540696940483,0.0,5.169459093340046,0,0,waiter-2,3.0252275466918945,2.549999952316284,-0.5000081952365765,0.0,11.281644684352246,0,0,customer-1,-5.318884372711182,-2.549999952316284,-0.4489874034419561,0.0,8.215620361993352,0,0,customer-2,4.056945323944092,-2.200000047683716,-0.4152483084219849,0.0,14.10879438255327,0,0
3,50,2.000000000000001,to_table,-7.920884132385254,5.229909420013428,-0.7528217389342307,-0.9668937921524048,0.9732251167297363,0.2199999988079071,-0.36421963572502136,0.2199999988079071,-0.36421963572502136,0,nominal-sac-a-star,4.050835733133022,99.0,99.0,4.110981407165527,99.0,waiter-1,0,,waiter-1,-3.730574131011963,2.200000047683716,0.4741545066633357,0.0,5.17098140705809,0,0,waiter-2,3.0052270889282227,2.549999952316284,-0.5000074638717145,0.0,11.249969829984659,0,0,customer-1,-5.336843967437744,-2.549999952316284,-0.4489868688540799,0.0,8.197820040457442,0,0,customer-2,4.040335655212402,-2.200000047683716,-0.41525119861451465,0.0,14.080991921927708,0,0
3,51,2.040000000000001,to_table,-7.909271717071533,5.220892429351807,-0.760314826888806,-0.8810191750526428,0.9097373485565186,0.2199999988079071,-0.3778228461742401,0.2199999988079071,-0.3778228461742401,0,nominal-sac-a-star,4.052385172385236,99.0,99.0,4.111669960021972,99.0,waiter-1,0,,waiter-1,-3.7116079330444336,2.200000047683716,0.4741549436326231,0.0,5.171670138877094,0,0,waiter-2,2.985227108001709,2.549999952316284,-0.5000115008784345,0.0,11.217119562231973,0,0,customer-1,-5.354803562164307,-2.549999952316284,-0.4489863342662037,0.0,8.179980193246331,0,0,customer-2,4.023725509643555,-2.200000047683716,-0.4152493204354535,0.0,14.052262023194428,0,0
3,52,2.080000000000001,to_table,-7.897824764251709,5.212154388427734,-0.7676111288319422,-0.9641913175582886,0.9729591608047485,0.2199999988079071,-0.3820399343967438,0.2199999988079071,-0.3820399343967438,0,nominal-sac-a-star,4.053098785968286,99.0,99.0,4.112681808471679,99.0,waiter-1,0,,waiter-1,-3.6926417350769043,2.200000047683716,0.47415538060191054,0.0,5.172681904130856,0,0,waiter-2,2.965226650238037,2.549999952316284,-0.5000107695135725,0.0,11.184496067125936,0,0,customer-1,-5.372763156890869,-2.549999952316284,-0.4489857996783275,0.0,8.16253490837858,0,0,customer-2,4.007115364074707,-2.200000047683716,-0.4152474422564012,0.0,14.023823759724138,0,0
3,53,2.120000000000001,to_table,-7.8881354331970215,5.203567028045654,-0.7750921899467205,-0.9647917151451111,0.9722158908843994,0.2199999988079071,-0.3954096734523773,0.2199999988079071,-0.3954096734523773,0,nominal-sac-a-star,4.054135070476099,99.0,99.0,4.115238132476806,99.0,waiter-1,0,,waiter-1,-3.673675537109375,2.200000047683716,0.47415581757119796,0.0,5.175237851659731,0,0,waiter-2,2.9452261924743652,2.549999952316284,-0.5000100381487105,0.0,11.153615662105464,0,0,customer-1,-5.390722751617432,-2.549999952316284,-0.44898526509045134,0.0,8.145849926255302,0,0,customer-2,3.9905056953430176,-2.200000047683716,-0.41525033244893095,0.0,13.996961116809137,0,0
3,54,2.160000000000001,to_table,-7.877962589263916,5.194028854370117,-0.7851864597858403,-0.8712670207023621,0.7595689296722412,0.2199999988079071,-0.4302939772605896,0.2199999988079071,-0.4302939772605896,0,nominal-sac-a-star,4.056717352145447,99.0,99.0,4.116878929138183,99.0,waiter-1,0,,waiter-1,-3.6547093391418457,2.200000047683716,0.4741562545404854,0.0,5.176879031804261,0,0,waiter-2,2.9252257347106934,2.549999952316284,-0.5000093067838485,0.0,11.122039686952988,0,0,customer-1,-5.408681869506836,-2.549999952316284,-0.4489894988741572,0.0,8.128181188418036,0,0,customer-2,3.97389554977417,-2.200000047683716,-0.41524845426987866,0.0,13.969187691211351,0,0
3,55,2.200000000000001,to_table,-7.868804931640625,5.183971405029297,-0.7971323319519054,-0.9560657143592834,0.9296181201934814,0.2199999988079071,-0.4176061451435089,0.2199999988079071,-0.4176061451435089,0,nominal-sac-a-star,4.058385802143437,99.0,99.0,4.119082870483398,99.0,waiter-1,0,,waiter-1,-3.6357431411743164,2.200000047683716,0.4741566915097728,0.0,5.179082658479652,0,0,waiter-2,2.9052252769470215,2.549999952316284,-0.5000085754189865,0.0,11.091326906608886,0,0,customer-1,-5.426641464233398,-2.549999952316284,-0.448988964286281,0.0,8.110393045825852,0,0,customer-2,3.9572854042053223,-2.200000047683716,-0.4152465760908264,0.0,13.942002978269285,0,0
3,56,2.240000000000001,to_table,-7.8594818115234375,5.174478530883789,-0.8098422441293376,-0.9570977091789246,0.9155271053314209,0.2199999988079071,-0.42222562432289124,0.2199999988079071,-0.42222562432289124,0,nominal-sac-a-star,4.060618708556408,99.0,99.0,4.121512355804443,99.0,waiter-1,0,,waiter-1,-3.616776943206787,2.200000047683716,0.4741571284790602,0.0,5.181512023208864,0,0,waiter-2,2.8852248191833496,2.549999952316284,-0.5000078440541245,0.0,11.060588067065607,0,0,customer-1,-5.444601058959961,-2.549999952316284,-0.4489884296984048,0.0,8.093158647062495,0,0,customer-2,3.940675735473633,-2.200000047683716,-0.41524946628335613,0.0,13.914979426492263,0,0
3,57,2.280000000000001,to_table,-7.851205348968506,5.164437294006348,-0.8230176211832286,-0.8407444953918457,0.9463317394256592,0.20000000298023224,-0.5445521473884583,0.20000000298023224,-0.5445521473884583,0,nominal-sac-a-star,4.063076049239825,99.0,99.0,4.124520721435546,99.0,waiter-1,0,,waiter-1,-3.597810745239258,2.200000047683716,0.47415756544834764,0.0,5.184520599092841,0,0,waiter-2,2.865224838256836,2.549999952316284,-0.5000118810608445,0.0,11.030736991302891,0,0,customer-1,-5.462560653686523,-2.549999952316284,-0.4489878951105286,0.0,8.075776464696672,0,0,customer-2,3.924065589904785,-2.200000047683716,-0.41524758810430384,0.0,13.888554389984325,0,0
3,58,2.320000000000001,to_table,-7.84169340133667,5.154200553894043,-0.8372725946728067,-0.9565474987030029,0.9112396240234375,0.20000000298023224,-0.5475822687149048,0.20000000298023224,-0.5475822687149048,0,nominal-sac-a-star,4.066114658257735,99.0,99.0,4.126441898345947,99.0,waiter-1,0,,waiter-1,-3.5788445472717285,2.200000047683716,0.47415800241763506,0.0,5.186442035104233,0,0,waiter-2,2.845224380493164,2.549999952316284,-0.5000111496959825,0.0,10.999639650863507,0,0,customer-1,-5.480520248413086,-2.549999952316284,-0.4489873605226524,0.0,8.057905689320181,0,0,customer-2,3.9074559211730957,-2.200000047683716,-0.4152504782968336,0.0,13.860980351002535,0,0
3,59,2.360000000000001,to_table,-7.831341743469238,5.14379358291626,-0.8536744139701181,-0.9575419425964355,0.900557279586792,0.20000000298023224,-0.5502184629440308,0.20000000298023224,-0.5502184629440308,0,nominal-sac-a-star,4.068064848577634,99.0,99.0,4.127612533569335,99.0,waiter-1,0,,waiter-1,-3.559877872467041,2.200000047683716,0.47415367101534045,0.0,5.1876125510059055,0,0,waiter-2,2.825223922729492,2.549999952316284,-0.5000104183311205,0.0,10.967686957428471,0,0,customer-1,-5.498479843139648,-2.549999952316284,-0.44898682593477623,0.0,8.039695492292942,0,0,customer-2,3.890845775604248,-2.200000047683716,-0.4152486001177813,0.0,13.832605868785642,0,0
3,60,2.4000000000000012,to_table,-7.8209967613220215,5.132991790771484,-0.871181848206777,-0.9574071168899536,0.8853168487548828,0.20000000298023224,-0.5539251565933228,0.20000000298023224,-0.5539251565933228,0,nominal-sac-a-star,4.069262900780096,99.0,99.0,4.128600063323974,99.0,waiter-1,0,,waiter-1,-3.5409116744995117,2.200000047683716,0.47415410798462787,0.0,5.188599899342932,0,0,waiter-2,2.8052234649658203,2.549999952316284,-0.5000096869662585,0.0,10.935648272283405,0,0,customer-1,-5.516439437866211,-2.549999952316284,-0.44898629134690005,0.0,8.021181121346697,0,0,customer-2,3.8742356300354004,-2.200000047683716,-0.415246721938729,0.0,13.804029483839363,0,0
3,61,2.4400000000000013,to_table,-7.811596870422363,5.124207973480225,-0.8905307633279739,-0.9329851269721985,0.8535091876983643,0.10000000149011612,-0.5592772364616394,0.10000000149011612,-0.5592772364616394,0,nominal-sac-a-star,4.070278738936775,99.0,99.0,4.131541671752929,99.0,waiter-1,0,,waiter-1,-3.5219454765319824,2.200000047683716,0.4741545449539153,0.0,5.191541300461435,0,0,waiter-2,2.7852230072021484,2.549999952316284,-0.5000089556013965,0.0,10.905005201972292,0,0,customer-1,-5.534399032592773,-2.549999952316284,-0.44898575675902386,0.0,8.004942053567515,0,0,customer-2,3.857625961303711,-2.200000047683716,-0.41524961213125877,0.0,13.777328646503259,0,0
3,62,2.4800000000000013,to_table,-7.804893493652344,5.117559909820557,-0.908362248128447,-0.9522913694381714,0.9016690254211426,0.10000000149011612,-0.5522367358207703,0.10000000149011612,-0.5522367358207703,0,nominal-sac-a-star,4.073246175538551,99.0,99.0,4.1379441642761225,99.0,waiter-1,0,,waiter-1,-3.502979278564453,2.200000047683716,0.4741549819232027,0.0,5.19794396498531,0,0,waiter-2,2.7652225494384766,2.549999952316284,-0.5000082242365345,0.0,10.877486717977884,0,0,customer-1,-5.552358627319336,-2.549999952316284,-0.44898522217114767,0.0,7.991582294107832,0,0,customer-2,3.8410158157348633,-2.200000047683716,-0.4152477339522065,0.0,13.75404985355737,0,0
3,63,2.5200000000000014,to_table,-7.7964582443237305,5.112430095672607,-0.9270612814534448,-0.9752876162528992,0.9959551095962524,0.10000000149011612,-0.5355658531188965,0.10000000149011612,-0.5355658531188965,0,nominal-sac-a-star,4.079674227073647,99.0,99.0,4.143790187835693,99.0,waiter-1,0,,waiter-1,-3.484013080596924,2.200000047683716,0.47415541889249013,0.0,5.203790164349376,0,0,waiter-2,2.7452220916748047,2.549999952316284,-0.5000074928716725,0.0,10.848643811369202,0,0,customer-1,-5.57031774520874,-2.549999952316284,-0.4489894559548535,0.0,7.979256592071907,0,0,customer-2,3.824406147003174,-2.200000047683716,-0.41525062414473624,0.0,13.730117399464428,0,0
3,64,2.5600000000000014,to_table,-7.788633823394775,5.108463764190674,-0.9486857858575483,-0.9243831038475037,0.9308178424835205,0.10000000149011612,-0.5431872606277466,0.10000000149011612,-0.5431872606277466,0,nominal-sac-a-star,4.085541135469126,99.0,99.0,4.150812091827392,99.0,waiter-1,0,,waiter-1,-3.4650468826293945,2.200000047683716,0.47415585586177755,0.0,5.210812338263048,0,0,waiter-2,2.725222110748291,2.549999952316284,-0.5000115298783925,0.0,10.820670204778732,0,0,customer-1,-5.588277339935303,-2.549999952316284,-0.4489889213669773,0.0,7.968289349123544,0,0,customer-2,3.807796001434326,-2.200000047683716,-0.41524874596568395,0.0,13.707327528430312,0,0
3,65,2.6000000000000014,to_table,-7.781692981719971,5.105457305908203,-0.9667117857386468,-0.9254419207572937,0.9174342155456543,0.10000000149011612,-0.5401672124862671,0.10000000149011612,-0.5401672124862671,0,nominal-sac-a-star,4.092582645240866,99.0,99.0,4.159120025634765,99.0,waiter-1,0,,waiter-1,-3.4460806846618652,2.200000047683716,0.474156292831065,0.0,5.219120219900172,0,0,waiter-2,2.705221652984619,2.549999952316284,-0.5000107985135305,0.0,10.793782508537419,0,0,customer-1,-5.606236934661865,-2.549999952316284,-0.44898838677910113,0.0,7.958557334415809,0,0,customer-2,3.7911858558654785,-2.200000047683716,-0.41524686778663167,0.0,13.685804022218914,0,0
3,66,2.6400000000000015,to_table,-7.777388572692871,5.102743148803711,-0.9842494935817819,-0.9261114597320557,0.9173884391784668,0.10000000149011612,-0.5380404591560364,0.10000000149011612,-0.5380404591560364,0,nominal-sac-a-star,4.100909139801975,99.0,99.0,4.1697997474670405,99.0,waiter-1,0,,waiter-1,-3.427114486694336,2.200000047683716,0.4741567298003524,0.0,5.229799435390436,0,0,waiter-2,2.6852211952209473,2.549999952316284,-0.5000100671486685,0.0,10.769526497616248,0,0,customer-1,-5.624196529388428,-2.549999952316284,-0.44898785219122495,0.0,7.94988760594068,0,0,customer-2,3.774576187133789,-2.200000047683716,-0.4152497579791614,0.0,13.666672894531443,0,0
3,67,2.6800000000000015,to_table,-7.772151470184326,5.09925651550293,-1.001588600857074,-0.9259728193283081,0.9082543849945068,0.10000000149011612,-0.529981791973114,0.10000000149011612,-0.529981791973114,0,nominal-sac-a-star,4.111609306116931,99.0,99.0,4.179295005798339,99.0,waiter-1,0,,waiter-1,-3.4081482887268066,2.200000047683716,0.4741571667696398,0.0,5.239294974895277,0,0,waiter-2,2.6652207374572754,2.549999952316284,-0.5000093357838065,0.0,10.744182036144004,0,0,customer-1,-5.64215612411499,-2.549999952316284,-0.44898731760334876,0.0,7.940277368250501,0,0,customer-2,3.7579660415649414,-2.200000047683716,-0.41524787980010913,0.0,13.6463458922149,0,0
3,68,2.7200000000000015,to_table,-7.76668643951416,5.094720363616943,-1.020231502738943,-0.9237100481987,0.900871992111206,0.10000000149011612,-0.5248757600784302,0.10000000149011612,-0.5248757600784302,0,nominal-sac-a-star,4.12112590592095,99.0,99.0,4.188042583465576,99.0,waiter-1,0,,waiter-1,-3.3891820907592773,2.200000047683716,0.47415760373892724,0.0,5.248042495144687,0,0,waiter-2,2.6452202796936035,2.549999952316284,-0.5000086044189445,0.0,10.718367576323084,0,0,customer-1,-5.660115718841553,-2.549999952316284,-0.44898678301547257,0.0,7.929652508782294,0,0,customer-2,3.741356372833252,-2.200000047683716,-0.4152507699926389,0.0,13.625270465200586,0,0
3,69,2.7600000000000016,to_table,-7.762340545654297,5.090272903442383,-1.039492727005333,-0.8080577254295349,0.9955059289932251,0.10000000149011612,-0.5067844986915588,0.10000000149011612,-0.5067844986915588,0,nominal-sac-a-star,4.129895838793174,99.0,99.0,4.197797718048095,99.0,waiter-1,0,,waiter-1,-3.370215892791748,2.200000047683716,0.47415804070821466,0.0,5.257797651775725,0,0,waiter-2,2.6252198219299316,2.549999952316284,-0.5000078730540825,0.0,10.69366153646306,0,0,customer-1,-5.678075313568115,-2.549999952316284,-0.4489862484275964,0.0,7.9194653145351905,0,0,customer-2,3.7247462272644043,-2.200000047683716,-0.4152488918135866,0.0,13.60519173810074,0,0
3,70,2.8000000000000016,to_table,-7.757885456085205,5.085594177246094,-1.056006898758022,-0.9968962073326111,0.8023262023925781,0.10000000149011612,-0.5193436741828918,0.10000000149011612,-0.5193436741828918,0,nominal-sac-a-star,4.139674329697786,99.0,99.0,4.207361640930175,99.0,waiter-1,0,,waiter-1,-3.3512492179870605,2.200000047683716,0.47415370930592005,0.0,5.267361428218556,0,0,waiter-2,2.605219841003418,2.549999952316284,-0.5000119100608025,0.0,10.66879512747544,0,0,customer-1,-5.696034908294678,-2.549999952316284,-0.4489857138397202,0.0,7.909078669025334,0,0,customer-2,3.7081360816955566,-2.200000047683716,-0.4152470136345343,0.0,13.584900924010558,0,0
3,71,2.8400000000000016,to_table,-7.756458282470703,5.080833911895752,-1.071792297294743,-0.9240524768829346,0.9437177181243896,0.10000000149011612,-0.49578338861465454,0.10000000149011612,-0.49578338861465454,0,nominal-sac-a-star,4.149261139798643,99.0,99.0,4.219444217681884,99.0,waiter-1,0,,waiter-1,-3.3322830200195312,2.200000047683716,0.47415414627520747,0.0,5.279444147453002,0,0,waiter-2,2.585219383239746,2.549999952316284,-0.5000111786959405,0.0,10.646850119749738,0,0,customer-1,-5.71399450302124,-2.549999952316284,-0.448985179251844,0.0,7.899448319570689,0,0,customer-2,3.691526412963867,-2.200000047683716,-0.41524990382706406,0.0,13.567125588490356,0,0
3,72,2.8800000000000017,to_table,-7.754797458648682,5.075778961181641,-1.0906434594619097,-0.972493588924408,0.7920663356781006,0.10000000149011612,-0.49883443117141724,0.10000000149011612,-0.49883443117141724,0,nominal-sac-a-star,4.161370486549044,99.0,99.0,4.231205406188964,99.0,waiter-1,0,,waiter-1,-3.313316822052002,2.200000047683716,0.4741545832444949,0.0,5.291205401851506,0,0,waiter-2,2.565218925476074,2.549999952316284,-0.5000104473310785,0.0,10.624608123136978,0,0,customer-1,-5.7319536209106445,-2.549999952316284,-0.44898941303554984,0.0,7.889512103382841,0,0,customer-2,3.6749162673950195,-2.200000047683716,-0.4152480256480118,0.0,13.548996864903229,0,0
3,73,2.9200000000000017,to_table,-7.752451419830322,5.070494174957275,-1.1124849124976952,-0.7611123323440552,0.12334835529327393,0.10000000149011612,-0.5610188245773315,0.10000000149011612,-0.5610188245773315,0,nominal-sac-a-star,4.173158377311222,99.0,99.0,4.242301406860351,99.0,waiter-1,0,,waiter-1,-3.2943506240844727,2.200000047683716,0.4741550202137823,0.0,5.302301315442359,0,0,waiter-2,2.5452184677124023,2.549999952316284,-0.5000097159662165,0.0,10.601645921231798,0,0,customer-1,-5.749913215637207,-2.549999952316284,-0.44898887844767366,0.0,7.879218870107861,0,0,customer-2,3.65830659866333,-2.200000047683716,-0.4152509158405415,0.0,13.53016942976226,0,0
3,74,2.9600000000000017,to_table,-7.74900484085083,5.064239025115967,-1.1293608185590986,-0.7346262335777283,0.7876887321472168,0.10000000149011612,-0.4643145799636841,0.10000000149011612,-0.4643145799636841,0,nominal-sac-a-star,4.18428036226305,99.0,99.0,4.2519812011718745,99.0,waiter-1,0,,waiter-1,-3.2753844261169434,2.200000047683716,0.47415545718306973,0.0,5.31198122502009,0,0,waiter-2,2.5252180099487305,2.549999952316284,-0.5000089846013545,0.0,10.577384048198518,0,0,customer-1,-5.7678728103637695,-2.549999952316284,-0.44898834385979747,0.0,7.867751859818045,0,0,customer-2,3.6416964530944824,-2.200000047683716,-0.41524903766148924,0.0,13.50989434728033,0,0
3,75,3.0000000000000018,to_table,-7.746464729309082,5.057574272155762,-1.144231264726041,-0.7141801714897156,0.7651124000549316,0.10000000149011612,-0.45441922545433044,0.10000000149011612,-0.45441922545433044,0,nominal-sac-a-star,4.193986564743348,99.0,99.0,4.262240829467773,99.0,waiter-1,0,,waiter-1,-3.256418228149414,2.200000047683716,0.47415589415235715,0.0,5.322240884340278,0,0,waiter-2,2.5052175521850586,2.549999952316284,-0.5000082532364925,0.0,10.55390537053556,0,0,customer-1,-5.785832405090332,-2.549999952316284,-0.4489878092719213,0.0,7.856160938500615,0,0,customer-2,3.6250863075256348,-2.200000047683716,-0.41524715948243696,0.0,13.490165232173036,0,0
3,76,3.040000000000002,to_table,-7.744440078735352,5.051987648010254,-1.157562292001574,-0.7231656312942505,0.7516148090362549,0.10000000149011612,-0.44391515851020813,0.10000000149011612,-0.44391515851020813,0,nominal-sac-a-star,4.204273903696544,99.0,99.0,4.273551883697509,99.0,waiter-1,0,,waiter-1,-3.2374520301818848,2.200000047683716,0.47415633112164457,0.0,5.333551775526334,0,0,waiter-2,2.4852170944213867,2.549999952316284,-0.5000075218716304,0.0,10.531183613902149,0,0,customer-1,-5.8037919998168945,-2.549999952316284,-0.4489872746840451,0.0,7.845784246442693,0,0,customer-2,3.6084766387939453,-2.200000047683716,-0.4152500496749667,0.0,13.471452911013456,0,0
3,77,3.080000000000002,to_table,-7.741955280303955,5.046252727508545,-1.171113035288968,-0.7332621216773987,0.7390737533569336,0.10000000149011612,-0.43406033515930176,0.10000000149011612,-0.43406033515930176,0,nominal-sac-a-star,4.215611044384758,99.0,99.0,4.284429969787597,99.0,waiter-1,0,,waiter-1,-3.2184858322143555,2.200000047683716,0.474156768090932,0.0,5.34442982601606,0,0,waiter-2,2.465217113494873,2.549999952316284,-0.5000115588783505,0.0,10.507980119622609,0,0,customer-1,-5.821751594543457,-2.549999952316284,-0.4489867400961689,0.0,7.835192210185664,0,0,customer-2,3.5918664932250977,-2.200000047683716,-0.4152481714959144,0.0,13.45227472497134,0,0
3,78,3.120000000000002,to_table,-7.7406744956970215,5.039076805114746,-1.1835545448448244,-0.7367361187934875,0.7224767208099365,0.2199999988079071,-0.4256827235221863,0.2199999988079071,-0.4256827235221863,0,nominal-sac-a-star,4.226514902687081,99.0,99.0,4.295599403381347,99.0,waiter-1,0,,waiter-1,-3.199519634246826,2.200000047683716,0.4741572050602194,0.0,5.3555993418344725,0,0,waiter-2,2.445216655731201,2.549999952316284,-0.5000108275134885,0.0,10.48560356526418,0,0,customer-1,-5.8397111892700195,-2.549999952316284,-0.4489862055082927,0.0,7.823538043785673,0,0,customer-2,3.575256824493408,-2.200000047683716,-0.41525106168844417,0.0,13.433336715946236,0,0
3,79,3.160000000000002,to_table,-7.737172603607178,5.0284929275512695,-1.1965053548749482,-0.7386406064033508,0.6797218322753906,0.2199999988079071,-0.4190036654472351,0.2199999988079071,-0.4190036654472351,0,nominal-sac-a-star,4.237713500129541,99.0,99.0,4.3031286621093745,99.0,waiter-1,0,,waiter-1,-3.180553436279297,2.200000047683716,0.47415764202950683,0.0,5.363128770365417,0,0,waiter-2,2.4252161979675293,2.549999952316284,-0.5000100961486265,0.0,10.460261640258343,0,0,customer-1,-5.857670783996582,-2.549999952316284,-0.4489856709204165,0.0,7.8080779594035015,0,0,customer-2,3.5586466789245605,-2.200000047683716,-0.4152491835093919,0.0,13.410691404869377,0,0
3,80,3.200000000000002,to_table,-7.734586238861084,5.017758369445801,-1.21168277643883,-0.760710597038269,0.5976288318634033,0.2199999988079071,-0.42243045568466187,0.2199999988079071,-0.42243045568466187,0,nominal-sac-a-star,4.245274966998894,99.0,99.0,4.311413230895996,99.0,waiter-1,0,,waiter-1,-3.1615872383117676,2.200000047683716,0.47415807899879425,0.0,5.371413391174108,0,0,waiter-2,2.4052157402038574,2.549999952316284,-0.5000093647837645,0.0,10.435775763208161,0,0,customer-1,-5.8756303787231445,-2.549999952316284,-0.44898513633254034,0.0,7.792732698260635,0,0,customer-2,3.542036533355713,-2.200000047683716,-0.4152473053303396,0.0,13.38873622545916,0,0
3,81,3.240000000000002,to_table,-7.73070764541626,5.006722450256348,-1.2257465656718118,-0.7738652229309082,0.5400738716125488,0.2199999988079071,-0.4182017147541046,0.2199999988079071,-0.4182017147541046,0,nominal-sac-a-star,4.253592495110391,99.0,99.0,4.318497600555419,99.0,waiter-1,0,,waiter-1,-3.14262056350708,2.200000047683716,0.47415374759649964,0.0,5.378497347427531,0,0,waiter-2,2.3852152824401855,2.549999952316284,-0.5000086334189024,0.0,10.409965519357717,0,0,customer-1,-5.893589496612549,-2.549999952316284,-0.4489893701162462,0.0,7.776828181347911,0,0,customer-2,3.5254268646240234,-2.200000047683716,-0.41525019552286935,0.0,13.365530788952427,0,0
3,82,3.280000000000002,to_table,-7.727020263671875,4.995367050170898,-1.238937845076256,-0.789137065410614,0.5089583396911621,0.2199999988079071,-0.4160361588001251,0.2199999988079071,-0.4160361588001251,0,nominal-sac-a-star,4.260707912105222,99.0,99.0,4.325633945465087,99.0,waiter-1,0,,waiter-1,-3.123654365539551,2.200000047683716,0.47415418456578706,0.0,5.385634063941014,0,0,waiter-2,2.3652148246765137,2.549999952316284,-0.5000079020540404,0.0,10.384268357557037,0,0,customer-1,-5.911549091339111,-2.549999952316284,-0.44898883552837,0.0,7.760702209194327,0,0,customer-2,3.508816719055176,-2.200000047683716,-0.41524831734381706,0.0,13.342313906339696,0,0
3,83,3.320000000000002,to_table,-7.723621845245361,4.984295845031738,-1.2529227780083245,-0.6925488114356995,0.3765544891357422,0.2199999988079071,-0.4271746873855591,0.2199999988079071,-0.4271746873855591,0,nominal-sac-a-star,4.26787692351192,99.0,99.0,4.33322280883789,99.0,waiter-1,0,,waiter-1,-3.1046881675720215,2.200000047683716,0.4741546215350745,0.0,5.393222729117983,0,0,waiter-2,2.34521484375,2.549999952316284,-0.5000119390607605,0.0,10.358922181527884,0,0,customer-1,-5.929508686065674,-2.549999952316284,-0.4489883009404938,0.0,7.744963214236578,0,0,customer-2,3.4922070503234863,-2.200000047683716,-0.4152512075363468,0.0,13.319494182917206,0,0
3,84,3.360000000000002,to_table,-7.719989776611328,4.972386360168457,-1.2660829839656282,-0.7807555794715881,0.4980734586715698,0.2199999988079071,-0.40658852458000183,0.2199999988079071,-0.40658852458000183,0,nominal-sac-a-star,4.275497453697859,99.0,99.0,4.340237560272216,99.0,waiter-1,0,,waiter-1,-3.085721969604492,2.200000047683716,0.4741550585043619,0.0,5.400237399662416,0,0,waiter-2,2.325214385986328,2.549999952316284,-0.5000112076958985,0.0,10.333154531759225,0,0,customer-1,-5.947468280792236,-2.549999952316284,-0.4489877663526176,0.0,7.728397523898375,0,0,customer-2,3.4755969047546387,-2.200000047683716,-0.4152493293572945,0.0,13.296025267858122,0,0
3,85,3.400000000000002,to_table,-7.716784477233887,4.959719181060791,-1.2807619984650715,-0.7873692512512207,0.47792255878448486,0.2199999988079071,-0.4054419696331024,0.2199999988079071,-0.4054419696331024,0,nominal-sac-a-star,4.282544807517766,99.0,99.0,4.34729284286499,99.0,waiter-1,0,,waiter-1,-3.066755771636963,2.200000047683716,0.4741554954736493,0.0,5.407292914019262,0,0,waiter-2,2.3052139282226562,2.549999952316284,-0.5000104763310365,0.0,10.307628185007184,0,0,customer-1,-5.965427875518799,-2.549999952316284,-0.4489872317647414,0.0,7.711234104122423,0,0,customer-2,3.458986759185791,-2.200000047683716,-0.41524745117824224,0.0,13.272507003699008,0,0
3,86,3.440000000000002,to_table,-7.712530612945557,4.9470086097717285,-1.2942948269275334,-0.7978140711784363,0.4442121982574463,0.2199999988079071,-0.40367594361305237,0.2199999988079071,-0.40367594361305237,0,nominal-sac-a-star,4.289634290173477,99.0,99.0,4.353489341735839,99.0,waiter-1,0,,waiter-1,-3.0477895736694336,2.200000047683716,0.47415593244293675,0.0,5.413489170922182,0,0,waiter-2,2.2852134704589844,2.549999952316284,-0.5000097449661745,0.0,10.281076658656275,0,0,customer-1,-5.983387470245361,-2.549999952316284,-0.44898669717686523,0.0,7.6938334650529105,0,0,customer-2,3.4423770904541016,-2.200000047683716,-0.415250341370772,0.0,13.248082828134345,0,0
3,87,3.480000000000002,to_table,-7.709467887878418,4.935081958770752,-1.3072801208197038,-0.9983404278755188,0.7748633623123169,0.2199999988079071,-0.36359816789627075,0.2199999988079071,-0.36359816789627075,0,nominal-sac-a-star,4.295863352307925,99.0,99.0,4.361172142028808,99.0,waiter-1,0,,waiter-1,-3.0288233757019043,2.200000047683716,0.47415636941222417,0.0,5.421172023624009,0,0,waiter-2,2.2652130126953125,2.549999952316284,-0.5000090136013124,0.0,10.25587028222292,0,0,customer-1,-6.001347064971924,-2.549999952316284,-0.44898616258898905,0.0,7.6775079264908035,0,0,customer-2,3.425766944885254,-2.200000047683716,-0.4152484631917197,0.0,13.225084121457364,0,0
3,88,3.5200000000000022,to_table,-7.707102298736572,4.923187732696533,-1.3175099510108694,-0.8543000817298889,0.8767443895339966,0.2199999988079071,-0.34864214062690735,0.2199999988079071,-0.34864214062690735,0,nominal-sac-a-star,4.3035786108500815,99.0,99.0,4.369535865783691,99.0,waiter-1,0,,waiter-1,-3.009857177734375,2.200000047683716,0.4741568063815116,0.0,5.429536158327378,0,0,waiter-2,2.2452125549316406,2.549999952316284,-0.5000082822364504,0.0,10.231353340955978,0,0,customer-1,-6.019306659698486,-2.549999952316284,-0.44898562800111286,0.0,7.661409028017184,0,0,customer-2,3.4091567993164062,-2.200000047683716,-0.4152465850126674,0.0,13.20268989598726,0,0
3,89,3.5600000000000023,to_table,-7.705131530761719,4.911677837371826,-1.32700569329979,-0.8450309634208679,0.8819186687469482,0.2199999988079071,-0.30700844526290894,0.2199999988079071,-0.30700844526290894,0,nominal-sac-a-star,4.311975434238268,99.0,99.0,4.378498020172119,99.0,waiter-1,0,,waiter-1,-2.9908909797668457,2.200000047683716,0.474157243350799,0.0,5.438497991884546,0,0,waiter-2,2.2252120971679688,2.549999952316284,-0.5000075508715884,0.0,10.20731340762711,0,0,customer-1,-6.037266254425049,-2.549999952316284,-0.44898509341323667,0.0,7.645809964754188,0,0,customer-2,3.392547130584717,-2.200000047683716,-0.41524947520519717,0.0,13.1808358616323,0,0
3,90,3.6000000000000023,to_table,-7.702198505401611,4.898904323577881,-1.33683061794511,-0.8416388034820557,0.8910208940505981,0.2199999988079071,-0.30118468403816223,0.2199999988079071,-0.30118468403816223,0,nominal-sac-a-star,4.320969426714141,99.0,99.0,4.38606065750122,99.0,waiter-1,0,,waiter-1,-2.9719247817993164,2.200000047683716,0.4741576803200864,0.0,5.446060391754955,0,0,waiter-2,2.205212116241455,2.549999952316284,-0.5000115878783085,0.0,10.182049743110554,0,0,customer-1,-6.055225372314453,-2.549999952316284,-0.4489893271969425,0.0,7.6288069455548095,0,0,customer-2,3.375936985015869,-2.200000047683716,-0.4152475970261449,0.0,13.157489472401807,0,0
3,91,3.6400000000000023,to_table,-7.699329853057861,4.886362552642822,-1.3460306747717923,-0.8407768607139587,0.8916889429092407,0.2199999988079071,-0.2989254295825958,0.2199999988079071,-0.2989254295825958,0,nominal-sac-a-star,4.328564761230227,99.0,99.0,4.393859329223632,99.0,waiter-1,0,,waiter-1,-2.952958583831787,2.200000047683716,0.47415811728937385,0.0,5.453859526370742,0,0,waiter-2,2.185211658477783,2.549999952316284,-0.5000108565134465,0.0,10.156906571071525,0,0,customer-1,-6.073184967041016,-2.549999952316284,-0.4489887926090663,0.0,7.612084766703561,0,0,customer-2,3.3593273162841797,-2.200000047683716,-0.41525048721867464,0.0,13.134322719209651,0,0
3,92,3.6800000000000024,to_table,-7.696703910827637,4.873713970184326,-1.3550735061988286,-0.8408768773078918,0.8920086622238159,0.2199999988079071,-0.297760933637619,0.2199999988079071,-0.297760933637619,0,nominal-sac-a-star,4.3363962479952205,99.0,99.0,4.4018835449218745,99.0,waiter-1,0,,waiter-1,-2.9339919090270996,2.200000047683716,0.47415378588707924,0.0,5.461883535143209,0,0,waiter-2,2.1652112007141113,2.549999952316284,-0.5000101251485845,0.0,10.131979890628086,0,0,customer-1,-6.091144561767578,-2.549999952316284,-0.44898825802119013,0.0,7.595350500568329,0,0,customer-2,3.342717170715332,-2.200000047683716,-0.41524860903962235,0.0,13.111302293143812,0,0
3,93,3.7200000000000024,to_table,-7.693942070007324,4.860955715179443,-1.364210030886176,-0.8413919806480408,0.8907366991043091,0.2199999988079071,-0.29691022634506226,0.2199999988079071,-0.29691022634506226,0,nominal-sac-a-star,4.344452263413847,99.0,99.0,4.409801425933837,99.0,waiter-1,0,,waiter-1,-2.9150257110595703,2.200000047683716,0.47415422285636666,0.0,5.4698013337045515,0,0,waiter-2,2.1452107429504395,2.549999952316284,-0.5000093937837224,0.0,10.106900841239371,0,0,customer-1,-6.109104156494141,-2.549999952316284,-0.44898772343331395,0.0,7.5785206417674855,0,0,customer-2,3.3261070251464844,-2.200000047683716,-0.41524673086057007,0.0,13.088108279835964,0,0
3,94,3.7600000000000025,to_table,-7.691184997558594,4.848147869110107,-1.3747780395216236,-0.14093506336212158,0.015266776084899902,0.2199999988079071,-0.40177667140960693,0.2199999988079071,-0.40177667140960693,0,nominal-sac-a-star,4.352402238734562,99.0,99.0,4.417765560150146,99.0,waiter-1,0,,waiter-1,-2.896059513092041,2.200000047683716,0.4741546598256541,0.0,5.477765538602938,0,0,waiter-2,2.1252102851867676,2.549999952316284,-0.5000086624188604,0.0,10.081820281802745,0,0,customer-1,-6.127063751220703,-2.549999952316284,-0.44898718884543776,0.0,7.561684102164125,0,0,customer-2,3.309497356414795,-2.200000047683716,-0.4152496210530998,0.0,13.0648919364083,0,0
3,95,3.8000000000000025,to_table,-7.690113544464111,4.8233642578125,-1.384754672357833,0.8310388326644897,-0.5852414965629578,0.8199999928474426,-0.47249260544776917,0.8199999928474426,-0.47249260544776917,0,nominal-sac-a-star,4.097070852168725,99.0,99.0,3.9695351219177244,99.0,customer-1,0,,waiter-1,-2.8770933151245117,2.200000047683716,0.4741550967949415,0.0,5.481532952287784,0,0,waiter-2,2.1052098274230957,2.549999952316284,-0.5000079310539984,0.0,10.055672291067568,0,0,customer-1,-6.145023345947266,-2.549999952316284,-0.44898665425756157,0.0,7.5335120293765305,0,0,customer-2,3.2928872108459473,-2.200000047683716,-0.41524774287404753,0.0,13.036638821370317,0,0
3,96,3.8400000000000025,to_table,-7.686159133911133,4.790846347808838,-1.3964080519901916,-0.24549907445907593,0.874722957611084,0.7799999713897705,-0.29735901951789856,0.7799999713897705,-0.29735901951789856,0,nominal-sac-a-star,4.154815066087725,99.0,99.0,4.051104316711426,99.0,customer-1,0,,waiter-1,-2.8581271171569824,2.200000047683716,0.4741555337642289,0.0,5.479267989948583,0,0,waiter-2,2.085209846496582,2.549999952316284,-0.5000119680607185,0.0,10.025020913667266,0,0,customer-1,-6.162982940673828,-2.549999952316284,-0.4489861196696854,0.0,7.497205487226929,0,0,customer-2,3.276277542114258,-2.200000047683716,-0.4152506330665773,0.0,13.001805690027744,0,0
3,97,3.8800000000000026,to_table,-7.680796146392822,4.750950813293457,-1.4051182809642495,-0.2823359966278076,0.881089448928833,0.7799999713897705,-0.3085891008377075,0.7799999713897705,-0.3085891008377075,0,nominal-sac-a-star,4.177621060430023,99.0,99.0,4.007661590576172,99.0,customer-1,0,,waiter-1,-2.839160919189453,2.200000047683716,0.47415597073351634,0.0,5.47254798808211,0,0,waiter-2,2.06520938873291,2.549999952316284,-0.5000112366958565,0.0,9.99143676270523,0,0,customer-1,-6.180942535400391,-2.549999952316284,-0.4489855850818092,0.0,7.453418204841622,0,0,customer-2,3.25966739654541,-2.200000047683716,-0.415248754887525,0.0,12.961846334765733,0,0
3,98,3.9200000000000026,to_table,-7.67561149597168,4.707895278930664,-1.4138446254173513,-0.30364173650741577,0.8825106620788574,0.7799999713897705,-0.26733827590942383,0.7799999713897705,-0.26733827590942383,0,nominal-sac-a-star,4.192377235945215,99.0,99.0,3.961240539550781,99.0,customer-1,0,,waiter-1,-2.820194721221924,2.200000047683716,0.47415640770280376,0.0,5.46485228962618,0,0,waiter-2,2.0452089309692383,2.549999952316284,-0.5000105053309944,0.0,9.957452586553249,0,0,customer-1,-6.198902130126953,-2.549999952316284,-0.448985050493933,0.0,7.406599337005528,0,0,customer-2,3.2430572509765625,-2.200000047683716,-0.4152468767084727,0.0,12.920384864586856,0,0
3,99,3.9600000000000026,to_table,-7.66906213760376,4.663212776184082,-1.4224409561724005,-0.3559384346008301,0.8639578819274902,0.7799999713897705,-0.28810372948646545,0.7799999713897705,-0.28810372948646545,0,nominal-sac-a-star,4.205526874581087,99.0,99.0,3.9133451080322263,99.0,customer-1,0,,waiter-1,-2.8012285232543945,2.200000047683716,0.4741568446720912,0.0,5.455567893706009,0,0,waiter-2,2.0252084732055664,2.549999952316284,-0.5000097739661324,0.0,9.921922752902319,0,0,customer-1,-6.216861248016357,-2.549999952316284,-0.44898928427763884,0.0,7.357943006732122,0,0,customer-2,3.226447582244873,-2.200000047683716,-0.41524976690100246,0.0,12.87694926296673,0,0
3,100,4.000000000000003,to_table,-7.661886692047119,4.617533206939697,-1.4320324588597952,-0.3992116451263428,0.8588844537734985,0.7799999713897705,-0.31800806522369385,0.7799999713897705,-0.31800806522369385,0,nominal-sac-a-star,4.2157393747960175,99.0,99.0,3.8643739318847654,99.0,customer-1,0,,waiter-1,-2.7822623252868652,2.200000047683716,0.4741572816413786,0.0,5.445658870768772,0,0,waiter-2,2.0052080154418945,2.549999952316284,-0.5000090426012704,0.0,9.885717669574413,0,0,customer-1,-6.23482084274292,-2.549999952316284,-0.44898874968976266,0.0,7.308217876287238,0,0,customer-2,3.2098374366760254,-2.200000047683716,-0.4152478887219502,0.0,12.832503466158002,0,0
3,101,4.040000000000003,to_table,-7.655822277069092,4.571835517883301,-1.441101501425317,-0.4394465684890747,0.8496066331863403,0.7799999713897705,-0.2767678499221802,0.7799999713897705,-0.2767678499221802,0,nominal-sac-a-star,4.224972740680912,99.0,99.0,3.815753707885742,99.0,customer-1,0,,waiter-1,-2.763296127319336,2.200000047683716,0.474157718610666,0.0,5.437133033472885,0,0,waiter-2,1.9852075576782227,2.549999952316284,-0.5000083112364084,0.0,9.850749988131843,0,0,customer-1,-6.252780437469482,-2.549999952316284,-0.44898821510188647,0.0,7.258723501295528,0,0,customer-2,3.193227767944336,-2.200000047683716,-0.4152507789144799,0.0,12.789043897269421,0,0
3,102,4.080000000000003,to_table,-7.6491241455078125,4.525583744049072,-1.4501942881048824,-0.4788714647293091,0.8234097957611084,0.7799999713897705,-0.3036906123161316,0.7799999713897705,-0.3036906123161316,0,nominal-sac-a-star,4.218671278423097,99.0,99.0,3.766740093231201,99.0,customer-1,0,,waiter-1,-2.7443299293518066,2.200000047683716,0.47415815557995344,0.0,5.428199133380956,0,0,waiter-2,1.9652070999145508,2.549999952316284,-0.5000075798715464,0.0,9.815207415784041,0,0,customer-1,-6.270740032196045,-2.549999952316284,-0.4489876805140103,0.0,7.208593996619695,0,0,customer-2,3.1766176223754883,-2.200000047683716,-0.41524890073542764,0.0,12.744809224327835,0,0
3,103,4.120000000000003,to_table,-7.644208908081055,4.479337692260742,-1.4645995166943635,0.9783575534820557,-0.9948906898498535,0.8199999928474426,-0.5546971559524536,0.8199999928474426,-0.5546971559524536,0,nominal-sac-a-star,4.073909957096052,99.0,99.0,3.597419033050537,99.0,customer-1,0,,waiter-1,-2.725363254547119,2.200000047683716,0.47415382417765883,0.0,5.421293449101943,0,0,waiter-2,1.945207118988037,2.549999952316284,-0.5000116168782665,0.0,9.781576757097168,0,0,customer-1,-6.288699626922607,-2.549999952316284,-0.4489871459261341,0.0,7.158840208635362,0,0,customer-2,3.1600074768066406,-2.200000047683716,-0.41524702255637536,0.0,12.702151169613833,0,0
3,104,4.160000000000003,to_table,-7.639345645904541,4.432376861572266,-1.477813092784746,-0.3048884868621826,0.9040743112564087,0.7799999713897705,-0.3574165105819702,0.7799999713897705,-0.3574165105819702,0,nominal-sac-a-star,4.121005408364481,99.0,99.0,3.6675641632080076,99.0,customer-1,0,,waiter-1,-2.70639705657959,2.200000047683716,0.47415426114694625,0.0,5.414562588437797,0,0,waiter-2,1.9252066612243652,2.549999952316284,-0.5000108855134044,0.0,9.748025629034066,0,0,customer-1,-6.30665922164917,-2.549999952316284,-0.4489866113382579,0.0,7.108420294026161,0,0,customer-2,3.143397808074951,-2.200000047683716,-0.4152499127489051,0.0,12.659225089268675,0,0
3,105,4.200000000000003,to_table,-7.635275840759277,4.386143207550049,-1.4883415316878794,-0.7840837836265564,0.9163743257522583,0.7799999713897705,-0.2823975086212158,0.7799999713897705,-0.2823975086212158,0,nominal-sac-a-star,4.071896744617985,99.0,99.0,3.6193440055847166,99.0,customer-1,0,,waiter-1,-2.6874308586120605,2.200000047683716,0.4741546981162337,0.0,5.409287557783349,0,0,waiter-2,1.9052062034606934,2.549999952316284,-0.5000101541485424,0.0,9.715565845066571,0,0,customer-1,-6.324618816375732,-2.549999952316284,-0.4489860767503817,0.0,7.058888281431181,0,0,customer-2,3.1267876625061035,-2.200000047683716,-0.4152480345698528,0.0,12.61742025244376,0,0
3,106,4.240000000000003,to_table,-7.631358623504639,4.33998966217041,-1.498124984663729,-0.6556857824325562,0.7595775127410889,0.7799999713897705,-0.327324777841568,0.7799999713897705,-0.327324777841568,0,nominal-sac-a-star,4.023902144017253,99.0,99.0,3.5715181922912596,99.0,customer-1,0,,waiter-1,-2.6684646606445312,2.200000047683716,0.4741551350855211,0.0,5.404615808427479,0,0,waiter-2,1.8852057456970215,2.549999952316284,-0.5000094227836804,0.0,9.683442598298512,0,0,customer-1,-6.342578411102295,-2.549999952316284,-0.4489855421625055,0.0,7.0094872368536585,0,0,customer-2,3.110177993774414,-2.200000047683716,-0.41525092476238257,0.0,12.575852826164299,0,0
3,107,4.280000000000003,to_table,-7.626981258392334,4.292974472045898,-1.5094930480635282,-0.6943824291229248,0.7588711977005005,0.7799999713897705,-0.36230185627937317,0.7799999713897705,-0.36230185627937317,0,nominal-sac-a-star,3.9761932718887074,99.0,99.0,3.5229876136779783,99.0,customer-1,0,,waiter-1,-2.649498462677002,2.200000047683716,0.4741555720548085,0.0,5.399618220085224,0,0,waiter-2,1.8652052879333496,2.549999952316284,-0.5000086914188184,0.0,9.65088418781787,0,0,customer-1,-6.360538005828857,-2.549999952316284,-0.44898500757462934,0.0,6.9591793686065095,0,0,customer-2,3.0935678482055664,-2.200000047683716,-0.4152490465833303,0.0,12.533510731667926,0,0
3,108,4.320000000000003,to_table,-7.623621940612793,4.246964454650879,-1.5196467563648055,-0.7247937917709351,0.7526810169219971,0.7799999713897705,-0.2864886224269867,0.7799999713897705,-0.2864886224269867,0,nominal-sac-a-star,3.92782891765572,99.0,99.0,3.475823650360107,99.0,customer-1,0,,waiter-1,-2.6305322647094727,2.200000047683716,0.47415600902409594,0.0,5.396388402904553,0,0,waiter-2,1.8452048301696777,2.549999952316284,-0.5000079600539564,0.0,9.619686530093924,0,0,customer-1,-6.378497123718262,-2.549999952316284,-0.4489892413583352,0.0,6.910069533602764,0,0,customer-2,3.0769577026367188,-2.200000047683716,-0.415247168404278,0.0,12.492628066019103,0,0
3,109,4.360000000000003,to_table,-7.620753288269043,4.200619220733643,-1.5297621533095043,-0.737357497215271,0.7088391780853271,0.7799999713897705,-0.3174387812614441,0.7799999713897705,-0.3174387812614441,0,nominal-sac-a-star,3.880719450439189,99.0,99.0,3.428596267700195,99.0,customer-1,0,,waiter-1,-2.6115660667419434,2.200000047683716,0.47415644599338336,0.0,5.3939256294358895,0,0,waiter-2,1.825204849243164,2.549999952316284,-0.5000119970606764,0.0,9.589091151141684,0,0,customer-1,-6.396456718444824,-2.549999952316284,-0.448988706770459,0.0,6.860740580318762,0,0,customer-2,3.0603480339050293,-2.200000047683716,-0.41525005859680775,0.0,12.452062177558554,0,0
3,110,4.400000000000003,to_table,-7.618337154388428,4.153844356536865,-1.5402877798518806,-0.76015704870224,0.6941876411437988,0.7799999713897705,-0.3517284095287323,0.7799999713897705,-0.3517284095287323,0,nominal-sac-a-star,3.833507448460475,99.0,99.0,3.3812310791015623,99.0,customer-1,0,,waiter-1,-2.592599868774414,2.200000047683716,0.4741568829626708,0.0,5.392174222634943,0,0,waiter-2,1.8052043914794922,2.549999952316284,-0.5000112656958144,0.0,9.559050797001156,0,0,customer-1,-6.414416313171387,-2.549999952316284,-0.4489881721825828,0.0,6.81109050808015,0,0,customer-2,3.0437378883361816,-2.200000047683716,-0.41524818041775546,0.0,12.411735693678631,0,0
3,111,4.440000000000003,to_table,-7.616869926452637,4.107375621795654,-1.5486649203706233,-0.7917046546936035,0.6860185861587524,0.7799999713897705,-0.2701645493507385,0.7799999713897705,-0.2701645493507385,0,nominal-sac-a-star,3.7861391859703266,99.0,99.0,3.3343241310119627,99.0,customer-1,0,,waiter-1,-2.5736336708068848,2.200000047683716,0.4741573199319582,0.0,5.391874767738827,0,0,waiter-2,1.7852039337158203,2.549999952316284,-0.5000105343309524,0.0,9.53018425047225,0,0,customer-1,-6.432375907897949,-2.549999952316284,-0.4489876375947066,0.0,6.76192839467959,0,0,customer-2,3.027128219604492,-2.200000047683716,-0.4152510706102852,0.0,12.372456682858418,0,0
3,112,4.480000000000003,to_table,-7.616003036499023,4.061689376831055,-1.5594505098293814,-0.5632854700088501,0.17728769779205322,0.7799999713897705,-0.35495254397392273,0.7799999713897705,-0.35495254397392273,0,nominal-sac-a-star,3.739108562984007,99.0,99.0,3.2886407470703123,99.0,customer-1,0,,waiter-1,-2.5546674728393555,2.200000047683716,0.4741577569012456,0.0,5.392866106832915,0,0,waiter-2,1.7652034759521484,2.549999952316284,-0.5000098029660904,0.0,9.502222926528617,0,0,customer-1,-6.450335502624512,-2.549999952316284,-0.4489871030068304,0.0,6.71365895653703,0,0,customer-2,3.0105180740356445,-2.200000047683716,-0.4152491924312329,0.0,12.334168207127673,0,0
3,113,4.520000000000003,to_table,-7.614797115325928,4.016231536865234,-1.5724883840547599,-0.41180312633514404,-0.4628668427467346,0.7799999713897705,-0.45719146728515625,0.7799999713897705,-0.45719146728515625,0,nominal-sac-a-star,3.693367856176878,99.0,99.0,3.2437703704833982,99.0,customer-1,0,,waiter-1,-2.535701274871826,2.200000047683716,0.47415819387053304,0.0,5.394062604272653,0,0,waiter-2,1.7452030181884766,2.549999952316284,-0.5000090716012284,0.0,9.474145742963774,0,0,customer-1,-6.468295097351074,-2.549999952316284,-0.44898656841895423,0.0,6.665572957123743,0,0,customer-2,2.993907928466797,-2.200000047683716,-0.41524731425218064,0.0,12.295778048539146,0,0
3,114,4.560000000000003,to_table,-7.6147284507751465,3.9708251953125,-1.5817523552749673,-0.9426732063293457,0.6555378437042236,0.7799999713897705,-0.23482798039913177,0.7799999713897705,-0.23482798039913177,0,nominal-sac-a-star,3.648418618260406,99.0,99.0,3.1988041496276853,99.0,customer-1,0,,waiter-1,-2.5167346000671387,2.200000047683716,0.47415386246823843,0.0,5.39679191792042,0,0,waiter-2,1.7252025604248047,2.549999952316284,-0.5000083402363664,0.0,9.447383535408616,0,0,customer-1,-6.486254692077637,-2.549999952316284,-0.44898603383107805,0.0,6.617749891769622,0,0,customer-2,2.9772982597351074,-2.200000047683716,-0.4152502044447104,0.0,12.258471112490414,0,0
3,115,4.600000000000003,to_table,-7.61537504196167,3.924715042114258,-1.5893803365331245,-0.9295856356620789,0.5705547332763672,0.7799999713897705,-0.26271456480026245,0.7799999713897705,-0.26271456480026245,0,nominal-sac-a-star,3.6032374716735296,99.0,99.0,3.1530773735046385,99.0,customer-1,0,,waiter-1,-2.4977684020996094,2.200000047683716,0.47415429943752585,0.0,5.400420310714138,0,0,waiter-2,1.7052021026611328,2.549999952316284,-0.5000076088715044,0.0,9.421411777806085,0,0,customer-1,-6.504214286804199,-2.549999952316284,-0.44898549924320186,0.0,6.569369260660099,0,0,customer-2,2.9606881141662598,-2.200000047683716,-0.4152483262656581,0.0,12.221507550773172,0,0
3,116,4.640000000000003,to_table,-7.615977764129639,3.8783130645751953,-1.596901485775794,-0.9314921498298645,0.5336319208145142,0.7799999713897705,-0.29124149680137634,0.7799999713897705,-0.29124149680137634,0,nominal-sac-a-star,3.557249751642062,99.0,99.0,3.107172737121582,99.0,customer-1,0,,waiter-1,-2.47880220413208,2.200000047683716,0.47415473640681327,0.0,5.4043785319779,0,0,waiter-2,1.6852021217346191,2.549999952316284,-0.5000116458782244,0.0,9.395550169809367,0,0,customer-1,-6.522173881530762,-2.549999952316284,-0.44898496465532567,0.0,6.520706647037943,0,0,customer-2,2.9440784454345703,-2.200000047683716,-0.41525121645818786,0.0,12.184444075944302,0,0
3,117,4.680000000000003,to_table,-7.616916179656982,3.831864595413208,-1.6075328505747248,-0.9340048432350159,0.5030133724212646,0.7799999713897705,-0.3269325792789459,0.7799999713897705,-0.3269325792789459,0,nominal-sac-a-star,3.511053024041722,99.0,99.0,3.0621020889282224,99.0,customer-1,0,,waiter-1,-2.459836006164551,2.200000047683716,0.4741551733761007,0.0,5.409108782226986,0,0,waiter-2,1.6652016639709473,2.549999952316284,-0.5000109145133624,0.0,9.37021283782914,0,0,customer-1,-6.540132999420166,-2.549999952316284,-0.4489891984390315,0.0,6.472067453511858,0,0,customer-2,2.9274682998657227,-2.200000047683716,-0.41524933827913557,0.0,12.147733744392083,0,0
3,118,4.720000000000003,to_table,-7.618290901184082,3.784909963607788,-1.6171650285166348,-0.9363760352134705,0.48082971572875977,0.7799999713897705,-0.22902512550354004,0.7799999713897705,-0.22902512550354004,0,nominal-sac-a-star,3.4656711399300493,99.0,99.0,3.0165793991088865,99.0,customer-1,0,,waiter-1,-2.4408698081970215,2.200000047683716,0.4741556103453881,0.0,5.414575571150686,0,0,waiter-2,1.6452012062072754,2.549999952316284,-0.5000101831485004,0.0,9.345442138266652,0,0,customer-1,-6.5580925941467285,-2.549999952316284,-0.4489886638511553,0.0,6.423013630151972,0,0,customer-2,2.910858154296875,-2.200000047683716,-0.4152474601000833,0.0,12.111239724974187,0,0
3,119,4.760000000000003,to_table,-7.620325565338135,3.7385449409484863,-1.6261978657116156,-0.9216597676277161,0.2925528287887573,0.7799999713897705,-0.27005207538604736,0.7799999713897705,-0.27005207538604736,0,nominal-sac-a-star,3.419787235585102,99.0,99.0,2.9717512226104734,99.0,customer-1,0,,waiter-1,-2.421903610229492,2.200000047683716,0.47415604731467553,0.0,5.421320061751258,0,0,waiter-2,1.6252007484436035,2.549999952316284,-0.5000094517836384,0.0,9.32160908903786,0,0,customer-1,-6.576052188873291,-2.549999952316284,-0.44898812926327913,0.0,6.374661070158924,0,0,customer-2,2.8942484855651855,-2.200000047683716,-0.41525035029261304,0.0,12.075702217839677,0,0
3,120,4.800000000000003,to_table,-7.62283182144165,3.692321300506592,-1.6340339338422774,-0.9996327757835388,0.9960876703262329,0.7799999713897705,-0.20906636118888855,0.7799999713897705,-0.20906636118888855,0,nominal-sac-a-star,3.374564628797655,99.0,99.0,2.9269275760650633,99.0,customer-1,0,,waiter-1,-2.402937412261963,2.200000047683716,0.47415648428396295,0.0,5.429025728858926,0,0,waiter-2,1.6052002906799316,2.549999952316284,-0.5000087204187764,0.0,9.298466256586536,0,0,customer-1,-6.5940117835998535,-2.549999952316284,-0.44898759467540295,0.0,6.32653501481727,0,0,customer-2,2.877638339996338,-2.200000047683716,-0.41524847211356075,0.0,12.04073604401279,0,0
3,121,4.840000000000003,to_table,-7.6254377365112305,3.645914077758789,-1.6393475432895286,-0.936497151851654,0.6306194067001343,0.7799999713897705,-0.1578395515680313,0.7799999713897705,-0.1578395515680313,0,nominal-sac-a-star,3.3293322659006837,99.0,99.0,2.8812453842163084,99.0,customer-1,0,,waiter-1,-2.3839712142944336,2.200000047683716,0.4741569212532504,0.0,5.437245505390334,0,0,waiter-2,1.5851998329162598,2.549999952316284,-0.5000079890539144,0.0,9.27560629854963,0,0,customer-1,-6.611971378326416,-2.549999952316284,-0.44898706008752676,0.0,6.278253318181222,0,0,customer-2,2.8610281944274902,-2.200000047683716,-0.41524659393450847,0.0,12.005860222524111,0,0
3,122,4.8800000000000034,to_table,-7.628468036651611,3.5996053218841553,-1.6435851612251875,-0.9233373999595642,0.5836809873580933,0.7799999713897705,-0.18109740316867828,0.7799999713897705,-0.18109740316867828,0,nominal-sac-a-star,3.2832730650393085,99.0,99.0,2.8353939151763914,99.0,customer-1,0,,waiter-1,-2.3650050163269043,2.200000047683716,0.4741573582225378,0.0,5.44636923921757,0,0,waiter-2,1.565199375152588,2.549999952316284,-0.5000072576890524,0.0,9.253388131419552,0,0,customer-1,-6.6299309730529785,-2.549999952316284,-0.44898652549965057,0.0,6.230146169702124,0,0,customer-2,2.844418525695801,-2.200000047683716,-0.4152494841270382,0.0,11.971498460531892,0,0
3,123,4.9200000000000035,to_table,-7.6318135261535645,3.553279161453247,-1.6484434530638534,-0.9179766774177551,0.5500098466873169,0.7799999713897705,-0.20806048810482025,0.7799999713897705,-0.20806048810482025,0,nominal-sac-a-star,3.237070408714767,99.0,99.0,2.789804229736328,99.0,customer-1,0,,waiter-1,-2.346038818359375,2.200000047683716,0.4741577951918252,0.0,5.456260497934606,0,0,waiter-2,1.5451993942260742,2.549999952316284,-0.5000112946957724,0.0,9.231691898687982,0,0,customer-1,-6.647890567779541,-2.549999952316284,-0.4489859909117744,0.0,6.182080582505447,0,0,customer-2,2.827808380126953,-2.200000047683716,-0.41524760594798593,0.0,11.937500244214906,0,0
3,124,4.9600000000000035,to_table,-7.635551929473877,3.5071794986724854,-1.6536662647489682,-0.997460126876831,0.09797465801239014,0.7799999713897705,-0.1767469197511673,0.7799999713897705,-0.1767469197511673,0,nominal-sac-a-star,3.191110505108588,99.0,99.0,2.7446532344818113,99.0,customer-1,0,,waiter-1,-2.3270726203918457,2.200000047683716,0.47415823216111264,0.0,5.467053200037415,0,0,waiter-2,1.5251989364624023,2.549999952316284,-0.5000105633309104,0.0,9.210621537752756,0,0,customer-1,-6.6658501625061035,-2.549999952316284,-0.4489854563238982,0.0,6.134308797113252,0,0,customer-2,2.8111987113952637,-2.200000047683716,-0.4152504961405157,0.0,11.904053819050315,0,0
3,125,5.0000000000000036,to_table,-7.639533042907715,3.4613001346588135,-1.6569270577134603,-0.9432207942008972,0.4647386074066162,0.7799999713897705,-0.14433780312538147,0.7799999713897705,-0.14433780312538147,0,nominal-sac-a-star,3.145575052876641,99.0,99.0,2.699080476760864,99.0,customer-1,0,,waiter-1,-2.308105945587158,2.200000047683716,0.474153900758818,0.0,5.478594053536663,0,0,waiter-2,1.5051984786987305,2.549999952316284,-0.5000098319660484,0.0,9.190026258101772,0,0,customer-1,-6.683809280395508,-2.549999952316284,-0.44898969010760403,0.0,6.086800197632358,0,0,customer-2,2.794588565826416,-2.200000047683716,-0.4152486179614634,0.0,11.871024113379775,0,0
3,126,5.040000000000004,to_table,-7.64350700378418,3.41534423828125,-1.6607993162368977,-0.9429674744606018,0.43424224853515625,0.7799999713897705,-0.1650395691394806,0.7799999713897705,-0.1650395691394806,0,nominal-sac-a-star,3.09967755174286,99.0,99.0,2.6536855792999265,99.0,customer-1,0,,waiter-1,-2.289139747619629,2.200000047683716,0.47415433772810545,0.0,5.490565564266242,0,0,waiter-2,1.4851980209350586,2.549999952316284,-0.5000091006011864,0.0,9.169627918382865,0,0,customer-1,-6.70176887512207,-2.549999952316284,-0.44898915551972784,0.0,6.039221971021744,0,0,customer-2,2.7779784202575684,-2.200000047683716,-0.4152467397824111,0.0,11.838050933047805,0,0
3,127,5.080000000000004,to_table,-7.647500514984131,3.369014263153076,-1.6568503638038132,-0.9445611238479614,0.40100932121276855,0.7799999713897705,0.30503007769584656,0.7799999713897705,0.30503007769584656,0,nominal-sac-a-star,3.0539315070288424,99.0,99.0,2.6050963497161863,99.0,customer-1,0,,waiter-1,-2.2701735496520996,2.200000047683716,0.47415477469739287,0.0,5.502930085695841,0,0,waiter-2,1.4651975631713867,2.549999952316284,-0.5000083692363244,0.0,9.1494289824543,0,0,customer-1,-6.719728469848633,-2.549999952316284,-0.44898862093185166,0.0,5.991284524262161,0,0,customer-2,2.761368751525879,-2.200000047683716,-0.41524962997494086,0.0,11.805019263076263,0,0
3,128,5.120000000000004,to_table,-7.651054382324219,3.3230068683624268,-1.6475243411270146,-0.9503386616706848,0.48866403102874756,0.7799999713897705,0.3467627465724945,0.7799999713897705,0.3467627465724945,0,nominal-sac-a-star,3.0052454064362335,99.0,99.0,2.5552449321746824,99.0,customer-1,0,,waiter-1,-2.2512073516845703,2.200000047683716,0.4741552116666803,0.0,5.515386865270535,0,0,waiter-2,1.4451971054077148,2.549999952316284,-0.5000076378714624,0.0,9.129037781733658,0,0,customer-1,-6.737688064575195,-2.549999952316284,-0.44898808634397547,0.0,5.943605567846597,0,0,customer-2,2.7447586059570312,-2.200000047683716,-0.4152477517958886,0.0,11.771853425948297,0,0
3,129,5.160000000000004,to_table,-7.654672145843506,3.2766058444976807,-1.6376953288868286,-0.7181179523468018,-0.010711848735809326,0.7799999713897705,0.32100656628608704,0.7799999713897705,0.32100656628608704,0,nominal-sac-a-star,2.9553374998173725,99.0,99.0,2.5053892230987547,99.0,customer-1,0,,waiter-1,-2.232241153717041,2.200000047683716,0.4741556486359677,0.0,5.5282762147080735,0,0,waiter-2,1.4251971244812012,2.549999952316284,-0.5000116748781824,0.0,9.10889576670738,0,0,customer-1,-6.755647659301758,-2.549999952316284,-0.4489875517560993,0.0,5.895555965205296,0,0,customer-2,2.728148937225342,-2.200000047683716,-0.4152506419884183,0.0,11.73866200813768,0,0
3,130,5.200000000000004,to_table,-7.657852649688721,3.229769229888916,-1.627067051312306,-0.888939619064331,-0.015534460544586182,0.7799999713897705,0.372220903635025,0.7799999713897705,0.372220903635025,0,nominal-sac-a-star,2.9052654155154496,99.0,99.0,2.4554898834228513,99.0,customer-1,0,,waiter-1,-2.2132749557495117,2.200000047683716,0.47415608560525513,0.0,5.541105560622353,0,0,waiter-2,1.4051966667175293,2.549999952316284,-0.5000109435133204,0.0,9.088506432981351,0,0,customer-1,-6.77360725402832,-2.549999952316284,-0.4489870171682231,0.0,5.847018190438233,0,0,customer-2,2.711538791656494,-2.200000047683716,-0.41524876380936604,0.0,11.704984975279336,0,0
3,131,5.240000000000004,to_table,-7.658951759338379,3.1934008598327637,-1.6097259968951487,-0.897943913936615,0.02815425395965576,0.0,0.8833785057067871,0.0,0.8833785057067871,0,nominal-sac-a-star,4.425765196128563,99.0,99.0,4.494203033447265,99.0,waiter-1,0,,waiter-1,-2.1943087577819824,2.200000047683716,0.47415652257454255,0.0,5.554202760796341,0,0,waiter-2,1.3851962089538574,2.549999952316284,-0.5000102121484584,0.0,9.06700486379916,0,0,customer-1,-6.791566848754883,-2.549999952316284,-0.4489864825803469,0.0,5.808529028256834,0,0,customer-2,2.6949286460876465,-2.200000047683716,-0.41524688563031376,0.0,11.674399890318327,0,0
3,132,5.280000000000004,to_table,-7.665124416351318,3.1618731021881104,-1.5978152300108692,-0.9098795056343079,0.5263527631759644,0.0,0.9431623220443726,0.0,0.9431623220443726,0,nominal-sac-a-star,4.438886927927542,99.0,99.0,4.513410511016845,99.0,waiter-1,0,,waiter-1,-2.175342559814453,2.200000047683716,0.47415695954382997,0.0,5.573410500343839,0,0,waiter-2,1.3651957511901855,2.549999952316284,-0.5000094807835964,0.0,9.051025968355239,0,0,customer-1,-6.809526443481445,-2.549999952316284,-0.4489859479924707,0.0,5.775598815876359,0,0,customer-2,2.678318977355957,-2.200000047683716,-0.4152497758228435,0.0,11.650601053771565,0,0
3,133,5.320000000000004,to_table,-7.667586326599121,3.135014295578003,-1.5793062026563942,-0.9385792016983032,0.3370671272277832,0.0,0.9204480648040771,0.0,0.9204480648040771,0,nominal-sac-a-star,4.458115873591242,99.0,99.0,4.52996295928955,99.0,waiter-1,0,,waiter-1,-2.156376361846924,2.200000047683716,0.4741573965131174,0.0,5.589963051698037,0,0,waiter-2,1.3451952934265137,2.549999952316284,-0.5000087494187344,0.0,9.031748131568653,0,0,customer-1,-6.827486038208008,-2.549999952316284,-0.4489854134045945,0.0,5.746751734094303,0,0,customer-2,2.6617088317871094,-2.200000047683716,-0.4152478976437912,0.0,11.62569208743589,0,0
3,134,5.360000000000004,to_table,-7.666813850402832,3.115356922149658,-1.5632621217349942,-0.9341292381286621,0.3466958999633789,0.0,0.9216035008430481,0.0,0.9216035008430481,0,nominal-sac-a-star,4.474685792372764,99.0,99.0,4.544657173156738,99.0,waiter-1,0,,waiter-1,-2.1374101638793945,2.200000047683716,0.4741578334824048,0.0,5.604657289805599,0,0,waiter-2,1.3251948356628418,2.549999952316284,-0.5000080180538724,0.0,9.009764076468358,0,0,customer-1,-6.845445156097412,-2.549999952316284,-0.44898964718830037,0.0,5.724588635617716,0,0,customer-2,2.64509916305542,-2.200000047683716,-0.41525078783632097,0.0,11.601231387826289,0,0
3,135,5.400000000000004,to_table,-7.6690545082092285,3.10760760307312,-1.5282040614475543,-0.9347417950630188,0.3890399932861328,0.0,0.9266847968101501,0.0,0.9266847968101501,0,nominal-sac-a-star,4.489392572466638,99.0,99.0,4.564324798583984,99.0,waiter-1,0,,waiter-1,-2.1184439659118652,2.200000047683716,0.47415827045169223,0.0,5.624324747635272,0,0,waiter-2,1.30519437789917,2.549999952316284,-0.5000072866890104,0.0,8.991555447307233,0,0,customer-1,-6.863404750823975,-2.549999952316284,-0.4489891126004242,0.0,5.714682386832552,0,0,customer-2,2.6284890174865723,-2.200000047683716,-0.4152489096572687,0.0,11.584908356908656,0,0
3,136,5.440000000000004,to_table,-7.673898220062256,3.099107027053833,-1.4924469494301364,0.42916297912597656,-0.9341662526130676,0.0,0.7679000496864319,0.0,0.7679000496864319,0,nominal-sac-a-star,4.509066131973583,99.0,99.0,4.586464824676513,99.0,waiter-1,0,,waiter-1,-2.0994772911071777,2.200000047683716,0.4741539390493976,0.0,5.6464645623190135,0,0,waiter-2,1.2851943969726562,2.549999952316284,-0.5000113236957304,0.0,8.975904361129095,0,0,customer-1,-6.881364345550537,-2.549999952316284,-0.448988578012548,0.0,5.7044298230950945,0,0,customer-2,2.6118788719177246,-2.200000047683716,-0.4152470314782164,0.0,11.57055513687367,0,0
3,137,5.480000000000004,to_table,-7.675364017486572,3.0910484790802,-1.4642381197363996,-0.9715584516525269,0.7233748435974121,0.0,0.9668049812316895,0.0,0.9668049812316895,0,nominal-sac-a-star,4.53121208013158,99.0,99.0,4.605363788604736,99.0,waiter-1,0,,waiter-1,-2.0805110931396484,2.200000047683716,0.47415437601868504,0.0,5.6653637616809265,0,0,waiter-2,1.2651939392089844,2.549999952316284,-0.5000105923308684,0.0,8.956914093891134,0,0,customer-1,-6.8993239402771,-2.549999952316284,-0.4489880434246718,0.0,5.694178220498197,0,0,customer-2,2.595269203186035,-2.200000047683716,-0.41524992167074615,0.0,11.553402151148136,0,0
3,138,5.520000000000004,to_table,-7.678012847900391,3.083991527557373,-1.4411198365117754,-0.9529123902320862,0.6841285228729248,0.0,0.9620954394340515,0.0,0.9620954394340515,0,nominal-sac-a-star,4.550117239029368,99.0,99.0,4.625609340667724,99.0,waiter-1,0,,waiter-1,-2.061544895172119,2.200000047683716,0.47415481298797246,0.0,5.685609307762267,0,0,waiter-2,1.2451934814453125,2.549999952316284,-0.5000098609660064,0.0,8.939169883076598,0,0,customer-1,-6.917283535003662,-2.549999952316284,-0.4489875088367956,0.0,5.685118211857102,0,0,customer-2,2.5786590576171875,-2.200000047683716,-0.41524804349169386,0.0,11.537759121452154,0,0
3,139,5.560000000000004,to_table,-7.676353931427002,3.08016300201416,-1.414826003424755,-0.9532126784324646,0.7057863473892212,0.0,0.9646943807601929,0.0,0.9646943807601929,0,nominal-sac-a-star,4.570066935414558,99.0,99.0,4.640163192749023,99.0,customer-1,0,,waiter-1,-2.04257869720459,2.200000047683716,0.4741552499572599,0.0,5.702114539003359,0,0,waiter-2,1.2251930236816406,2.549999952316284,-0.5000091296011444,0.0,8.917320845033496,0,0,customer-1,-6.935243129730225,-2.549999952316284,-0.4489869742489194,0.0,5.678730501855724,0,0,customer-2,2.562049388885498,-2.200000047683716,-0.4152509336842236,0.0,11.519766680830857,0,0
3,140,5.600000000000004,to_table,-7.675262451171875,3.073587656021118,-1.3875942243410369,-0.9526667594909668,0.7450237274169922,0.0,0.9694028496742249,0.0,0.9694028496742249,0,nominal-sac-a-star,4.566187645105565,99.0,99.0,4.633587608337402,99.0,customer-1,0,,waiter-1,-2.0236124992370605,2.200000047683716,0.4741556869265473,0.0,5.718767567286282,0,0,waiter-2,1.2051925659179688,2.549999952316284,-0.5000083982362824,0.0,8.895876876060452,0,0,customer-1,-6.953202724456787,-2.549999952316284,-0.44898643966104324,0.0,5.669753772218848,0,0,customer-2,2.5454392433166504,-2.200000047683716,-0.4152490555051713,0.0,11.50102040674598,0,0
3,141,5.640000000000004,to_table,-7.673373699188232,3.069758892059326,-1.364459087708711,-0.9296733140945435,-0.7343751788139343,0.0,0.7918750047683716,0.0,0.7918750047683716,0,nominal-sac-a-star,4.559610278686234,99.0,99.0,4.629758605957031,99.0,customer-1,0,,waiter-1,-2.0046463012695312,2.200000047683716,0.4741561238958347,0.0,5.735063274217969,0,0,waiter-2,1.1851921081542969,2.549999952316284,-0.5000076668714204,0.0,8.873800624223028,0,0,customer-1,-6.97116231918335,-2.549999952316284,-0.44898590507316705,0.0,5.6634609816918715,0,0,customer-2,2.5288290977478027,-2.200000047683716,-0.41524717732611904,0.0,11.482826359081251,0,0
3,142,5.680000000000004,to_table,-7.670191764831543,3.0660338401794434,-1.3429169503482883,-0.9536940455436707,0.6987136602401733,0.0,0.9638456106185913,0.0,0.9638456106185913,0,nominal-sac-a-star,4.555781514724442,99.0,99.0,4.626033554077148,99.0,customer-1,0,,waiter-1,-1.985680103302002,2.200000047683716,0.47415656086512215,0.0,5.750103247752155,0,0,waiter-2,1.1651921272277832,2.549999952316284,-0.5000117038781404,0.0,8.850440638379796,0,0,customer-1,-6.989121913909912,-2.549999952316284,-0.44898537048529086,0.0,5.6571805433703775,0,0,customer-2,2.5122194290161133,-2.200000047683716,-0.4152500675186488,0.0,11.463533950257975,0,0
3,143,5.720000000000004,to_table,-7.667285919189453,3.061999797821045,-1.3197575220337674,-0.9405479431152344,0.6598513126373291,0.0,0.9591821432113647,0.0,0.9591821432113647,0,nominal-sac-a-star,4.5520564628445594,99.0,99.0,4.62199951171875,99.0,customer-1,0,,waiter-1,-1.9667139053344727,2.200000047683716,0.47415699783440957,0.0,5.765376384450841,0,0,waiter-2,1.1451916694641113,2.549999952316284,-0.5000109725132784,0.0,8.827338505592625,0,0,customer-1,-7.007081031799316,-2.549999952316284,-0.4489896042689967,0.0,5.650700106082012,0,0,customer-2,2.4956092834472656,-2.200000047683716,-0.4152481893395965,0.0,11.44434713183188,0,0
3,144,5.760000000000004,to_table,-7.666659355163574,3.054722785949707,-1.2965598547317219,-0.7449170351028442,0.8912724256515503,0.0,0.9869526624679565,0.0,0.9869526624679565,0,nominal-sac-a-star,4.548022420486161,99.0,99.0,4.61472297668457,99.0,customer-1,0,,waiter-1,-1.9477477073669434,2.200000047683716,0.474157434803697,0.0,5.782430405514008,0,0,waiter-2,1.1251912117004395,2.549999952316284,-0.5000102411484164,0.0,8.806326222032547,0,0,customer-1,-7.025040626525879,-2.549999952316284,-0.4489890696811205,0.0,5.641328882964943,0,0,customer-2,2.478999614715576,-2.200000047683716,-0.41525107953212625,0.0,11.425695076948173,0,0
3,145,5.800000000000004,to_table,-7.664834976196289,3.0524308681488037,-1.2727512939555987,-0.8614728450775146,0.20885348320007324,0.0,0.9050624370574951,0.0,0.9050624370574951,0,nominal-sac-a-star,4.540745408614823,99.0,99.0,4.612430820465088,99.0,customer-1,0,,waiter-1,-1.928781509399414,2.200000047683716,0.4741578717729844,0.0,5.799047135317252,0,0,waiter-2,1.1051907539367676,2.549999952316284,-0.5000095097835544,0.0,8.784405963545865,0,0,customer-1,-7.043000221252441,-2.549999952316284,-0.4489885350932443,0.0,5.63683506593489,0,0,customer-2,2.4623894691467285,-2.200000047683716,-0.41524920135307397,0.0,11.40827355439667,0,0
3,146,5.840000000000004,to_table,-7.664010524749756,3.0486841201782227,-1.2527169743306388,-0.9848856925964355,0.8612124919891357,0.0,0.9833455085754395,0.0,0.9833455085754395,0,nominal-sac-a-star,4.53845349081392,99.0,99.0,4.608684310913086,99.0,customer-1,0,,waiter-1,-1.9098153114318848,2.200000047683716,0.47415830874227183,0.0,5.816444550399854,0,0,waiter-2,1.0851902961730957,2.549999952316284,-0.5000087784186924,0.0,8.763401217798558,0,0,customer-1,-7.060959815979004,-2.549999952316284,-0.44898800050536813,0.0,5.631068593167072,0,0,customer-2,2.445779323577881,-2.200000047683716,-0.4152473231740217,0.0,11.391072656748051,0,0
3,147,5.880000000000004,to_table,-7.663455009460449,3.0476748943328857,-1.2247967105291124,-0.9999182224273682,0.9998841285705566,0.0,0.9999861121177673,0.0,0.9999861121177673,0,nominal-sac-a-star,4.534706742843339,99.0,99.0,4.60767484664917,99.0,customer-1,0,,waiter-1,-1.8908486366271973,2.200000047683716,0.4741539773399772,0.0,5.834512574441567,0,0,waiter-2,1.0651898384094238,2.549999952316284,-0.5000080470538304,0.0,8.74282112525222,0,0,customer-1,-7.078919410705566,-2.549999952316284,-0.44898746591749195,0.0,5.628112077332908,0,0,customer-2,2.4291696548461914,-2.200000047683716,-0.41525021336655144,0.0,11.375375374537741,0,0
3,148,5.920000000000004,to_table,-7.664943695068359,3.044921398162842,-1.1999167748807202,-0.9913250803947449,0.9281971454620361,0.0,0.9913836717605591,0.0,0.9913836717605591,0,nominal-sac-a-star,4.533697516998002,99.0,99.0,4.604921112060547,99.0,customer-1,0,,waiter-1,-1.871882438659668,2.200000047683716,0.47415441430926464,0.0,5.8543531503488,0,0,waiter-2,1.045189380645752,2.549999952316284,-0.5000073156889684,0.0,8.72418279463514,0,0,customer-1,-7.096879005432129,-2.549999952316284,-0.44898693132961576,0.0,5.623685838456721,0,0,customer-2,2.4125595092773438,-2.200000047683716,-0.41524833518749915,0.0,11.360689759283943,0,0
3,149,5.960000000000004,to_table,-7.664693832397461,3.0425336360931396,-1.1767946406475471,-0.8313074707984924,0.49293410778045654,0.0,0.9391521215438843,0.0,0.9391521215438843,0,nominal-sac-a-star,4.530944020827958,99.0,99.0,4.602533588409424,99.0,customer-1,0,,waiter-1,-1.8529162406921387,2.200000047683716,0.47415485127855206,0.0,5.872531108733795,0,0,waiter-2,1.0251893997192383,2.549999952316284,-0.5000113526956795,0.0,8.703830192362313,0,0,customer-1,-7.114838600158691,-2.549999952316284,-0.44898639674173957,0.0,5.61949932946948,0,0,customer-2,2.3959498405456543,-2.200000047683716,-0.4152512253800289,0.0,11.344633556861378,0,0
3,150,6.000000000000004,to_table,-7.664467811584473,3.0399627685546875,-1.1570669769591673,-0.9840232133865356,0.8164221048355103,0.0,0.9779706597328186,0.0,0.9779706597328186,0,nominal-sac-a-star,4.528556258758256,99.0,99.0,4.599962959289551,99.0,customer-1,0,,waiter-1,-1.8339500427246094,2.200000047683716,0.4741552882478395,0.0,5.8907108930453855,0,0,waiter-2,1.0051889419555664,2.549999952316284,-0.5000106213308264,0.0,8.683490760373887,0,0,customer-1,-7.132798194885254,-2.549999952316284,-0.4489858621538634,0.0,5.61518973873976,0,0,customer-2,2.3793396949768066,-2.200000047683716,-0.4152493472009766,0.0,11.328516211067441,0,0
3,151,6.0400000000000045,to_table,-7.663505554199219,3.034893035888672,-1.140246532134259,-0.9813435077667236,0.8020157814025879,0.0,0.9762418866157532,0.0,0.9762418866157532,0,nominal-sac-a-star,4.525985391219804,99.0,99.0,4.594893226623535,99.0,customer-1,0,,waiter-1,-1.81498384475708,2.200000047683716,0.4741557252171269,0.0,5.907812834507352,0,0,waiter-2,0.9851884841918945,2.549999952316284,-0.5000098899659555,0.0,8.662276252359902,0,0,customer-1,-7.150757789611816,-2.549999952316284,-0.4489853275659872,0.0,5.608381224541557,0,0,customer-2,2.362729549407959,-2.200000047683716,-0.41524746902192433,0.0,11.3105922015268,0,0
3,152,6.0800000000000045,to_table,-7.660582065582275,3.0313494205474854,-1.1146738072901683,-0.9799009561538696,0.7919163703918457,0.0,0.9750299453735352,0.0,0.9750299453735352,0,nominal-sac-a-star,4.520915658553788,99.0,99.0,4.591349372863769,99.0,customer-1,0,,waiter-1,-1.7960176467895508,2.200000047683716,0.4741561621864143,0.0,5.923196569583912,0,0,waiter-2,0.9651880264282227,2.549999952316284,-0.5000091586010846,0.0,8.639190181422634,0,0,customer-1,-7.168716907501221,-2.549999952316284,-0.44898956134969303,0.0,5.6029806492349135,0,0,customer-2,2.3461198806762695,-2.200000047683716,-0.4152503592144541,0.0,11.291638548059241,0,0
3,153,6.1200000000000045,to_table,-7.653440475463867,3.0296638011932373,-1.0922705320523693,-0.9449846744537354,0.7552597522735596,0.0,0.9706311821937561,0.0,0.9706311821937561,0,nominal-sac-a-star,4.517372043212601,99.0,99.0,4.589663753509521,99.0,customer-1,0,,waiter-1,-1.7770514488220215,2.200000047683716,0.47415659915570174,0.0,5.934668477372953,0,0,waiter-2,0.9451875686645508,2.549999952316284,-0.4037434228919601,0.0,8.61199638000337,0,0,customer-1,-7.186676502227783,-2.549999952316284,-0.44898902676181685,0.0,5.599153168912161,0,0,customer-2,2.329509735107422,-2.200000047683716,-0.4152484810354018,0.0,11.269812725994868,0,0
3,154,6.160000000000005,to_table,-7.647577285766602,3.02709698677063,-1.065401133951188,-0.9868617653846741,0.8954430818557739,0.0,0.9874531626701355,0.0,0.9874531626701355,0,nominal-sac-a-star,4.515686423858353,99.0,99.0,4.587096939086914,99.0,customer-1,0,,waiter-1,-1.7580852508544922,2.200000047683716,0.47415703612498916,0.0,5.947285580493014,0,0,waiter-2,0.9251871109008789,2.549999952316284,-0.003734998983393467,0.0,8.586029989526864,0,0,customer-1,-7.204636096954346,-2.549999952316284,-0.44898849217394066,0.0,5.5946588068191465,0,0,customer-2,2.312899589538574,-2.200000047683716,-0.4152466028563495,0.0,11.248717393156012,0,0
3,155,6.200000000000005,to_table,-7.643183708190918,3.0254299640655518,-1.0400614767280094,-0.9870033860206604,0.9009057283401489,0.0,0.9881086945533752,0.0,0.9881086945533752,0,nominal-sac-a-star,4.513119609435746,99.0,99.0,4.585429916381836,99.0,customer-1,0,,waiter-1,-1.739119052886963,2.200000047683716,0.4741574730942766,0.0,5.961485888674696,0,0,waiter-2,0.905186653137207,2.549999952316284,0.39627342492517315,0.0,8.561581018159266,0,0,customer-1,-7.222595691680908,-2.549999952316284,-0.44898795758606447,0.0,5.591271146359957,0,0,customer-2,2.2962899208068848,-2.200000047683716,-0.41524949304887926,0.0,11.229347925379848,0,0
3,156,6.240000000000005,to_table,-7.6398468017578125,3.020253896713257,-1.0176743276432878,-0.986445963382721,0.9004442691802979,0.0,0.9880533218383789,0.0,0.9880533218383789,0,nominal-sac-a-star,4.511452586730668,99.0,99.0,4.580253849029541,99.0,customer-1,0,,waiter-1,-1.7201528549194336,2.200000047683716,0.474157910063564,0.0,5.976252404398823,0,0,waiter-2,0.9148130416870117,2.549999952316284,0.5000133856989741,0.0,8.567575141734581,0,0,customer-1,-7.240555286407471,-2.549999952316284,-0.4489874229981883,0.0,5.584546683201707,0,0,customer-2,2.279679775238037,-2.200000047683716,-0.415247614869827,0.0,11.20928448901709,0,0
3,157,6.280000000000005,to_table,-7.635807037353516,3.023545026779175,-0.9903008137212326,0.2053215503692627,-0.9853886365890503,0.0,0.7617533802986145,0.0,0.7617533802986145,0,nominal-sac-a-star,4.506276519378373,99.0,99.0,4.583544979095459,99.0,customer-1,0,,waiter-1,-1.7011866569519043,2.200000047683716,0.4741583470328514,0.0,5.991489413499076,0,0,waiter-2,0.9348134398460388,2.549999952316284,0.500013250380551,0.0,8.583692696138439,0,0,customer-1,-7.258514881134033,-2.549999952316284,-0.4489868884103121,0.0,5.586300475730333,0,0,customer-2,2.2630701065063477,-2.200000047683716,-0.4152505050623567,0.0,11.192550730471439,0,0
3,158,6.320000000000005,to_table,-7.634598255157471,3.021937847137451,-0.9635361918310837,-0.9623163342475891,0.7571907043457031,0.0,0.970862865447998,0.0,0.970862865447998,0,nominal-sac-a-star,4.509567649444291,99.0,99.0,4.581937561035156,99.0,customer-1,0,,waiter-1,-1.6822199821472168,2.200000047683716,0.4741540156305568,0.0,6.0088591971501035,0,0,waiter-2,0.9548138380050659,2.549999952316284,0.5000131150621279,0.0,8.602367434766727,0,0,customer-1,-7.276474475860596,-2.549999952316284,-0.4489863538224359,0.0,5.583434738785725,0,0,customer-2,2.2464599609375,-2.200000047683716,-0.41524862688330444,0.0,11.176043434383532,0,0
3,159,6.360000000000005,to_table,-7.634443759918213,3.017326593399048,-0.934866941470223,-0.9505825638771057,0.7196669578552246,0.0,0.9663600325584412,0.0,0.9663600325584412,0,nominal-sac-a-star,4.507960469802567,99.0,99.0,4.577326545715332,99.0,customer-1,0,,waiter-1,-1.6632537841796875,2.200000047683716,0.47415445259984423,0.0,6.0268675453083596,0,0,waiter-2,0.974814236164093,2.549999952316284,0.5000129797437047,0.0,8.621932349106714,0,0,customer-1,-7.294434070587158,-2.549999952316284,-0.4489858192345597,0.0,5.577699476976651,0,0,customer-2,2.2298498153686523,-2.200000047683716,-0.41524674870425216,0.0,11.159067390207735,0,0
3,160,6.400000000000005,to_table,-7.6327338218688965,3.019501209259033,-0.9045920887952255,-0.9684691429138184,0.9813312292098999,0.0,0.9977597594261169,0.0,0.9977597594261169,0,nominal-sac-a-star,4.503349216064164,99.0,99.0,4.579500923156738,99.0,customer-1,0,,waiter-1,-1.6442875862121582,2.200000047683716,0.47415488956913165,0.0,6.044259298803672,0,0,waiter-2,0.9948145747184753,2.549999952316284,0.5000134404717294,0.0,8.640313811762171,0,0,customer-1,-7.312393665313721,-2.549999952316284,-0.4489852846466835,0.0,5.578706033184631,0,0,customer-2,2.213240146636963,-2.200000047683716,-0.4152496388967819,0.0,11.143895044360475,0,0
3,161,6.440000000000005,to_table,-7.631877899169922,3.0176808834075928,-0.8716941190532076,-0.9968743324279785,0.628225564956665,0.0,0.9553870558738708,0.0,0.9553870558738708,0,nominal-sac-a-star,4.505523831924149,99.0,99.0,4.577680835723877,99.0,customer-1,0,,waiter-1,-1.625321388244629,2.200000047683716,0.4741553265384191,0.0,6.061957032844189,0,0,waiter-2,1.0148149728775024,2.549999952316284,0.5000133051533062,0.0,8.65933156062419,0,0,customer-1,-7.330352783203125,-2.549999952316284,-0.44898951843038937,0.0,5.575839603507773,0,0,customer-2,2.1966300010681152,-2.200000047683716,-0.4152477607177296,0.0,11.127612585083801,0,0
3,162,6.480000000000005,to_table,-7.6313676834106445,3.0114879608154297,-0.8364098776576979,-0.9380037188529968,0.7348043918609619,0.0,0.968176543712616,0.0,0.968176543712616,0,nominal-sac-a-star,4.503703506072709,99.0,99.0,4.571488151550293,99.0,customer-1,0,,waiter-1,-1.6063551902770996,2.200000047683716,0.4741557635077065,0.0,6.07941511788545,0,0,waiter-2,1.0348153114318848,2.549999952316284,0.5000137658813308,0.0,8.678461780873748,0,0,customer-1,-7.3483123779296875,-2.549999952316284,-0.4489889838425132,0.0,5.5686863903322,0,0,customer-2,2.180020332336426,-2.200000047683716,-0.41525065091025937,0.0,11.109587843762505,0,0
3,163,6.520000000000005,to_table,-7.629061222076416,3.0145461559295654,-0.7990832985151961,0.8579539060592651,0.22785687446594238,0.0,0.9073428511619568,0.0,0.9073428511619568,0,nominal-sac-a-star,4.497510583480546,99.0,99.0,4.574546108245849,99.0,customer-1,0,,waiter-1,-1.5873889923095703,2.200000047683716,0.4741562004769939,0.0,6.096334037304251,0,0,waiter-2,1.0548157691955566,2.549999952316284,0.50001303451646,0.0,8.69629362285073,0,0,customer-1,-7.36627197265625,-2.549999952316284,-0.448988449254637,0.0,5.570747847498112,0,0,customer-2,2.163410186767578,-2.200000047683716,-0.4152487727312071,0.0,11.094322349861876,0,0
3,164,6.560000000000005,to_table,-7.628756523132324,3.010613441467285,-0.7638635252529367,-0.9467666745185852,0.04799246788024902,0.0,0.8857591152191162,0.0,0.8857591152191162,0,nominal-sac-a-star,4.5005687785946815,99.0,99.0,4.570613632202148,99.0,customer-1,0,,waiter-1,-1.568422794342041,2.200000047683716,0.47415663744628134,0.0,6.11430609133158,0,0,waiter-2,1.074816107749939,2.549999952316284,0.5000134952444846,0.0,8.715752481996644,0,0,customer-1,-7.3842315673828125,-2.549999952316284,-0.4489879146667608,0.0,5.565987223225501,0,0,customer-2,2.1468000411987305,-2.200000047683716,-0.4152468945521548,0.0,11.077544812626954,0,0
3,165,6.600000000000005,to_table,-7.6282830238342285,3.0108659267425537,-0.7301227207027379,-0.5313826203346252,0.4594355821609497,0.0,0.9351322650909424,0.0,0.9351322650909424,0,nominal-sac-a-star,4.496636064132401,99.0,99.0,4.570865879058838,99.0,customer-1,0,,waiter-1,-1.5494565963745117,2.200000047683716,0.47415707441556876,0.0,6.13266941951093,0,0,waiter-2,1.0948165655136108,2.549999952316284,0.5000127638796137,0.0,8.735265530713095,0,0,customer-1,-7.402191162109375,-2.549999952316284,-0.4489873800788846,0.0,5.565460165594488,0,0,customer-2,2.130190372467041,-2.200000047683716,-0.41524978474468455,0.0,11.062591343340541,0,0
3,166,6.640000000000005,to_table,-7.627923965454102,3.0103914737701416,-0.6954836539885871,-0.4020598530769348,0.44850611686706543,0.20000000298023224,0.9338207244873047,0.20000000298023224,0.9338207244873047,0,nominal-sac-a-star,4.248125197965912,99.0,99.0,4.312337169647217,99.0,customer-1,0,,waiter-1,-1.5304903984069824,2.200000047683716,0.4741575113848562,0.0,6.151051159600882,0,0,waiter-2,1.1148169040679932,2.549999952316284,0.5000132246076383,0.0,8.754854554168135,0,0,customer-1,-7.4201507568359375,-2.549999952316284,-0.4489868454910084,0.0,5.5642719665302955,0,0,customer-2,2.1135802268981934,-2.200000047683716,-0.41524790656563226,0.0,11.047401673536433,0,0
3,167,6.680000000000005,to_table,-7.624047756195068,3.0054707527160645,-0.66004937753438,-0.14361101388931274,-0.47297143936157227,0.20000000298023224,0.8232434391975403,0.20000000298023224,0.8232434391975403,0,nominal-sac-a-star,4.264902924125896,99.0,99.0,4.331427345275879,99.0,customer-1,0,,waiter-1,-1.5115242004394531,2.200000047683716,0.4741579483541436,0.0,6.165365137307974,0,0,waiter-2,1.1348172426223755,2.549999952316284,0.5000136853356629,0.0,8.77069949989886,0,0,customer-1,-7.4381103515625,-2.549999952316284,-0.44898631090313224,0.0,5.558581426309605,0,0,customer-2,2.096970558166504,-2.200000047683716,-0.415250796758162,0.0,11.027017879824438,0,0
3,168,6.720000000000005,to_table,-7.618395805358887,3.0049984455108643,-0.625157454749695,0.04932904243469238,-0.02685493230819702,0.20000000298023224,0.8767774105072021,0.20000000298023224,0.8767774105072021,0,nominal-sac-a-star,4.278670902198654,99.0,99.0,4.355456600189209,99.0,customer-1,0,,waiter-1,-1.4925580024719238,2.200000047683716,0.474158385323431,0.0,6.178503961946067,0,0,waiter-2,1.1548177003860474,2.549999952316284,0.500012953970792,0.0,8.785004202969663,0,0,customer-1,-7.4560699462890625,-2.549999952316284,-0.44898577631525605,0.0,5.557369601203877,0,0,customer-2,2.0803604125976562,-2.200000047683716,-0.4152489185791097,0.0,11.007174091905178,0,0
3,169,6.760000000000005,to_table,-7.6104888916015625,3.0018858909606934,-0.5883617803366437,0.5151848793029785,-0.6136263012886047,0.20000000298023224,0.8063648343086243,0.20000000298023224,0.8063648343086243,0,nominal-sac-a-star,4.2973515892988345,99.0,99.0,4.378956565856933,99.0,customer-1,0,,waiter-1,-1.4735913276672363,2.200000047683716,0.4741540539211364,0.0,6.189065568877995,0,0,waiter-2,1.1748180389404297,2.549999952316284,0.5000134146988167,0.0,8.79692098210355,0,0,customer-1,-7.474029541015625,-2.549999952316284,-0.44898524172737986,0.0,5.553562601712675,0,0,customer-2,2.0637502670288086,-2.200000047683716,-0.41524704040005744,0.0,10.984103086599456,0,0
3,170,6.800000000000005,to_table,-7.600934028625488,2.996751308441162,-0.5562164561983018,-0.2820146083831787,0.05992114543914795,0.20000000298023224,0.8603121042251587,0.20000000298023224,0.8603121042251587,0,nominal-sac-a-star,4.31512168907287,99.0,99.0,4.397467861175537,99.0,customer-1,0,,waiter-1,-1.454625129699707,2.200000047683716,0.47415449089042383,0.0,6.197735526184772,0,0,waiter-2,1.1948184967041016,2.549999952316284,0.5000126833339458,0.0,8.807090851185837,0,0,customer-1,-7.491988658905029,-2.549999952316284,-0.4489894755110857,0.0,5.547821071582775,0,0,customer-2,2.047140598297119,-2.200000047683716,-0.4152499305925872,0.0,10.958629871660671,0,0
3,171,6.840000000000005,to_table,-7.589785575866699,2.992877244949341,-0.5242636215221722,-0.5181794762611389,0.9359171390533447,0.20000000298023224,0.9423791766166687,0.20000000298023224,0.9423791766166687,0,nominal-sac-a-star,4.32959015279462,99.0,99.0,4.4159252738952635,99.0,customer-1,0,,waiter-1,-1.4356589317321777,2.200000047683716,0.47415492785971125,0.0,6.204992264458532,0,0,waiter-2,1.2148188352584839,2.549999952316284,0.5000131440619704,0.0,8.815735881520897,0,0,customer-1,-7.509948253631592,-2.549999952316284,-0.4489889409232095,0.0,5.5434521394153755,0,0,customer-2,2.0305304527282715,-2.200000047683716,-0.4152480524135349,0.0,10.932358165848086,0,0
3,172,6.880000000000005,to_table,-7.57736873626709,2.989163637161255,-0.4918702147622685,-0.017046809196472168,-0.6532269716262817,0.20000000298023224,0.7266362309455872,0.20000000298023224,0.7266362309455872,0,nominal-sac-a-star,4.34590605238843,99.0,99.0,4.433425197601318,99.0,customer-1,0,,waiter-1,-1.4166927337646484,2.200000047683716,0.47415536482899867,0.0,6.211015052208982,0,0,waiter-2,1.2348191738128662,2.549999952316284,0.500013604789995,0.0,8.823124191840776,0,0,customer-1,-7.527907848358154,-2.549999952316284,-0.4489884063353333,0.0,5.5393844107830645,0,0,customer-2,2.013920783996582,-2.200000047683716,-0.41525094260606465,0.0,10.905056368934256,0,0
3,173,6.920000000000005,to_table,-7.564583778381348,2.9839138984680176,-0.4608379021499257,-0.5558941960334778,0.4417695999145508,0.20000000298023224,0.8332023620605469,0.20000000298023224,0.8332023620605469,0,nominal-sac-a-star,4.362946053108838,99.0,99.0,4.447292098999023,99.0,customer-1,0,,waiter-1,-1.3977265357971191,2.200000047683716,0.4741558017982861,0.0,6.216482057873652,0,0,waiter-2,1.254819631576538,2.549999952316284,0.5000128734251241,0.0,8.830071223962,0,0,customer-1,-7.545867443084717,-2.549999952316284,-0.44898787174745713,0.0,5.533945501096778,0,0,customer-2,1.9973106384277344,-2.200000047683716,-0.41524906442701237,0.0,10.87670853886005,0,0
3,174,6.960000000000005,to_table,-7.551446437835693,2.9762887954711914,-0.43284493573833555,-0.2525603175163269,0.17911207675933838,0.20000000298023224,0.7839922904968262,0.20000000298023224,0.7839922904968262,0,nominal-sac-a-star,4.376597471955127,99.0,99.0,4.456195602416992,99.0,customer-1,0,,waiter-1,-1.3787603378295898,2.200000047683716,0.4741562387675735,0.0,6.221308375988929,0,0,waiter-2,1.2748199701309204,2.549999952316284,0.5000133341531487,0.0,8.836554808419299,0,0,customer-1,-7.563827037811279,-2.549999952316284,-0.44898733715958095,0.0,5.526302615961075,0,0,customer-2,1.9807004928588867,-2.200000047683716,-0.4152471862479601,0.0,10.846925430559578,0,0
3,175,7.000000000000005,to_table,-7.537769794464111,2.969453811645508,-0.4048624252710361,-0.1185416579246521,0.9676645994186401,0.20000000298023224,0.8731051683425903,0.20000000298023224,0.8731051683425903,0,nominal-sac-a-star,4.38530469053458,99.0,99.0,4.4646008110046385,99.0,customer-1,0,,waiter-1,-1.3597941398620605,2.200000047683716,0.47415667573686093,0.0,6.2257081752785846,0,0,waiter-2,1.2948203086853027,2.549999952316284,0.5000137948811734,0.0,8.842544287158486,0,0,customer-1,-7.581786632537842,-2.549999952316284,-0.44898680257170476,0.0,5.519629275100457,0,0,customer-2,1.9640908241271973,-2.200000047683716,-0.41525007644048983,0.0,10.817051743375837,0,0
3,176,7.040000000000005,to_table,-7.523649215698242,2.9648871421813965,-0.376704515889872,-0.5668314099311829,0.6838504076004028,0.20000000298023224,0.8331711888313293,0.20000000298023224,0.8331711888313293,0,nominal-sac-a-star,4.393513467674931,99.0,99.0,4.473992118835449,99.0,customer-1,0,,waiter-1,-1.3408279418945312,2.200000047683716,0.47415711270614835,0.0,6.229954347435369,0,0,waiter-2,1.3148207664489746,2.549999952316284,0.5000130635163025,0.0,8.848202247102606,0,0,customer-1,-7.599746227264404,-2.549999952316284,-0.44898626798382857,0.0,5.5154120807267315,0,0,customer-2,1.9474806785583496,-2.200000047683716,-0.41524819826143755,0.0,10.787880290303264,0,0
3,177,7.080000000000005,to_table,-7.502965927124023,2.9574084281921387,-0.3605923179810692,-0.5804006457328796,0.6883689165115356,0.7799999713897705,0.39481741189956665,0.7799999713897705,0.39481741189956665,0,nominal-sac-a-star,4.086278011858793,99.0,99.0,3.8803767585754394,99.0,waiter-1,0,,waiter-1,-1.321861743927002,2.200000047683716,0.4741575496754358,0.0,6.227336218512704,0,0,waiter-2,1.334821105003357,2.549999952316284,0.5000135242443271,0.0,8.847172502639156,0,0,customer-1,-7.617705821990967,-2.549999952316284,-0.4489857333959524,0.0,5.508603481207237,0,0,customer-2,1.9308710098266602,-2.200000047683716,-0.4152510884539673,0.0,10.7515646089307,0,0
3,178,7.120000000000005,to_table,-7.471349239349365,2.9475789070129395,-0.35094721289070335,-0.6643173694610596,0.2324059009552002,0.7799999713897705,0.33212438225746155,0.7799999713897705,0.33212438225746155,0,nominal-sac-a-star,4.074036824186598,99.0,99.0,3.8597230339050292,99.0,waiter-1,0,,waiter-1,-1.3028955459594727,2.200000047683716,0.4741579866447232,0.0,6.213589551813943,0,0,waiter-2,1.3548215627670288,2.549999952316284,0.5000127928794562,0.0,8.835120828452185,0,0,customer-1,-7.635665416717529,-2.549999952316284,-0.4489851988080762,0.0,5.5000339199579935,0,0,customer-2,1.9142608642578125,-2.200000047683716,-0.415249210274915,0.0,10.704543246293559,0,0
3,179,7.1600000000000055,to_table,-7.4336066246032715,2.9373371601104736,-0.3403894639186371,-0.6871368885040283,0.337451696395874,0.7799999713897705,0.3489207625389099,0.7799999713897705,0.3489207625389099,0,nominal-sac-a-star,4.055238064110824,99.0,99.0,3.832444610595703,99.0,waiter-1,0,,waiter-1,-1.2839293479919434,2.200000047683716,0.4741584236140106,0.0,6.193722356049838,0,0,waiter-2,1.3748219013214111,2.549999952316284,0.5000132536074808,0.0,8.81694069441694,0,0,customer-1,-7.653624534606934,-2.549999952316284,-0.44898943259178203,0.0,5.491746212830525,0,0,customer-2,1.8976507186889648,-2.200000047683716,-0.41524733209586273,0.0,10.651976210700617,0,0
3,180,7.2000000000000055,to_table,-7.392940521240234,2.9262003898620605,-0.32921911013185,-0.6631835103034973,0.36177611351013184,0.7799999713897705,0.35694873332977295,0.7799999713897705,0.35694873332977295,0,nominal-sac-a-star,4.029945285185343,99.0,99.0,3.802053871154785,99.0,waiter-1,0,,waiter-1,-1.2649626731872559,2.200000047683716,0.474154092211716,0.0,6.170857269716094,0,0,waiter-2,1.394822359085083,2.549999952316284,0.50001252224261,0.0,8.79581168568502,0,0,customer-1,-7.671584129333496,-2.549999952316284,-0.44898889800390585,0.0,5.483284822805163,0,0,customer-2,1.8810410499572754,-2.200000047683716,-0.4152502222883925,0.0,10.596445871555497,0,0
3,181,7.2400000000000055,to_table,-7.3510661125183105,2.913425922393799,-0.3169566838572584,-0.9983193278312683,0.4180302619934082,0.7799999713897705,0.37373629212379456,0.7799999713897705,0.37373629212379456,0,nominal-sac-a-star,4.001576937398964,99.0,99.0,3.7699665451049804,99.0,waiter-1,0,,waiter-1,-1.2459964752197266,2.200000047683716,0.4741545291810034,0.0,6.146613031171794,0,0,waiter-2,1.4148226976394653,2.549999952316284,0.5000129829706346,0.0,8.773419234698412,0,0,customer-1,-7.689543724060059,-2.549999952316284,-0.44898836341602966,0.0,5.473900746448244,0,0,customer-2,1.8644309043884277,-2.200000047683716,-0.4152483441093402,0.0,10.539094383298792,0,0
3,182,7.280000000000006,to_table,-7.308362007141113,2.8999266624450684,-0.30478710967412975,-0.8504728674888611,0.6799367666244507,0.7799999713897705,0.4390800893306732,0.7799999713897705,0.4390800893306732,0,nominal-sac-a-star,3.9716100457565977,99.0,99.0,3.737492504119873,99.0,waiter-1,0,,waiter-1,-1.2270302772521973,2.200000047683716,0.47415496615029085,0.0,6.121477997592167,0,0,waiter-2,1.4348230361938477,2.549999952316284,0.5000134436986592,0.0,8.750184764018284,0,0,customer-1,-7.707503318786621,-2.549999952316284,-0.44898782882815347,0.0,5.464523208199068,0,0,customer-2,1.8478212356567383,-2.200000047683716,-0.41525123430186994,0.0,10.480693871322508,0,0
3,183,7.320000000000006,to_table,-7.265666484832764,2.886160373687744,-0.28916970350020105,-0.8009875416755676,0.9859435558319092,0.7799999713897705,0.494008332490921,0.7799999713897705,0.494008332490921,0,nominal-sac-a-star,3.941129998325936,99.0,99.0,3.7031068229675292,99.0,waiter-1,0,,waiter-1,-1.208064079284668,2.200000047683716,0.47415540311957827,0.0,6.096340123113541,0,0,waiter-2,1.4548234939575195,2.549999952316284,0.5000127123337883,0.0,8.726966786866923,0,0,customer-1,-7.725462913513184,-2.549999952316284,-0.4489872942402773,0.0,5.455570716785504,0,0,customer-2,1.8312110900878906,-2.200000047683716,-0.41524935612281766,0.0,10.422197918146622,0,0
3,184,7.360000000000006,to_table,-7.223291873931885,2.8753232955932617,-0.27500223770436893,0.09620881080627441,-0.9751120209693909,0.7799999713897705,0.28024822473526,0.7799999713897705,0.28024822473526,0,nominal-sac-a-star,3.9092662059192653,99.0,99.0,3.670600833892822,99.0,waiter-1,0,,waiter-1,-1.1890978813171387,2.200000047683716,0.4741558400888657,0.0,6.0718661570949495,0,0,waiter-2,1.4748238325119019,2.549999952316284,0.5000131730618129,0.0,8.704197385190952,0,0,customer-1,-7.743422508239746,-2.549999952316284,-0.4489867596524011,0.0,5.450198915732644,0,0,customer-2,1.814600944519043,-2.200000047683716,-0.4152474779437654,0.0,10.365443243615733,0,0
3,185,7.400000000000006,to_table,-7.179965019226074,2.8636667728424072,-0.2632714616007378,-0.43361586332321167,-0.029484570026397705,0.7799999713897705,0.3933188319206238,0.7799999713897705,0.3933188319206238,0,nominal-sac-a-star,3.8789557074078695,99.0,99.0,3.6390914344787597,99.0,waiter-1,0,,waiter-1,-1.1701316833496094,2.200000047683716,0.4741562770581531,0.0,6.046366698034027,0,0,waiter-2,1.4948241710662842,2.549999952316284,0.5000136337898375,0.0,8.680458188961692,0,0,customer-1,-7.761382102966309,-2.549999952316284,-0.4489862250645249,0.0,5.44479873240099,0,0,customer-2,1.7979912757873535,-2.200000047683716,-0.4152503681362951,0.0,10.307493434607094,0,0
3,186,7.440000000000006,to_table,-7.135282039642334,2.8523800373077393,-0.2513532478973302,-0.3300011157989502,0.004857897758483887,0.7799999713897705,0.4180181324481964,0.7799999713897705,0.4180181324481964,0,nominal-sac-a-star,3.8491006998532242,99.0,99.0,3.6064905548095703,99.0,waiter-1,0,,waiter-1,-1.15116548538208,2.200000047683716,0.47415671402744053,0.0,6.019572292599654,0,0,waiter-2,1.514824628829956,2.549999952316284,0.5000129024249667,0.0,8.655390175592792,0,0,customer-1,-7.779341697692871,-2.549999952316284,-0.4489856904766487,0.0,5.440636212376107,0,0,customer-2,1.7813811302185059,-2.200000047683716,-0.41524848995724284,0.0,10.248581687627368,0,0
3,187,7.480000000000006,to_table,-7.0904541015625,2.8398752212524414,-0.23615172385784225,-0.28879624605178833,0.022814154624938965,0.7799999713897705,0.4466523230075836,0.7799999713897705,0.4466523230075836,0,nominal-sac-a-star,3.818103521081099,99.0,99.0,3.5724338912963867,99.0,waiter-1,0,,waiter-1,-1.1321992874145508,2.200000047683716,0.47415715099672795,0.0,5.992515387386738,0,0,waiter-2,1.5348249673843384,2.549999952316284,0.5000133631529913,0.0,8.630148706062558,0,0,customer-1,-7.797301292419434,-2.549999952316284,-0.4489851558887725,0.0,5.43602679701589,0,0,customer-2,1.7647709846496582,-2.200000047683716,-0.41524661177819056,0.0,10.18898199301164,0,0
3,188,7.520000000000006,to_table,-7.045965671539307,2.8280208110809326,-0.22181637493587436,-0.20491564273834229,0.000896453857421875,0.7799999713897705,0.47927993535995483,0.7799999713897705,0.47927993535995483,0,nominal-sac-a-star,3.7859942215060807,99.0,99.0,3.5397700691223144,99.0,waiter-1,0,,waiter-1,-1.1132330894470215,2.200000047683716,0.47415758796601537,0.0,5.9658801504788395,0,0,waiter-2,1.5548253059387207,2.549999952316284,0.5000138238810159,0.0,8.605283321086858,0,0,customer-1,-7.815260410308838,-2.549999952316284,-0.44898938967247837,0.0,5.4327637282169805,0,0,customer-2,1.7481613159179688,-2.200000047683716,-0.4152495019707203,0.0,10.130037671583299,0,0
3,189,7.560000000000006,to_table,-7.000583648681641,2.8162641525268555,-0.2037460789129372,0.04619407653808594,0.055806756019592285,0.7799999713897705,0.4575345814228058,0.7799999713897705,0.4575345814228058,0,nominal-sac-a-star,3.7550181137730174,99.0,99.0,3.5052642250061035,99.0,waiter-1,0,,waiter-1,-1.0942668914794922,2.200000047683716,0.4741580249353028,0.0,5.938380173357464,0,0,waiter-2,1.5748257637023926,2.549999952316284,0.500013092516145,0.0,8.579542133139649,0,0,customer-1,-7.8332200050354,-2.549999952316284,-0.4489888550846022,0.0,5.430476382864583,0,0,customer-2,1.731551170349121,-2.200000047683716,-0.415247623791668,0.0,10.070406398157107,0,0
3,190,7.600000000000006,to_table,-6.955082416534424,2.806513547897339,-0.18844284777169684,0.07167744636535645,0.015648245811462402,0.7799999713897705,0.4792640805244446,0.7799999713897705,0.4792640805244446,0,nominal-sac-a-star,3.7224871110661875,99.0,99.0,3.472639503479004,99.0,waiter-1,0,,waiter-1,-1.0753002166748047,2.200000047683716,0.4741536935330082,0.0,5.910981081320376,0,0,waiter-2,1.5948262214660645,2.549999952316284,0.5000123611512741,0.0,8.5537557214871,0,0,customer-1,-7.851179599761963,-2.549999952316284,-0.448988320496726,0.0,5.430950841221004,0,0,customer-2,1.7149415016174316,-2.200000047683716,-0.41525051398419777,0.0,10.011717790872014,0,0
3,191,7.640000000000006,to_table,-6.909111499786377,2.7965352535247803,-0.1727935501530697,0.10601091384887695,0.07194530963897705,0.7799999713897705,0.5202286243438721,0.7799999713897705,0.5202286243438721,0,nominal-sac-a-star,3.691347124535345,99.0,99.0,3.440128746032715,99.0,waiter-1,0,,waiter-1,-1.0563340187072754,2.200000047683716,0.4741541305022956,0.0,5.883099395287697,0,0,waiter-2,1.6148264408111572,2.549999952316284,0.5000140139721942,0.0,8.527502428607106,0,0,customer-1,-7.869139194488525,-2.549999952316284,-0.4489877859088498,0.0,5.4320430670138355,0,0,customer-2,1.698331356048584,-2.200000047683716,-0.4152486358051455,0.0,9.952559345851045,0,0
3,192,7.680000000000006,to_table,-6.863071441650391,2.7881524562835693,-0.15533495894188257,0.8222634792327881,0.852328896522522,0.8199999928474426,0.5621720552444458,0.8199999928474426,0.5621720552444458,0,nominal-sac-a-star,3.5648203786542894,99.0,99.0,3.288590850830078,99.0,waiter-1,0,,waiter-1,-1.037367820739746,2.200000047683716,0.474154567471583,0.0,5.855317748374823,0,0,waiter-2,1.634826898574829,2.549999952316284,0.5000132826073234,0.0,8.501234781838955,0,0,customer-1,-7.887098789215088,-2.549999952316284,-0.4489872513209736,0.0,5.435485548320481,0,0,customer-2,1.6817212104797363,-2.200000047683716,-0.4152467576260932,0.0,9.894197636530823,0,0
3,193,7.720000000000006,to_table,-6.816883563995361,2.782398223876953,-0.14168201919242612,0.49203670024871826,-0.18800264596939087,0.7799999713897705,0.06753659248352051,0.7799999713897705,0.06753659248352051,0,nominal-sac-a-star,3.629245883790947,99.0,99.0,3.3774008178710937,99.0,waiter-1,0,,waiter-1,-1.0184016227722168,2.200000047683716,0.47415500444087044,0.0,5.827656515128885,0,0,waiter-2,1.654827356338501,2.549999952316284,0.5000125512424525,0.0,8.474897927074307,0,0,customer-1,-7.90505838394165,-2.549999952316284,-0.4489867167330974,0.0,5.442296826546133,0,0,customer-2,1.6651115417480469,-2.200000047683716,-0.41524964781862295,0.0,9.837099852614381,0,0
3,194,7.760000000000006,to_table,-6.7709832191467285,2.775912046432495,-0.14111021078145752,0.15905320644378662,-0.39311909675598145,0.7799999713897705,0.03182476758956909,0.7799999713897705,0.03182476758956909,0,nominal-sac-a-star,3.599575607566905,99.0,99.0,3.350029888153076,99.0,waiter-1,0,,waiter-1,-0.9994354248046875,2.200000047683716,0.47415544141015786,0.0,5.8002102179729045,0,0,waiter-2,1.6748276948928833,2.549999952316284,0.5000130119704771,0.0,8.448831769539419,0,0,customer-1,-7.923017978668213,-2.549999952316284,-0.44898618214522124,0.0,5.449084575005415,0,0,customer-2,1.6485013961791992,-2.200000047683716,-0.41524776963957066,0.0,9.77995001807688,0,0
3,195,7.800000000000006,to_table,-6.725131511688232,2.769404411315918,-0.14046737193237074,0.1443471908569336,-0.4305133819580078,0.7799999713897705,0.06096087023615837,0.7799999713897705,0.06096087023615837,0,nominal-sac-a-star,3.5721886247839665,99.0,99.0,3.3226961517333984,99.0,waiter-1,0,,waiter-1,-0.9804697036743164,2.200000047683716,0.4741606467510273,0.0,5.772812193184281,0,0,waiter-2,1.6948280334472656,2.549999952316284,0.5000134726985017,0.0,8.422817643659828,0,0,customer-1,-7.940977573394775,-2.549999952316284,-0.44898564755734505,0.0,5.4565872511668525,0,0,customer-2,1.6318917274475098,-2.200000047683716,-0.4152506598321004,0.0,9.722901732331778,0,0
3,196,7.840000000000006,to_table,-6.678275108337402,2.7629642486572266,-0.13845832645679096,0.9623317718505859,-0.03655898571014404,0.8199999928474426,0.11838168650865555,0.8199999928474426,0.11838168650865555,0,nominal-sac-a-star,3.4491157662211513,99.0,99.0,3.174525680541992,99.0,waiter-1,0,,waiter-1,-0.9615030288696289,2.200000047683716,0.4741563153487327,0.0,5.744424401118012,0,0,waiter-2,1.7148284912109375,2.549999952316284,0.5000127413336308,0.0,8.395805013473533,0,0,customer-1,-7.958937168121338,-2.549999952316284,-0.44898511296946,0.0,5.4651334761555574,0,0,customer-2,1.615281581878662,-2.200000047683716,-0.4152487816530481,0.0,9.665096853140303,0,0
3,197,7.880000000000006,to_table,-6.63170051574707,2.7565250396728516,-0.13679623244474703,-0.26456379890441895,-0.6048504114151001,0.7799999713897705,0.06071631610393524,0.7799999713897705,0.06071631610393524,0,nominal-sac-a-star,3.3605369480369482,99.0,99.0,3.265857162475586,99.0,waiter-1,0,,waiter-1,-0.9425363540649414,2.200000047683716,0.37657557418954823,0.0,5.716319526170386,0,0,waiter-2,1.7348288297653198,2.549999952316284,0.5000132020616554,0.0,8.369077960028072,0,0,customer-1,-7.976896286010742,-2.549999952316284,-0.4489893467531658,0.0,5.474372945912671,0,0,customer-2,1.5986714363098145,-2.200000047683716,-0.41524690347399584,0.0,9.607609661658808,0,0
3,198,7.920000000000006,to_table,-6.5854926109313965,2.7497992515563965,-0.1352926869410875,-0.21063077449798584,-0.5535306930541992,0.7799999713897705,0.08105070888996124,0.7799999713897705,0.08105070888996124,0,nominal-sac-a-star,2.727018222021051,99.0,99.0,3.238001766204834,99.0,waiter-1,0,,waiter-1,-0.9235706329345703,2.200000047683716,-0.0027440537587430924,0.0,5.688553388120966,0,0,waiter-2,1.7548291683197021,2.549999952316284,0.5000136627896801,0.0,8.342714614645946,0,0,customer-1,-7.994855880737305,-2.549999952316284,-0.44898881216528963,0.0,5.483992745039648,0,0,customer-2,1.582061767578125,-2.200000047683716,-0.4152497936665256,0.0,9.550364266805113,0,0
3,199,7.960000000000006,to_table,-6.539738655090332,2.7438035011291504,-0.13321321597390154,-0.1586788296699524,-0.5742884874343872,0.7799999713897705,0.09827539324760437,0.7799999713897705,0.09827539324760437,0,nominal-sac-a-star,2.094424011419935,99.0,99.0,3.2105397605895996,99.0,waiter-1,0,,waiter-1,-0.9046039581298828,2.200000047683716,-0.3820732184501985,0.0,5.661313032227304,0,0,waiter-2,1.774829626083374,2.549999952316284,0.5000129314248092,0.0,8.316826649499937,0,0,customer-1,-8.012815475463867,-2.549999952316284,-0.44898827757741344,0.0,5.494934969809253,0,0,customer-2,1.5654516220092773,-2.200000047683716,-0.4152479154874733,0.0,9.49396139434139,0,0
3,200,8.000000000000005,to_table,-6.493872165679932,2.737724542617798,-0.13038688647326285,-0.114402174949646,-0.5831975340843201,0.7799999713897705,0.11149433255195618,0.7799999713897705,0.11149433255195618,0,nominal-sac-a-star,1.8917665826165617,99.0,99.0,1.2628256702423095,99.0,waiter-1,0,,waiter-1,-0.9143615365028381,2.200000047683716,-0.47415985136522565,0.0,5.60536229815275,0,0,waiter-2,1.7948299646377563,2.549999952316284,0.5000133921528338,0.0,8.2908276744205,0,0,customer-1,-8.03077507019043,-2.549999952316284,-0.44898774298953725,0.0,5.506550723658023,0,0,customer-2,1.548841953277588,-2.200000047683716,-0.41525080568000305,0.0,9.437498319414255,0,0
3,201,8.040000000000004,to_table,-6.447902679443359,2.731663227081299,-0.12694115971609266,-0.07845675945281982,-0.5950219035148621,0.7799999713897705,0.127618208527565,0.7799999713897705,0.127618208527565,0,nominal-sac-a-star,1.826474937387753,99.0,99.0,1.1974002742767333,99.0,waiter-1,0,,waiter-1,-0.9333277940750122,2.200000047683716,-0.4741596922880653,0.0,5.540144574166135,0,0,waiter-2,1.8148303031921387,2.549999952316284,0.5000138528808584,0.0,8.264729752855255,0,0,customer-1,-8.048734664916992,-2.549999952316284,-0.44898720840166106,0.0,5.518933682000504,0,0,customer-2,1.5322318077087402,-2.200000047683716,-0.4152489275009419,0.0,9.381036674520589,0,0
3,202,8.080000000000004,to_table,-6.4017791748046875,2.725614070892334,-0.1233093883609449,0.00847482681274414,-0.6179625988006592,0.7799999713897705,0.12758761644363403,0.7799999713897705,0.12758761644363403,0,nominal-sac-a-star,1.7610789299793272,99.0,99.0,1.1318790340423583,99.0,waiter-1,0,,waiter-1,-0.9522940516471863,2.200000047683716,-0.474159533210905,0.0,5.474774717639848,0,0,waiter-2,1.8348307609558105,2.549999952316284,0.5000131215159875,0.0,8.238481871832443,0,0,customer-1,-8.066694259643555,-2.549999952316284,-0.4489866738137849,0.0,5.532092331261241,0,0,customer-2,1.5156216621398926,-2.200000047683716,-0.4152470493218807,0.0,9.324532720622866,0,0
3,203,8.120000000000003,to_table,-6.355868339538574,2.719984531402588,-0.11982134110318876,0.7645337581634521,-0.5556271076202393,0.7799999713897705,0.15167774260044098,0.7799999713897705,0.15167774260044098,0,nominal-sac-a-star,1.6955637219715034,99.0,99.0,1.0666906261444091,99.0,waiter-1,0,,waiter-1,-0.9712603092193604,2.200000047683716,-0.47415937413374465,0.0,5.409656874838417,0,0,waiter-2,1.8548312187194824,2.549999952316284,0.5000123901511166,0.0,8.212458949249378,0,0,customer-1,-8.084653854370117,-2.549999952316284,-0.4489861392259087,0.0,5.546299290060809,0,0,customer-2,1.4990119934082031,-2.200000047683716,-0.4152499395144016,0.0,9.268516240659078,0,0
3,204,8.160000000000002,to_table,-6.309953689575195,2.7145607471466064,-0.11536303490301869,0.3534444570541382,-0.698171079158783,0.7799999713897705,0.15478472411632538,0.7799999713897705,0.15478472411632538,0,nominal-sac-a-star,1.630353234238147,99.0,99.0,1.001603307723999,99.0,waiter-1,0,,waiter-1,-0.9902265071868896,2.200000047683716,-0.47415981110303207,0.0,5.344555174050761,0,0,waiter-2,1.8748314380645752,2.549999952316284,0.5000140429720368,0.0,8.186439265079072,0,0,customer-1,-8.10261344909668,-2.549999952316284,-0.4489856046380325,0.0,5.561405251529224,0,0,customer-2,1.4824018478393555,-2.200000047683716,-0.4152480613353404,0.0,9.212693017112773,0,0
3,205,8.200000000000001,to_table,-6.263968467712402,2.7092485427856445,-0.11103513103799263,0.4468487501144409,-0.7321120500564575,0.7799999713897705,0.1397542953491211,0.7799999713897705,0.1397542953491211,0,nominal-sac-a-star,1.5651975212268687,99.0,99.0,0.9365823888778686,99.0,waiter-1,0,,waiter-1,-1.009192705154419,2.200000047683716,-0.4741602480723195,0.0,5.279394126652264,0,0,waiter-2,1.894831895828247,2.549999952316284,0.5000133116071659,0.0,8.160354372555,0,0,customer-1,-8.120573043823242,-2.549999952316284,-0.4489850700501563,0.0,5.577335859105816,0,0,customer-2,1.465792179107666,-2.200000047683716,-0.4152509515278613,0.0,9.156960269661194,0,0
3,206,8.24,to_table,-6.217668056488037,2.7040202617645264,-0.10634421674326267,0.4783592224121094,-0.7335668206214905,0.7799999713897705,0.15669982135295868,0.7799999713897705,0.15669982135295868,0,nominal-sac-a-star,1.5000588968790751,99.0,99.0,0.871409478187561,99.0,waiter-1,0,,waiter-1,-1.0281590223312378,2.200000047683716,-0.4741594929487114,0.0,5.213927539945018,0,0,waiter-2,1.9148322343826294,2.549999952316284,0.5000137723351905,0.0,8.133958644887127,0,0,customer-1,-8.138531684875488,-2.549999952316284,-0.4489940722054442,0.0,5.594143856644337,0,0,customer-2,1.4491820335388184,-2.200000047683716,-0.4152490733488001,0.0,9.101099136830982,0,0
3,207,8.28,to_table,-6.172109127044678,2.6998066902160645,-0.09531658517265106,-0.23416924476623535,0.9469237327575684,0.7799999713897705,0.3797299861907959,0.7799999713897705,0.3797299861907959,0,nominal-sac-a-star,1.4347008487680797,99.0,99.0,0.8079614067077636,99.0,waiter-1,0,,waiter-1,-1.047125220298767,2.200000047683716,-0.4741599299179988,0.0,5.1492976923386395,0,0,waiter-2,1.9348326921463013,2.549999952316284,0.5000130409703196,0.0,8.108325827103133,0,0,customer-1,-8.15649127960205,-2.549999952316284,-0.448993537617568,0.0,5.61232949062731,0,0,customer-2,1.4325718879699707,-2.200000047683716,-0.41524719516973896,0.0,9.046506475368949,0,0
3,208,8.319999999999999,to_table,-6.125844478607178,2.6947007179260254,-0.08683906038047101,0.28023672103881836,-0.5243661999702454,0.7799999713897705,0.17258238792419434,0.7799999713897705,0.17258238792419434,0,nominal-sac-a-star,1.3706265163820657,99.0,99.0,0.7440065765380859,99.0,waiter-1,0,,waiter-1,-1.066091537475586,2.200000047683716,-0.47415917479439074,0.0,5.0838792844075265,0,0,waiter-2,1.9548330307006836,2.549999952316284,0.5000135016983442,0.0,8.081972984426633,0,0,customer-1,-8.174450874328613,-2.549999952316284,-0.4489930030296918,0.0,5.63060150295072,0,0,customer-2,1.4159622192382812,-2.200000047683716,-0.4152500853622598,0.0,8.99093676167991,0,0
3,209,8.359999999999998,to_table,-6.07947301864624,2.690203905105591,-0.08087644109747895,0.1415952444076538,-0.4651713967323303,0.7799999713897705,0.1937001496553421,0.7799999713897705,0.1937001496553421,0,nominal-sac-a-star,1.3059535007710834,99.0,99.0,0.6800122880935668,99.0,waiter-1,0,,waiter-1,-1.0850577354431152,2.200000047683716,-0.47415961176367816,0.0,5.018414475003459,0,0,waiter-2,1.9748334884643555,2.549999952316284,0.5000127703334734,0.0,8.05552670275891,0,0,customer-1,-8.192410469055176,-2.549999952316284,-0.4489924684418156,0.0,5.650154080791046,0,0,customer-2,1.3993520736694336,-2.200000047683716,-0.41524820718319866,0.0,8.935710350124756,0,0
3,210,8.399999999999997,to_table,-6.033631801605225,2.6866531372070312,-0.07100867540981133,-0.5517229437828064,0.7997362613677979,0.7799999713897705,0.36604544520378113,0.7799999713897705,0.36604544520378113,0,nominal-sac-a-star,1.241252226580014,99.0,99.0,0.618109049797058,99.0,waiter-1,0,,waiter-1,-1.1040239334106445,2.200000047683716,-0.4741600487329656,0.0,4.953570930521587,0,0,waiter-2,1.9948338270187378,2.549999952316284,0.500013231061498,0.0,8.029628537045605,0,0,customer-1,-8.210370063781738,-2.549999952316284,-0.44899193385393943,0.0,5.6710426767956275,0,0,customer-2,1.3827424049377441,-2.200000047683716,-0.4152510973757195,0.0,8.881553114229444,0,0
3,211,8.439999999999996,to_table,-5.9874958992004395,2.683286190032959,-0.060993485670497505,0.3879408836364746,-0.3409841060638428,0.7799999713897705,0.24817830324172974,0.7799999713897705,0.24817830324172974,0,nominal-sac-a-star,1.1779691022197065,99.0,99.0,0.5568380975723266,99.0,waiter-1,0,,waiter-1,-1.1229902505874634,2.200000047683716,-0.4741592936093575,0.0,4.888453814937231,0,0,waiter-2,2.01483416557312,2.549999952316284,0.5000136917895226,0.0,8.003439990825411,0,0,customer-1,-8.2283296585083,-2.549999952316284,-0.44899139926606324,0.0,5.692856908842732,0,0,customer-2,1.3661322593688965,-2.200000047683716,-0.41524921919665836,0.0,8.82736266242511,0,0
3,212,8.479999999999995,to_table,-5.941015720367432,2.6799862384796143,-0.05357640958303873,0.3031526803970337,-0.32483839988708496,0.7799999713897705,0.20372171700000763,0.7799999713897705,0.20372171700000763,0,nominal-sac-a-star,1.114902279614483,99.0,99.0,0.49509173870086665,99.0,waiter-1,0,,waiter-1,-1.1419564485549927,2.200000047683716,-0.4741597305786449,0.0,4.823002865199615,0,0,waiter-2,2.034834623336792,2.549999952316284,0.5000129604246517,0.0,7.976909498029755,0,0,customer-1,-8.246289253234863,-2.549999952316284,-0.44899086467818705,0.0,5.715508867743526,0,0,customer-2,1.3495221138000488,-2.200000047683716,-0.4152473410175972,0.0,8.773038701873464,0,0
3,213,8.519999999999994,to_table,-5.894761085510254,2.6774582862854004,-0.046275486238204315,0.2647120952606201,-0.32920920848846436,0.7799999713897705,0.22046931087970734,0.7799999713897705,0.22046931087970734,0,nominal-sac-a-star,1.0513971605844872,99.0,99.0,0.43436008930206293,99.0,waiter-1,0,,waiter-1,-1.1609227657318115,2.200000047683716,-0.4741589754550368,0.0,4.757855778332442,0,0,waiter-2,2.0548348426818848,2.549999952316284,0.5000146132455718,0.0,7.950617652008378,0,0,customer-1,-8.264248847961426,-2.549999952316284,-0.44899033009031086,0.0,5.739406928658264,0,0,customer-2,1.3329124450683594,-2.200000047683716,-0.41525023121011806,0.0,8.719453220485303,0,0
3,214,8.559999999999993,to_table,-5.848775386810303,2.675585985183716,-0.03872202263534171,0.2632710933685303,-0.33649933338165283,0.7799999713897705,0.2405272275209427,0.7799999713897705,0.2405272275209427,0,nominal-sac-a-star,0.9885476813813292,99.0,99.0,0.3749410533905029,99.0,waiter-1,0,,waiter-1,-1.1798889636993408,2.200000047683716,-0.47415941242432424,0.0,4.693046176616806,0,0,waiter-2,2.0748353004455566,2.549999952316284,0.500013881880701,0.0,7.924605868738625,0,0,customer-1,-8.282208442687988,-2.549999952316284,-0.4489897955024347,0.0,5.764403249915464,0,0,customer-2,1.3163022994995117,-2.200000047683716,-0.4152483530310569,0.0,8.666583953020174,0,0
3,215,8.599999999999993,to_table,-5.8023576736450195,2.673563003540039,-0.0319644958187005,0.2621800899505615,-0.34321415424346924,0.7799999713897705,0.18898028135299683,0.7799999713897705,0.18898028135299683,0,nominal-sac-a-star,0.9265139386529633,99.0,99.0,0.3154618167877197,99.0,waiter-1,0,,waiter-1,-1.1988551616668701,2.200000047683716,-0.47415984939361167,0.0,4.627796154861244,0,0,waiter-2,2.0948357582092285,2.549999952316284,0.5000131505158301,0.0,7.8981600343212595,0,0,customer-1,-8.30016803741455,-2.549999952316284,-0.4489892609145585,0.0,5.790048926144659,0,0,customer-2,1.2996926307678223,-2.200000047683716,-0.41525124322357776,0.0,8.613404398997178,0,0
3,216,8.639999999999992,to_table,-5.756065368652344,2.6719744205474854,-0.02495998755604163,0.20360136032104492,-0.4040202498435974,0.7799999713897705,0.19712655246257782,0.7799999713897705,0.19712655246257782,0,nominal-sac-a-star,0.8641684471182598,99.0,99.0,0.25726872920989985,99.0,waiter-1,0,,waiter-1,-1.2178213596343994,2.200000047683716,-0.4741602863628991,0.0,4.5627205145644645,0,0,waiter-2,2.1148362159729004,2.549999952316284,0.5000124191509592,0.0,7.8718466401319365,0,0,customer-1,-8.318127632141113,-2.549999952316284,-0.4489887263266823,0.0,5.816629556095107,0,0,customer-2,1.2830824851989746,-2.200000047683716,-0.4152493650445166,0.0,8.560708950050593,0,0
3,217,8.67999999999999,to_table,-5.717223167419434,2.6697640419006348,-0.019679682477832378,-0.9762837886810303,-0.5556098222732544,0.7799999713897705,-0.2520480155944824,0.30000001192092896,0.44999998807907104,1,dwa-left-arc,2.2308762572092578,0.24400336009250267,99.0,1.6108319187164306,99.0,waiter-1,0,,waiter-1,-1.2367876768112183,2.200000047683716,-0.474159531239291,0.0,4.504995049471677,0,0,waiter-2,2.1348366737365723,2.549999952316284,0.5000116877860883,0.0,7.852973143099933,0,0,customer-1,-8.336087226867676,-2.549999952316284,-0.4489881917388061,0.0,5.83989598513476,0,0,customer-2,1.266472339630127,-2.200000047683716,-0.41524748686545543,0.0,8.513906578262972,0,0
3,218,8.71999999999999,to_table,-5.685179710388184,2.670715570449829,-0.012498356307011783,0.5379561185836792,0.39132893085479736,0.7799999713897705,-0.09397293627262115,0.30000001192092896,0.44999998807907104,1,dwa-left-arc,2.177425115124337,0.24354509862888252,99.0,1.5617589378356933,99.0,waiter-1,0,,waiter-1,-1.2557538747787476,2.200000047683716,-0.4741599682085784,0.0,4.454367108415889,0,0,waiter-2,2.154836893081665,2.549999952316284,0.5000133406070084,0.0,7.840945899771549,0,0,customer-1,-8.354046821594238,-2.549999952316284,-0.4489876571509299,0.0,5.863337123765646,0,0,customer-2,1.2498626708984375,-2.200000047683716,-0.4152503770579763,0.0,8.47459045989667,0,0
3,219,8.75999999999999,to_table,-5.658343315124512,2.670565128326416,-0.0027085524260499587,0.5237381458282471,0.40538549423217773,0.7799999713897705,-0.11426596343517303,0.30000001192092896,0.44999998807907104,1,dwa-left-arc,2.132501141612245,0.23898319610134378,99.0,1.5181702995300292,99.0,waiter-1,0,,waiter-1,-1.2747201919555664,2.200000047683716,-0.47415921308497033,0.0,4.408807455662101,0,0,waiter-2,2.174837350845337,2.549999952316284,0.5000126092421375,0.0,7.834108456448008,0,0,customer-1,-8.3720064163208,-2.549999952316284,-0.44898712256305373,0.0,5.883729020614409,0,0,customer-2,1.2332525253295898,-2.200000047683716,-0.41524849887891513,0.0,8.438986808967465,0,0
3,220,8.799999999999988,to_table,-5.6354804039001465,2.6691513061523438,0.01057860500628637,0.5019760131835938,0.39631903171539307,0.7799999713897705,-0.1373022347688675,0.30000001192092896,0.44999998807907104,1,dwa-left-arc,2.0938296498759907,0.23424751049808457,99.0,1.4790608310699462,99.0,waiter-1,0,,waiter-1,-1.2936863899230957,2.200000047683716,-0.47415965005425775,0.0,4.36706745575674,0,0,waiter-2,2.1948375701904297,2.549999952316284,0.5000142620630577,0.0,7.831224464953543,0,0,customer-1,-8.389966011047363,-2.549999952316284,-0.44898658797517754,0.0,5.9014176956690525,0,0,customer-2,1.2166423797607422,-2.200000047683716,-0.41524662069985396,0.0,8.405963451557957,0,0
3,221,8.839999999999987,to_table,-5.614869117736816,2.6676580905914307,0.0262594705781132,0.4766625165939331,0.49720585346221924,0.7799999713897705,-0.14738160371780396,0.30000001192092896,0.44999998807907104,1,dwa-left-arc,2.0606863208480872,0.22909621757536636,99.0,1.4429051303863525,99.0,waiter-1,0,,waiter-1,-1.312652587890625,2.200000047683716,-0.4741600870235452,0.0,4.327559487144929,0,0,waiter-2,2.2148380279541016,2.549999952316284,0.5000135306981868,0.0,7.830591128694295,0,0,customer-1,-8.407925605773926,-2.549999952316284,-0.44898605338730135,0.0,5.918202429630618,0,0,customer-2,1.2000327110290527,-2.200000047683716,-0.41524951089237483,0.0,8.374782545644553,0,0
3,222,8.879999999999987,to_table,-5.596100807189941,2.6668126583099365,0.041728335380397524,0.5262551307678223,0.5209648609161377,0.7799999713897705,-0.16900098323822021,0.30000001192092896,0.44999998807907104,1,dwa-left-arc,2.0311670742273726,0.2229416429421902,99.0,1.4090158367156982,99.0,waiter-1,0,,waiter-1,-1.3316189050674438,2.200000047683716,-0.4741593318999371,0.0,4.289955699884322,0,0,waiter-2,2.2348384857177734,2.549999952316284,0.5000127993333159,0.0,7.831810481458776,0,0,customer-1,-8.425885200500488,-2.549999952316284,-0.44898551879942517,0.0,5.9348810878578435,0,0,customer-2,1.183422565460205,-2.200000047683716,-0.41524763271331366,0.0,8.345525931631324,0,0
3,223,8.919999999999986,to_table,-5.577922344207764,2.6659066677093506,0.057793959374216164,-0.7363352179527283,0.809073805809021,0.7799999713897705,-0.16019149124622345,0.30000001192092896,0.44999998807907104,1,dwa-left-arc,2.0036324119608873,0.21635054441802204,99.0,1.376211347579956,99.0,waiter-1,0,,waiter-1,-1.3505851030349731,2.200000047683716,-0.4741597688692245,0.0,4.25293417879822,0,0,waiter-2,2.2548389434814453,2.549999952316284,0.500012067968445,0.0,7.833618816140847,0,0,customer-1,-8.44384479522705,-2.549999952316284,-0.448984984211549,0.0,5.951402638377245,0,0,customer-2,1.1668128967285156,-2.200000047683716,-0.41525052290583453,0.0,8.316760284704321,0,0
3,224,8.959999999999985,to_table,-5.560352325439453,2.666599988937378,0.07518301288203197,0.43542909622192383,0.4637181758880615,0.7799999713897705,-0.2282680720090866,0.30000001192092896,0.44999998807907104,1,dwa-left-arc,1.9771404192417037,0.2096484418186022,99.0,1.3451072597503662,99.0,waiter-1,0,,waiter-1,-1.369551420211792,2.200000047683716,-0.4741590137456164,0.0,4.216696305454652,0,0,waiter-2,2.274839162826538,2.549999952316284,0.5000137207893651,0.0,7.836059036680101,0,0,customer-1,-8.461803436279297,-2.549999952316284,-0.44899398636683685,0.0,5.969198731461491,0,0,customer-2,1.150202751159668,-2.200000047683716,-0.41524864472677336,0.0,8.289471958605727,0,0
3,225,8.999999999999984,to_table,-5.5435614585876465,2.668116569519043,0.0923668416730082,0.042281270027160645,0.9905983209609985,0.7799999713897705,-0.1336241364479065,0.30000001192092896,0.44999998807907104,1,dwa-left-arc,1.9526409546735575,0.20085497029342525,99.0,1.315387668609619,99.0,waiter-1,0,,waiter-1,-1.3885176181793213,2.200000047683716,-0.47415945071490384,0.0,4.181330218211708,0,0,waiter-2,2.29483962059021,2.549999952316284,0.5000129894244942,0.0,7.839290976441428,0,0,customer-1,-8.47976303100586,-2.549999952316284,-0.44899345177896066,0.0,5.987488597844843,0,0,customer-2,1.1335926055908203,-2.200000047683716,-0.4152467665477122,0.0,8.263349550603596,0,0
3,226,9.039999999999983,to_table,-5.526188850402832,2.669813871383667,0.10987015206996509,-0.17995822429656982,0.6017460823059082,0.7799999713897705,-0.21054808795452118,0.30000001192092896,0.44999998807907104,1,dwa-left-arc,1.9291947077912226,0.19147370150420207,99.0,1.285750093460083,99.0,waiter-1,0,,waiter-1,-1.4074838161468506,2.200000047683716,-0.47415988768419126,0.0,4.145413874168071,0,0,waiter-2,2.3148398399353027,2.549999952316284,0.5000146422454144,0.0,7.841944038177527,0,0,customer-1,-8.497722625732422,-2.549999952316284,-0.4489929171910845,0.0,6.006369063919868,0,0,customer-2,1.1169829368591309,-2.200000047683716,-0.41524965674023306,0.0,8.236918052367386,0,0
3,227,9.079999999999982,to_table,-5.507580757141113,2.6711788177490234,0.12695386023879102,-0.17638885974884033,0.6096274852752686,0.7799999713897705,-0.24155041575431824,0.30000001192092896,0.44999998807907104,1,dwa-left-arc,1.9056250271666408,0.18191083857452917,99.0,1.2552222633361816,99.0,waiter-1,0,,waiter-1,-1.4264500141143799,2.200000047683716,-0.4741603246534787,0.0,4.108240204155326,0,0,waiter-2,2.3348402976989746,2.549999952316284,0.5000139108805435,0.0,7.843357209691949,0,0,customer-1,-8.515682220458984,-2.549999952316284,-0.4489923826032083,0.0,6.025726691660998,0,0,customer-2,1.1003727912902832,-2.200000047683716,-0.4152477785611719,0.0,8.209350378517515,0,0
3,228,9.119999999999981,to_table,-5.488973140716553,2.6728336811065674,0.14389279996510476,-0.1703193187713623,0.6152596473693848,0.7799999713897705,-0.27269598841667175,0.30000001192092896,0.44999998807907104,1,dwa-left-arc,1.8807085359680424,0.17301263475199313,99.0,1.225233974456787,99.0,waiter-1,0,,waiter-1,-1.4454163312911987,2.200000047683716,-0.4741595695298706,0.0,4.071108364554548,0,0,waiter-2,2.3548407554626465,2.549999952316284,0.5000131795156726,0.0,7.844775622210136,0,0,customer-1,-8.533641815185547,-2.549999952316284,-0.4489918480153321,0.0,6.045494065806841,0,0,customer-2,1.0837631225585938,-2.200000047683716,-0.41525066875369276,0.0,8.182015065679625,0,0
3,229,9.15999999999998,to_table,-5.470125198364258,2.6745522022247314,0.16076941255717972,-0.16484707593917847,0.622520923614502,0.7799999713897705,-0.30513978004455566,0.30000001192092896,0.44999998807907104,1,dwa-left-arc,1.8559744145929062,0.1640307347409653,99.0,1.1955294036865234,99.0,waiter-1,0,,waiter-1,-1.4643826484680176,2.200000047683716,-0.4741588144062625,0.0,4.033754221990819,0,0,waiter-2,2.3748412132263184,2.549999952316284,0.5000124481508017,0.0,7.84595508921263,0,0,customer-1,-8.55160140991211,-2.549999952316284,-0.4489913134274559,0.0,6.065594847816203,0,0,customer-2,1.067152976989746,-2.200000047683716,-0.4152487905746316,0.0,8.154585555320839,0,0
3,230,9.19999999999998,to_table,-5.451286792755127,2.6765549182891846,0.17763293089956225,-0.1589990258216858,0.628066897392273,0.7799999713897705,-0.3390692174434662,0.30000001192092896,0.44999998807907104,1,dwa-left-arc,1.8311707540116637,0.15515522723405573,99.0,1.1664361381530761,99.0,waiter-1,0,,waiter-1,-1.4833488464355469,2.200000047683716,-0.47415925137554993,0.0,3.996452938612019,0,0,waiter-2,2.3948416709899902,2.549999952316284,0.5000117167859308,0.0,7.847149038281592,0,0,customer-1,-8.569561004638672,-2.549999952316284,-0.4489907788395797,0.0,6.086091510645209,0,0,customer-2,1.0505428314208984,-2.200000047683716,-0.41524691239557043,0.0,8.127396680239492,0,0
3,231,9.239999999999979,to_table,-5.4323883056640625,2.6788151264190674,0.19435452560927627,-0.26646697521209717,-0.5904214382171631,0.7799999713897705,-0.5219371914863586,0.30000001192092896,0.44999998807907104,1,dwa-left-arc,1.8066354628219627,0.14614577619466873,99.0,1.1378394985198974,99.0,waiter-1,0,,waiter-1,-1.5023150444030762,2.200000047683716,-0.47415968834483735,0.0,3.9591337080860134,0,0,waiter-2,2.414841890335083,2.549999952316284,0.5000133696068509,0.0,7.848287399049548,0,0,customer-1,-8.587520599365234,-2.549999952316284,-0.44899024425170353,0.0,6.106993279705341,0,0,customer-2,1.033933162689209,-2.200000047683716,-0.4152498025880824,0.0,8.100379672283392,0,0
3,232,9.279999999999978,to_table,-5.413550853729248,2.6814494132995605,0.21100936404465911,0.8946825265884399,-0.5428172945976257,0.8199999928474426,-0.5550073385238647,0.30000001192092896,0.44999998807907104,1,dwa-left-arc,1.7822142322618564,0.13708258583708943,99.0,1.1099306964874267,99.0,waiter-1,0,,waiter-1,-1.5212812423706055,2.200000047683716,-0.47416012531412477,0.0,3.9219327147667715,0,0,waiter-2,2.434842348098755,2.549999952316284,0.5000126382419801,0.0,7.849493920711883,0,0,customer-1,-8.605480194091797,-2.549999952316284,-0.44898970966382734,0.0,6.1283338175126945,0,0,customer-2,1.0173230171203613,-2.200000047683716,-0.41524792440903013,0.0,8.073703461417825,0,0
3,233,9.319999999999977,to_table,-5.394718647003174,2.684401035308838,0.22752324133081345,-0.008790075778961182,0.049016714096069336,0.7799999713897705,-0.09059619158506393,0.30000001192092896,0.44999998807907104,1,dwa-left-arc,1.758108098856664,0.12781767938796884,99.0,1.0826174640655517,99.0,waiter-1,0,,waiter-1,-1.5402475595474243,2.200000047683716,-0.4741593701905167,0.0,3.884789785927226,0,0,waiter-2,2.4548425674438477,2.549999952316284,0.5000142910629002,0.0,7.850711745469997,0,0,customer-1,-8.62343978881836,-2.549999952316284,-0.44898917507595115,0.0,6.15008893519884,0,0,customer-2,1.0007133483886719,-2.200000047683716,-0.4152508146015421,0.0,8.047292982563798,0,0
3,234,9.359999999999976,to_table,-5.375952243804932,2.687711477279663,0.24397159711431843,-0.18511343002319336,0.1630840301513672,0.7799999713897705,-0.09832458198070526,0.30000001192092896,0.44999998807907104,1,dwa-left-arc,1.7341997103389228,0.11843644923182772,99.0,1.056016387939453,99.0,waiter-1,0,,waiter-1,-1.5592137575149536,2.200000047683716,-0.4741598071598041,0.0,3.8477727468349316,0,0,waiter-2,2.4748430252075195,2.549999952316284,0.5000135596980293,0.0,7.852002981409012,0,0,customer-1,-8.641399383544922,-2.549999952316284,-0.44898864048807496,0.0,6.172257775089769,0,0,customer-2,0.9841032028198242,-2.200000047683716,-0.41524893642248983,0.0,8.02122367444027,0,0
3,235,9.399999999999975,to_table,-5.357208728790283,2.6913328170776367,0.2602821989049318,-0.3529248833656311,0.26361775398254395,0.7799999713897705,-0.10861647129058838,0.30000001192092896,0.44999998807907104,1,dwa-left-arc,1.710609615902875,0.10886707407586904,99.0,1.0300478363037109,99.0,waiter-1,0,,waiter-1,-1.5781800746917725,2.200000047683716,-0.474159052036196,0.0,3.8108352704857107,0,0,waiter-2,2.4948434829711914,2.549999952316284,0.5000128283331584,0.0,7.85332406786387,0,0,customer-1,-8.659358978271484,-2.549999952316284,-0.4489881059001988,0.0,6.194817630057507,0,0,customer-2,0.9674930572509766,-2.200000047683716,-0.41524705824343755,0.0,7.995435565136399,0,0
3,236,9.439999999999975,to_table,-5.340743064880371,2.694932699203491,0.2692133387027539,-0.7397506833076477,0.5790567398071289,0.3400000035762787,-0.09395470470190048,0.18000000715255737,-0.09395470470190048,1,dwa-slow-forward,1.4857538706698277,0.598633351010708,99.0,1.3026630306243896,99.0,waiter-1,0,,waiter-1,-1.5971462726593018,2.200000047683716,-0.47415948900548344,0.0,3.7761720395485527,0,0,waiter-2,2.5148439407348633,2.549999952316284,0.5000120969682875,0.0,7.8569238703140805,0,0,customer-1,-8.677318572998047,-2.549999952316284,-0.4489875713123226,0.0,6.216273372395151,0,0,customer-2,0.9508829116821289,-2.200000047683716,-0.41524518006438527,0.0,7.971507010942458,0,0
3,237,9.479999999999974,to_table,-5.329367160797119,2.6981258392333984,0.2690539420279742,-0.7343298196792603,0.6518608331680298,0.3400000035762787,-0.10031256079673767,0.18000000715255737,0.0,1,dwa-slow-forward,1.4777179814533574,0.5285145984006028,99.0,1.2742955112457275,99.0,waiter-1,0,,waiter-1,-1.616112470626831,2.200000047683716,-0.47415992597477086,0.0,3.7465170089402555,0,0,waiter-2,2.534844160079956,2.549999952316284,0.5000137497892077,0.0,7.865606205359263,0,0,customer-1,-8.69527816772461,-2.549999952316284,-0.4489870367244464,0.0,6.234755907851134,0,0,customer-2,0.9342737197875977,-2.200000047683716,-0.2702220339606143,0.0,7.951404547941178,0,0
3,238,9.519999999999973,to_table,-5.314013481140137,2.701847791671753,0.26741839559884295,-0.6517798900604248,0.7047786712646484,0.3400000035762787,-0.09877434372901917,0.3400000035762787,-0.09877434372901917,0,nominal-sac-a-star,1.0639029380876996,0.5473411824441614,99.0,0.849607172012329,99.0,waiter-1,0,,waiter-1,-1.6350786685943604,2.200000047683716,-0.4741603629440583,0.0,3.713005859557336,0,0,waiter-2,2.554844617843628,2.549999952316284,0.5000130184243368,0.0,7.870323090461999,0,0,customer-1,-8.713237762451172,-2.549999952316284,-0.4489865021365702,0.0,6.255927624316538,0,0,customer-2,0.91766357421875,-2.200000047683716,0.06197899923728656,0.0,7.9285503821619425,0,0
3,239,9.559999999999972,to_table,-5.295644760131836,2.706493616104126,0.2651257649841035,-0.6833869218826294,0.6046252250671387,0.3400000035762787,-0.11425644159317017,0.3400000035762787,-0.11425644159317017,0,nominal-sac-a-star,1.0987610671033123,99.0,99.0,0.8159378194808959,99.0,waiter-1,0,,waiter-1,-1.6540449857711792,2.200000047683716,-0.4741596078204502,0.0,3.6766540021430933,0,0,waiter-2,2.5748448371887207,2.549999952316284,0.5000146712452569,0.0,7.872045272248937,0,0,customer-1,-8.731197357177734,-2.549999952316284,-0.448985967548694,0.0,6.279629470113181,0,0,customer-2,0.9010534286499023,-2.200000047683716,0.3941800324351874,0.0,7.903970427300517,0,0
3,240,9.599999999999971,to_table,-5.27640962600708,2.711456537246704,0.26257700716575805,-0.702223002910614,0.597718358039856,0.3400000035762787,-0.11997610330581665,0.3400000035762787,-0.11997610330581665,0,nominal-sac-a-star,1.0639031067801321,99.0,99.0,0.7816223526000976,99.0,waiter-1,0,,waiter-1,-1.673011302947998,2.200000047683716,-0.4741588526968421,0.0,3.6395146950302455,0,0,waiter-2,2.5948452949523926,2.549999952316284,0.500013939880386,0.0,7.8729106599494765,0,0,customer-1,-8.749156951904297,-2.549999952316284,-0.44898543296081783,0.0,6.30419688628859,0,0,customer-2,0.9155561327934265,-2.200000047683716,0.41525256850937,0.0,7.903343959604334,0,0
3,241,9.63999999999997,to_table,-5.256924152374268,2.7168800830841064,0.2596782938272359,-0.716059684753418,0.590142011642456,0.3400000035762787,-0.12696205079555511,0.3400000035762787,-0.12696205079555511,0,nominal-sac-a-star,1.028323037334777,99.0,99.0,0.7472410821914672,99.0,waiter-1,0,,waiter-1,-1.6919775009155273,2.200000047683716,-0.4741592896661295,0.0,3.60222286911046,0,0,waiter-2,2.6148457527160645,2.549999952316284,0.5000132085155151,0.0,7.873538621022377,0,0,customer-1,-8.767115592956543,-2.549999952316284,-0.4489944351161057,0.0,6.329413026247876,0,0,customer-2,0.9321660995483398,-2.200000047683716,0.41525247846966096,0.0,7.904463825382646,0,0
3,242,9.67999999999997,to_table,-5.237403392791748,2.7220969200134277,0.2552208933561085,-0.727385401725769,0.5833313465118408,0.3400000035762787,-0.16954535245895386,0.3400000035762787,-0.16954535245895386,0,nominal-sac-a-star,0.992620788743702,99.0,99.0,0.7119095945358276,99.0,waiter-1,0,,waiter-1,-1.7109436988830566,2.200000047683716,-0.47415972663541694,0.0,3.564898752679948,0,0,waiter-2,2.6348462104797363,2.549999952316284,0.5000124771506442,0.0,7.8741305032681925,0,0,customer-1,-8.785075187683105,-2.549999952316284,-0.4489939005282295,0.0,6.354603102908662,0,0,customer-2,0.9487760663032532,-2.200000047683716,0.41525238842995194,0.0,7.905431984372665,0,0
3,243,9.719999999999969,to_table,-5.217883586883545,2.727372169494629,0.24994108051190891,-0.73832106590271,0.5779812335968018,0.3400000035762787,-0.17462122440338135,0.3400000035762787,-0.17462122440338135,0,nominal-sac-a-star,0.956213050666483,99.0,99.0,0.6762558841705322,99.0,waiter-1,0,,waiter-1,-1.729909896850586,2.200000047683716,-0.47416016360470437,0.0,3.5276170168012118,0,0,waiter-2,2.654846668243408,2.549999952316284,0.5000117457857733,0.0,7.874728095205451,0,0,customer-1,-8.803034782409668,-2.549999952316284,-0.44899336594035333,0.0,6.379965956558813,0,0,customer-2,0.9653860330581665,-2.200000047683716,0.4152522983902429,0.0,7.906441687606072,0,0
3,244,9.759999999999968,to_table,-5.198319911956787,2.7324161529541016,0.24509227479323387,-0.7451447248458862,0.5719738006591797,0.3400000035762787,-0.179754838347435,0.3400000035762787,-0.179754838347435,0,nominal-sac-a-star,0.9195661537349311,99.0,99.0,0.6409543180465698,99.0,waiter-1,0,,waiter-1,-1.7488762140274048,2.200000047683716,-0.4741594084810963,0.0,3.4902906375165976,0,0,waiter-2,2.674846887588501,2.549999952316284,0.5000133986066935,0.0,7.8752797489179605,0,0,customer-1,-8.82099437713623,-2.549999952316284,-0.44899283135247714,0.0,6.405286113038442,0,0,customer-2,0.9819959402084351,-2.200000047683716,0.41525280439698165,0.0,7.907277256353108,0,0
3,245,9.799999999999967,to_table,-5.178727149963379,2.737362861633301,0.24005172205330655,-0.7580418586730957,0.5606112480163574,0.3400000035762787,-0.18638400733470917,0.3400000035762787,-0.18638400733470917,0,nominal-sac-a-star,0.8831269380796596,99.0,99.0,0.6056693220138549,99.0,waiter-1,0,,waiter-1,-1.767842411994934,2.200000047683716,-0.4741598454503837,0.0,3.4529543132688394,0,0,waiter-2,2.694847345352173,2.549999952316284,0.5000126672418226,0.0,7.875803463334473,0,0,customer-1,-8.838953971862793,-2.549999952316284,-0.44899229676460095,0.0,6.430666055245658,0,0,customer-2,0.9986059069633484,-2.200000047683716,0.4152527143572726,0.0,7.9080336490494965,0,0
3,246,9.839999999999966,to_table,-5.159963130950928,2.741830825805664,0.2460623186944022,-0.808765709400177,0.581240177154541,0.3400000035762787,-0.18969105184078217,0.30000001192092896,0.44999998807907104,1,dwa-left-arc,1.3542655705173092,0.06069404165677117,99.0,0.6685146713256835,99.0,waiter-1,0,,waiter-1,-1.786808729171753,2.200000047683716,-0.4741590903267756,0.0,3.41639447522713,0,0,waiter-2,2.7148475646972656,2.549999952316284,0.5000143200627427,0.0,7.877146855068711,0,0,customer-1,-8.856913566589355,-2.549999952316284,-0.4489917621767425,0.0,6.455301349111899,0,0,customer-2,1.0152158737182617,-2.200000047683716,0.4152526243175636,0.0,7.909142059786255,0,0
3,247,9.879999999999965,to_table,-5.140690326690674,2.745577335357666,0.25844937672557156,-0.7667701244354248,0.47109031677246094,0.3400000035762787,-0.2220716029405594,0.30000001192092896,0.44999998807907104,1,dwa-left-arc,1.3260808783175664,0.05396262796681395,99.0,0.6433239603042602,99.0,waiter-1,0,,waiter-1,-1.8057749271392822,2.200000047683716,-0.47415952729606303,0.0,3.379247741582538,0,0,waiter-2,2.7348480224609375,2.549999952316284,0.5000135886978718,0.0,7.877966412832375,0,0,customer-1,-8.874873161315918,-2.549999952316284,-0.44899122758886634,0.0,6.479757730975597,0,0,customer-2,1.0318257808685303,-2.200000047683716,0.41525313032430233,0.0,7.909405208340781,0,0
3,248,9.919999999999964,to_table,-5.121527671813965,2.750197410583496,0.27169406222029996,-0.827894389629364,0.5278409719467163,0.3400000035762787,-0.24112291634082794,0.30000001192092896,0.44999998807907104,1,dwa-left-arc,1.3014688001872572,0.04561335563401547,99.0,0.6197726154327392,99.0,waiter-1,0,,waiter-1,-1.8247411251068115,2.200000047683716,-0.47415996426535045,0.0,3.3423821853120192,0,0,waiter-2,2.7548484802246094,2.549999952316284,0.5000128573330009,0.0,7.878919996465164,0,0,customer-1,-8.89283275604248,-2.549999952316284,-0.44899069300099015,0.0,6.504985328501336,0,0,customer-2,1.0484358072280884,-2.200000047683716,0.41525244423814556,0.0,7.910303673598624,0,0
3,249,9.959999999999964,to_table,-5.104640960693359,2.756190299987793,0.28750466431023447,-0.6998615264892578,0.9430875778198242,0.3400000035762787,-0.2220229208469391,0.30000001192092896,0.44999998807907104,1,dwa-left-arc,1.2781108480934162,0.03616473404023868,99.0,0.6012021923065185,99.0,waiter-1,0,,waiter-1,-1.8437073230743408,2.200000047683716,-0.4741604012346379,0.0,3.308025965090552,0,0,waiter-2,2.7748489379882812,2.549999952316284,0.50001212596813,0.0,7.882187229627251,0,0,customer-1,-8.910792350769043,-2.549999952316284,-0.4489901584130962,0.0,6.530118176405528,0,0,customer-2,1.065045714378357,-2.200000047683716,0.4152529502448843,0.0,7.913839550490629,0,0
3,250,9.999999999999963,to_table,-5.088529109954834,2.762207269668579,0.30260243036738005,-0.8073493242263794,0.8756121397018433,0.3400000035762787,-0.2642441391944885,0.30000001192092896,0.44999998807907104,1,dwa-left-arc,1.2593077706016804,0.02453470997676055,99.0,0.5836371803283691,99.0,waiter-1,0,,waiter-1,-1.8626736402511597,2.200000047683716,-0.4741596461110298,0.0,3.274480183459514,0,0,waiter-2,2.794849157333374,2.549999952316284,0.5000137787890502,0.0,7.886233882576009,0,0,customer-1,-8.928751945495605,-2.549999952316284,-0.44898962382522,0.0,6.554910906787135,0,0,customer-2,1.081655740737915,-2.200000047683716,0.4152522641587275,0.0,7.917997382678461,0,0
3,251,10.039999999999962,to_table,-5.071927070617676,2.767033815383911,0.3176278545232433,-0.8289523720741272,0.8852858543395996,0.3400000035762787,-0.2973504662513733,0.30000001192092896,0.44999998807907104,1,dwa-left-arc,1.240958237975195,0.013264845667631864,99.0,0.5657470846176147,99.0,waiter-1,0,,waiter-1,-1.8816399574279785,2.200000047683716,-0.4741588909874217,0.0,3.2402868944426095,0,0,waiter-2,2.814849615097046,2.549999952316284,0.5000130474241793,0.0,7.889762365752935,0,0,customer-1,-8.946711540222168,-2.549999952316284,-0.4489890892373438,0.0,6.579118692708948,0,0,customer-2,1.0982656478881836,-2.200000047683716,0.41525277016546625,0.0,7.92102919956512,0,0
3,252,10.079999999999961,to_table,-5.055551052093506,2.772294521331787,0.3330167731560134,-0.8509343862533569,0.982102632522583,0.3400000035762787,-0.3179139196872711,0.30000001192092896,0.44999998807907104,1,dwa-left-arc,1.2217800010176152,0.0033379532254480537,99.0,0.5492767715454101,99.0,waiter-1,0,,waiter-1,-1.9006061553955078,2.200000047683716,-0.4741593279567091,0.0,3.206430767343787,0,0,waiter-2,2.8348498344421387,2.549999952316284,0.5000147002450994,0.0,7.8935315940114075,0,0,customer-1,-8.96467113494873,-2.549999952316284,-0.257588746375923,0.0,6.603638261322832,0,0,customer-2,1.1148756742477417,-2.200000047683716,0.41525208407930947,0.0,7.924511295102521,0,0
3,253,10.11999999999996,to_table,-5.0391974449157715,2.7776055335998535,0.348308882507417,0.6323339939117432,0.8477542400360107,0.3400000035762787,-0.36879175901412964,0.30000001192092896,0.44999998807907104,1,dwa-left-arc,1.2034496233333867,-0.007013561072475749,99.0,0.5335533046722412,99.0,waiter-1,0,,waiter-1,-1.919572353363037,2.200000047683716,-0.47415976492599654,0.0,3.172646972041772,0,0,waiter-2,2.8548502922058105,2.549999952316284,0.5000139688802285,0.0,7.897328280917908,0,0,customer-1,-8.982630729675293,-2.549999952316284,0.10160261356745082,0.0,6.628276267998566,0,0,customer-2,1.1314855813980103,-2.200000047683716,0.4152525900860482,0.0,7.928044294405925,0,0
3,254,10.15999999999996,to_table,-5.022830486297607,2.783001661300659,0.36365561814213326,0.5329886674880981,0.5531778335571289,0.3400000035762787,-0.44007018208503723,0.30000001192092896,0.44999998807907104,1,dwa-left-arc,1.1853032309937555,-0.017248926264637365,99.0,0.5186826610565185,99.0,waiter-1,0,,waiter-1,-1.9385385513305664,2.200000047683716,-0.47416020189528396,0.0,3.1389086672891096,0,0,waiter-2,2.8748507499694824,2.549999952316284,0.5000132375153576,0.0,7.901117560578054,0,0,customer-1,-8.999409675598145,-2.549999952316284,0.44898748547371525,0.0,6.652374633138082,0,0,customer-2,1.1480956077575684,-2.200000047683716,0.4152519039998914,0.0,7.9316224626511485,0,0
3,255,10.199999999999958,to_table,-5.006580352783203,2.7886600494384766,0.3787813156166154,0.5645201206207275,0.5734243392944336,0.3400000035762787,-0.47517508268356323,0.30000001192092896,0.44999998807907104,1,dwa-left-arc,1.1674260422208125,-0.027451111381509907,99.0,0.5046774768829345,99.0,waiter-1,0,,waiter-1,-1.9575048685073853,2.200000047683716,-0.4741594467716759,0.0,3.10537951086139,0,0,waiter-2,2.8948512077331543,2.549999952316284,0.5000125061504868,0.0,7.9050350630140995,0,0,customer-1,-8.981451034545898,-2.549999952316284,0.4489964876290031,0.0,6.655891191348667,0,0,customer-2,1.164705514907837,-2.200000047683716,0.41525241000663016,0.0,7.935458324846924,0,0
3,256,10.239999999999958,to_table,-4.990372657775879,2.7945315837860107,0.3939042365334556,0.5938403606414795,0.5934123992919922,0.20000000298023224,-0.5122437477111816,0.30000001192092896,0.44999998807907104,1,dwa-left-arc,1.1498389626975127,-0.037712032899198,99.0,0.49162072181701655,99.0,waiter-1,0,,waiter-1,-1.9764710664749146,2.200000047683716,-0.4741598837409633,0.0,3.071981534688423,0,0,waiter-2,2.914851665496826,2.549999952316284,0.5000117747856159,0.0,7.909005457075602,0,0,customer-1,-8.963491439819336,-2.549999952316284,0.44899595304112694,0.0,6.659556306287863,0,0,customer-2,1.1813154220581055,-2.200000047683716,0.4152529160133689,0.0,7.939463456211417,0,0
3,257,10.279999999999957,to_table,-4.977476119995117,2.800546169281006,0.4007416929260835,-0.42283570766448975,0.8720735311508179,0.20000000298023224,-0.5205761194229126,0.18000000715255737,0.0,1,dwa-slow-forward,0.8438198244238313,0.3780160120223188,99.0,0.677500786781311,99.0,waiter-1,0,,waiter-1,-1.9954373836517334,2.200000047683716,-0.4741591286173552,0.0,3.041909050122635,0,0,waiter-2,2.934852123260498,2.549999952316284,0.500011043420745,0.0,7.916294059460893,0,0,customer-1,-8.945531845092773,-2.549999952316284,0.44899541845325075,0.0,6.66136697959361,0,0,customer-2,1.1979254484176636,-2.200000047683716,0.4152522299272121,0.0,7.946134091440643,0,0
3,258,10.319999999999956,to_table,-4.967036247253418,2.8049657344818115,0.40078493456632447,0.09590649604797363,0.6286094188690186,0.20000000298023224,-0.5822767615318298,0.18000000715255737,0.0,1,dwa-slow-forward,0.8188024314055271,0.3692777495868529,99.0,0.6536688232421874,99.0,waiter-1,0,,waiter-1,-2.0144035816192627,2.200000047683716,-0.47415956558664263,0.0,3.0139713237476147,0,0,waiter-2,2.9548521041870117,2.549999952316284,0.5000150804274561,0.0,7.925990323156019,0,0,customer-1,-8.927572250366211,-2.549999952316284,0.44899488386537456,0.0,6.660443148825584,0,0,customer-2,1.2145353555679321,-2.200000047683716,0.41525273593395085,0.0,7.953710452452685,0,0
3,259,10.359999999999955,to_table,-4.957089424133301,2.809180498123169,0.4007849071256851,0.09231424331665039,0.6329231262207031,0.20000000298023224,-0.5482991337776184,0.18000000715255737,0.0,1,dwa-slow-forward,0.7934934025628189,0.3648409841658071,99.0,0.6303371810913085,99.0,waiter-1,0,,waiter-1,-2.033369779586792,2.200000047683716,-0.47416000255593005,0.0,2.986509230038437,0,0,waiter-2,2.9748525619506836,2.549999952316284,0.5000143490625852,0.0,7.936175289516147,0,0,customer-1,-8.909612655639648,-2.549999952316284,0.4489943492774984,0.0,6.659073133400008,0,0,customer-2,1.2311453819274902,-2.200000047683716,0.41525204984779407,0.0,7.961541292704095,0,0
3,260,10.399999999999954,to_table,-4.947230339050293,2.8133578300476074,0.4007849071256851,0.08797860145568848,0.6275111436843872,0.20000000298023224,-0.5616002082824707,0.18000000715255737,0.0,1,dwa-slow-forward,0.7686656203235085,0.3606262314394142,99.0,0.6072486066818237,99.0,waiter-1,0,,waiter-1,-2.0523362159729004,2.200000047683716,-0.47415805533942645,0.0,2.9591586224828124,0,0,waiter-2,2.9948530197143555,2.549999952316284,0.5000136176977144,0.0,7.94644860609628,0,0,customer-1,-8.891653060913086,-2.549999952316284,0.4489938146896222,0.0,6.657633011092667,0,0,customer-2,1.2477552890777588,-2.200000047683716,0.4152525558545328,0.0,7.96941680067769,0,0
3,261,10.439999999999953,to_table,-4.937386512756348,2.8175289630889893,0.4007849071256851,0.08375084400177002,0.622893214225769,0.20000000298023224,-0.5751616358757019,0.18000000715255737,0.0,1,dwa-slow-forward,0.7440270102994075,0.3564488995149757,99.0,0.5843620920181274,99.0,waiter-1,0,,waiter-1,-2.0713024139404297,2.200000047683716,-0.4741584923087139,0.0,2.9318560713048427,0,0,waiter-2,3.0148534774780273,2.549999952316284,0.5000128863328435,0.0,7.956738819006681,0,0,customer-1,-8.873693466186523,-2.549999952316284,0.448993280101746,0.0,6.656191034618407,0,0,customer-2,1.2643651962280273,-2.200000047683716,0.41525306186127153,0.0,7.977300397618002,0,0
3,262,10.479999999999952,to_table,-4.927544593811035,2.821699380874634,0.4007849071256851,0.07953810691833496,0.6184136867523193,0.20000000298023224,-0.5891749858856201,0.18000000715255737,0.0,1,dwa-slow-forward,0.7195279070827121,0.3522777664735939,99.0,0.5616764450073242,99.0,waiter-1,0,,waiter-1,-2.090268611907959,2.200000047683716,-0.4741589292780013,0.0,2.9045903426084196,0,0,waiter-2,3.034853935241699,2.549999952316284,0.5000121549679726,0.0,7.967032754729962,0,0,customer-1,-8.855733871459961,-2.549999952316284,0.4489927455138698,0.0,6.654759554427173,0,0,customer-2,1.2809752225875854,-2.200000047683716,0.41525237577511476,0.0,7.9851852490344655,0,0
3,263,10.519999999999952,to_table,-4.917702674865723,2.8258697986602783,0.4007849071256851,0.07532608509063721,0.613925576210022,0.20000000298023224,-0.6036990880966187,0.18000000715255737,0.0,1,dwa-slow-forward,0.695163329600921,0.34810734868794935,99.0,0.5391986989974975,99.0,waiter-1,0,,waiter-1,-2.1092348098754883,2.200000047683716,-0.4741593662472887,0.0,2.877360716676008,0,0,waiter-2,3.054854393005371,2.549999952316284,0.5000114236031017,0.0,7.977328523546162,0,0,customer-1,-8.837774276733398,-2.549999952316284,0.4489922109259936,0.0,6.653340284641558,0,0,customer-2,1.297585129737854,-2.200000047683716,0.4152528817818535,0.0,7.993070136464696,0,0
3,264,10.55999999999995,to_table,-4.90786075592041,2.830040216445923,0.4007849071256851,0.07111155986785889,0.6094017028808594,0.20000000298023224,-0.6187654733657837,0.18000000715255737,0.0,1,dwa-slow-forward,0.6709371381225517,0.3439369309023048,99.0,0.5169380331039428,99.0,waiter-1,0,,waiter-1,-2.1282010078430176,2.200000047683716,-0.47415980321657614,0.0,2.850168228251726,0,0,waiter-2,3.0748543739318848,2.549999952316284,0.5000154606098128,0.0,7.98762564182289,0,0,customer-1,-8.819814682006836,-2.549999952316284,0.44899167633811743,0.0,6.6519332330772745,0,0,customer-2,1.314195156097412,-2.200000047683716,0.4152521956956967,0.0,8.00095524490928,0,0
3,265,10.59999999999995,to_table,-4.898018836975098,2.8342106342315674,0.4007849071256851,0.06689417362213135,0.6048381328582764,0.3400000035762787,-0.23438505828380585,0.18000000715255737,0.0,1,dwa-slow-forward,0.6468548923220847,0.3397665131166603,99.0,0.49490350723266596,99.0,waiter-1,0,,waiter-1,-2.147167205810547,2.200000047683716,-0.47416024018586356,0.0,2.823013950509285,0,0,waiter-2,3.0948548316955566,2.549999952316284,0.500014729244942,0.0,7.997925055603074,0,0,customer-1,-8.801855087280273,-2.549999952316284,0.44899114175024124,0.0,6.650538407489331,0,0,customer-2,1.3308050632476807,-2.200000047683716,0.41525270170243544,0.0,8.008840388589128,0,0
3,266,10.639999999999949,to_table,-4.888176918029785,2.838381052017212,0.4007849071256851,0.06267452239990234,0.6002347469329834,0.3400000035762787,-0.24210931360721588,0.18000000715255737,0.0,1,dwa-slow-forward,0.622922417944547,0.33559609533101575,99.0,0.47310501575469965,99.0,waiter-1,0,,waiter-1,-2.166133403778076,2.200000047683716,-0.474160677155151,0.0,2.7958989967761063,0,0,waiter-2,3.1148552894592285,2.549999952316284,0.5000139978800711,0.0,8.00822628131668,0,0,customer-1,-8.783895492553711,-2.549999952316284,0.44899060716236505,0.0,6.649155815571837,0,0,customer-2,1.3474149703979492,-2.200000047683716,0.4152532077091742,0.0,8.01672565982205,0,0
3,267,10.679999999999948,to_table,-4.878334999084473,2.8425514698028564,0.4007849071256851,-0.9649018049240112,-0.22244679927825928,0.3400000035762787,-0.34833821654319763,0.18000000715255737,0.0,1,dwa-slow-forward,0.5991458201331821,0.3314256775453712,99.0,0.4515526914596557,99.0,waiter-1,0,,waiter-1,-2.1850996017456055,2.200000047683716,-0.4741611141244384,0.0,2.768824522346329,0,0,waiter-2,3.1348557472229004,2.549999952316284,0.5000132665152002,0.0,8.018529311980458,0,0,customer-1,-8.765935897827148,-2.549999952316284,0.44899007257448886,0.0,6.647785464957788,0,0,customer-2,1.3640249967575073,-2.200000047683716,0.4152525216230174,0.0,8.024611150965162,0,0
3,268,10.719999999999947,to_table,-4.86849308013916,2.846721887588501,0.4007849071256851,-0.01116865873336792,0.4215540885925293,0.3400000035762787,-0.27892401814460754,0.18000000715255737,0.0,1,dwa-slow-forward,0.5755314972951748,0.3272552597597267,99.0,0.43025714397430415,99.0,waiter-1,0,,waiter-1,-2.204066038131714,2.200000047683716,-0.4741591669079348,0.0,2.741791494696557,0,0,waiter-2,3.1548562049865723,2.549999952316284,0.5000125351503293,0.0,8.028834140645781,0,0,customer-1,-8.747976303100586,-2.549999952316284,0.4489895379866127,0.0,6.646427363218864,0,0,customer-2,1.3806350231170654,-2.200000047683716,0.4152518355368606,0.0,8.032496768929603,0,0
3,269,10.759999999999946,to_table,-4.858651161193848,2.8508923053741455,0.4007849071256851,-0.01201927661895752,0.41359972953796387,0.2199999988079071,-0.2881288528442383,0.18000000715255737,0.0,1,dwa-slow-forward,0.5520861554962775,0.32308484197408216,99.0,0.40922981739044184,99.0,waiter-1,0,,waiter-1,-2.223032236099243,2.200000047683716,-0.4741596038772222,0.0,2.7148016224833413,0,0,waiter-2,3.174856662750244,2.549999952316284,0.5000118037854584,0.0,8.03914076039844,0,0,customer-1,-8.730016708374023,-2.549999952316284,0.4489890033987365,0.0,6.645081517865232,0,0,customer-2,1.397244930267334,-2.200000047683716,0.41525234154359936,0.0,8.040382420590308,0,0
3,270,10.799999999999946,to_table,-4.848809242248535,2.85506272315979,0.4007849071256851,-0.011790692806243896,0.40327751636505127,0.2199999988079071,-0.2980303466320038,0.18000000715255737,0.0,1,dwa-slow-forward,0.5288168233680666,0.31891442418843763,99.0,0.38848215579986567,99.0,waiter-1,0,,waiter-1,-2.2419984340667725,2.200000047683716,-0.47416004084650965,0.0,2.6878559668358584,0,0,waiter-2,3.194857120513916,2.549999952316284,0.5000110724205875,0.0,8.049449164358442,0,0,customer-1,-8.712057113647461,-2.549999952316284,0.4489884688108603,0.0,6.643747936345336,0,0,customer-2,1.4138548374176025,-2.200000047683716,0.4152528475503381,0.0,8.048268198308785,0,0
3,271,10.839999999999945,to_table,-4.838967323303223,2.8592331409454346,0.4007849071256851,-0.0037979483604431152,0.37663352489471436,0.2199999988079071,-0.3103337585926056,0.18000000715255737,0.0,1,dwa-slow-forward,0.5057308675030963,0.3147440064027931,99.0,0.3680263185501098,99.0,waiter-1,0,,waiter-1,-2.260964870452881,2.200000047683716,-0.47415809363000605,0.0,2.6609556400199144,0,0,waiter-2,3.2148571014404297,2.549999952316284,0.5000151094272987,0.0,8.059758869193741,0,0,customer-1,-8.694097518920898,-2.549999952316284,0.4489879342229841,0.0,6.6424266260457046,0,0,customer-2,1.430464744567871,-2.200000047683716,0.4152533535570768,0.0,8.056154101714856,0,0
3,272,10.879999999999944,to_table,-4.82912540435791,2.863403558731079,0.4007849071256851,-0.005429327487945557,0.37071430683135986,0.2199999988079071,-0.3206273913383484,0.18000000715255737,0.0,1,dwa-slow-forward,0.48283600830321866,0.31057358861714857,99.0,0.3478752994537353,99.0,waiter-1,0,,waiter-1,-2.27993106842041,2.200000047683716,-0.47415853059929347,0.0,2.634102500064453,0,0,waiter-2,3.2348575592041016,2.549999952316284,0.5000143780624278,0.0,8.070070821072896,0,0,customer-1,-8.676137924194336,-2.549999952316284,0.4489873996351079,0.0,6.641117594290748,0,0,customer-2,1.4470747709274292,-2.200000047683716,0.41525266747092004,0.0,8.064040223219752,0,0
3,273,10.919999999999943,to_table,-4.819283485412598,2.8675739765167236,0.4007849071256851,-0.007022380828857422,0.3647303581237793,0.2199999988079071,-0.331443190574646,0.18000000715255737,0.0,1,dwa-slow-forward,0.46014033623461464,0.30640317083150403,99.0,0.3280422115325927,99.0,waiter-1,0,,waiter-1,-2.2988972663879395,2.200000047683716,-0.4741589675685809,0.0,2.607297766559652,0,0,waiter-2,3.2548580169677734,2.549999952316284,0.5000136466975569,0.0,8.080384536722743,0,0,customer-1,-8.65817928314209,-2.549999952316284,0.4489964017903958,0.0,6.63982139972125,0,0,customer-2,1.4636847972869873,-2.200000047683716,0.41525198138476327,0.0,8.071926469694828,0,0
3,274,10.959999999999942,to_table,-4.809441566467285,2.871744394302368,0.4007849071256851,-0.008567214012145996,0.35867130756378174,0.2199999988079071,-0.37389522790908813,0.18000000715255737,0.0,1,dwa-slow-forward,0.4376523284294023,0.3022327530458595,99.0,0.30854088306426997,99.0,waiter-1,0,,waiter-1,-2.3178634643554688,2.200000047683716,-0.4741594045378683,0.0,2.5805429479350352,0,0,waiter-2,3.2748584747314453,2.549999952316284,0.500012915332686,0.0,8.09070000939812,0,0,customer-1,-8.640219688415527,-2.549999952316284,0.4489958672025196,0.0,6.638536945719939,0,0,customer-2,1.4802947044372559,-2.200000047683716,0.415252487391502,0.0,8.079812747975593,0,0
3,275,10.999999999999941,to_table,-4.799599647521973,2.8759148120880127,0.4007849071256851,-0.010112166404724121,0.3525838851928711,0.2199999988079071,-0.3831951320171356,0.18000000715255737,0.0,1,dwa-slow-forward,0.41538086555786086,0.298062335260215,99.0,0.28938561916351313,99.0,waiter-1,0,,waiter-1,-2.336829662322998,2.200000047683716,-0.47415984150715573,0.0,2.5538396129625434,0,0,waiter-2,3.294858932495117,2.549999952316284,0.5000121839678151,0.0,8.101017232387072,0,0,customer-1,-8.622260093688965,-2.549999952316284,0.4489953326146434,0.0,6.637264791860437,0,0,customer-2,1.4969046115875244,-2.200000047683716,0.41525299339824073,0.0,8.087699150477562,0,0
3,276,11.03999999999994,to_table,-4.78975772857666,2.8800852298736572,0.4007849071256851,-0.011656999588012695,0.34646522998809814,0.2199999988079071,-0.3928433954715729,0.18000000715255737,0.0,1,dwa-slow-forward,0.3933352488770619,0.29389191747457044,99.0,0.2705914402008056,99.0,waiter-1,0,,waiter-1,-2.3557958602905273,2.200000047683716,-0.47416027847644315,0.0,2.527189393635793,0,0,waiter-2,3.314859390258789,2.549999952316284,0.5000114526029442,0.0,8.111336199010664,0,0,customer-1,-8.604300498962402,-2.549999952316284,0.44899479802676723,0.0,6.6360049452167305,0,0,customer-2,1.5135146379470825,-2.200000047683716,0.41525230731208396,0.0,8.09558576965478,0,0
3,277,11.07999999999994,to_table,-4.779915809631348,2.8842556476593018,0.4007849071256851,-0.01320195198059082,0.34031784534454346,0.2199999988079071,-0.40285998582839966,0.18000000715255737,0.0,1,dwa-slow-forward,0.37152521734086125,0.2897214996889259,99.0,0.252173843383789,99.0,waiter-1,0,,waiter-1,-2.3747620582580566,2.200000047683716,-0.4741607154457306,0.0,2.500593988204195,0,0,waiter-2,3.3348593711853027,2.549999952316284,0.5000154896096554,0.0,8.12165642618962,0,0,customer-1,-8.58634090423584,-2.549999952316284,0.44899426343889104,0.0,6.63475741279972,0,0,customer-2,1.530124545097351,-2.200000047683716,0.4152528133188227,0.0,8.103472419520696,0,0
3,278,11.119999999999939,to_table,-4.770073890686035,2.8884260654449463,0.4007849071256851,-0.014524281024932861,0.33379054069519043,0.2199999988079071,-0.4133087694644928,0.18000000715255737,0.0,1,dwa-slow-forward,0.3499609646324789,0.2855510819032814,99.0,0.23414904117584223,99.0,waiter-1,0,,waiter-1,-2.393728256225586,2.200000047683716,-0.474161152415018,0.0,2.474055164370799,0,0,waiter-2,3.3548598289489746,2.549999952316284,0.5000147582447845,0.0,8.13197886018584,0,0,customer-1,-8.568381309509277,-2.549999952316284,0.44899372885101485,0.0,6.6335222015570245,0,0,customer-2,1.5467345714569092,-2.200000047683716,0.4152521272326659,0.0,8.111359285358427,0,0
3,279,11.159999999999938,to_table,-4.760231971740723,2.892596483230591,0.4007849071256851,-0.015696287155151367,0.3269953727722168,0.2199999988079071,-0.4241997003555298,0.18000000715255737,0.0,1,dwa-slow-forward,0.3286531559541502,0.28138066411763685,99.0,0.21653324604034418,99.0,waiter-1,0,,waiter-1,-2.4126946926116943,2.200000047683716,-0.4741592051985144,0.0,2.447574533989263,0,0,waiter-2,3.3748602867126465,2.549999952316284,0.5000140268799136,0.0,8.142303017976085,0,0,customer-1,-8.550421714782715,-2.549999952316284,0.44899319426313866,0.0,6.632299318372797,0,0,customer-2,1.5633444786071777,-2.200000047683716,0.41525263323940464,0.0,8.119246181147298,0,0
3,280,11.199999999999937,to_table,-4.750394821166992,2.89676833152771,0.4029288664339799,-0.01691877841949463,0.3197753429412842,0.2199999988079071,-0.435576856136322,0.18000000715255737,0.14000000059604645,1,dwa-left-arc,0.39687685003710943,0.19516772827755346,99.0,0.20043021678924555,99.0,waiter-1,0,,waiter-1,-2.4316608905792236,2.200000047683716,-0.4741596421678018,0.0,2.421159449980506,0,0,waiter-2,3.3948607444763184,2.549999952316284,0.5000132955150427,0.0,8.152633717913755,0,0,customer-1,-8.532462120056152,-2.549999952316284,0.4489926596752625,0.0,6.631087225426581,0,0,customer-2,1.5799543857574463,-2.200000047683716,0.4152531392461434,0.0,8.127137810627941,0,0
3,281,11.239999999999936,to_table,-4.740570068359375,2.9009575843811035,0.4057743308378737,0.04409968852996826,0.3099539279937744,0.2199999988079071,-0.45037394762039185,0.18000000715255737,0.14000000059604645,1,dwa-left-arc,0.37748803019286387,0.1902514871183758,99.0,0.18516582489013667,99.0,waiter-1,0,,waiter-1,-2.450627088546753,2.200000047683716,-0.47416007913708924,0.0,2.3948236509283896,0,0,waiter-2,3.4148612022399902,2.549999952316284,0.5000125641501718,0.0,8.162979264274442,0,0,customer-1,-8.51450252532959,-2.549999952316284,0.4489921250873863,0.0,6.629894739485032,0,0,customer-2,1.5965644121170044,-2.200000047683716,0.4152524531599866,0.0,8.135050226505241,0,0
3,282,11.279999999999935,to_table,-4.730754375457764,2.9051735401153564,0.40877542123998684,0.04553878307342529,0.3020808696746826,0.2199999988079071,-0.4663417637348175,0.18000000715255737,0.14000000059604645,1,dwa-left-arc,0.35870452292073823,0.18507606015409772,99.0,0.17049032688140864,99.0,waiter-1,0,,waiter-1,-2.4695935249328613,2.200000047683716,-0.47415813192058565,0.0,2.3685687759435523,0,0,waiter-2,3.434861660003662,2.549999952316284,0.5000118327853009,0.0,8.173336743096716,0,0,customer-1,-8.496542930603027,-2.549999952316284,0.4489915904995101,0.0,6.628731498151956,0,0,customer-2,1.6131744384765625,-2.200000047683716,0.4152517670738298,0.0,8.142986562547394,0,0
3,283,11.319999999999935,to_table,-4.720950126647949,2.9094204902648926,0.4118359939610703,0.04662442207336426,0.3012826442718506,0.2199999988079071,-0.4822532534599304,0.18000000715255737,0.14000000059604645,1,dwa-left-arc,0.34031817008760595,0.1798222075425584,99.0,0.15637904644012446,99.0,waiter-1,0,,waiter-1,-2.4885597229003906,2.200000047683716,-0.47415856888987307,0.0,2.3424013915416504,0,0,waiter-2,3.454862117767334,2.549999952316284,0.50001110142043,0.0,8.183708754533615,0,0,customer-1,-8.478583335876465,-2.549999952316284,0.4489910559116339,0.0,6.627599784535141,0,0,customer-2,1.629784345626831,-2.200000047683716,0.41525227308056856,0.0,8.150951267855199,0,0
3,284,11.359999999999934,to_table,-4.711158275604248,2.9136977195739746,0.41485975925774665,0.04768180847167969,0.30178260803222656,0.2199999988079071,-0.4987342357635498,0.18000000715255737,0.14000000059604645,1,dwa-left-arc,0.3223062638399253,0.17451913933006313,99.0,0.14280039310455317,99.0,waiter-1,0,,waiter-1,-2.50752592086792,2.200000047683716,-0.4741590058591605,0.0,2.316324658095741,0,0,waiter-2,3.4748620986938477,2.549999952316284,0.5000151384271412,0.0,8.194095778933253,0,0,customer-1,-8.460623741149902,-2.549999952316284,0.4489905213237577,0.0,6.626498587273563,0,0,customer-2,1.6463942527770996,-2.200000047683716,0.4152527790873073,0.0,8.158944723797578,0,0
3,285,11.399999999999933,to_table,-4.70137882232666,2.9180028438568115,0.4178749120486189,0.04861247539520264,0.3033565282821655,0.2199999988079071,-0.515733003616333,0.18000000715255737,0.14000000059604645,1,dwa-left-arc,0.30464136950589477,0.16920083338067649,99.0,0.12978488445281977,99.0,waiter-1,0,,waiter-1,-2.526492118835449,2.200000047683716,-0.4741594428284479,0.0,2.290340627141572,0,0,waiter-2,3.4948625564575195,2.549999952316284,0.5000144070622703,0.0,8.204498696902583,0,0,customer-1,-8.44266414642334,-2.549999952316284,0.44898998673588153,0.0,6.625426058394885,0,0,customer-2,1.6630041599273682,-2.200000047683716,0.415253285094046,0.0,8.16696543047795,0,0
3,286,11.439999999999932,to_table,-4.69161319732666,2.9223392009735107,0.4182026424717534,0.04956662654876709,0.304520845413208,0.20000000298023224,-0.5335003733634949,0.18000000715255737,0.0,1,dwa-slow-forward,0.19474945524940718,0.2450310024500384,99.0,0.11594337463378901,1.9882777231352635,waiter-1,0,,waiter-1,-2.5454583168029785,2.200000047683716,-0.47415987979773533,0.0,2.264454597374616,0,0,waiter-2,3.5148630142211914,2.549999952316284,0.5000136756973994,0.0,8.21491864395451,0,0,customer-1,-8.424704551696777,-2.549999952316284,0.44898945214800534,0.0,6.624384263363757,0,0,customer-2,1.6796141862869263,-2.200000047683716,0.41525259900788924,0.0,8.175016682065053,0,0
3,287,11.479999999999931,to_table,-4.68184757232666,2.9266793727874756,0.41820274838021626,-0.013925611972808838,0.297524094581604,0.20000000298023224,-0.5497246980667114,0.18000000715255737,0.0,1,dwa-slow-forward,0.17629011921198773,0.24056525764032477,99.0,0.10249084472656245,1.9483522067705388,waiter-1,0,,waiter-1,-2.564424514770508,2.200000047683716,-0.47416031676702275,0.0,2.23864763779468,0,0,waiter-2,3.5348634719848633,2.549999952316284,0.5000129443325285,0.0,8.22534058696158,0,0,customer-1,-8.406744956970215,-2.549999952316284,0.44898891756012915,0.0,6.62335843482318,0,0,customer-2,1.6962242126464844,-2.200000047683716,0.41525191292173247,0.0,8.183070424636057,0,0
3,288,11.51999999999993,to_table,-4.6720805168151855,2.9310197830200195,0.41820274838021626,-0.017119526863098145,0.2951972484588623,0.20000000298023224,-0.5657410025596619,0.18000000715255737,0.0,1,dwa-slow-forward,0.15808285502509484,0.23622504401683875,99.0,0.08961481094360346,1.908425587225231,waiter-1,0,,waiter-1,-2.583390712738037,2.200000047683716,-0.47416075373631017,0.0,2.212920005582442,0,0,waiter-2,3.554863929748535,2.549999952316284,0.5000122129676576,0.0,8.23576292994372,0,0,customer-1,-8.388785362243652,-2.549999952316284,0.44898838297225296,0.0,6.622346430622419,0,0,customer-2,1.712834119796753,-2.200000047683716,0.4152524189284712,0.0,8.191123208687339,0,0
3,289,11.55999999999993,to_table,-4.662312984466553,2.935360908508301,0.41820274838021626,-0.020907282829284668,0.2905447483062744,0.20000000298023224,-0.5534744262695312,0.18000000715255737,0.0,1,dwa-slow-forward,0.1402685026532609,0.2318846337842948,99.0,0.07733601570129389,1.868499525169505,waiter-1,0,,waiter-1,-2.6023569107055664,2.200000047683716,-0.4741611907055976,0.0,2.187275616253574,0,0,waiter-2,3.574864387512207,2.549999952316284,0.5000114816027867,0.0,8.246186641351027,0,0,customer-1,-8.37082576751709,-2.549999952316284,0.4489878483843768,0.0,6.621348113150031,0,0,customer-2,1.7294440269470215,-2.200000047683716,0.41525292493520993,0.0,8.199176168575473,0,0
3,290,11.599999999999929,to_table,-4.65254545211792,2.939702033996582,0.41820274838021626,-0.024708867073059082,0.28593897819519043,0.20000000298023224,-0.565813422203064,0.18000000715255737,0.0,1,dwa-slow-forward,0.12286455533340318,0.22754350829601355,99.0,0.06567341327667231,1.8285722750262707,waiter-1,0,,waiter-1,-2.621323347091675,2.200000047683716,-0.474159243489094,0.0,2.1617174349351145,0,0,waiter-2,3.5948643684387207,2.549999952316284,0.5000155186094979,0.0,8.25661168159676,0,0,customer-1,-8.352867126464844,-2.549999952316284,0.44899685053966465,0.0,6.62036316165277,0,0,customer-2,1.7460540533065796,-2.200000047683716,0.41525223884905316,0.0,8.207229320498328,0,0
3,291,11.639999999999928,to_table,-4.642782211303711,2.944045305252075,0.4203216684453831,-0.028511464595794678,0.28131866455078125,0.20000000298023224,-0.5785959362983704,0.18000000715255737,0.14000000059604645,1,dwa-left-arc,0.20038322503199907,0.14204825303772628,99.0,0.055788221359252876,1.7915288410437076,waiter-1,0,,waiter-1,-2.640289545059204,2.200000047683716,-0.4741596804583814,0.0,2.1362537826000447,0,0,waiter-2,3.6148648262023926,2.549999952316284,0.500014787244627,0.0,8.26704338540712,0,0,customer-1,-8.334907531738281,-2.549999952316284,0.44899631595178846,0.0,6.619389901947419,0,0,customer-2,1.7626639604568481,-2.200000047683716,0.4152527448557919,0.0,8.215287167980332,0,0
3,292,11.679999999999927,to_table,-4.633031845092773,2.948406934738159,0.4231139158042174,0.03908681869506836,0.29102444648742676,0.20000000298023224,-0.5927385687828064,0.18000000715255737,0.14000000059604645,1,dwa-left-arc,0.18507791812097013,0.1369786490010938,99.0,0.04694813728332514,1.7553457715541545,waiter-1,0,,waiter-1,-2.6592557430267334,2.200000047683716,-0.47416011742766884,0.0,2.110901459016392,0,0,waiter-2,3.6348652839660645,2.549999952316284,0.5000140558797561,0.0,8.277490625808154,0,0,customer-1,-8.316947937011719,-2.549999952316284,0.44899578136391227,0.0,6.618437585103231,0,0,customer-2,1.7792739868164062,-2.200000047683716,0.4152520587696351,0.0,8.223366739881348,0,0
3,293,11.719999999999926,to_table,-4.623290538787842,2.952793598175049,0.4260625608292181,0.04055821895599365,0.2834254503250122,0.20000000298023224,-0.6103188395500183,0.18000000715255737,0.14000000059604645,1,dwa-left-arc,0.1705226042933013,0.13166164552101023,99.0,0.038896622657775826,1.719307118504312,waiter-1,0,,waiter-1,-2.678222179412842,2.200000047683716,-0.47415817021116524,0.0,2.0856627369503205,0,0,waiter-2,3.6548657417297363,2.549999952316284,0.5000133245148852,0.0,8.287949935045265,0,0,customer-1,-8.298988342285156,-2.549999952316284,0.4489952467760361,0.0,6.617513974444179,0,0,customer-2,1.7958838939666748,-2.200000047683716,0.41525256477637384,0.0,8.231469052054544,0,0
3,294,11.759999999999925,to_table,-4.61356258392334,2.9572112560272217,0.4290780373389693,0.041509389877319336,0.28155529499053955,0.20000000298023224,-0.6279809474945068,0.18000000715255737,0.14000000059604645,1,dwa-left-arc,0.15651468273787855,0.12626828246627309,99.0,0.03160792827606196,1.6833101036000249,waiter-1,0,,waiter-1,-2.697188377380371,2.200000047683716,-0.47415860718045266,0.0,2.0605482070420544,0,0,waiter-2,3.674866199493408,2.549999952316284,0.5000125931500143,0.0,8.298425919633265,0,0,customer-1,-8.281028747558594,-2.549999952316284,0.4489947121881599,0.0,6.6166217478947535,0,0,customer-2,1.8124938011169434,-2.200000047683716,0.4152530707831126,0.0,8.239601270379584,0,0
3,295,11.799999999999924,to_table,-4.603847026824951,2.961658000946045,0.4320505054131061,0.04241812229156494,0.2808248996734619,0.20000000298023224,-0.6462090015411377,0.18000000715255737,0.14000000059604645,1,dwa-left-arc,0.14303834685411237,0.12082343964891962,99.0,0.02503460884094233,1.647199064490547,waiter-1,0,,waiter-1,-2.7161545753479004,2.200000047683716,-0.4741590441497401,0.0,2.0355602740108676,0,0,waiter-2,3.69486665725708,2.549999952316284,0.5000118617851435,0.0,8.308917568454511,0,0,customer-1,-8.263069152832031,-2.549999952316284,0.4489941776002837,0.0,6.6157599685311785,0,0,customer-2,1.8291038274765015,-2.200000047683716,0.4152523846969558,0.0,8.247761545100717,0,0
3,296,11.839999999999923,to_table,-4.594143390655518,2.966132402420044,0.4350146920854757,0.04314625263214111,0.2811981439590454,0.20000000298023224,-0.6648987531661987,0.18000000715255737,0.14000000059604645,1,dwa-left-arc,0.13005953476067017,0.11536647666651678,99.0,0.019206347465515083,1.611016579753697,waiter-1,0,,waiter-1,-2.7351207733154297,2.200000047683716,-0.4741594811190275,0.0,2.0107023341996255,0,0,waiter-2,3.714867115020752,2.549999952316284,0.5000111304202726,0.0,8.319424367074202,0,0,customer-1,-8.245109558105469,-2.549999952316284,0.4489936430124075,0.0,6.614927823554323,0,0,customer-2,1.8457138538360596,-2.200000047683716,0.415251698610799,0.0,8.25594851131266,0,0
3,297,11.879999999999923,to_table,-4.58445405960083,2.970637559890747,0.4380110778783469,0.043909549713134766,0.28113722801208496,0.20000000298023224,-0.6843067407608032,0.18000000715255737,0.14000000059604645,1,dwa-left-arc,0.11760669211715352,0.10988697092112698,99.0,0.014160099029540962,1.5748232525433192,waiter-1,0,,waiter-1,-2.754086971282959,2.200000047683716,-0.4741599180883149,0.0,1.9859823396037246,0,0,waiter-2,3.7348670959472656,2.549999952316284,0.5000151674269837,0.0,8.32994840836701,0,0,customer-1,-8.227149963378906,-2.549999952316284,0.44899310842453133,0.0,6.614126698861234,0,0,customer-2,1.8623237609863281,-2.200000047683716,0.41525220461753776,0.0,8.264165870605325,0,0
3,298,11.919999999999922,to_table,-4.5747785568237305,2.9751715660095215,0.44095668196150173,0.04475808143615723,0.2806849479675293,0.20000000298023224,-0.7045195698738098,0.18000000715255737,0.14000000059604645,1,dwa-left-arc,0.10571598991611314,0.10436813366171771,99.0,0.009859027862548775,1.5385081617581085,waiter-1,0,,waiter-1,-2.7730531692504883,2.200000047683716,-0.47416035505760235,0.0,1.9614038990094531,0,0,waiter-2,3.7548675537109375,2.549999952316284,0.5000144360621128,0.0,8.34049010717211,0,0,customer-1,-8.209190368652344,-2.549999952316284,0.44899257383665514,0.0,6.613355390789008,0,0,customer-2,1.8789336681365967,-2.200000047683716,0.4152527106242765,0.0,8.272412146029636,0,0
3,299,11.959999999999921,to_table,-4.565114974975586,2.9797322750091553,0.4438937966605961,0.045444488525390625,0.28102076053619385,0.20000000298023224,-0.7253245115280151,0.18000000715255737,0.14000000059604645,1,dwa-left-arc,0.09436485924434918,0.09883993180161976,99.0,0.006331863403320259,1.5021162595109327,waiter-1,0,,waiter-1,-2.7920193672180176,2.200000047683716,-0.47416079202688977,0.0,1.9369693803927495,0,0,waiter-2,3.7748680114746094,2.549999952316284,0.5000137046972419,0.0,8.351047005223101,0,0,customer-1,-8.191230773925781,-2.549999952316284,0.44899203924877895,0.0,6.612613272626623,0,0,customer-2,1.8955435752868652,-2.200000047683716,0.4152532166310152,0.0,8.280684502976104,0,0
3,300,11.99999999999992,to_table,-4.555466175079346,2.984323263168335,0.4468669448757866,0.04770195484161377,0.2806577682495117,0.20000000298023224,-0.7469844222068787,0.18000000715255737,0.14000000059604645,1,dwa-left-arc,0.08358315236829289,0.09329017600426237,99.0,0.0036134147644042436,1.465712047755096,waiter-1,0,,waiter-1,-2.810985565185547,2.200000047683716,-0.4741612289961772,0.0,1.9126880311863648,0,0,waiter-2,3.7948684692382812,2.549999952316284,0.500012973332371,0.0,8.3616221757767,0,0,customer-1,-8.173271179199219,-2.549999952316284,0.44899150466090276,0.0,6.611901882309417,0,0,customer-2,1.9121536016464233,-2.200000047683716,0.41525253054485844,0.0,8.288987499552539,0,0
3,301,12.03999999999992,to_table,-4.545830726623535,2.988942861557007,0.4497860147793769,0.1156841516494751,0.27666473388671875,0.20000000298023224,-0.7699536681175232,0.18000000715255737,0.14000000059604645,1,dwa-left-arc,0.07340869828387026,0.0877003382801207,99.0,0.001658382415771431,1.4291798320694706,waiter-1,0,,waiter-1,-2.8299520015716553,2.200000047683716,-0.4741592817796736,0.0,1.8885630946960632,0,0,waiter-2,3.814868927001953,2.549999952316284,0.5000122419675002,0.0,8.372214138189854,0,0,customer-1,-8.155311584472656,-2.549999952316284,0.4489909700730266,0.0,6.611220731342874,0,0,customer-2,1.928763508796692,-2.200000047683716,0.4152530365515972,0.0,8.297318785529239,0,0
3,302,12.079999999999918,to_table,-4.536207675933838,2.993589162826538,0.45269648916164895,0.1163707971572876,0.2591623067855835,0.20000000298023224,-0.7953433394432068,0.18000000715255737,0.14000000059604645,1,dwa-left-arc,0.06381489247377187,0.08210234861339316,99.0,0.0004929924011229936,1.3925684036981985,waiter-1,0,,waiter-1,-2.8489181995391846,2.200000047683716,-0.474159718748961,0.0,1.8645990080511443,0,0,waiter-2,3.834869384765625,2.549999952316284,0.5000115106026293,0.0,8.382821872367913,0,0,customer-1,-8.137351989746094,-2.549999952316284,0.4489904354851504,0.0,6.610568859518243,0,0,customer-2,1.94537353515625,-2.200000047683716,0.4152523504654404,0.0,8.30567660600174,0,0
3,303,12.119999999999918,to_table,-4.526599884033203,2.998265266418457,0.4556464832608527,0.11765718460083008,0.24077534675598145,0.20000000298023224,-0.8217313885688782,0.18000000715255737,0.14000000059604645,1,dwa-left-arc,0.05483256032004685,0.07648280466244461,99.0,0.00014776229858393108,1.3559430091471405,waiter-1,0,,waiter-1,-2.867884397506714,2.200000047683716,-0.47416015571824843,0.0,1.8408053739286052,0,0,waiter-2,3.8548693656921387,2.549999952316284,0.5000155476093404,0.0,8.393447955156367,0,0,customer-1,-8.119392395019531,-2.549999952316284,0.4489899008972742,0.0,6.609947425238805,0,0,customer-2,1.9619834423065186,-2.200000047683716,0.41525285647217913,0.0,8.31406494193133,0,0
3,304,12.159999999999917,to_table,-4.517005443572998,3.002969741821289,0.45853906971339253,0.15951895713806152,0.24246180057525635,0.20000000298023224,-0.8467123508453369,0.18000000715255737,0.14000000059604645,1,dwa-left-arc,0.04649905254642467,0.07082256232528383,99.0,0.0005697631835936967,1.319185646671227,waiter-1,0,,waiter-1,-2.8868508338928223,2.200000047683716,-0.47415820850174484,0.0,1.8171858411194255,0,0,waiter-2,3.8748698234558105,2.549999952316284,0.5000148162444695,0.0,8.404091392147878,0,0,customer-1,-8.101432800292969,-2.549999952316284,0.448989366309398,0.0,6.609356390724656,0,0,customer-2,1.9785934686660767,-2.200000047683716,0.41525217038602236,0.0,8.322481592601044,0,0
3,305,12.199999999999916,to_table,-4.5074238777160645,3.007700204849243,0.4614229234587925,0.01156926155090332,-0.13070380687713623,0.2199999988079071,-0.4688413739204407,0.18000000715255737,0.14000000059604645,1,dwa-left-arc,0.03878373075088498,0.06515537498462232,99.0,0.0017626905441283647,1.282344313030171,waiter-1,0,,waiter-1,-2.9058170318603516,2.200000047683716,-0.47415864547103226,0.0,1.7937458104695612,0,0,waiter-2,3.8948702812194824,2.549999952316284,0.5000140848795986,0.0,8.414751134433576,0,0,customer-1,-8.083473205566406,-2.549999952316284,0.4489888317215218,0.0,6.608794128445568,0,0,customer-2,1.9952033758163452,-2.200000047683716,0.4152526763927611,0.0,8.330924505636473,0,0
3,306,12.239999999999915,to_table,-4.497856616973877,3.0124599933624268,0.4643500481718028,0.09717798233032227,0.5218846797943115,0.2199999988079071,-0.4033820927143097,0.18000000715255737,0.14000000059604645,1,dwa-left-arc,0.03171654956614717,0.05946735717206941,99.0,0.0032067918777465287,1.2454847135579366,waiter-1,0,,waiter-1,-2.924783229827881,2.200000047683716,-0.4741590824403197,0.0,1.7704945762919555,0,0,waiter-2,3.9148707389831543,2.549999952316284,0.5000133535147278,0.0,8.425428823225094,0,0,customer-1,-8.065513610839844,-2.549999952316284,0.44898829713364563,0.0,6.608262787840746,0,0,customer-2,2.0118134021759033,-2.200000047683716,0.4152519903066043,0.0,8.33939706679807,0,0
3,307,12.279999999999914,to_table,-4.488303184509277,3.0172481536865234,0.4672159229326739,0.1016615629196167,0.5128906965255737,0.2199999988079071,-0.41781115531921387,0.18000000715255737,0.14000000059604645,1,dwa-left-arc,0.025333555524572893,0.05373795253531588,99.0,0.00458938121795649,1.208490226777189,waiter-1,0,,waiter-1,-2.94374942779541,2.200000047683716,-0.4741595194096071,0.0,1.7474383463069867,0,0,waiter-2,3.934871196746826,2.549999952316284,0.5000126221498569,0.0,8.436123964163452,0,0,customer-1,-8.047554016113281,-2.549999952316284,0.44898776254576944,0.0,6.607761947593575,0,0,customer-2,2.028423309326172,-2.200000047683716,0.41525249631334304,0.0,8.347898118098822,0,0
3,308,12.319999999999913,to_table,-4.478763103485107,3.022062301635742,0.4700732704136705,0.104042649269104,0.5038182735443115,0.2199999988079071,-0.432641863822937,0.18000000715255737,0.14000000059604645,1,dwa-left-arc,0.019600445685796386,0.04800272432027608,99.0,0.00593525409698481,1.1714103142847794,waiter-1,0,,waiter-1,-2.9627156257629395,2.200000047683716,-0.4741599563788945,0.0,1.7245829362719651,0,0,waiter-2,3.954871654510498,2.549999952316284,0.500011890784986,0.0,8.446835981177603,0,0,customer-1,-8.029594421386719,-2.549999952316284,0.44898722795789325,0.0,6.60728997472548,0,0,customer-2,2.0450332164764404,-2.200000047683716,0.4152530023200818,0.0,8.356425886976064,0,0
3,309,12.359999999999912,to_table,-4.469237327575684,3.026902437210083,0.4703829930993882,0.1075359582901001,0.4943082332611084,0.2199999988079071,-0.44800281524658203,0.18000000715255737,0.0,1,dwa-slow-forward,-0.07851209709341339,0.12062156665576618,99.0,0.0060477876663207475,1.1317656440030668,waiter-1,0,,waiter-1,-2.9816818237304688,2.200000047683716,-0.47416039334818194,0.0,1.701936819868648,0,0,waiter-2,3.97487211227417,2.549999952316284,0.5000111594201151,0.0,8.457565856217691,0,0,customer-1,-8.011635780334473,-2.549999952316284,0.4489962301131811,0.0,6.6068469832752115,0,0,customer-2,2.061643123626709,-2.200000047683716,0.4152535083268205,0.0,8.364981115010753,0,0
3,310,12.399999999999912,to_table,-4.459711074829102,3.0317461490631104,0.47038317995651624,-0.05733722448348999,0.4610307216644287,0.2199999988079071,-0.4635936915874481,0.18000000715255737,0.0,1,dwa-slow-forward,-0.0832469499354957,0.11575645342813268,99.0,0.006014409065246529,1.091817946189838,waiter-1,0,,waiter-1,-3.000648021697998,2.200000047683716,-0.47416083031746936,0.0,1.679484019028487,0,0,waiter-2,3.9948720932006836,2.549999952316284,0.5000151964268262,0.0,8.468297109998716,0,0,customer-1,-7.993675708770752,-2.549999952316284,0.4489909271537229,0.0,6.606420783920323,0,0,customer-2,2.0782532691955566,-2.200000047683716,0.4152516301477682,0.0,8.37353844147817,0,0
3,311,12.43999999999991,to_table,-4.450183868408203,3.0365898609161377,0.47038317995651624,0.08530116081237793,0.6456539630889893,0.7799999713897705,-0.45314010977745056,0.18000000715255737,0.0,1,dwa-slow-forward,-0.08735599703347113,0.11110547718373787,99.0,0.005980792045593208,1.0518681671923307,waiter-1,0,,waiter-1,-3.0196142196655273,2.200000047683716,-0.4741612672867568,0.0,1.6572302300851265,0,0,waiter-2,4.0148725509643555,2.549999952316284,0.5000144650619553,0.0,8.479030010697672,0,0,customer-1,-7.9757161140441895,-2.549999952316284,0.4489903925658467,0.0,6.60600963943676,0,0,customer-2,2.094863176345825,-2.200000047683716,0.41525213615450696,0.0,8.38209488665532,0,0
3,312,12.47999999999991,to_table,-4.440656661987305,3.0414345264434814,0.47038317995651624,0.7652437686920166,0.9196246862411499,0.7799999713897705,-0.43246909976005554,0.18000000715255737,0.0,1,dwa-slow-forward,-0.09070131253452057,0.10655429568817543,99.0,0.005948247909545845,1.0119207438635005,waiter-1,0,,waiter-1,-3.0385804176330566,2.200000047683716,-0.4741617042560442,0.0,1.6351849366442412,0,0,waiter-2,4.034873008728027,2.549999952316284,0.5000137336970845,0.0,8.489765081545162,0,0,customer-1,-7.957756996154785,-2.549999952316284,0.44899462634955256,0.0,6.60561384663564,0,0,customer-2,2.1114730834960938,-2.200000047683716,0.4152526421612457,0.0,8.390651976843294,0,0
3,313,12.519999999999909,to_table,-4.431129455566406,3.046279191970825,0.47038317995651624,0.7665228843688965,0.9178121089935303,0.7799999713897705,-0.445430189371109,0.18000000715255737,0.0,1,dwa-slow-forward,-0.09327441304844303,0.10210334234989882,99.0,0.00591546535491938,0.9719728637128688,waiter-1,0,,waiter-1,-3.057547092437744,2.200000047683716,-0.4741573728537496,0.0,1.6133557879009335,0,0,waiter-2,4.054873466491699,2.549999952316284,0.5000130023322136,0.0,8.500502260272084,0,0,customer-1,-7.939797401428223,-2.549999952316284,0.4489940917616764,0.0,6.605232093961653,0,0,customer-2,2.1280832290649414,-2.200000047683716,0.4152507639821934,0.0,8.399209302229526,0,0
3,314,12.559999999999908,to_table,-4.421602249145508,3.051123857498169,0.47038317995651624,0.7676312923431396,0.9159176349639893,0.20000000298023224,-0.45896974205970764,0.18000000715255737,0.0,1,dwa-slow-forward,-0.09507063084774087,0.09775503917024353,99.0,0.005882921218872017,0.932025521905223,waiter-1,0,,waiter-1,-3.0765132904052734,2.200000047683716,-0.474157809823037,0.0,1.5917525079477517,0,0,waiter-2,4.074873924255371,2.549999952316284,0.5000122709673427,0.0,8.511241538900984,0,0,customer-1,-7.92183780670166,-2.549999952316284,0.4489935571738002,0.0,6.6048646383745675,0,0,customer-2,2.144692897796631,-2.200000047683716,0.41525365417472315,0.0,8.407766304098166,0,0
3,315,12.599999999999907,to_table,-4.412075042724609,3.0559685230255127,0.47038317995651624,0.7683777809143066,0.9138920307159424,0.20000000298023224,-0.4731292724609375,0.18000000715255737,0.0,1,dwa-slow-forward,-0.09608603915703545,0.09351084848256852,99.0,0.005850257873535103,0.8920782292186582,waiter-1,0,,waiter-1,-3.0954794883728027,2.200000047683716,-0.47415824679232443,0.0,1.5703839926966594,0,0,waiter-2,4.094874382019043,2.549999952316284,0.5000115396024718,0.0,8.521982909493065,0,0,customer-1,-7.903878211975098,-2.549999952316284,0.448993022585924,0.0,6.604511482260727,0,0,customer-2,2.1613030433654785,-2.200000047683716,0.41525177599567087,0.0,8.41632372707779,0,0
3,316,12.639999999999906,to_table,-4.402547836303711,3.0608131885528564,0.47038317995651624,0.7691226005554199,0.9118196964263916,0.20000000298023224,-0.48793697357177734,0.18000000715255737,0.0,1,dwa-slow-forward,-0.09631840645149276,0.0893722245130818,99.0,0.005817594528198189,0.8521308278825964,waiter-1,0,,waiter-1,-3.114445686340332,2.200000047683716,-0.47415868376161185,0.0,1.5492599563124563,0,0,waiter-2,4.114874839782715,2.549999952316284,0.5000108082376009,0.0,8.532726364147964,0,0,customer-1,-7.885918617248535,-2.549999952316284,0.4489924879980478,0.0,6.604172627914112,0,0,customer-2,2.177912950515747,-2.200000047683716,0.4152522820024096,0.0,8.424881012419728,0,0
3,317,12.679999999999906,to_table,-4.3930206298828125,3.0656578540802,0.47038317995651624,0.7698650360107422,0.9096999168395996,0.20000000298023224,-0.5034341216087341,0.18000000715255737,0.0,1,dwa-slow-forward,-0.09614688218239648,0.08534061151138983,99.0,0.005785050392150826,0.8121836424959501,waiter-1,0,,waiter-1,-3.1334118843078613,2.200000047683716,-0.4741591207308993,0.0,1.528390535728377,0,0,waiter-2,4.1348748207092285,2.549999952316284,0.5000148452443121,0.0,8.543471419035708,0,0,customer-1,-7.867959022521973,-2.549999952316284,0.4489919534101716,0.0,6.603848077536264,0,0,customer-2,2.1945228576660156,-2.200000047683716,0.41525278800914833,0.0,8.433438346176235,0,0
3,318,12.719999999999905,to_table,-4.383493423461914,3.070502519607544,0.47038317995651624,0.9590415954589844,0.9553573131561279,0.20000000298023224,-0.5139260292053223,0.18000000715255737,0.0,1,dwa-slow-forward,-0.09638505822079452,0.08141744182328103,99.0,0.0057523870468139116,0.7722366729709427,waiter-1,0,,waiter-1,-3.1523780822753906,2.200000047683716,-0.4741595577001867,0.0,1.5077863034695285,0,0,waiter-2,4.1548752784729,2.549999952316284,0.5000141138794412,0.0,8.55421901828196,0,0,customer-1,-7.84999942779541,-2.549999952316284,0.44899141882229543,0.0,6.6035378332362145,0,0,customer-2,2.2111330032348633,-2.200000047683716,0.41525090983009605,0.0,8.441995914445307,0,0
3,319,12.759999999999904,to_table,-4.369424343109131,3.0776278972625732,0.4712157213314598,0.7080235481262207,0.8617725372314453,0.20000000298023224,-0.5419026613235474,0.3799999952316284,0.14000000059604645,1,dwa-left-arc,0.05383300181885159,-0.1669851090990495,99.0,0.09393090248107905,0.6777103391524971,waiter-1,0,,waiter-1,-3.17134428024292,2.200000047683716,-0.4741599946694741,0.0,1.4851351720950903,0,0,waiter-2,4.174875736236572,2.549999952316284,0.5000133825145703,0.0,8.560575628670962,0,0,customer-1,-7.832039833068848,-2.549999952316284,0.44899088423441924,0.0,6.607563941776464,0,0,customer-2,2.2277426719665527,-2.200000047683716,0.4152538000226258,0.0,8.44842999320469,0,0
3,320,12.799999999999903,to_table,-4.351780414581299,3.0864834785461426,0.47325929997007027,0.8264222145080566,0.7145711183547974,0.20000000298023224,-0.560257077217102,0.3799999952316284,0.14000000059604645,1,dwa-left-arc,0.04841066757774387,-0.16431964618672035,99.0,0.09417098999023432,0.6406202132694306,waiter-1,0,,waiter-1,-3.190310478210449,2.200000047683716,-0.47416043163876154,0.0,1.461117820809439,0,0,waiter-2,4.194876194000244,2.549999952316284,0.5000126511496994,0.0,8.56347790088388,0,0,customer-1,-7.814080238342285,-2.549999952316284,0.44899034964654305,0.0,6.614942595064755,0,0,customer-2,2.2443528175354004,-2.200000047683716,0.4152519218435735,0.0,8.453158089668852,0,0
3,321,12.839999999999902,to_table,-4.332751750946045,3.095816135406494,0.475559287895443,0.8368320465087891,0.706190824508667,0.20000000298023224,-0.587731659412384,0.3799999952316284,0.14000000059604645,1,dwa-left-arc,0.0446389578492708,-0.16131440480911596,99.0,0.09455079078674311,0.6025894073492731,waiter-1,0,,waiter-1,-3.2092766761779785,2.200000047683716,-0.47416086860804896,0.0,1.4369003816020292,0,0,waiter-2,4.214876651763916,2.549999952316284,0.5000119197848285,0.0,8.56503745564123,0,0,customer-1,-7.796120643615723,-2.549999952316284,0.44898981505866686,0.0,6.623455547001227,0,0,customer-2,2.260962724685669,-2.200000047683716,0.41525242785031224,0.0,8.457111778333982,0,0
3,322,12.879999999999901,to_table,-4.318291187286377,3.1030473709106445,0.47605547275126603,0.841803789138794,0.6931482553482056,0.20000000298023224,-0.6192865967750549,0.20000000298023224,0.0,1,dwa-slow-forward,-0.07634558320109902,0.04435678276942412,99.0,0.026789131164550728,0.5936766109456645,waiter-1,0,,waiter-1,-3.228242874145508,2.200000047683716,-0.4741613055773364,0.0,1.4155210323299952,0,0,waiter-2,4.234877109527588,2.549999952316284,0.5000111884199576,0.0,8.57102965581367,0,0,customer-1,-7.77816104888916,-2.549999952316284,0.4489892804707907,0.0,6.627793260042924,0,0,customer-2,2.2775726318359375,-2.200000047683716,0.415252933857051,0.0,8.463316811053874,0,0
3,323,12.9199999999999,to_table,-4.302639484405518,3.1109890937805176,0.4772215868554892,0.7235316038131714,0.8326199054718018,0.20000000298023224,-0.6255528926849365,0.3799999952316284,0.14000000059604645,1,dwa-left-arc,0.034981457655312964,-0.15294759533185842,99.0,0.0924351835250854,0.5233632773565154,waiter-1,0,,waiter-1,-3.247209072113037,2.200000047683716,-0.4741617425466238,0.0,1.3942146166570755,0,0,waiter-2,4.254877090454102,2.549999952316284,0.5000152254266688,0.0,8.575884720880866,0,0,customer-1,-7.760201930999756,-2.549999952316284,0.4489935142544965,0.0,6.633365288609298,0,0,customer-2,2.294182777404785,-2.200000047683716,0.4152510556779987,0.0,8.469041835689973,0,0
3,324,12.9599999999999,to_table,-4.2818803787231445,3.1226794719696045,0.4795032401166065,0.8362941741943359,0.665986180305481,0.20000000298023224,-0.6730258464813232,0.6200000047683716,0.30000001192092896,1,dwa-left-arc,0.08923046087453118,-0.24480179005046443,99.0,0.1346349143981933,99.0,waiter-1,0,,waiter-1,-3.2661757469177246,2.200000047683716,-0.4741574111443292,0.0,1.3722220006513242,0,0,waiter-2,4.274877548217773,2.549999952316284,0.5000144940617979,0.0,8.575900422258679,0,0,customer-1,-7.742242336273193,-2.549999952316284,0.44899297966662033,0.0,6.644802233925106,0,0,customer-2,2.3107924461364746,-2.200000047683716,0.41525394587052844,0.0,8.473148897817117,0,0
3,325,12.999999999999899,to_table,-4.255600452423096,3.135838270187378,0.4834781275729898,0.9194731712341309,0.3670750856399536,0.20000000298023224,-0.7521029710769653,0.6200000047683716,0.30000001192092896,1,dwa-left-arc,0.08345134477159949,-0.231934983825008,99.0,0.13461345672607417,99.0,waiter-1,0,,waiter-1,-3.285141944885254,2.200000047683716,-0.4741578481136166,0.0,1.3481776194372124,0,0,waiter-2,4.294878005981445,2.549999952316284,0.500013762696927,0.0,8.570524394827082,0,0,customer-1,-7.724282741546631,-2.549999952316284,0.44899244507874414,0.0,6.66036884229116,0,0,customer-2,2.3274025917053223,-2.200000047683716,0.41525206769147616,0.0,8.473906987539186,0,0
3,326,13.039999999999898,to_table,-4.228259563446045,3.1499109268188477,0.48813362475687794,0.7879867553710938,-0.9698828458786011,0.20000000298023224,-0.9689711928367615,0.6200000047683716,0.30000001192092896,1,dwa-left-arc,0.07547610424386347,-0.2162884060362864,99.0,0.1351227188110351,99.0,waiter-1,0,,waiter-1,-3.304108142852783,2.200000047683716,-0.47415828508290403,0.0,1.3252873373287104,0,0,waiter-2,4.314878463745117,2.549999952316284,0.5000130313320561,0.0,8.56417541442072,0,0,customer-1,-7.706323146820068,-2.549999952316284,0.44899191049086795,0.0,6.677268177935913,0,0,customer-2,2.344012498855591,-2.200000047683716,0.4152525736982149,0.0,8.474450276921422,0,0
3,327,13.079999999999897,to_table,-4.200386047363281,3.164228677749634,0.49136207676442106,0.986376166343689,-0.21901839971542358,0.20000000298023224,-0.9062821865081787,0.6200000047683716,0.30000001192092896,1,dwa-left-arc,0.0689277175685375,-0.20078368377167988,99.0,0.13487988948822016,99.0,waiter-1,0,,waiter-1,-3.3230743408203125,2.200000047683716,-0.47415872205219145,0.0,1.3036152352117296,0,0,waiter-2,4.334878921508789,2.549999952316284,0.5000122999671852,0.0,8.557337495740262,0,0,customer-1,-7.688363552093506,-2.549999952316284,0.44899137590299176,0.0,6.694654278614326,0,0,customer-2,2.3606224060058594,-2.200000047683716,0.4152530797049536,0.0,8.47477325619663,0,0
3,328,13.119999999999896,to_table,-4.1722493171691895,3.179103374481201,0.49563465479180696,0.9865059852600098,-0.2625522017478943,0.20000000298023224,-0.9115062355995178,0.6200000047683716,0.30000001192092896,1,dwa-left-arc,0.06382631732610206,-0.184096985432895,99.0,0.1351903104782104,99.0,waiter-1,0,,waiter-1,-3.342040538787842,2.200000047683716,-0.47415915902147887,0.0,1.283701655466469,0,0,waiter-2,4.354879379272461,2.549999952316284,0.5000115686023143,0.0,8.550303791179486,0,0,customer-1,-7.670403957366943,-2.549999952316284,0.4489908413151156,0.0,6.71265303854289,0,0,customer-2,2.377232551574707,-2.200000047683716,0.41525120152590134,0.0,8.47528562205141,0,0
3,329,13.159999999999895,to_table,-4.14321231842041,3.1944174766540527,0.5006900260977578,0.9874792098999023,-0.300864577293396,0.20000000298023224,-0.916103720664978,0.6200000047683716,0.30000001192092896,1,dwa-left-arc,0.05722769745334172,-0.1687003876796067,99.0,0.13554686546325678,99.0,waiter-1,0,,waiter-1,-3.361006736755371,2.200000047683716,-0.4741595959907663,0.0,1.265192315431894,0,0,waiter-2,4.374879837036133,2.549999952316284,0.5000108372374434,0.0,8.542433371968663,0,0,customer-1,-7.652444839477539,-2.549999952316284,0.4489950750988214,0.0,6.731496452134781,0,0,customer-2,2.3938422203063965,-2.200000047683716,0.4152540917184311,0.0,8.475424618812392,0,0
3,330,13.199999999999894,to_table,-4.113619327545166,3.2102675437927246,0.5062346081412784,0.9937636852264404,-0.05545163154602051,0.20000000298023224,-0.8866541981697083,0.6200000047683716,0.30000001192092896,1,dwa-left-arc,0.05215203200167534,-0.15365647690364548,99.0,0.13598817825317377,99.0,waiter-1,0,,waiter-1,-3.3799729347229004,2.200000047683716,-0.4741600329600537,0.0,1.248550136516547,0,0,waiter-2,4.3948798179626465,2.549999952316284,0.5000148742441546,0.0,8.534079388045395,0,0,customer-1,-7.634485244750977,-2.549999952316284,0.44899454051094523,0.0,6.751087203826615,0,0,customer-2,2.410452365875244,-2.200000047683716,0.4152522135393788,0.0,8.475523988065266,0,0
3,331,13.239999999999894,to_table,-4.083111763000488,3.2270593643188477,0.511416973319211,0.9794762134552002,-0.5028088688850403,0.0,-0.940337061882019,0.6200000047683716,0.30000001192092896,1,dwa-left-arc,0.04789851747619528,-0.13965620050298966,99.0,0.1365415477752685,99.0,waiter-1,0,,waiter-1,-3.3989391326904297,2.200000047683716,-0.47416046992934113,0.0,1.2340757788533119,0,0,waiter-2,4.414880275726318,2.549999952316284,0.5000141428792837,0.0,8.524921004774498,0,0,customer-1,-7.616525650024414,-2.549999952316284,0.44899400592306904,0.0,6.771958951805179,0,0,customer-2,2.4270622730255127,-2.200000047683716,0.41525271954611753,0.0,8.475573127567992,0,0
3,332,13.279999999999893,to_table,-4.053673267364502,3.244011402130127,0.5135844522763001,0.9830849170684814,-0.41426193714141846,0.0,-0.9297114610671997,0.6200000047683716,0.30000001192092896,1,dwa-left-arc,0.044365189209423284,-0.12486378994117409,99.0,0.13672548770904536,99.0,waiter-1,0,,waiter-1,-3.417905330657959,2.200000047683716,-0.47416090689862855,0.0,1.2223586125017178,0,0,waiter-2,4.43488073348999,2.549999952316284,0.5000134115144128,0.0,8.51687741592513,0,0,customer-1,-7.598566055297852,-2.549999952316284,0.44899347133519285,0.0,6.792409915000405,0,0,customer-2,2.4436721801757812,-2.200000047683716,0.41525322555285626,0.0,8.476600647097671,0,0
3,333,13.319999999999892,to_table,-4.02392053604126,3.2614002227783203,0.5154548759685998,0.9844875335693359,-0.3690453767776489,0.0,-0.9242854714393616,0.6200000047683716,0.30000001192092896,1,dwa-left-arc,0.041352346758565084,-0.1098202920640744,99.0,0.13702410697937006,99.0,waiter-1,0,,waiter-1,-3.4368715286254883,2.200000047683716,-0.474161343867916,0.0,1.212929045244898,0,0,waiter-2,4.454881191253662,2.549999952316284,0.5000126801495419,0.0,8.508593836562703,0,0,customer-1,-7.580606460571289,-2.549999952316284,0.44899293674731666,0.0,6.813397593039733,0,0,customer-2,2.460282325744629,-2.200000047683716,0.415251347373804,0.0,8.477722551900074,0,0
3,334,13.359999999999891,to_table,-3.9928276538848877,3.278425455093384,0.5193350879882048,0.9845089912414551,-0.3706502914428711,0.0,-0.9244780540466309,0.6200000047683716,0.30000001192092896,1,dwa-left-arc,0.03904523638816931,-0.09543993896549607,99.0,0.1365861320495605,99.0,waiter-1,0,,waiter-1,-3.4558377265930176,2.200000047683716,-0.4741617808372034,0.0,1.2047238444388972,0,0,waiter-2,4.474881649017334,2.549999952316284,0.500011948784671,0.0,8.498982559786372,0,0,customer-1,-7.562646865844727,-2.549999952316284,0.4489924021594405,0.0,6.834775192778189,0,0,customer-2,2.4768919944763184,-2.200000047683716,0.41525423756633373,0.0,8.477642261729942,0,0
3,335,13.39999999999989,to_table,-3.962348222732544,3.294931650161743,0.5244647635035765,0.9051544666290283,0.8724851608276367,0.0,-0.7753017544746399,0.5199999809265137,0.36000001430511475,1,dwa-left-arc,0.03419792182551534,-0.17653927046269513,99.0,0.13357752799987788,99.0,waiter-1,0,,waiter-1,-3.474804401397705,2.200000047683716,-0.4741574494349088,0.0,1.1985717299464718,0,0,waiter-2,4.494882106781006,2.549999952316284,0.5000112174198001,0.0,8.489974563030138,0,0,customer-1,-7.544687271118164,-2.549999952316284,0.4489918675715643,0.0,6.855390469932019,0,0,customer-2,2.493502140045166,-2.200000047683716,0.41525235938728144,0.0,8.477751958542068,0,0
3,336,13.43999999999989,to_table,-3.9316890239715576,3.3117411136627197,0.5290786209048631,0.929969310760498,-0.27762824296951294,0.0,-0.9133154153823853,0.5199999809265137,0.36000001430511475,1,dwa-left-arc,0.028790608542677065,-0.15175660487605902,99.0,0.13368565082550043,99.0,waiter-1,0,,waiter-1,-3.4937705993652344,2.200000047683716,-0.4741578864041962,0.0,1.1948810586806604,0,0,waiter-2,4.5148820877075195,2.549999952316284,0.5000152544265113,0.0,8.480849788879706,0,0,customer-1,-7.526727676391602,-2.549999952316284,0.4489913329836881,0.0,6.876358864761117,0,0,customer-2,2.5101120471954346,-2.200000047683716,0.4152528653940202,0.0,8.47797686185618,0,0
3,337,13.479999999999889,to_table,-3.9009318351745605,3.328915596008301,0.5352551128827373,0.9709641933441162,0.3195784091949463,0.0,-0.8416506052017212,0.5199999809265137,0.36000001430511475,1,dwa-left-arc,0.02586882311932276,-0.12874514319816743,99.0,0.13379460811614985,99.0,waiter-1,0,,waiter-1,-3.5127367973327637,2.200000047683716,-0.4741583233734836,0.0,1.1937946651974922,0,0,waiter-2,4.534882545471191,2.549999952316284,0.5000145230616404,0.0,8.471698403785267,0,0,customer-1,-7.508768081665039,-2.549999952316284,0.4489907983958119,0.0,6.897690222518191,0,0,customer-2,2.526721954345703,-2.200000047683716,0.4152533714007589,0.0,8.478422107503054,0,0
3,338,13.519999999999888,to_table,-3.8722012042999268,3.346935987472534,0.5398350099274979,0.9763098955154419,0.4862631559371948,0.0,-0.8216484189033508,0.5199999809265137,0.36000001430511475,1,dwa-left-arc,0.025570432232375817,-0.10792492409169174,99.0,0.1364117288589477,99.0,waiter-1,0,,waiter-1,-3.531702995300293,2.200000047683716,-0.47415876034277105,0.0,1.1964117519947797,0,0,waiter-2,4.554883003234863,2.549999952316284,0.5000137916967695,0.0,8.464682822469653,0,0,customer-1,-7.490808486938477,-2.549999952316284,0.4489902638079357,0.0,6.918682833020877,0,0,customer-2,2.543332099914551,-2.200000047683716,0.4152514932217066,0.0,8.481012142167943,0,0
3,339,13.559999999999887,to_table,-3.843815326690674,3.3651881217956543,0.5463675679109887,0.9754493236541748,0.5016615390777588,0.0,-0.819800615310669,0.5199999809265137,0.36000001430511475,1,dwa-left-arc,0.028960477482205482,-0.08927960064395746,99.0,0.14149815082550043,99.0,waiter-1,0,,waiter-1,-3.5506691932678223,2.200000047683716,-0.47415919731205847,0.0,1.2014981912568394,0,0,waiter-2,4.574883460998535,2.549999952316284,0.5000130603318986,0.0,8.45807430976454,0,0,customer-1,-7.472848892211914,-2.549999952316284,0.44898972922005953,0.0,6.939692685688316,0,0,customer-2,2.5599420070648193,-2.200000047683716,0.41525199922844536,0.0,8.484069032683575,0,0
3,340,13.599999999999886,to_table,-3.8143131732940674,3.3830227851867676,0.5529893492676871,0.9701119661331177,0.11252200603485107,0.0,-0.8664973378181458,0.5199999809265137,0.36000001430511475,1,dwa-left-arc,0.034819791609313866,-0.07367755019350242,99.0,0.1480605030059814,99.0,waiter-1,0,,waiter-1,-3.5696353912353516,2.200000047683716,-0.4741596342813459,0.0,1.2080604349461939,0,0,waiter-2,4.594883918762207,2.549999952316284,0.5000123289670277,0.0,8.450356369593608,0,0,customer-1,-7.454889297485352,-2.549999952316284,0.44898919463218334,0.0,6.960930492381018,0,0,customer-2,2.576551914215088,-2.200000047683716,0.4152525052351841,0.0,8.486065078650798,0,0
3,341,13.639999999999885,to_table,-3.7853360176086426,3.4000978469848633,0.5598741969488218,0.9643795490264893,0.11993288993835449,0.0,-0.8656080365180969,0.5199999809265137,0.36000001430511475,1,dwa-left-arc,0.04217001912799773,-0.05823581407267686,99.0,0.1561164283752441,99.0,waiter-1,0,,waiter-1,-3.588601589202881,2.200000047683716,-0.4741600712506333,0.0,1.2161164266662954,0,0,waiter-2,4.614884376525879,2.549999952316284,0.5000115976021569,0.0,8.443125552812388,0,0,customer-1,-7.436930179595947,-2.549999952316284,0.4489934284158892,0.0,6.981246575297861,0,0,customer-2,2.5931618213653564,-2.200000047683716,0.4152530112419228,0.0,8.48801102212217,0,0
3,342,13.679999999999884,to_table,-3.755884885787964,3.4180164337158203,0.5664892838126281,0.776470422744751,0.9829769134521484,0.0,-0.762042760848999,0.5199999809265137,0.36000001430511475,1,dwa-left-arc,0.05100033752732541,-0.044906913232014456,99.0,0.167013349533081,99.0,waiter-1,0,,waiter-1,-3.60756778717041,2.200000047683716,-0.47416050821992073,0.0,1.2270133978017672,0,0,waiter-2,4.634884834289551,2.549999952316284,0.500010866237286,0.0,8.435547943515639,0,0,customer-1,-7.418970584869385,-2.549999952316284,0.448992893828013,0.0,7.002529287533364,0,0,customer-2,2.609771728515625,-2.200000047683716,0.41525351724866155,0.0,8.490211617887027,0,0
3,343,13.719999999999883,to_table,-3.7280216217041016,3.4373836517333984,0.5744394674662682,0.6553637981414795,0.4527803659439087,0.0,-0.8256663680076599,0.5199999809265137,0.36000001430511475,1,dwa-left-arc,0.06267328884192819,-0.03301992833244305,99.0,0.1815385246276855,99.0,waiter-1,0,,waiter-1,-3.6265339851379395,2.200000047683716,-0.47416094518920815,0.0,1.241538530995622,0,0,waiter-2,4.6548848152160645,2.549999952316284,0.5000149032439971,0.0,8.429743184709055,0,0,customer-1,-7.401010990142822,-2.549999952316284,0.4489923592401368,0.0,7.024216207001806,0,0,customer-2,2.6263818740844727,-2.200000047683716,0.41525163906960927,0.0,8.494618223424984,0,0
3,344,13.759999999999883,to_table,-3.700453996658325,3.4568185806274414,0.5829757593583486,-0.9526370763778687,0.6718652248382568,0.0,-0.7993761897087097,0.5199999809265137,0.36000001430511475,1,dwa-left-arc,0.0779400122997081,-0.02595187249502251,99.0,0.19801932811737055,99.0,waiter-1,0,,waiter-1,-3.6455001831054688,2.200000047683716,-0.47416138215849557,0.0,1.2580193744035983,0,0,waiter-2,4.674885272979736,2.549999952316284,0.5000141718791262,0.0,8.42428797621458,0,0,customer-1,-7.38305139541626,-2.549999952316284,0.4489918246522606,0.0,7.045806730890006,0,0,customer-2,2.642991781234741,-2.200000047683716,0.415252145076348,0.0,8.499347112024399,0,0
3,345,13.799999999999882,to_table,-3.672391414642334,3.4746270179748535,0.5929515660152761,0.28887367248535156,0.9360630512237549,0.0,-0.7676724195480347,0.5199999809265137,0.36000001430511475,1,dwa-left-arc,0.09514145208125196,-0.021089490176904424,99.0,0.21465164661407465,99.0,waiter-1,0,,waiter-1,-3.664466381072998,2.200000047683716,-0.474161819127783,0.0,1.2746516071266847,0,0,waiter-2,4.694885730743408,2.549999952316284,0.5000134405142553,0.0,8.41821014457604,0,0,customer-1,-7.365091800689697,-2.549999952316284,0.44899129006438443,0.0,7.066269615028408,0,0,customer-2,2.6596016883850098,-2.200000047683716,0.41525265108308673,0.0,8.502677754160194,0,0
3,346,13.83999999999988,to_table,-3.6431217193603516,3.493039846420288,0.6003122860638445,0.24221158027648926,0.941879391670227,0.0,-0.7669744491577148,0.5199999809265137,0.36000001430511475,1,dwa-left-arc,0.11248260391320991,-0.017046124972096566,99.0,0.23366803169250483,99.0,waiter-1,0,,waiter-1,-3.6834330558776855,2.200000047683716,-0.4741574877254884,0.0,1.2936680118826966,0,0,waiter-2,4.71488618850708,2.549999952316284,0.5000127091493844,0.0,8.411041578178425,0,0,customer-1,-7.347132205963135,-2.549999952316284,0.44899075547650824,0.0,7.087878645545333,0,0,customer-2,2.6762118339538574,-2.200000047683716,0.41525077290403445,0.0,8.50556757623514,0,0
3,347,13.87999999999988,to_table,-3.6151437759399414,3.512166976928711,0.6091812842222554,0.26105940341949463,0.9423916339874268,0.0,-0.7669129967689514,0.5199999809265137,0.36000001430511475,1,dwa-left-arc,0.13220564887368075,-0.01431383182501278,99.0,0.25506490707397456,99.0,waiter-1,0,,waiter-1,-3.702399253845215,2.200000047683716,-0.4741579246947758,0.0,1.3150648533926825,0,0,waiter-2,4.734886646270752,2.549999952316284,0.5000119777845136,0.0,8.405282472058605,0,0,customer-1,-7.3291730880737305,-2.549999952316284,0.4489949892602141,0.0,7.109422030616883,0,0,customer-2,2.692821502685547,-2.200000047683716,0.4152536630965642,0.0,8.509951708054183,0,0
3,348,13.91999999999988,to_table,-3.586507797241211,3.531251907348633,0.6185708614741694,-0.26975929737091064,0.6743037700653076,0.0,-0.7990835309028625,0.5199999809265137,0.36000001430511475,1,dwa-left-arc,0.15426712938269943,-0.013388155920022515,99.0,0.27806502819061274,99.0,waiter-1,0,,waiter-1,-3.721365451812744,2.200000047683716,-0.4741583616640632,0.0,1.3380650585296048,0,0,waiter-2,4.754887104034424,2.549999952316284,0.5000112464196427,0.0,8.398912090162748,0,0,customer-1,-7.311213493347168,-2.549999952316284,0.4489944546723379,0.0,7.1312731474318225,0,0,customer-2,2.7094316482543945,-2.200000047683716,0.4152517849175119,0.0,8.513877052988821,0,0
3,349,13.959999999999878,to_table,-3.559281587600708,3.5506224632263184,0.6260218408536056,0.4112708568572998,0.9923651218414307,0.0,-0.7609161734580994,0.5199999809265137,0.36000001430511475,1,dwa-left-arc,0.17791727265026963,-0.010598027282783473,99.0,0.3027032041549682,99.0,waiter-1,0,,waiter-1,-3.7403316497802734,2.200000047683716,-0.47415879863335064,0.0,1.3627032084725414,0,0,waiter-2,4.7748870849609375,2.549999952316284,0.5000152834263538,0.0,8.394022448864897,0,0,customer-1,-7.2932538986206055,-2.549999952316284,0.4489939200844617,0.0,7.152631898573009,0,0,customer-2,2.726041555404663,-2.200000047683716,0.41525229092425064,0.0,8.51909304298199,0,0
3,350,13.999999999999877,to_table,-3.532078266143799,3.5695066452026367,0.6324739068434581,0.31626415252685547,0.9836680889129639,0.0,-0.7619598507881165,0.41999998688697815,0.41999998688697815,1,dwa-left-arc,0.203160342121586,-0.03164412480269019,99.0,0.3282280588150024,99.0,waiter-1,0,,waiter-1,-3.7592978477478027,2.200000047683716,-0.47415923560263806,0.0,1.3882280284276607,0,0,waiter-2,4.794887542724609,2.549999952316284,0.5000145520614829,0.0,8.38914497901327,0,0,customer-1,-7.275294303894043,-2.549999952316284,0.4489933854965855,0.0,7.173564476768034,0,0,customer-2,2.7426514625549316,-2.200000047683716,0.4152527969309894,0.0,8.524050718260424,0,0
3,351,14.039999999999877,to_table,-3.504936456680298,3.5866787433624268,0.6405750171725942,0.5985507965087891,0.8934011459350586,0.0,-0.772791862487793,0.41999998688697815,0.41999998688697815,1,dwa-left-arc,0.2292660137973313,-0.010249329546741626,99.0,0.3533597612380981,99.0,waiter-1,0,,waiter-1,-3.778264045715332,2.200000047683716,-0.4741596725719255,0.0,1.4133597475437438,0,0,waiter-2,4.814888000488281,2.549999952316284,0.500013820696612,0.0,8.384162564854366,0,0,customer-1,-7.2573347091674805,-2.549999952316284,0.44899285090870933,0.0,7.193004800447851,0,0,customer-2,2.7592616081237793,-2.200000047683716,0.4152509187519371,0.0,8.527943997578689,0,0
3,352,14.079999999999876,to_table,-3.47948956489563,3.6034693717956543,0.6491404796723957,0.5991861820220947,0.8830499649047852,0.0,-0.7740340232849121,0.41999998688697815,0.41999998688697815,1,dwa-left-arc,0.25495765956314137,0.0042322309132272196,99.0,0.3789874935150146,99.0,waiter-1,0,,waiter-1,-3.7972302436828613,2.200000047683716,-0.4741601095412129,0.0,1.438987589480671,0,0,waiter-2,4.834888458251953,2.549999952316284,0.5000130893317412,0.0,8.380851969196074,0,0,customer-1,-7.239375114440918,-2.549999952316284,0.44899231632083314,0.0,7.211235959838376,0,0,customer-2,2.7758712768554688,-2.200000047683716,0.41525380894446684,0.0,8.532865671235264,0,0
3,353,14.119999999999875,to_table,-3.453372001647949,3.620600700378418,0.6565424881375073,0.9038231372833252,0.6218888759613037,0.0,-0.8053733110427856,0.41999998688697815,0.41999998688697815,1,dwa-left-arc,0.2811019460646332,0.01154979711204518,99.0,0.406201901435852,99.0,waiter-1,0,,waiter-1,-3.8161964416503906,2.200000047683716,-0.4741605465105003,0.0,1.4662018239995813,0,0,waiter-2,4.854888916015625,2.549999952316284,0.5000123579668703,0.0,8.376955618703443,0,0,customer-1,-7.2214155197143555,-2.549999952316284,0.44899178173295695,0.0,7.230108185157297,0,0,customer-2,2.7924814224243164,-2.200000047683716,0.41525193076541456,0.0,8.537568627152389,0,0
3,354,14.159999999999874,to_table,-3.427236557006836,3.6373636722564697,0.6643499395054541,0.8107118606567383,0.9258325099945068,0.0,-0.7689000964164734,0.41999998688697815,0.41999998688697815,1,dwa-left-arc,0.30881789772685103,0.020215230284383212,99.0,0.434127869606018,99.0,waiter-1,0,,waiter-1,-3.83516263961792,2.200000047683716,-0.47416098347978775,0.0,1.4941277984561259,0,0,waiter-2,4.874889373779297,2.549999952316284,0.5000116266019994,0.0,8.37303140027993,0,0,customer-1,-7.203455924987793,-2.549999952316284,0.44899124714508076,0.0,7.248675833405753,0,0,customer-2,2.809091329574585,-2.200000047683716,0.4152524367721533,0.0,8.542048975967477,0,0
3,355,14.199999999999873,to_table,-3.402022361755371,3.6539976596832275,0.673793494099798,0.8183028697967529,0.935490608215332,0.0,-0.7677411437034607,0.41999998688697815,0.41999998688697815,1,dwa-left-arc,0.33722491766892865,0.030173824657059756,99.0,0.46266526222229,99.0,waiter-1,0,,waiter-1,-3.854128837585449,2.200000047683716,-0.47416142044907517,0.0,1.522665203249807,0,0,waiter-2,4.894889831542969,2.549999952316284,0.5000108952371285,0.0,8.370039598542776,0,0,customer-1,-7.1854963302612305,-2.549999952316284,0.4489907125572046,0.0,7.266654088372249,0,0,customer-2,2.8257012367248535,-2.200000047683716,0.415252942778892,0.0,8.54715334932777,0,0
3,356,14.239999999999872,to_table,-3.3771538734436035,3.669572114944458,0.6849673773488812,0.8224103450775146,0.9413559436798096,0.0,-0.7670372724533081,0.41999998688697815,0.41999998688697815,1,dwa-left-arc,0.3662119000914504,0.040450609263107506,99.0,0.4909995222091674,99.0,waiter-1,0,,waiter-1,-3.8730950355529785,2.200000047683716,-0.4741618574183626,0.0,1.550999579995884,0,0,waiter-2,4.914890289306641,2.549999952316284,0.5000101638722576,0.0,8.367283802066972,0,0,customer-1,-7.167536735534668,-2.549999952316284,0.4489901779693284,0.0,7.283548512990334,0,0,customer-2,2.842311382293701,-2.200000047683716,0.41525106459983974,0.0,8.551820007438362,0,0
3,357,14.279999999999871,to_table,-3.3545820713043213,3.6848270893096924,0.6949150163481607,0.9402458667755127,0.949978232383728,0.0,-0.7660025954246521,0.30000001192092896,0.44999998807907104,1,dwa-left-arc,0.3949758449710455,0.0077316746425057925,99.0,0.5191124105453491,99.0,waiter-1,0,,waiter-1,-3.892061710357666,2.200000047683716,-0.474157526016068,0.0,1.5791123158093168,0,0,waiter-2,4.934890270233154,2.549999952316284,0.5000142008789688,0.0,8.366790563410289,0,0,customer-1,-7.1495771408081055,-2.549999952316284,0.4489896433814522,0.0,7.2989763540203745,0,0,customer-2,2.8589210510253906,-2.200000047683716,0.4152539547923695,0.0,8.557967719236567,0,0
3,358,14.31999999999987,to_table,-3.331742525100708,3.698406934738159,0.7047745551013035,0.9880613088607788,0.9458973407745361,0.0,-0.7664923071861267,0.30000001192092896,0.44999998807907104,1,dwa-left-arc,0.42347597254119657,0.023827623387565167,99.0,0.5464852476119995,99.0,waiter-1,0,,waiter-1,-3.9110279083251953,2.200000047683716,-0.4741579629853554,0.0,1.6064852176069746,0,0,waiter-2,4.954890727996826,2.549999952316284,0.5000134695140979,0.0,8.365831056662401,0,0,customer-1,-7.131618022918701,-2.549999952316284,0.44899387716515804,0.0,7.313114413511315,0,0,customer-2,2.8755311965942383,-2.200000047683716,0.4152520766133172,0.0,8.562794636468153,0,0
3,359,14.35999999999987,to_table,-3.310671329498291,3.710869550704956,0.7156351299981955,0.9165334701538086,0.4536149501800537,0.0,-0.8255662322044373,0.30000001192092896,0.44999998807907104,1,dwa-left-arc,0.4512291531225226,0.04023867063770692,99.0,0.5728769922256469,99.0,waiter-1,0,,waiter-1,-3.9299941062927246,2.200000047683716,-0.4741583999546428,0.0,1.6328770183378836,0,0,waiter-2,4.974891185760498,2.549999952316284,0.500012738149227,0.0,8.366490567658857,0,0,customer-1,-7.113658428192139,-2.549999952316284,0.44899334257728185,0.0,7.325380386484601,0,0,customer-2,2.892141103744507,-2.200000047683716,0.41525258262005593,0.0,8.568153913833884,0,0
3,360,14.399999999999869,to_table,-3.2920284271240234,3.7237443923950195,0.726119556902877,0.9145931005477905,0.4747806787490845,0.0,-0.8230262994766235,0.30000001192092896,0.44999998807907104,1,dwa-left-arc,0.4779723815944779,0.0542179125568254,99.0,0.5993240499496459,99.0,waiter-1,0,,waiter-1,-3.948960304260254,2.200000047683716,-0.47415883692393024,0.0,1.6593240549203798,0,0,waiter-2,4.99489164352417,2.549999952316284,0.5000120067843561,0.0,8.369630832236725,0,0,customer-1,-7.095698833465576,-2.549999952316284,0.44899280798940566,0.0,7.336741556227504,0,0,customer-2,2.9087510108947754,-2.200000047683716,0.41525308862679466,0.0,8.575570758283115,0,0
3,361,14.439999999999868,to_table,-3.272716999053955,3.7359068393707275,0.737135399351898,0.9111380577087402,0.49253153800964355,0.0,-0.8208962082862854,0.30000001192092896,0.44999998807907104,1,dwa-left-arc,0.5047317637025224,0.06600453423470998,99.0,0.6259198808670043,99.0,waiter-1,0,,waiter-1,-3.967926502227783,2.200000047683716,-0.47415927389321766,0.0,1.685919904993559,0,0,waiter-2,5.014892101287842,2.549999952316284,0.5000112754194852,0.0,8.372027218352274,0,0,customer-1,-7.077739238739014,-2.549999952316284,0.4489922734015295,0.0,7.347844475645548,0,0,customer-2,2.925361156463623,-2.200000047683716,0.4152512104477424,0.0,8.58202559968709,0,0
3,362,14.479999999999867,to_table,-3.2530786991119385,3.748175859451294,0.7489819350972252,0.9099106788635254,0.49554169178009033,0.0,-0.8205350041389465,0.30000001192092896,0.44999998807907104,1,dwa-left-arc,0.5316369405148231,0.07810246623154371,99.0,0.6532809162139892,99.0,waiter-1,0,,waiter-1,-3.9868927001953125,2.200000047683716,-0.4741597108625051,0.0,1.713280867904673,0,0,waiter-2,5.034892559051514,2.549999952316284,0.5000105440546143,0.0,8.374132377779938,0,0,customer-1,-7.059779644012451,-2.549999952316284,0.4489917388136533,0.0,7.359211278380357,0,0,customer-2,2.9419708251953125,-2.200000047683716,0.41525410064027213,0.0,8.588331341467963,0,0
3,363,14.519999999999866,to_table,-3.2355337142944336,3.760441303253174,0.760664206790839,0.9088315963745117,0.5054383277893066,0.0,-0.8193473815917969,0.30000001192092896,0.44999998807907104,1,dwa-left-arc,0.5592975673852312,0.08997320498095607,99.0,0.6802235269546508,99.0,waiter-1,0,,waiter-1,-4.005858898162842,2.200000047683716,-0.4741601478317925,0.0,1.7402234916771706,0,0,waiter-2,5.0548930168151855,2.549999952316284,0.5000098126897434,0.0,8.378325826079745,0,0,customer-1,-7.041820049285889,-2.549999952316284,0.4489912042257771,0.0,7.369496896256604,0,0,customer-2,2.95858097076416,-2.200000047683716,0.41525222246121984,0.0,8.596157154776598,0,0
3,364,14.559999999999865,to_table,-3.2183432579040527,3.7738094329833984,0.7741401221587431,0.9036862850189209,0.5387828350067139,0.0,-0.8153460621833801,0.30000001192092896,0.44999998807907104,1,dwa-left-arc,0.5865097597201352,0.09984911809784403,99.0,0.7084142589569091,99.0,waiter-1,0,,waiter-1,-4.024825096130371,2.200000047683716,-0.4741605848010799,0.0,1.7684142435092143,0,0,waiter-2,5.074892997741699,2.549999952316284,0.5000138496964546,0.0,8.383047013880327,0,0,customer-1,-7.023860454559326,-2.549999952316284,0.4489906696379009,0.0,7.38055054014559,0,0,customer-2,2.975191116333008,-2.200000047683716,0.41525034428216756,0.0,8.605014105518036,0,0
3,365,14.599999999999865,to_table,-3.200730562210083,3.7866439819335938,0.7875365306118289,0.9008409976959229,0.5661230087280273,0.0,-0.8120652437210083,0.30000001192092896,0.44999998807907104,1,dwa-left-arc,0.6149519397891143,0.10818303397902373,99.0,0.736716570854187,99.0,waiter-1,0,,waiter-1,-4.0437912940979,2.200000047683716,-0.47416102177036734,0.0,1.7967165529774454,0,0,waiter-2,5.094893455505371,2.549999952316284,0.5000131183315837,0.0,8.387291952667775,0,0,customer-1,-7.005901336669922,-2.549999952316284,0.44899490342160675,0.0,7.391372062903414,0,0,customer-2,2.9918007850646973,-2.200000047683716,0.4152532344746973,0.0,8.613207951996364,0,0
3,366,14.639999999999864,to_table,-3.1845438480377197,3.7992374897003174,0.8029050975947951,0.8967068195343018,0.5332711935043335,0.0,-0.8160074353218079,0.30000001192092896,0.44999998807907104,1,dwa-left-arc,0.6435016738356767,0.11698235058798301,99.0,0.76450532913208,99.0,waiter-1,0,,waiter-1,-4.06275749206543,2.200000047683716,-0.47416145873965476,0.0,1.8245053029531684,0,0,waiter-2,5.114893913269043,2.549999952316284,0.5000123869667128,0.0,8.39292926090849,0,0,customer-1,-6.987941741943359,-2.549999952316284,0.44899436883373056,0.0,7.401260138278574,0,0,customer-2,3.008410930633545,-2.200000047683716,0.415251356295645,0.0,8.622269998128386,0,0
3,367,14.679999999999863,to_table,-3.1683783531188965,3.8105740547180176,0.8173223333577164,0.9979104995727539,-0.9743677973747253,0.0,-0.9969241619110107,0.30000001192092896,0.44999998807907104,1,dwa-left-arc,0.6715180131776921,0.1230491030102272,99.0,0.7915259027481079,99.0,waiter-1,0,,waiter-1,-4.081723690032959,2.200000047683716,-0.4741618957089422,0.0,1.8515259481295934,0,0,waiter-2,5.134894371032715,2.549999952316284,0.5000116556018419,0.0,8.39841562434761,0,0,customer-1,-6.969982147216797,-2.549999952316284,0.4489938342458544,0.0,7.410067010915619,0,0,customer-2,3.0250205993652344,-2.200000047683716,0.41525424648817477,0.0,8.630480382058344,0,0
3,368,14.719999999999862,to_table,-3.1531178951263428,3.822099208831787,0.8321448721227086,0.8690450191497803,0.27856361865997314,0.0,-0.8465723395347595,0.30000001192092896,0.44999998807907104,1,dwa-left-arc,0.6987631015470646,0.12971425195725783,99.0,0.8185897493362426,99.0,waiter-1,0,,waiter-1,-4.1006903648376465,2.200000047683716,-0.47415756430664757,0.0,1.8785897034616303,0,0,waiter-2,5.154894828796387,2.549999952316284,0.500010924236971,0.0,8.404838602810244,0,0,customer-1,-6.952022552490234,-2.549999952316284,0.4489932996579782,0.0,7.418579669670268,0,0,customer-2,3.041630744934082,-2.200000047683716,0.4152523683091225,0.0,8.639478582001061,0,0
3,369,14.759999999999861,to_table,-3.1386096477508545,3.8338847160339355,0.8478457115593682,0.8523507118225098,0.32090139389038086,0.0,-0.8414918184280396,0.30000001192092896,0.44999998807907104,1,dwa-left-arc,0.7260353008830058,0.13520252560442736,99.0,0.8457891368865966,99.0,waiter-1,0,,waiter-1,-4.119656562805176,2.200000047683716,-0.474158001275935,0.0,1.9057891171395402,0,0,waiter-2,5.174895286560059,2.549999952316284,0.5000101928721001,0.0,8.4120582724633,0,0,customer-1,-6.934062957763672,-2.549999952316284,0.448992765070102,0.0,7.426940775802931,0,0,customer-2,3.0582408905029297,-2.200000047683716,0.4152504901300702,0.0,8.64920354340677,0,0
3,370,14.79999999999986,to_table,-3.125181198120117,3.8456921577453613,0.8621711795889934,-0.39205628633499146,-0.9611893892288208,0.0,-0.9953427314758301,0.30000001192092896,0.44999998807907104,1,dwa-left-arc,0.7534293302176398,0.13935664580009477,99.0,0.8727095746994018,99.0,waiter-1,0,,waiter-1,-4.138622760772705,2.200000047683716,-0.4741584382452224,0.0,1.932709580364021,0,0,waiter-2,5.194895267486572,2.549999952316284,0.5000142298788113,0.0,8.420361671849491,0,0,customer-1,-6.916103363037109,-2.549999952316284,0.4489922304822258,0.0,7.434780993893749,0,0,customer-2,3.074850559234619,-2.200000047683716,0.41525338032259995,0.0,8.659722168464365,0,0
3,371,14.83999999999986,to_table,-3.110787868499756,3.857862949371338,0.8786817278483003,-0.9246891736984253,-0.5135624408721924,0.0,-0.9416275024414062,0.30000001192092896,0.44999998807907104,1,dwa-left-arc,0.7805298395265672,0.14333749449393296,99.0,0.9006891870498657,99.0,waiter-1,0,,waiter-1,-4.157588958740234,2.200000047683716,-0.47415887521450983,0.0,1.960689144999981,0,0,waiter-2,5.214895725250244,2.549999952316284,0.5000134985139404,0.0,8.427782206624927,0,0,customer-1,-6.898143768310547,-2.549999952316284,0.4489916958943496,0.0,7.443438162479495,0,0,customer-2,3.091460704803467,-2.200000047683716,0.41525150214354767,0.0,8.669809193755691,0,0
3,372,14.879999999999859,to_table,-3.0979163646698,3.869795560836792,0.8944245443877316,0.565882682800293,-0.23241639137268066,0.0,-0.9078899621963501,0.30000001192092896,0.44999998807907104,1,dwa-left-arc,0.8086883249122767,0.14684420486253003,99.0,0.9278829717636108,99.0,waiter-1,0,,waiter-1,-4.176555156707764,2.200000047683716,-0.47415931218379725,0.0,1.9878829692502682,0,0,waiter-2,5.234896183013916,2.549999952316284,0.5000127671490695,0.0,8.436683317696902,0,0,customer-1,-6.880184173583984,-2.549999952316284,0.44899116130647343,0.0,7.451129055992043,0,0,customer-2,3.1080703735351562,-2.200000047683716,0.4152543923360774,0.0,8.680823124795864,0,0
3,373,14.919999999999858,to_table,-3.0869669914245605,3.878990411758423,0.9012756150456102,0.5880062580108643,0.3613884449005127,0.0,-0.8366333842277527,0.18000000715255737,0.0,1,dwa-slow-forward,0.8360456780090013,0.22055188323234454,99.0,0.9519397640228271,99.0,waiter-1,0,,waiter-1,-4.195521354675293,2.200000047683716,-0.4741597491530847,0.0,2.011939715532738,0,0,waiter-2,5.254896640777588,2.549999952316284,0.5000120357841986,0.0,8.447064845231452,0,0,customer-1,-6.862224578857422,-2.549999952316284,0.44899062671859724,0.0,7.45550044952281,0,0,customer-2,3.124680519104004,-2.200000047683716,0.41525251415702513,0.0,8.691299661215476,0,0
3,374,14.959999999999857,to_table,-3.08004093170166,3.887737274169922,0.9013460724625917,0.3298783302307129,0.5282623767852783,0.0,-0.8166084885597229,0.18000000715255737,0.0,1,dwa-slow-forward,0.8602598333076386,0.22857821259789546,99.0,0.9735745811462402,99.0,waiter-1,0,,waiter-1,-4.214487552642822,2.200000047683716,-0.4741601861223721,0.0,2.0335747051515396,0,0,waiter-2,5.27489709854126,2.549999952316284,0.5000113044193277,0.0,8.461355129734219,0,0,customer-1,-6.844264984130859,-2.549999952316284,0.44899009213072105,0.0,7.4574689616633885,0,0,customer-2,3.1412906646728516,-2.200000047683716,0.41525063597797285,0.0,8.704338718819342,0,0
3,375,14.999999999999856,to_table,-3.0736851692199707,3.8962957859039307,0.8960609604810384,0.30007386207580566,0.48998749256134033,0.0,-0.821201503276825,0.0,-0.821201503276825,0,nominal-sac-a-star,0.8820238276061572,0.2319052799927095,99.0,0.9948679828643798,99.0,waiter-1,0,,waiter-1,-4.233453750610352,2.200000047683716,-0.4741606230916595,0.0,2.0548679748062453,0,0,waiter-2,5.294897556304932,2.549999952316284,0.5000105730544568,0.0,8.47618365218034,0,0,customer-1,-6.826305389404297,-2.549999952316284,0.44898955754284486,0.0,7.4590138263400725,0,0,customer-2,3.157900333404541,-2.200000047683716,0.4152535261705026,0.0,8.717653397970011,0,0
3,376,15.039999999999855,to_table,-3.066941738128662,3.902243137359619,0.8866689448124185,-0.021902501583099365,0.8539546728134155,0.0,-0.7775254249572754,0.0,-0.7775254249572754,0,nominal-sac-a-star,0.9316547999054108,99.0,99.0,1.0143649005889892,99.0,waiter-1,0,,waiter-1,-4.252419948577881,2.200000047683716,-0.47416106006094694,0.0,2.0743649929072867,0,0,waiter-2,5.3148980140686035,2.549999952316284,0.500009841689586,0.0,8.490217857217237,0,0,customer-1,-6.808345794677734,-2.549999952316284,0.4489890229549687,0.0,7.458521649940576,0,0,customer-2,3.1745104789733887,-2.200000047683716,0.4152516479914503,0.0,8.728865772125031,0,0
3,377,15.079999999999854,to_table,-3.0619232654571533,3.9124653339385986,0.874506875398111,0.7212481498718262,0.9503295421600342,0.20000000298023224,-0.7659604549407959,0.20000000298023224,-0.7659604549407959,0,nominal-sac-a-star,0.9512850479564467,99.0,99.0,1.036506118774414,99.0,waiter-1,0,,waiter-1,-4.27138614654541,2.200000047683716,-0.47416149703023436,0.0,2.0965060976201153,0,0,waiter-2,5.334897994995117,2.549999952316284,0.5000138786962971,0.0,8.50663971237189,0,0,customer-1,-6.79038667678833,-2.549999952316284,0.4489932567386745,0.0,7.460891165650704,0,0,customer-2,3.191120147705078,-2.200000047683716,0.41525453818398006,0.0,8.744300141716478,0,0
3,378,15.119999999999854,to_table,-3.0579612255096436,3.9206035137176514,0.8608831430952646,-0.02299600839614868,0.5990002155303955,0.20000000298023224,-0.8081199526786804,0.20000000298023224,-0.8081199526786804,0,nominal-sac-a-star,0.9735275473477869,99.0,99.0,1.056427183151245,99.0,waiter-1,0,,waiter-1,-4.2903523445129395,2.200000047683716,-0.4741619339995218,0.0,2.1164272152677936,0,0,waiter-2,5.354898452758789,2.549999952316284,0.5000131473314262,0.0,8.523776281013067,0,0,customer-1,-6.772427082061768,-2.549999952316284,0.44899272215079833,0.0,7.460962794046214,0,0,customer-2,3.207730293273926,-2.200000047683716,0.4152526600049278,0.0,8.759034088550829,0,0
3,379,15.159999999999853,to_table,-3.054943323135376,3.9291532039642334,0.8447776175813725,0.003059864044189453,0.5808517932891846,0.20000000298023224,-0.8102977871894836,0.20000000298023224,-0.8102977871894836,0,nominal-sac-a-star,0.9935501099186115,99.0,99.0,1.0762183094024658,99.0,waiter-1,0,,waiter-1,-4.309319019317627,2.200000047683716,-0.47415760259722717,0.0,2.1362183935748664,0,0,waiter-2,5.374898910522461,2.549999952316284,0.5000124159665553,0.0,8.541914526374779,0,0,customer-1,-6.754467487335205,-2.549999952316284,0.44899218756292214,0.0,7.460958696041565,0,0,customer-2,3.2243404388427734,-2.200000047683716,0.4152507818258755,0.0,8.77473214096186,0,0
3,380,15.199999999999852,to_table,-3.0496678352355957,3.9336817264556885,0.826106946933586,-0.0033358335494995117,0.5715720653533936,0.20000000298023224,-0.8114113807678223,0.20000000298023224,-0.8114113807678223,0,nominal-sac-a-star,1.0134329073757122,99.0,99.0,1.0941852951049804,99.0,waiter-1,0,,waiter-1,-4.328285217285156,2.200000047683716,-0.4741580395665146,0.0,2.154185361798951,0,0,waiter-2,5.394899368286133,2.549999952316284,0.5000116846016844,0.0,8.557177718551856,0,0,customer-1,-6.736507892608643,-2.549999952316284,0.44899165297504595,0.0,7.458613659407078,0,0,customer-2,3.240950107574463,-2.200000047683716,0.41525367201840524,0.0,8.786007410013593,0,0
3,381,15.239999999999851,to_table,-3.04486083984375,3.942732572555542,0.806062129019798,0.9453916549682617,0.63938307762146,0.20000000298023224,-0.8032740354537964,0.20000000298023224,-0.8032740354537964,0,nominal-sac-a-star,1.0315193668005262,99.0,99.0,1.1156236553192138,99.0,waiter-1,0,,waiter-1,-4.3472514152526855,2.200000047683716,-0.474158476535802,0.0,2.175623557548536,0,0,waiter-2,5.414899826049805,2.549999952316284,0.5000109532368135,0.0,8.573637190578935,0,0,customer-1,-6.71854829788208,-2.549999952316284,0.44899111838716976,0.0,7.459996995902653,0,0,customer-2,3.2575602531433105,-2.200000047683716,0.41525179383935296,0.0,8.80077699280465,0,0
3,382,15.27999999999985,to_table,-3.0381462574005127,3.94911527633667,0.7810466977818535,0.9493920803070068,0.4937245845794678,0.20000000298023224,-0.8207530379295349,0.20000000298023224,-0.8207530379295349,0,nominal-sac-a-star,1.0530528792744644,99.0,99.0,1.1361734294891357,99.0,waiter-1,0,,waiter-1,-4.366217613220215,2.200000047683716,-0.47415891350508943,0.0,2.196173401454097,0,0,waiter-2,5.434900283813477,2.549999952316284,0.5000102218719427,0.0,8.587784427865374,0,0,customer-1,-6.700589179992676,-2.549999952316284,0.4489953521708756,0.0,7.4600259326998435,0,0,customer-2,3.274169921875,-2.200000047683716,0.4152546840318827,0.0,8.812318356439793,0,0
3,383,15.31999999999985,to_table,-3.0311920642852783,3.9575252532958984,0.7557833769264206,0.3053797483444214,0.25906217098236084,0.20000000298023224,-0.8489125370979309,0.20000000298023224,-0.8489125370979309,0,nominal-sac-a-star,1.073717202174147,99.0,99.0,1.1586007499694824,99.0,waiter-1,0,,waiter-1,-4.385183811187744,2.200000047683716,-0.47415935047437685,0.0,2.2186005722171207,0,0,waiter-2,5.45490026473999,2.549999952316284,0.5000142588786538,0.0,8.602028277658663,0,0,customer-1,-6.682629585266113,-2.549999952316284,0.4489948175829994,0.0,7.461962226606655,0,0,customer-2,3.2907800674438477,-2.200000047683716,0.4152528058528304,0.0,8.825103368605028,0,0
3,384,15.359999999999848,to_table,-3.024979829788208,3.9643917083740234,0.7258695180655806,0.315548300743103,0.26761412620544434,0.20000000298023224,-0.847886323928833,0.20000000298023224,-0.847886323928833,0,nominal-sac-a-star,1.096248980685508,99.0,99.0,1.1794616603851318,99.0,waiter-1,0,,waiter-1,-4.404150009155273,2.200000047683716,-0.47415978744366427,0.0,2.239461612970601,0,0,waiter-2,5.474900722503662,2.549999952316284,0.5000135275137829,0.0,8.616755389520678,0,0,customer-1,-6.664669990539551,-2.549999952316284,0.44899428299512323,0.0,7.462214361377027,0,0,customer-2,3.3073902130126953,-2.200000047683716,0.41525092767377814,0.0,8.837343270526212,0,0
3,385,15.399999999999848,to_table,-3.0190799236297607,3.9698617458343506,0.6929217672178771,0.49038398265838623,-0.06756007671356201,0.20000000298023224,-0.888107180595398,0.20000000298023224,-0.888107180595398,0,nominal-sac-a-star,1.1172144506210873,99.0,99.0,1.1991433525085449,99.0,waiter-1,0,,waiter-1,-4.423116207122803,2.200000047683716,-0.4741602244129517,0.0,2.2591432703451106,0,0,waiter-2,5.494901180267334,2.549999952316284,0.500012796148912,0.0,8.631563111639116,0,0,customer-1,-6.646710395812988,-2.549999952316284,0.44899374840724704,0.0,7.461119179166352,0,0,customer-2,3.3239998817443848,-2.200000047683716,0.4152538178663079,0.0,8.848833593669806,0,0
3,386,15.439999999999847,to_table,-3.0144782066345215,3.979360580444336,0.6591939835907328,0.9756734371185303,-0.9818375110626221,0.20000000298023224,-0.9978204965591431,0.20000000298023224,-0.9978204965591431,0,nominal-sac-a-star,1.137002152337356,99.0,99.0,1.221266689300537,99.0,waiter-1,0,,waiter-1,-4.442082405090332,2.200000047683716,-0.4741606613822391,0.0,2.281266677307766,0,0,waiter-2,5.514901638031006,2.549999952316284,0.5000120647840411,0.0,8.648317312623835,0,0,customer-1,-6.628750801086426,-2.549999952316284,0.44899321381937085,0.0,7.462942807886052,0,0,customer-2,3.3406100273132324,-2.200000047683716,0.4152519396872556,0.0,8.864064769264736,0,0
3,387,15.479999999999846,to_table,-3.008448600769043,3.9808883666992188,0.6231568642562578,-0.8520956635475159,0.46009254455566406,0.20000000298023224,-0.8247888684272766,0.20000000298023224,-0.8247888684272766,0,nominal-sac-a-star,1.1592063263914283,99.0,99.0,1.2381753349304199,99.0,waiter-1,0,,waiter-1,-4.461048603057861,2.200000047683716,-0.47416109835152653,0.0,2.29817535698548,0,0,waiter-2,5.534902095794678,2.549999952316284,0.5000113334191703,0.0,8.662348571772618,0,0,customer-1,-6.610791206359863,-2.549999952316284,0.44899267923149466,0.0,7.458510205363267,0,0,customer-2,3.357219696044922,-2.200000047683716,0.41525482987978535,0.0,8.872717422307305,0,0
3,388,15.519999999999845,to_table,-3.0015242099761963,3.991795778274536,0.5864190478243005,0.6649982929229736,-0.4427541494369507,0.20000000298023224,-0.8956120610237122,0.20000000298023224,-0.8956120610237122,0,nominal-sac-a-star,1.1762330294751329,99.0,99.0,1.2630295181274414,99.0,waiter-1,0,,waiter-1,-4.480014801025391,2.200000047683716,-0.47416153532081395,0.0,2.3230295667478034,0,0,waiter-2,5.55490255355835,2.549999952316284,0.5000106020542994,0.0,8.677051006158768,0,0,customer-1,-6.592831611633301,-2.549999952316284,0.4489921446436185,0.0,7.4627461590203765,0,0,customer-2,3.3738298416137695,-2.200000047683716,0.41525295170073306,0.0,8.887264755450836,0,0
3,389,15.559999999999844,to_table,-2.995857000350952,4.000554084777832,0.5506083387713459,0.6274318695068359,0.41154909133911133,0.20000000298023224,-0.7755173444747925,0.20000000298023224,-0.7755173444747925,0,nominal-sac-a-star,1.2011694647330993,99.0,99.0,1.28550142288208,99.0,waiter-1,0,,waiter-1,-4.49898099899292,2.200000047683716,-0.4741619722901014,0.0,2.3455013527579425,0,0,waiter-2,5.5749030113220215,2.549999952316284,0.5000098706894285,0.0,8.692642548091678,0,0,customer-1,-6.574872016906738,-2.549999952316284,0.4489916100557423,0.0,7.464523205243711,0,0,customer-2,3.390439987182617,-2.200000047683716,0.4152510735216808,0.0,8.90121681359163,0,0
3,390,15.599999999999843,to_table,-2.9895517826080322,4.005979537963867,0.5150431346126091,0.5476107597351074,-0.6907446384429932,0.20000000298023224,-0.8864122629165649,0.20000000298023224,-0.8864122629165649,0,nominal-sac-a-star,1.2237239545529954,99.0,99.0,1.305915536880493,99.0,waiter-1,0,,waiter-1,-4.517947673797607,2.200000047683716,-0.47415764088780676,0.0,2.3659154506274587,0,0,waiter-2,5.594902992248535,2.549999952316284,0.5000139076961396,0.0,8.707051184837507,0,0,customer-1,-6.556912422180176,-2.549999952316284,0.4489910754678661,0.0,7.4637074574063105,0,0,customer-2,3.4070496559143066,-2.200000047683716,0.41525396371421053,0.0,8.912389835548073,0,0
3,391,15.639999999999842,to_table,-2.9838621616363525,4.012976169586182,0.4785391256116013,0.04731893539428711,-0.9695013165473938,0.20000000298023224,-0.8911413550376892,0.20000000298023224,-0.8911413550376892,0,nominal-sac-a-star,1.2442346004415006,99.0,99.0,1.3272268199920654,99.0,waiter-1,0,,waiter-1,-4.536913871765137,2.200000047683716,-0.4741580778570942,0.0,2.3872268499081617,0,0,waiter-2,5.614903450012207,2.549999952316284,0.5000131763312687,0.0,8.72233165250939,0,0,customer-1,-6.538952827453613,-2.549999952316284,0.4489905408799899,0.0,7.464001957317732,0,0,customer-2,3.4236598014831543,-2.200000047683716,0.41525208553515824,0.0,8.925100065781908,0,0
3,392,15.679999999999842,to_table,-2.9766101837158203,4.021535873413086,0.4424030645256869,0.12066566944122314,-0.20581156015396118,0.20000000298023224,-0.773709774017334,0.20000000298023224,-0.773709774017334,0,nominal-sac-a-star,1.265631700910208,99.0,99.0,1.3508269214630126,99.0,waiter-1,0,,waiter-1,-4.555880069732666,2.200000047683716,-0.4741585148263816,0.0,2.410826857593726,0,0,waiter-2,5.634903907775879,2.549999952316284,0.5000124449663979,0.0,8.73633750006479,0,0,customer-1,-6.520993232727051,-2.549999952316284,0.4489900062921137,0.0,7.46644053796471,0,0,customer-2,3.440269947052002,-2.200000047683716,0.41525020735610596,0.0,8.937777119068292,0,0
3,393,15.71999999999984,to_table,-2.9690017700195312,4.02613639831543,0.4080618256885583,0.25748229026794434,-0.08875536918640137,0.20000000298023224,-0.7392356395721436,0.20000000298023224,-0.7392356395721436,0,nominal-sac-a-star,1.2893163534994434,99.0,99.0,1.3717710399627685,99.0,waiter-1,0,,waiter-1,-4.574846267700195,2.200000047683716,-0.474158951795669,0.0,2.4317710669036625,0,0,waiter-2,5.654904365539551,2.549999952316284,0.500011713601527,0.0,8.749327736582998,0,0,customer-1,-6.503033638000488,-2.549999952316284,0.44898947170423753,0.0,7.465584407533329,0,0,customer-2,3.4568796157836914,-2.200000047683716,0.4152530975486357,0.0,8.947442462995289,0,0
3,394,15.75999999999984,to_table,-2.9607584476470947,4.033082485198975,0.3842576645682707,0.5777606964111328,0.9538888931274414,0.20000000298023224,-0.5865350961685181,0.20000000298023224,-0.5865350961685181,0,nominal-sac-a-star,1.310359974300468,99.0,99.0,1.3950063610076904,99.0,waiter-1,0,,waiter-1,-4.593812465667725,2.200000047683716,-0.47415938876495645,0.0,2.4550064457145946,0,0,waiter-2,5.674904823303223,2.549999952316284,0.5000109822366561,0.0,8.76208958688406,0,0,customer-1,-6.485074043273926,-2.549999952316284,0.44898893711636134,0.0,7.467112882279224,0,0,customer-2,3.473489761352539,-2.200000047683716,0.4152512193695834,0.0,8.958284873609584,0,0
3,395,15.799999999999839,to_table,-2.9525179862976074,4.037834644317627,0.36146116952738405,0.7032513618469238,0.9926471710205078,0.20000000298023224,-0.5740761756896973,0.20000000298023224,-0.5740761756896973,0,nominal-sac-a-star,1.333686194221173,99.0,99.0,1.4167117500305175,99.0,waiter-1,0,,waiter-1,-4.612778663635254,2.200000047683716,-0.47415982573424387,0.0,2.476711836548247,0,0,waiter-2,5.6949052810668945,2.549999952316284,0.5000102508717852,0.0,8.774484670661844,0,0,customer-1,-6.4671149253845215,-2.549999952316284,0.4489931709000672,0.0,7.466723265050459,0,0,customer-2,3.4900994300842285,-2.200000047683716,0.41525410956211317,0.0,8.967602846837167,0,0
3,396,15.839999999999838,to_table,-2.9434151649475098,4.0402936935424805,0.3423422228452972,0.5358866453170776,0.4858429431915283,0.20000000298023224,-0.6232154965400696,0.20000000298023224,-0.6232154965400696,0,nominal-sac-a-star,1.355488540965689,99.0,99.0,1.4374262714385986,99.0,waiter-1,0,,waiter-1,-4.631744861602783,2.200000047683716,-0.4741602627035313,0.0,2.497426248680075,0,0,waiter-2,5.714905261993408,2.549999952316284,0.5000142878784963,0.0,8.785641015356838,0,0,customer-1,-6.449155330657959,-2.549999952316284,0.448992636312191,0.0,7.464729362014536,0,0,customer-2,3.506709575653076,-2.200000047683716,0.4152522313830609,0.0,8.974707524264767,0,0
3,397,15.879999999999837,to_table,-2.932915449142456,4.043919563293457,0.3234665552611635,-0.9493746757507324,0.9896296262741089,0.20000000298023224,-0.5505012273788452,0.20000000298023224,-0.5505012273788452,0,nominal-sac-a-star,1.3763098183305216,99.0,99.0,1.4600915336608886,99.0,waiter-1,0,,waiter-1,-4.6507110595703125,2.200000047683716,-0.4741606996728187,0.0,2.5200914545412187,0,0,waiter-2,5.73490571975708,2.549999952316284,0.5000135565136254,0.0,8.795619342609427,0,0,customer-1,-6.4311957359313965,-2.549999952316284,0.4489921017243148,0.0,7.4644316289504,0,0,customer-2,3.523319721221924,-2.200000047683716,0.4152503532040086,0.0,8.981620381835079,0,0
3,398,15.919999999999837,to_table,-2.9228343963623047,4.047191619873047,0.3053489636284002,-0.41642212867736816,0.8765404224395752,0.20000000298023224,-0.556525468826294,0.20000000298023224,-0.556525468826294,0,nominal-sac-a-star,1.3990806106491447,99.0,99.0,1.4823564910888671,99.0,waiter-1,0,,waiter-1,-4.669677257537842,2.200000047683716,-0.47416113664210613,0.0,2.5423565222067555,0,0,waiter-2,5.754906177520752,2.549999952316284,0.5000128251487546,0.0,8.805950508435625,0,0,customer-1,-6.413236141204834,-2.549999952316284,0.4489915671364386,0.0,7.463634569066582,0,0,customer-2,3.5399293899536133,-2.200000047683716,0.41525324339653835,0.0,8.988588292324168,0,0
3,399,15.959999999999836,to_table,-2.911924123764038,4.050718784332275,0.2865617329049966,0.288881778717041,0.4761199951171875,0.20000000298023224,-0.5974047780036926,0.20000000298023224,-0.5974047780036926,0,nominal-sac-a-star,1.421448327927319,99.0,99.0,1.5055198097229003,99.0,waiter-1,0,,waiter-1,-4.688643455505371,2.200000047683716,-0.47416157361139355,0.0,2.5655197184908576,0,0,waiter-2,5.774906635284424,2.549999952316284,0.5000120937838837,0.0,8.815508246784068,0,0,customer-1,-6.3952765464782715,-2.549999952316284,0.44899103254856243,0.0,7.463459783583782,0,0,customer-2,3.556539535522461,-2.200000047683716,0.41525136521748607,0.0,8.995138021644218,0,0
3,400,15.999999999999835,to_table,-2.9020588397979736,4.053877353668213,0.26622480513173596,0.5135996341705322,0.07579183578491211,0.20000000298023224,-0.6393864154815674,0.20000000298023224,-0.6393864154815674,0,nominal-sac-a-star,1.444713909614698,99.0,99.0,1.5278324508666992,99.0,waiter-1,0,,waiter-1,-4.707610130310059,2.200000047683716,-0.47415724220909894,0.0,2.5878323995796544,0,0,waiter-2,5.794907093048096,2.549999952316284,0.5000113624190128,0.0,8.826033292220359,0,0,customer-1,-6.377317428588867,-2.549999952316284,0.4489952663322683,0.0,7.46248066874963,0,0,customer-2,3.5731492042541504,-2.200000047683716,0.4152542554100158,0.0,9.002183166593406,0,0
3,401,16.039999999999836,to_table,-2.8847737312316895,4.057344436645508,0.24718837499382795,0.6157499551773071,-0.14471137523651123,0.7799999713897705,-0.20463941991329193,0.7799999713897705,-0.20463941991329193,0,nominal-sac-a-star,1.4671235390131412,99.0,99.0,1.5557150268554687,99.0,waiter-1,0,,waiter-1,-4.726576328277588,2.200000047683716,-0.4741576791784041,0.0,2.61571500467709,0,0,waiter-2,5.814907550811768,2.549999952316284,0.5000106310541419,0.0,8.829300187646528,0,0,customer-1,-6.359357833862305,-2.549999952316284,0.4489947317443921,0.0,7.465235063988158,0,0,customer-2,3.589759349822998,-2.200000047683716,0.41525237723096353,0.0,9.004106763762682,0,0
3,402,16.079999999999835,to_table,-2.855717182159424,4.061507225036621,0.23502390088832503,0.8781554698944092,-0.5233283042907715,0.8199999928474426,-0.23131310939788818,0.8199999928474426,-0.23131310939788818,0,nominal-sac-a-star,1.4951269778554912,99.0,99.0,1.5926682376861572,99.0,waiter-1,0,,waiter-1,-4.745542526245117,2.200000047683716,-0.47415811614769154,0.0,2.6526682420696694,0,0,waiter-2,5.8349080085754395,2.549999952316284,0.5000098996892888,0.0,8.82108952688509,0,0,customer-1,-6.341398239135742,-2.549999952316284,0.4489941971565159,0.0,7.47408854557882,0,0,customer-2,3.6063694953918457,-2.200000047683716,0.41525049905191125,0.0,8.998057432274774,0,0
3,403,16.119999999999834,to_table,-2.8190648555755615,4.067266941070557,0.2208597256951662,0.8807588815689087,-0.5181559324264526,0.8199999928474426,-0.6190975308418274,0.8199999928474426,-0.6190975308418274,0,nominal-sac-a-star,1.532236292911446,99.0,99.0,1.6365603828430175,99.0,waiter-1,0,,waiter-1,-4.7645087242126465,2.200000047683716,-0.47415855311697896,0.0,2.6965603084589396,0,0,waiter-2,5.854907989501953,2.549999952316284,0.5000139366959999,0.0,8.805674535906126,0,0,customer-1,-6.32343864440918,-2.549999952316284,0.4489936625686397,0.0,7.487914047996119,0,0,customer-2,3.622979164123535,-2.200000047683716,0.415253389244441,0.0,8.987689728738411,0,0
3,404,16.159999999999833,to_table,-2.7856459617614746,4.073551177978516,0.20710334922526397,0.7144345045089722,-0.4793902039527893,0.20000000298023224,-0.6314413547515869,0.20000000298023224,-0.6314413547515869,0,nominal-sac-a-star,1.5762982503072407,99.0,99.0,1.678889217376709,99.0,waiter-1,0,,waiter-1,-4.783474922180176,2.200000047683716,-0.4741589900862664,0.0,2.738889262623918,0,0,waiter-2,5.874908447265625,2.549999952316284,0.500013205331129,0.0,8.793543711663439,0,0,customer-1,-6.305479049682617,-2.549999952316284,0.4489931279807635,0.0,7.500710269198112,0,0,customer-2,3.639589309692383,-2.200000047683716,0.4152515110653887,0.0,8.980038600949486,0,0
3,405,16.199999999999832,to_table,-2.757904529571533,4.083991527557373,0.19124867106117852,0.7492637634277344,-0.7187314033508301,0.20000000298023224,-0.6818597316741943,0.20000000298023224,-0.6818597316741943,0,nominal-sac-a-star,1.6187772751526497,99.0,99.0,1.720207633972168,99.0,waiter-1,0,,waiter-1,-4.802441120147705,2.200000047683716,-0.4741594270555538,0.0,2.780207504205643,0,0,waiter-2,5.894908905029297,2.549999952316284,0.5000124739662581,0.0,8.787736368765238,0,0,customer-1,-6.287519454956055,-2.549999952316284,0.44899259339288733,0.0,7.514520907984318,0,0,customer-2,3.6561989784240723,-2.200000047683716,0.41525440125791846,0.0,8.979380486925727,0,0
3,406,16.23999999999983,to_table,-2.7357985973358154,4.091981410980225,0.17437095732326197,0.6305007934570312,-0.5546553134918213,0.20000000298023224,-0.6931926012039185,0.20000000298023224,-0.6931926012039185,0,nominal-sac-a-star,1.6602075661773879,99.0,99.0,1.7559115314483642,99.0,waiter-1,0,,waiter-1,-4.821407318115234,2.200000047683716,-0.4741598640248412,0.0,2.8159114359745905,0,0,waiter-2,5.914909362792969,2.549999952316284,0.5000117426013873,0.0,8.787061797341526,0,0,customer-1,-6.269559860229492,-2.549999952316284,0.44899205880501114,0.0,7.523522120224414,0,0,customer-2,3.67280912399292,-2.200000047683716,0.4152525230788662,0.0,8.981051363957624,0,0
3,407,16.27999999999983,to_table,-2.719693660736084,4.099375247955322,0.15308923678498373,-0.250204861164093,-0.5304971933364868,0.20000000298023224,-0.7129329442977905,0.20000000298023224,-0.7129329442977905,0,nominal-sac-a-star,1.6960104548663204,99.0,99.0,1.786912145614624,99.0,waiter-1,0,,waiter-1,-4.840373516082764,2.200000047683716,-0.47416030099412865,0.0,2.8469122220890513,0,0,waiter-2,5.934909820556641,2.549999952316284,0.5000110112365164,0.0,8.792196837260908,0,0,customer-1,-6.25160026550293,-2.549999952316284,0.44899152421713495,0.0,7.5291802222275654,0,0,customer-2,3.6894192695617676,-2.200000047683716,0.4152506448998139,0.0,8.986593218156619,0,0
3,408,16.31999999999983,to_table,-2.7063727378845215,4.103594779968262,0.125587091839473,0.6501190662384033,-0.5160679817199707,0.20000000298023224,-0.8944159746170044,0.20000000298023224,-0.8944159746170044,0,nominal-sac-a-star,1.7270912459995933,99.0,99.0,1.8138369941711425,99.0,waiter-1,0,,waiter-1,-4.859339714050293,2.200000047683716,-0.47416073796341607,0.0,2.873837104855085,0,0,waiter-2,5.9549102783203125,2.549999952316284,0.5000102798716455,0.0,8.799515917100512,0,0,customer-1,-6.233640670776367,-2.549999952316284,0.44899098962925876,0.0,7.530733160316582,0,0,customer-2,3.706028938293457,-2.200000047683716,0.41525353509234364,0.0,8.991896518969227,0,0
3,409,16.35999999999983,to_table,-2.6921353340148926,4.110583305358887,0.09612629259959632,0.5650553703308105,-0.3811006546020508,0.20000000298023224,-0.8658428192138672,0.20000000298023224,-0.8658428192138672,0,nominal-sac-a-star,1.7540962233472013,99.0,99.0,1.8433894538879394,99.0,waiter-1,0,,waiter-1,-4.878305912017822,2.200000047683716,-0.4741611749327035,0.0,2.90338942972422,0,0,waiter-2,5.974910259246826,2.549999952316284,0.5000143168783566,0.0,8.806423775714581,0,0,customer-1,-6.215681076049805,-2.549999952316284,0.4489904550413826,0.0,7.5351671466952315,0,0,customer-2,3.7226390838623047,-2.200000047683716,0.41525165691329136,0.0,8.998488377941605,0,0
3,410,16.399999999999828,to_table,-2.6830615997314453,4.111263275146484,0.06872058532364898,-0.6962404847145081,-0.23366349935531616,0.20000000298023224,-0.840045154094696,0.20000000298023224,-0.840045154094696,0,nominal-sac-a-star,1.7837202286808922,99.0,99.0,1.8650051975250244,99.0,waiter-1,0,,waiter-1,-4.897272109985352,2.200000047683716,-0.4741616119019909,0.0,2.9250051809134052,0,0,waiter-2,5.994910717010498,2.549999952316284,0.5000135855134857,0.0,8.817298151551547,0,0,customer-1,-6.197721481323242,-2.549999952316284,0.4489899204535064,0.0,7.531617480250744,0,0,customer-2,3.739248752593994,-2.200000047683716,0.4152545471058211,0.0,9.00433867597661,0,0
3,411,16.439999999999827,to_table,-2.6687090396881104,4.116883754730225,0.03670193886127749,0.5442517995834351,-0.19350749254226685,0.20000000298023224,-0.8130776286125183,0.20000000298023224,-0.8130776286125183,0,nominal-sac-a-star,1.8054117255521445,99.0,99.0,1.8939523124694824,99.0,waiter-1,0,,waiter-1,-4.916238784790039,2.200000047683716,-0.4741572804996963,0.0,2.9539521156339528,0,0,waiter-2,6.01491117477417,2.549999952316284,0.5000128541486148,0.0,8.823853176435174,0,0,customer-1,-6.17976188659668,-2.549999952316284,0.4489893858656302,0.0,7.534907461745431,0,0,customer-2,3.755858898162842,-2.200000047683716,0.4152526689267688,0.0,9.009888687506747,0,0
3,412,16.479999999999826,to_table,-2.654719114303589,4.120797634124756,0.004086559800765918,0.5208519697189331,-0.3188188076019287,0.20000000298023224,-0.8158864974975586,0.20000000298023224,-0.8158864974975586,0,nominal-sac-a-star,1.8344309586332375,99.0,99.0,1.921623649597168,99.0,waiter-1,0,,waiter-1,-4.935204982757568,2.200000047683716,-0.4741577174689837,0.0,2.9816235785719205,0,0,waiter-2,6.034911632537842,2.549999952316284,0.500012122783744,0.0,8.830463627331627,0,0,customer-1,-6.161802291870117,-2.549999952316284,0.448988851277754,0.0,7.536522596903544,0,0,customer-2,3.7724690437316895,-2.200000047683716,0.41525079074771654,0.0,9.014501148324529,0,0
3,413,16.519999999999825,to_table,-2.6416850090026855,4.1226911544799805,-0.02807413898258205,0.5073326826095581,-0.28508424758911133,0.20000000298023224,-0.7961830496788025,0.20000000298023224,-0.7961830496788025,0,nominal-sac-a-star,1.8621775637942135,99.0,99.0,1.9473797702789306,99.0,waiter-1,0,,waiter-1,-4.954171180725098,2.200000047683716,-0.47415815443827114,0.0,3.0073798208009612,0,0,waiter-2,6.054912090301514,2.549999952316284,0.5000113914188731,0.0,8.837655725642932,0,0,customer-1,-6.143843173980713,-2.549999952316284,0.44899308506145985,0.0,7.535908599448392,0,0,customer-2,3.789078712463379,-2.200000047683716,0.4152536809402463,0.0,9.018378239974318,0,0
3,414,16.559999999999825,to_table,-2.62838077545166,4.124824523925781,-0.06013120870309335,0.9973276853561401,-0.9948626756668091,0.20000000298023224,-0.8621430993080139,0.20000000298023224,-0.8621430993080139,0,nominal-sac-a-star,1.8880108293646773,99.0,99.0,1.9736172580718994,99.0,waiter-1,0,,waiter-1,-4.973137378692627,2.200000047683716,-0.47415859140755856,0.0,3.0336171137410632,0,0,waiter-2,6.0749125480651855,2.549999952316284,0.5000106600540022,0.0,8.844624757812959,0,0,customer-1,-6.12588357925415,-2.549999952316284,0.44899255047358366,0.0,7.535635849166708,0,0,customer-2,3.8056888580322266,-2.200000047683716,0.415251802761194,0.0,9.022231315487025,0,0
3,415,16.599999999999824,to_table,-2.6145784854888916,4.127350807189941,-0.09240791875859997,0.8667604923248291,-0.09848344326019287,0.20000000298023224,-0.7370178699493408,0.20000000298023224,-0.7370178699493408,0,nominal-sac-a-star,1.9143232062656321,99.0,99.0,2.000605525970459,99.0,waiter-1,0,,waiter-1,-4.992103576660156,2.200000047683716,-0.474159028376846,0.0,3.060605578854968,0,0,waiter-2,6.094913005828857,2.549999952316284,0.5000099286891313,0.0,8.85117380671665,0,0,customer-1,-6.107923984527588,-2.549999952316284,0.4489920158857075,0.0,7.535945590377646,0,0,customer-2,3.822298526763916,-2.200000047683716,0.41525469295372375,0.0,9.0260043491868,0,0
3,416,16.639999999999823,to_table,-2.6010706424713135,4.128932476043701,-0.12146735260808834,0.07253742218017578,0.5244256258010864,0.20000000298023224,-0.6466502547264099,0.20000000298023224,-0.6466502547264099,0,nominal-sac-a-star,1.9413849400786143,99.0,99.0,2.0268878364562988,99.0,waiter-1,0,,waiter-1,-5.0110697746276855,2.200000047683716,-0.4741594653461334,0.0,3.0868877741461898,0,0,waiter-2,6.114912986755371,2.549999952316284,0.5000139656958424,0.0,8.857843899021466,0,0,customer-1,-6.089964389801025,-2.549999952316284,0.4489914812978313,0.0,7.535284862747723,0,0,customer-2,3.8389086723327637,-2.200000047683716,0.41525281477467146,0.0,9.029325581957885,0,0
3,417,16.679999999999822,to_table,-2.586266279220581,4.130113124847412,-0.14722586390641051,0.7126932144165039,0.34140682220458984,0.20000000298023224,-0.655643105506897,0.20000000298023224,-0.655643105506897,0,nominal-sac-a-star,1.9677407045398865,99.0,99.0,2.054056348800659,99.0,waiter-1,0,,waiter-1,-5.030035972595215,2.200000047683716,-0.4741599023154208,0.0,3.1140563265449557,0,0,waiter-2,6.134913444519043,2.549999952316284,0.5000132343309716,0.0,8.863167233657139,0,0,customer-1,-6.072004795074463,-2.549999952316284,0.4489909467099551,0.0,7.534871181685898,0,0,customer-2,3.8555188179016113,-2.200000047683716,0.4152509365956192,0.0,9.031441081829504,0,0
3,418,16.71999999999982,to_table,-2.5740768909454346,4.128612518310547,-0.16923817395029625,0.6597599983215332,-0.03189074993133545,0.20000000298023224,-0.6936824917793274,0.20000000298023224,-0.6936824917793274,0,nominal-sac-a-star,1.9949852265246326,99.0,99.0,2.0776426219940185,99.0,waiter-1,0,,waiter-1,-5.049002170562744,2.200000047683716,-0.47416033928470824,0.0,3.137642618518901,0,0,waiter-2,6.154913902282715,2.549999952316284,0.5000125029661007,0.0,8.870586108131569,0,0,customer-1,-6.054045677185059,-2.549999952316284,0.44899518049366094,0.0,7.530872943159665,0,0,customer-2,3.872128486633301,-2.200000047683716,0.4152538267881489,0.0,9.033543091189939,0,0
3,419,16.75999999999982,to_table,-2.5588314533233643,4.129145622253418,-0.18917287383569859,-0.37703150510787964,0.9257091283798218,0.20000000298023224,-0.5922002196311951,0.20000000298023224,-0.5922002196311951,0,nominal-sac-a-star,2.0186474696810914,99.0,99.0,2.1050230884552,99.0,waiter-1,0,,waiter-1,-5.067968368530273,2.200000047683716,-0.47416077625399566,0.0,3.165023018421179,0,0,waiter-2,6.174914360046387,2.549999952316284,0.5000117716012298,0.0,8.87536010421182,0,0,customer-1,-6.036086082458496,-2.549999952316284,0.44899464590578475,0.0,7.530091988955761,0,0,customer-2,3.8887386322021484,-2.200000047683716,0.41525194860909664,0.0,9.034890420976197,0,0
3,420,16.79999999999982,to_table,-2.5466270446777344,4.126992225646973,-0.2103500038716379,0.07884776592254639,-0.16953647136688232,0.20000000298023224,-0.7178868651390076,0.20000000298023224,-0.7178868651390076,0,nominal-sac-a-star,2.0461029544923006,99.0,99.0,2.1284891986846923,99.0,waiter-1,0,,waiter-1,-5.086935043334961,2.200000047683716,-0.47415644485170105,0.0,3.1884892319048936,0,0,waiter-2,6.194914817810059,2.549999952316284,0.5000110402363589,0.0,8.88264930996216,0,0,customer-1,-6.018126487731934,-2.549999952316284,0.44899411131790856,0.0,7.525525425357896,0,0,customer-2,3.905348300933838,-2.200000047683716,0.4152548388016264,0.0,9.036526826561508,0,0
3,421,16.83999999999982,to_table,-2.535672664642334,4.124655246734619,-0.23464844132748824,-0.00821453332901001,-0.12853366136550903,0.20000000298023224,-0.6990410089492798,0.20000000298023224,-0.6990410089492798,0,nominal-sac-a-star,2.069643075063813,99.0,99.0,2.1509768390655517,99.0,waiter-1,0,,waiter-1,-5.10590124130249,2.200000047683716,-0.4741568818209885,0.0,3.210976887415131,0,0,waiter-2,6.2149152755737305,2.549999952316284,0.500010308871488,0.0,8.891137643501787,0,0,customer-1,-6.000166893005371,-2.549999952316284,0.4489935767300324,0.0,7.520222223084771,0,0,customer-2,3.9219584465026855,-2.200000047683716,0.4152529606225741,0.0,9.03893047660186,0,0
3,422,16.879999999999818,to_table,-2.5222928524017334,4.122818470001221,-0.260220220150241,-0.08708739280700684,-0.2813186049461365,0.20000000298023224,-0.6981481313705444,0.20000000298023224,-0.6981481313705444,0,nominal-sac-a-star,2.092201195719977,99.0,99.0,2.1758345985412597,99.0,waiter-1,0,,waiter-1,-5.1248674392700195,2.200000047683716,-0.4741573187902759,0.0,3.235834539252001,0,0,waiter-2,6.234915256500244,2.549999952316284,0.5000143458781992,0.0,8.897328360367014,0,0,customer-1,-5.982207298278809,-2.549999952316284,0.4489930421421562,0.0,7.516482799156048,0,0,customer-2,3.938568592071533,-2.200000047683716,0.4152510824435218,0.0,9.039953794807843,0,0
3,423,16.919999999999817,to_table,-2.5087006092071533,4.120728492736816,-0.28545439635058983,-0.09936314821243286,-0.35338467359542847,0.20000000298023224,-0.6901103854179382,0.20000000298023224,-0.6901103854179382,0,nominal-sac-a-star,2.117131353629509,99.0,99.0,2.2008470916748046,99.0,waiter-1,0,,waiter-1,-5.143833637237549,2.200000047683716,-0.4741577557595633,0.0,3.2608471039060913,0,0,waiter-2,6.254915714263916,2.549999952316284,0.5000136145133283,0.0,8.90326677196074,0,0,customer-1,-5.964247703552246,-2.549999952316284,0.44899250755428,0.0,7.512617633613291,0,0,customer-2,3.9551782608032227,-2.200000047683716,0.41525397263605157,0.0,9.04064927579061,0,0
3,424,16.959999999999816,to_table,-2.497466564178467,4.117784023284912,-0.3098273800363068,-0.07160216569900513,-0.35126757621765137,0.20000000298023224,-0.6740252375602722,0.20000000298023224,-0.6740252375602722,0,nominal-sac-a-star,2.142215827495511,99.0,99.0,2.2235798263549804,99.0,waiter-1,0,,waiter-1,-5.162799835205078,2.200000047683716,-0.47415819272885074,0.0,3.283579879143211,0,0,waiter-2,6.274916172027588,2.549999952316284,0.5000128831484574,0.0,8.911377321361103,0,0,customer-1,-5.946288108825684,-2.549999952316284,0.4489919729664038,0.0,7.506911028652658,0,0,customer-2,3.9717884063720703,-2.200000047683716,0.4152520944569993,0.0,9.042436366454439,0,0
3,425,16.999999999999815,to_table,-2.4844188690185547,4.11481237411499,-0.3316757178005319,0.01764965057373047,0.3755512237548828,0.20000000298023224,-0.5681812763214111,0.20000000298023224,-0.5681812763214111,0,nominal-sac-a-star,2.16501651783551,99.0,99.0,2.2478978061676025,99.0,waiter-1,0,,waiter-1,-5.181766033172607,2.200000047683716,-0.47415862969813816,0.0,3.307897817258426,0,0,waiter-2,6.29491662979126,2.549999952316284,0.5000121517835865,0.0,8.917699799616361,0,0,customer-1,-5.928328514099121,-2.549999952316284,0.4489914383785276,0.0,7.502015528511602,0,0,customer-2,3.988398551940918,-2.200000047683716,0.415250216277947,0.0,9.04291000107707,0,0
3,426,17.039999999999814,to_table,-2.473388433456421,4.1103410720825195,-0.3511804658927034,-0.07650858163833618,-0.5021665692329407,0.20000000298023224,-0.6608709096908569,0.20000000298023224,-0.6608709096908569,0,nominal-sac-a-star,2.1894044073892034,99.0,99.0,2.2698358917236328,99.0,waiter-1,0,,waiter-1,-5.200732231140137,2.200000047683716,-0.4741590666674256,0.0,3.3298358848845546,0,0,waiter-2,6.314917087554932,2.549999952316284,0.5000114204187156,0.0,8.925748054962787,0,0,customer-1,-5.910368919372559,-2.549999952316284,0.44899090379065143,0.0,7.494863402481598,0,0,customer-2,4.005008220672607,-2.200000047683716,0.41525310647047675,0.0,9.043783956731982,0,0
3,427,17.079999999999814,to_table,-2.461911678314209,4.105128288269043,-0.3711200105610977,-0.12720763683319092,-0.48967063426971436,0.20000000298023224,-0.6452018618583679,0.20000000298023224,-0.6452018618583679,0,nominal-sac-a-star,2.211411036932604,99.0,99.0,2.2918505096435546,99.0,waiter-1,0,,waiter-1,-5.219698429107666,2.200000047683716,-0.474159503636713,0.0,3.351850440566774,0,0,waiter-2,6.3349175453186035,2.549999952316284,0.5000106890538447,0.0,8.933231695811067,0,0,customer-1,-5.892409324645996,-2.549999952316284,0.44899036920277524,0.0,7.487258910985,0,0,customer-2,4.021618366241455,-2.200000047683716,0.41525122829142447,0.0,9.043826909637888,0,0
3,428,17.119999999999813,to_table,-2.454472780227661,4.098889350891113,-0.39221163819185956,-0.1281428337097168,-0.5249440670013428,0.20000000298023224,-0.6347405910491943,0.20000000298023224,-0.6347405910491943,0,nominal-sac-a-star,2.2334954195834325,99.0,99.0,2.3100897693634033,99.0,waiter-1,0,,waiter-1,-5.238664627075195,2.200000047683716,-0.4741599406060004,0.0,3.37008973558387,0,0,waiter-2,6.354918003082275,2.549999952316284,0.5000099576889738,0.0,8.944519234821039,0,0,customer-1,-5.874449729919434,-2.549999952316284,0.44898983461489905,0.0,7.476895833347473,0,0,customer-2,4.0382280349731445,-2.200000047683716,0.4152541184839542,0.0,9.046058342238766,0,0
3,429,17.159999999999812,to_table,-2.4354240894317627,4.090999126434326,-0.41103474163130976,-0.12130796909332275,-0.5672707557678223,0.7799999713897705,-0.6165445446968079,0.7799999713897705,-0.6165445446968079,0,nominal-sac-a-star,2.251798510673386,99.0,99.0,2.337164821624756,99.0,waiter-1,0,,waiter-1,-5.257630825042725,2.200000047683716,-0.47416037757528784,0.0,3.397164755257469,0,0,waiter-2,6.374917984008789,2.549999952316284,0.500013994695685,0.0,8.944093352915612,0,0,customer-1,-5.856490135192871,-2.549999952316284,0.44898930002702286,0.0,7.470378949787354,0,0,customer-2,4.054838180541992,-2.200000047683716,0.41525224030490193,0.0,9.03881490803959,0,0
3,430,17.19999999999981,to_table,-2.41357421875,4.080221652984619,-0.42754083981127317,0.8492987155914307,-0.856911838054657,0.8199999928474426,-0.6467695236206055,0.8199999928474426,-0.6467695236206055,0,nominal-sac-a-star,2.2789603882804914,99.0,99.0,2.365220489501953,99.0,waiter-1,0,,waiter-1,-5.276597499847412,2.200000047683716,-0.47415604617299323,0.0,3.4252205174479053,0,0,waiter-2,6.394918441772461,2.549999952316284,0.5000132633308141,0.0,8.940420650264413,0,0,customer-1,-5.838530540466309,-2.549999952316284,0.4489887654391467,0.0,7.462584293732527,0,0,customer-2,4.07144832611084,-2.200000047683716,0.41525036212584965,0.0,9.027552382395731,0,0
3,431,17.23999999999981,to_table,-2.3853206634521484,4.065667629241943,-0.4419289753624834,0.4696798324584961,-0.5552944540977478,0.7799999713897705,-0.6107125282287598,0.7799999713897705,-0.6107125282287598,0,nominal-sac-a-star,2.307112163079114,99.0,99.0,2.3969106101989746,99.0,waiter-1,0,,waiter-1,-5.295563697814941,2.200000047683716,-0.47415648314228065,0.0,3.456910476702352,0,0,waiter-2,6.414918899536133,2.549999952316284,0.5000125319659432,0.0,8.929807661582718,0,0,customer-1,-5.820571422576904,-2.549999952316284,0.4489929992228525,0.0,7.454395034323556,0,0,customer-2,4.088057994842529,-2.200000047683716,0.4152532523183794,0.0,9.00906336370968,0,0
3,432,17.27999999999981,to_table,-2.354008674621582,4.048324108123779,-0.4576789204240902,0.3360562324523926,-0.7699297666549683,0.7799999713897705,-0.6468554735183716,0.7799999713897705,-0.6468554735183716,0,nominal-sac-a-star,2.338915235100677,99.0,99.0,2.4301270866394042,99.0,waiter-1,0,,waiter-1,-5.314529895782471,2.200000047683716,-0.47415692011156807,0.0,3.490127180110433,0,0,waiter-2,6.434919357299805,2.549999952316284,0.5000118006010723,0.0,8.91572942759984,0,0,customer-1,-5.802611827850342,-2.549999952316284,0.44899246463497633,0.0,7.445182611262237,0,0,customer-2,4.104668140411377,-2.200000047683716,0.4152513741393271,0.0,8.986437612151532,0,0
3,433,17.31999999999981,to_table,-2.320633888244629,4.0298171043396,-0.47098652820258297,0.18981170654296875,-0.7647355198860168,0.7799999713897705,-0.4151434600353241,0.7799999713897705,-0.4151434600353241,0,nominal-sac-a-star,2.3722525397428904,99.0,99.0,2.464991989135742,99.0,waiter-1,0,,waiter-1,-5.33349609375,2.200000047683716,-0.4741573570808555,0.0,3.524992075195559,0,0,waiter-2,6.454919815063477,2.549999952316284,0.5000110692362014,0.0,8.899449511237592,0,0,customer-1,-5.784652233123779,-2.549999952316284,0.44899193004710014,0.0,7.435954248966234,0,0,customer-2,4.121277809143066,-2.200000047683716,0.41525426433185686,0.0,8.961520410320132,0,0
3,434,17.359999999999808,to_table,-2.2860636711120605,4.010570049285889,-0.4821512726639988,0.1131051778793335,-0.937865674495697,0.7799999713897705,-0.43713074922561646,0.7799999713897705,-0.43713074922561646,0,nominal-sac-a-star,2.4072392680102257,99.0,99.0,2.5010342025756835,99.0,waiter-1,0,,waiter-1,-5.352462291717529,2.200000047683716,-0.4741577940501429,0.0,3.561034151921716,0,0,waiter-2,6.474920272827148,2.549999952316284,0.5000103378713305,0.0,8.881897582956157,0,0,customer-1,-5.766692638397217,-2.549999952316284,0.44899139545922395,0.0,7.426698913637664,0,0,customer-2,4.137887954711914,-2.200000047683716,0.4152523861528046,0.0,8.935230014963215,0,0
3,435,17.399999999999807,to_table,-2.248931407928467,3.9927000999450684,-0.49287059161421953,0.3430826663970947,-0.7767143249511719,0.7799999713897705,-0.43680310249328613,0.7799999713897705,-0.43680310249328613,0,nominal-sac-a-star,2.443401759209025,99.0,99.0,2.54052227973938,99.0,waiter-1,0,,waiter-1,-5.371428489685059,2.200000047683716,-0.47415823101943033,0.0,3.6005223930641352,0,0,waiter-2,6.494920253753662,2.549999952316284,0.5000143748780417,0.0,8.862072308296149,0,0,customer-1,-5.7487335205078125,-2.549999952316284,0.4489956292429298,0.0,7.419941967500525,0,0,customer-2,4.154498100280762,-2.200000047683716,0.4152505079737523,0.0,8.908055039403733,0,0
3,436,17.439999999999806,to_table,-2.212064027786255,3.9740278720855713,-0.5006381367534736,0.31845414638519287,-0.7690696120262146,0.7799999713897705,-0.4449406564235687,0.7799999713897705,-0.4449406564235687,0,nominal-sac-a-star,2.4830057592457777,99.0,99.0,2.5799121284484863,99.0,waiter-1,0,,waiter-1,-5.390394687652588,2.200000047683716,-0.47415866798871775,0.0,3.6399121562475023,0,0,waiter-2,6.514920711517334,2.549999952316284,0.5000136435131708,0.0,8.842404546067781,0,0,customer-1,-5.73077392578125,-2.549999952316284,0.4489950946550536,0.0,7.4124394365025035,0,0,customer-2,4.171107769012451,-2.200000047683716,0.41525339816628204,0.0,8.880512538223067,0,0
3,437,17.479999999999805,to_table,-2.174989938735962,3.953993320465088,-0.5099305583927433,0.2776985168457031,-0.7716154456138611,0.7799999713897705,-0.459163099527359,0.7799999713897705,-0.459163099527359,0,nominal-sac-a-star,2.5225078511955985,99.0,99.0,2.619354429244995,99.0,waiter-1,0,,waiter-1,-5.409360885620117,2.200000047683716,-0.4741591049580052,0.0,3.679354267124955,0,0,waiter-2,6.534921169281006,2.549999952316284,0.5000129121482999,0.0,8.822343729835241,0,0,customer-1,-5.7128143310546875,-2.549999952316284,0.4489945600671774,0.0,7.403926655719295,0,0,customer-2,4.187717914581299,-2.200000047683716,0.41525151998722976,0.0,8.851874694203742,0,0
3,438,17.519999999999804,to_table,-2.1385371685028076,3.9335827827453613,-0.5209026035722363,0.2525442838668823,-0.770160973072052,0.7799999713897705,-0.47243237495422363,0.7799999713897705,-0.47243237495422363,0,nominal-sac-a-star,2.5620607189321576,99.0,99.0,2.6586055183410644,99.0,waiter-1,0,,waiter-1,-5.4283270835876465,2.200000047683716,-0.4741595419272926,0.0,3.718605489252352,0,0,waiter-2,6.554921627044678,2.549999952316284,0.500012180783429,0.0,8.802870399962734,0,0,customer-1,-5.694854736328125,-2.549999952316284,0.44899402547930123,0.0,7.394879290807419,0,0,customer-2,4.204327583312988,-2.200000047683716,0.4152544101797595,0.0,8.823421762420837,0,0
3,439,17.559999999999803,to_table,-2.101508378982544,3.9135773181915283,-0.5293644974691454,0.23516845703125,-0.7541951537132263,0.7799999713897705,-0.4837982952594757,0.7799999713897705,-0.4837982952594757,0,nominal-sac-a-star,2.60141806046065,99.0,99.0,2.6990723037719726,99.0,waiter-1,0,,waiter-1,-5.447293281555176,2.200000047683716,-0.47415997889658,0.0,3.759072182904175,0,0,waiter-2,6.57492208480835,2.549999952316284,0.5000114494185581,0.0,8.782925983163352,0,0,customer-1,-5.6768951416015625,-2.549999952316284,0.44899349089142504,0.0,7.386556818581749,0,0,customer-2,4.220937728881836,-2.200000047683716,0.4152525320007072,0.0,8.794836723634585,0,0
3,440,17.599999999999802,to_table,-2.0648391246795654,3.8928475379943848,-0.534493216599117,0.1878371238708496,-0.7509777545928955,0.7799999713897705,-0.505280613899231,0.7799999713897705,-0.505280613899231,0,nominal-sac-a-star,2.641986120151131,99.0,99.0,2.739393653869629,99.0,waiter-1,0,,waiter-1,-5.466259479522705,2.200000047683716,-0.47416041586586744,0.0,3.7993937747741233,0,0,waiter-2,6.5949225425720215,2.549999952316284,0.5000107180536872,0.0,8.76325919803594,0,0,customer-1,-5.658935546875,-2.549999952316284,0.44899295630354885,0.0,7.377520781091742,0,0,customer-2,4.237547874450684,-2.200000047683716,0.41525065382165494,0.0,8.76600670711068,0,0
3,441,17.6399999999998,to_table,-2.0291974544525146,3.871586799621582,-0.5434916689013456,0.1669158935546875,-0.7497762441635132,0.7799999713897705,-0.5343455672264099,0.7799999713897705,-0.5343455672264099,0,nominal-sac-a-star,2.6824057862516852,99.0,99.0,2.7790541076660156,99.0,waiter-1,0,,waiter-1,-5.485226154327393,2.200000047683716,-0.4741560844635728,0.0,3.8390541339779287,0,0,waiter-2,6.614923000335693,2.549999952316284,0.5000099866888164,0.0,8.744564610765837,0,0,customer-1,-5.6409759521484375,-2.549999952316284,0.44899242171567266,0.0,7.367612932903203,0,0,customer-2,4.254157543182373,-2.200000047683716,0.4152535440141847,0.0,8.737546387326022,0,0
3,442,17.6799999999998,to_table,-1.9951715469360352,3.851670980453491,-0.5554836940579999,0.14250612258911133,-0.7471745610237122,0.3400000035762787,-0.5614310503005981,0.3400000035762787,-0.5614310503005981,0,nominal-sac-a-star,2.7221596158890606,99.0,99.0,2.8183042430877685,99.0,waiter-1,0,,waiter-1,-5.504192352294922,2.200000047683716,-0.47415652143286025,0.0,3.8783042534847767,0,0,waiter-2,6.634922981262207,2.549999952316284,0.5000140236955275,0.0,8.727707547296083,0,0,customer-1,-5.623016357421875,-2.549999952316284,0.4489918871277965,0.0,7.358168841528338,0,0,customer-2,4.270767688751221,-2.200000047683716,0.4152516658351324,0.0,8.711183429254618,0,0
3,443,17.7199999999998,to_table,-1.964499592781067,3.833648204803467,-0.5665450510076777,-0.1316065788269043,-0.5081567168235779,0.3400000035762787,-0.48985081911087036,0.3400000035762787,-0.48985081911087036,0,nominal-sac-a-star,2.7614956599460916,99.0,99.0,2.855719747543335,99.0,waiter-1,0,,waiter-1,-5.523158550262451,2.200000047683716,-0.47415695840214767,0.0,3.915719586094394,0,0,waiter-2,6.654923439025879,2.549999952316284,0.5000132923306566,0.0,8.714482557063123,0,0,customer-1,-5.6050567626953125,-2.549999952316284,0.4489913525399203,0.0,7.348783593310692,0,0,customer-2,4.28737735748291,-2.200000047683716,0.41525455602766215,0.0,8.688548592025231,0,0
3,444,17.7599999999998,to_table,-1.9392163753509521,3.817284345626831,-0.578320504116629,-0.10215216875076294,-0.4986434578895569,0.3400000035762787,-0.5014117360115051,0.3400000035762787,-0.5014117360115051,0,nominal-sac-a-star,2.798987076850724,99.0,99.0,2.8892475986480712,99.0,waiter-1,0,,waiter-1,-5.5421247482299805,2.200000047683716,-0.4741573953714351,0.0,3.949247680727959,0,0,waiter-2,6.674923896789551,2.549999952316284,0.5000125609657857,0.0,8.706860649030817,0,0,customer-1,-5.58709716796875,-2.549999952316284,0.4489908179520441,0.0,7.3382111994669925,0,0,customer-2,4.303987503051758,-2.200000047683716,0.41525267784860986,0.0,8.670946092398529,0,0
3,445,17.799999999999798,to_table,-1.914549708366394,3.8002872467041016,-0.5875429981251424,-0.096346914768219,-0.4800177812576294,0.3400000035762787,-0.5067369937896729,0.3400000035762787,-0.5067369937896729,0,nominal-sac-a-star,2.8325810279779833,99.0,99.0,2.9222332859039306,99.0,waiter-1,0,,waiter-1,-5.56109094619751,2.200000047683716,-0.4741578323407225,0.0,3.9822333079004046,0,0,waiter-2,6.694924354553223,2.549999952316284,0.5000118296009148,0.0,8.699785167381618,0,0,customer-1,-5.5691375732421875,-2.549999952316284,0.4489902833641679,0.0,7.326811037016007,0,0,customer-2,4.3205976486206055,-2.200000047683716,0.4152507996695576,0.0,8.6533525398272,0,0
3,446,17.839999999999797,to_table,-1.892751693725586,3.7851696014404297,-0.5966752444161427,-0.14471721649169922,-0.4686630368232727,0.3400000035762787,-0.516390323638916,0.3400000035762787,-0.516390323638916,0,nominal-sac-a-star,2.865630840454102,99.0,99.0,2.9535998725891113,99.0,waiter-1,0,,waiter-1,-5.580057144165039,2.200000047683716,-0.4741582693100099,0.0,4.01359988028176,0,0,waiter-2,6.7149248123168945,2.549999952316284,0.500011098236044,0.0,8.695846071245347,0,0,customer-1,-5.551177978515625,-2.549999952316284,0.4489897487762917,0.0,7.315630947231325,0,0,customer-2,4.337207317352295,-2.200000047683716,0.4152536898620873,0.0,8.63913450575388,0,0
3,447,17.879999999999797,to_table,-1.8688734769821167,3.771364450454712,-0.6051656019646758,-0.15049773454666138,-0.46201789379119873,0.3400000035762787,-0.5259830951690674,0.3400000035762787,-0.5259830951690674,0,nominal-sac-a-star,2.8970540546398675,99.0,99.0,2.987616958618164,99.0,waiter-1,0,,waiter-1,-5.599023342132568,2.200000047683716,-0.47415870627929735,0.0,4.047617089446305,0,0,waiter-2,6.734925270080566,2.549999952316284,0.5000103668711731,0.0,8.690056623363875,0,0,customer-1,-5.5332183837890625,-2.549999952316284,0.44898921418841553,0.0,7.306645708439839,0,0,customer-2,4.353817462921143,-2.200000047683716,0.41525181168303504,0.0,8.624330495938922,0,0
3,448,17.919999999999796,to_table,-1.842984914779663,3.7571589946746826,-0.6100614364297599,-0.18353748321533203,-0.4682588577270508,0.7799999713897705,-0.5461148023605347,0.7799999713897705,-0.5461148023605347,0,nominal-sac-a-star,2.931125334083749,99.0,99.0,3.023552837371826,99.0,waiter-1,0,,waiter-1,-5.617989540100098,2.200000047683716,-0.47415914324858477,0.0,4.0835528535069425,0,0,waiter-2,6.754925727844238,2.549999952316284,0.5000096355063022,0.0,8.682240515678714,0,0,customer-1,-5.5152587890625,-2.549999952316284,0.44898867960053934,0.0,7.298345661199425,0,0,customer-2,4.370427131652832,-2.200000047683716,0.4152547018755648,0.0,8.60780071299893,0,0
3,449,17.959999999999795,to_table,-1.8170769214630127,3.739858388900757,-0.6154170927961984,0.1236494779586792,-0.6836268305778503,0.7799999713897705,-0.6027837991714478,0.7799999713897705,-0.6027837991714478,0,nominal-sac-a-star,2.9671153636719643,99.0,99.0,3.058572235107422,99.0,waiter-1,0,,waiter-1,-5.636955738067627,2.200000047683716,-0.4741595802178722,0.0,4.118572311440017,0,0,waiter-2,6.774925708770752,2.549999952316284,0.5000136725130133,0.0,8.673999786549178,0,0,customer-1,-5.497299671173096,-2.549999952316284,0.4489929133842452,0.0,7.287410887280971,0,0,customer-2,4.38703727722168,-2.200000047683716,0.4152528236965125,0.0,8.589118187391808,0,0
3,450,17.999999999999794,to_table,-1.7902837991714478,3.720695734024048,-0.6245428113882153,0.14153075218200684,-0.6741424202919006,0.7799999713897705,-0.6319990754127502,0.7799999713897705,-0.6319990754127502,0,nominal-sac-a-star,3.0021921312443878,99.0,99.0,3.0939950370788574,99.0,waiter-1,0,,waiter-1,-5.655921936035156,2.200000047683716,-0.4741600171871596,0.0,4.153994893548766,0,0,waiter-2,6.794926166534424,2.549999952316284,0.5000129411481424,0.0,8.664661491862436,0,0,customer-1,-5.479340076446533,-2.549999952316284,0.448992378796369,0.0,7.275352954158991,0,0,customer-2,4.403647422790527,-2.200000047683716,0.4152509455174602,0.0,8.568513437109583,0,0
3,451,18.039999999999793,to_table,-1.7615740299224854,3.699404239654541,-0.6321498010949943,0.07599616050720215,0.4781738519668579,0.7799999713897705,-0.39526763558387756,0.7799999713897705,-0.39526763558387756,0,nominal-sac-a-star,3.0376733792220234,99.0,99.0,3.130732479095459,99.0,waiter-1,0,,waiter-1,-5.6748881340026855,2.200000047683716,-0.47416045415644703,0.0,4.19073265767368,0,0,waiter-2,6.814926624298096,2.549999952316284,0.5000122097832715,0.0,8.653178241987023,0,0,customer-1,-5.461380481719971,-2.549999952316284,0.4489918442084928,0.0,7.2624803294318685,0,0,customer-2,4.420257091522217,-2.200000047683716,0.41525383570998997,0.0,8.545057457941828,0,0
3,452,18.079999999999792,to_table,-1.7329039573669434,3.676539421081543,-0.6396455369158784,0.5195808410644531,-0.7394837141036987,0.7799999713897705,-0.557938814163208,0.7799999713897705,-0.557938814163208,0,nominal-sac-a-star,3.0744719237796474,99.0,99.0,3.1672095680236816,99.0,waiter-1,0,,waiter-1,-5.693854808807373,2.200000047683716,-0.4741561227541524,0.0,4.227209501399323,0,0,waiter-2,6.834927082061768,2.549999952316284,0.5000114784184007,0.0,8.641575081828774,0,0,customer-1,-5.443420886993408,-2.549999952316284,0.4489913096206166,0.0,7.248291416155811,0,0,customer-2,4.4368672370910645,-2.200000047683716,0.4152519575309377,0.0,8.52055119812795,0,0
3,453,18.11999999999979,to_table,-1.699643611907959,3.6536219120025635,-0.6485667149257583,0.5434330701828003,-0.7622454762458801,0.7799999713897705,-0.5786067843437195,0.7799999713897705,-0.5786067843437195,0,nominal-sac-a-star,3.111008966412782,99.0,99.0,3.2083262825012206,99.0,waiter-1,0,,waiter-1,-5.712821006774902,2.200000047683716,-0.47415655972343984,0.0,4.268326291076729,0,0,waiter-2,6.8549275398254395,2.549999952316284,0.5000107470535298,0.0,8.625466307392955,0,0,customer-1,-5.425461769104004,-2.549999952316284,0.44899554340432246,0.0,7.236480164827828,0,0,customer-2,4.453476905822754,-2.200000047683716,0.41525484772346744,0.0,8.492689924437375,0,0
3,454,18.15999999999979,to_table,-1.6696163415908813,3.6293227672576904,-0.6579327659422347,0.5633652210235596,-0.7427306771278381,0.7799999713897705,-0.605495810508728,0.7799999713897705,-0.605495810508728,0,nominal-sac-a-star,3.1521863685604217,99.0,99.0,3.2462973022460937,99.0,waiter-1,0,,waiter-1,-5.731787204742432,2.200000047683716,-0.47415699669272726,0.0,4.30629719807258,0,0,waiter-2,6.874927997589111,2.549999952316284,0.5000100156886589,0.0,8.612443074010178,0,0,customer-1,-5.407502174377441,-2.549999952316284,0.4489950088164463,0.0,7.2218986265101766,0,0,customer-2,4.470087051391602,-2.200000047683716,0.41525296954441515,0.0,8.466224792349717,0,0
3,455,18.19999999999979,to_table,-1.6403372287750244,3.6041789054870605,-0.6653095868853235,0.6078051328659058,-0.7335237860679626,0.7799999713897705,-0.6301344037055969,0.7799999713897705,-0.6301344037055969,0,nominal-sac-a-star,3.1902155759162802,99.0,99.0,3.2836436653137206,99.0,waiter-1,0,,waiter-1,-5.750753402709961,2.200000047683716,-0.4741574336620147,0.0,4.343643561302864,0,0,waiter-2,6.894927978515625,2.549999952316284,0.50001405269537,0.0,8.6001189191833,0,0,customer-1,-5.389542579650879,-2.549999952316284,0.4489944742285701,0.0,7.2062790798629095,0,0,customer-2,4.486697196960449,-2.200000047683716,0.41525109136536287,0.0,8.439730100813547,0,0
3,456,18.23999999999979,to_table,-1.6116564273834229,3.5820059776306152,-0.6698599374496368,0.23438513278961182,-0.020002663135528564,0.20000000298023224,-0.5757361650466919,0.20000000298023224,-0.5757361650466919,0,nominal-sac-a-star,3.2276185421170114,99.0,99.0,3.3217152976989746,99.0,waiter-1,0,,waiter-1,-5.76971960067749,2.200000047683716,-0.4741578706313021,0.0,4.3817153882369775,0,0,waiter-2,6.914928436279297,2.549999952316284,0.5000133213304991,0.0,8.588811668300062,0,0,customer-1,-5.371582984924316,-2.549999952316284,0.4489939396406939,0.0,7.192951024649428,0,0,customer-2,4.503306865692139,-2.200000047683716,0.4152539815578926,0.0,8.415721582397598,0,0
3,457,18.279999999999788,to_table,-1.5831190347671509,3.5624611377716064,-0.6729451475519712,0.6587705612182617,-0.4321131110191345,0.20000000298023224,-0.6686054468154907,0.20000000298023224,-0.6686054468154907,0,nominal-sac-a-star,3.265740462640869,99.0,99.0,3.3607568168640136,99.0,waiter-1,0,,waiter-1,-5.7886857986450195,2.200000047683716,-0.4741583076005895,0.0,4.420756951862164,0,0,waiter-2,6.934928894042969,2.549999952316284,0.5000125899656283,0.0,8.578007820558335,0,0,customer-1,-5.353623390197754,-2.549999952316284,0.4489934050528177,0.0,7.1818440300635595,0,0,customer-2,4.519917011260986,-2.200000047683716,0.41525210337884033,0.0,8.393629006156868,0,0
3,458,18.319999999999787,to_table,-1.5609447956085205,3.5441837310791016,-0.6784159069368544,0.688086748123169,-0.41121959686279297,0.20000000298023224,-0.7218701839447021,0.20000000298023224,-0.7218701839447021,0,nominal-sac-a-star,3.3048267042603516,99.0,99.0,3.3943628692626953,99.0,waiter-1,0,,waiter-1,-5.807651996612549,2.200000047683716,-0.47415874456987694,0.0,4.454363234601087,0,0,waiter-2,6.954929351806641,2.549999952316284,0.5000118586007574,0.0,8.573710624960993,0,0,customer-1,-5.335663795471191,-2.549999952316284,0.4489928704649415,0.0,7.168512976544493,0,0,customer-2,4.536527156829834,-2.200000047683716,0.41525022519978805,0.0,8.37704073614151,0,0
3,459,18.359999999999786,to_table,-1.5375291109085083,3.5267958641052246,-0.6856386822772615,0.6686023473739624,-0.41260474920272827,0.20000000298023224,-0.7647560238838196,0.20000000298023224,-0.7647560238838196,0,nominal-sac-a-star,3.3384718875207,99.0,99.0,3.4296183013916015,99.0,waiter-1,0,,waiter-1,-5.826618194580078,2.200000047683716,-0.47415918153916436,0.0,4.489618280672004,0,0,waiter-2,6.9749298095703125,2.549999952316284,0.5000111272358865,0.0,8.568318803950227,0,0,customer-1,-5.317704200744629,-2.549999952316284,0.44899233587706533,0.0,7.1566172948045415,0,0,customer-2,4.553136825561523,-2.200000047683716,0.4152531153923178,0.0,8.360167639764104,0,0
3,460,18.399999999999785,to_table,-1.5126873254776,3.5098657608032227,-0.6957285824849896,0.6463637351989746,-0.4101250171661377,0.20000000298023224,-0.9160521030426025,0.20000000298023224,-0.9160521030426025,0,nominal-sac-a-star,3.373763848591685,99.0,99.0,3.466560306549072,99.0,waiter-1,0,,waiter-1,-5.845584392547607,2.200000047683716,-0.4741596185084518,0.0,4.526559972012957,0,0,waiter-2,6.994930267333984,2.549999952316284,0.5000103958710156,0.0,8.561594447053626,0,0,customer-1,-5.299744606018066,-2.549999952316284,0.44899180128918914,0.0,7.145892198118856,0,0,customer-2,4.569746971130371,-2.200000047683716,0.4152512372132655,0.0,8.3425760124485,0,0
3,461,18.439999999999785,to_table,-1.4927642345428467,3.494208812713623,-0.7101408744452481,0.5454093217849731,-0.3271564245223999,0.20000000298023224,-0.9192587733268738,0.20000000298023224,-0.9192587733268738,0,nominal-sac-a-star,3.410741094800322,99.0,99.0,3.4993299865722656,99.0,waiter-1,0,,waiter-1,-5.864550590515137,2.200000047683716,-0.4741600554777392,0.0,4.559330243549563,0,0,waiter-2,7.014930725097656,2.549999952316284,0.5000096645061447,0.0,8.559930133964018,0,0,customer-1,-5.281785011291504,-2.549999952316284,0.44899126670131295,0.0,7.133662316222808,0,0,customer-2,4.5863566398620605,-2.200000047683716,0.41525412740579526,0.0,8.32944927059725,0,0
3,462,18.479999999999784,to_table,-1.470625877380371,3.4788827896118164,-0.7250660650369963,0.5608420372009277,-0.3431072235107422,0.20000000298023224,-0.9211728572845459,0.20000000298023224,-0.9211728572845459,0,nominal-sac-a-star,3.443542547521732,99.0,99.0,3.5344690704345703,99.0,waiter-1,0,,waiter-1,-5.883516788482666,2.200000047683716,-0.4741604924470266,0.0,4.59446920338909,0,0,waiter-2,7.03493070602417,2.549999952316284,0.5000137015128558,0.0,8.556127401980321,0,0,customer-1,-5.263825416564941,-2.549999952316284,0.44899073211343676,0.0,7.122905998255805,0,0,customer-2,4.602966785430908,-2.200000047683716,0.415252249226743,0.0,8.314940656041074,0,0
3,463,18.519999999999783,to_table,-1.4453517198562622,3.463858127593994,-0.7433795488190071,0.5553185939788818,-0.35960859060287476,0.20000000298023224,-0.9231530427932739,0.20000000298023224,-0.9231530427932739,0,nominal-sac-a-star,3.4787119981949033,99.0,99.0,3.572856845855713,99.0,waiter-1,0,,waiter-1,-5.9024834632873535,2.200000047683716,-0.474156161044732,0.0,4.632856637589336,0,0,waiter-2,7.054931163787842,2.549999952316284,0.500012970147985,0.0,8.549265808623266,0,0,customer-1,-5.245865821838379,-2.549999952316284,0.4489901975255606,0.0,7.114098428098045,0,0,customer-2,4.619576930999756,-2.200000047683716,0.4152503710476907,0.0,8.29835218399619,0,0
3,464,18.559999999999782,to_table,-1.4309405088424683,3.448112726211548,-0.7627867002565973,0.27057456970214844,0.44925379753112793,0.0,-0.8260895609855652,0.0,-0.8260895609855652,0,nominal-sac-a-star,3.5171290468199103,99.0,99.0,3.6007356071472167,99.0,waiter-1,0,,waiter-1,-5.921449661254883,2.200000047683716,-0.47415659801401944,0.0,4.660735747304451,0,0,waiter-2,7.074931621551514,2.549999952316284,0.5000122387831141,0.0,8.553155397468638,0,0,customer-1,-5.227906227111816,-2.549999952316284,0.4489896629376844,0.0,7.098894587893878,0,0,customer-2,4.636186599731445,-2.200000047683716,0.41525326124022044,0.0,8.289222476096977,0,0
3,465,18.59999999999978,to_table,-1.4108144044876099,3.4377994537353516,-0.7827774850030204,0.4711040258407593,-0.7325727939605713,0.0,-0.9679087400436401,0.0,-0.9679087400436401,0,nominal-sac-a-star,3.545034755170094,99.0,99.0,3.6356830024719238,99.0,waiter-1,0,,waiter-1,-5.940415859222412,2.200000047683716,-0.47415703498330686,0.0,4.6956827733948785,0,0,waiter-2,7.0949320793151855,2.549999952316284,0.5000115074182432,0.0,8.551953648228197,0,0,customer-1,-5.209946632385254,-2.549999952316284,0.4489891283498082,0.0,7.091343131746118,0,0,customer-2,4.652796745300293,-2.200000047683716,0.41525138306116816,0.0,8.279623384794338,0,0
3,466,18.63999999999978,to_table,-1.392386555671692,3.4312477111816406,-0.7992440841731168,0.012889623641967773,0.5947010517120361,0.0,-0.8086358904838562,0.0,-0.8086358904838562,0,nominal-sac-a-star,3.5800036166438503,99.0,99.0,3.6700548553466796,99.0,waiter-1,0,,waiter-1,-5.959382057189941,2.200000047683716,-0.4741574719525943,0.0,4.730054832637464,0,0,waiter-2,7.114932537078857,2.549999952316284,0.5000107760533723,0.0,8.552840215880526,0,0,customer-1,-5.191987037658691,-2.549999952316284,0.448988593761932,0.0,7.086062900850883,0,0,customer-2,4.669406414031982,-2.200000047683716,0.4152542732536979,0.0,8.273831357314155,0,0
3,467,18.67999999999978,to_table,-1.3835763931274414,3.423893690109253,-0.8194511754164416,-0.3535515069961548,0.15190541744232178,0.0,-0.8617713451385498,0.0,-0.8617713451385498,0,nominal-sac-a-star,3.614392625470529,99.0,99.0,3.69498104095459,99.0,waiter-1,0,,waiter-1,-5.978348255157471,2.200000047683716,-0.4741579089218817,0.0,4.754980979149396,0,0,waiter-2,7.134932994842529,2.549999952316284,0.5000100446885014,0.0,8.563217412741912,0,0,customer-1,-5.174027919769287,-2.549999952316284,0.44899282754563785,0.0,7.074950743774387,0,0,customer-2,4.68601655960083,-2.200000047683716,0.4152523950746456,0.0,8.274547684665045,0,0
3,468,18.71999999999978,to_table,-1.3676633834838867,3.419224262237549,-0.8415656622522792,-0.20279145240783691,0.28426694869995117,0.20000000298023224,-0.6206101775169373,0.20000000298023224,-0.6206101775169373,0,nominal-sac-a-star,3.6393335402281783,99.0,99.0,3.727501811981201,99.0,waiter-1,0,,waiter-1,-5.997314453125,2.200000047683716,-0.4741583458911691,0.0,4.7875021370213,0,0,waiter-2,7.154932975769043,2.549999952316284,0.5000140816952126,0.0,8.566808017208592,0,0,customer-1,-5.156068325042725,-2.549999952316284,0.44899229295776166,0.0,7.0699115782903,0,0,customer-2,4.702626705169678,-2.200000047683716,0.41525051689559334,0.0,8.271886339016985,0,0
3,469,18.759999999999778,to_table,-1.3584315776824951,3.413479804992676,-0.865369239425483,-0.4981030821800232,-0.06962895393371582,0.20000000298023224,-0.6834710836410522,0.20000000298023224,-0.6834710836410522,0,nominal-sac-a-star,3.671868353958242,99.0,99.0,3.753324451446533,99.0,waiter-1,0,,waiter-1,-6.016280651092529,2.200000047683716,-0.47415878286045654,0.0,4.813324330653953,0,0,waiter-2,7.174933433532715,2.549999952316284,0.5000133503303417,0.0,8.576940938971774,0,0,customer-1,-5.138108730316162,-2.549999952316284,0.4489917583698855,0.0,7.060385980523634,0,0,customer-2,4.719236373901367,-2.200000047683716,0.4152534070881231,0.0,8.273403398004557,0,0
3,470,18.799999999999777,to_table,-1.3484615087509155,3.4088523387908936,-0.8922659494031199,-0.08649498224258423,0.09316861629486084,0.20000000298023224,-0.6615344285964966,0.20000000298023224,-0.6615344285964966,0,nominal-sac-a-star,3.697703245136145,99.0,99.0,3.7801737213134765,99.0,waiter-1,0,,waiter-1,-6.035246849060059,2.200000047683716,-0.47415921982974396,0.0,4.8401736216639755,0,0,waiter-2,7.194933891296387,2.549999952316284,0.5000126189654708,0.0,8.586456334443362,0,0,customer-1,-5.1201491355896,-2.549999952316284,0.4489912237820093,0.0,7.052201654921765,0,0,customer-2,4.735846519470215,-2.200000047683716,0.4152515289090708,0.0,8.27514527217124,0,0
3,471,18.839999999999776,to_table,-1.3349955081939697,3.404609441757202,-0.9180164026574408,-0.14936542510986328,0.0935354232788086,0.20000000298023224,-0.6593490839004517,0.20000000298023224,-0.6593490839004517,0,nominal-sac-a-star,3.7245640979938974,99.0,99.0,3.8105334663391113,99.0,waiter-1,0,,waiter-1,-6.054213047027588,2.200000047683716,-0.4741596567990314,0.0,4.870533643362391,0,0,waiter-2,7.214934349060059,2.549999952316284,0.5000118876005999,0.0,8.592535012637793,0,0,customer-1,-5.102190017700195,-2.549999952316284,0.44899545756571513,0.0,7.046213700168486,0,0,customer-2,4.752456188201904,-2.200000047683716,0.41525441910160055,0.0,8.274582508204519,0,0
3,472,18.879999999999775,to_table,-1.325333595275879,3.4009764194488525,-0.9445844709184178,-0.21500539779663086,0.09631562232971191,0.20000000298023224,-0.6714763045310974,0.20000000298023224,-0.6714763045310974,0,nominal-sac-a-star,3.7549359193183687,99.0,99.0,3.8373851203918456,99.0,waiter-1,0,,waiter-1,-6.073179244995117,2.200000047683716,-0.4741600937683188,0.0,4.8973852777881435,0,0,waiter-2,7.2349348068237305,2.549999952316284,0.500011156235729,0.0,8.602462209367642,0,0,customer-1,-5.084230422973633,-2.549999952316284,0.44899492297783894,0.0,7.038709053411939,0,0,customer-2,4.769066333770752,-2.200000047683716,0.41525254092254826,0.0,8.277236729762922,0,0
3,473,18.919999999999774,to_table,-1.31256103515625,3.3977432250976562,-0.9735192026348739,-0.5464634299278259,0.0183030366897583,0.20000000298023224,-0.6805242896080017,0.20000000298023224,-0.6805242896080017,0,nominal-sac-a-star,3.7817976567115332,99.0,99.0,3.8673743629455566,99.0,waiter-1,0,,waiter-1,-6.0921454429626465,2.200000047683716,-0.4741605307376062,0.0,4.9273741313591835,0,0,waiter-2,7.254935264587402,2.549999952316284,0.5000104248708581,0.0,8.609335717851131,0,0,customer-1,-5.06627082824707,-2.549999952316284,0.44899438838996275,0.0,7.033205962803876,0,0,customer-2,4.7856764793396,-2.200000047683716,0.415250662743496,0.0,8.277875967370713,0,0
3,474,18.959999999999773,to_table,-1.3057494163513184,3.3930001258850098,-1.0013478648300078,-0.8627162575721741,-0.06514763832092285,0.20000000298023224,-0.699180543422699,0.20000000298023224,-0.699180543422699,0,nominal-sac-a-star,3.8117967617160096,99.0,99.0,3.89123815536499,99.0,waiter-1,0,,waiter-1,-6.111112117767334,2.200000047683716,-0.4741561993353116,0.0,4.951238216724027,0,0,waiter-2,7.274935722351074,2.549999952316284,0.5000096935059872,0.0,8.621995519726568,0,0,customer-1,-5.048311233520508,-2.549999952316284,0.44899385380208656,0.0,7.0232484567209585,0,0,customer-2,4.802286148071289,-2.200000047683716,0.4152535529360257,0.0,8.281892863216186,0,0
3,475,18.999999999999773,to_table,-1.2962403297424316,3.3874542713165283,-1.0294049895446484,-0.6962679028511047,0.9130997657775879,0.20000000298023224,-0.5713393688201904,0.20000000298023224,-0.5713393688201904,0,nominal-sac-a-star,3.8356704536242816,99.0,99.0,3.917553367614746,99.0,waiter-1,0,,waiter-1,-6.130078315734863,2.200000047683716,-0.47415663630459903,0.0,4.977553335530095,0,0,waiter-2,7.294935703277588,2.549999952316284,0.5000137305126984,0.0,8.631896394579222,0,0,customer-1,-5.030351638793945,-2.549999952316284,0.4489933192142104,0.0,7.014053744171164,0,0,customer-2,4.818896293640137,-2.200000047683716,0.41525167475697344,0.0,8.283389504879585,0,0
3,476,19.03999999999977,to_table,-1.289341926574707,3.382641553878784,-1.0550052214175656,-0.8374593257904053,0.3778653144836426,0.20000000298023224,-0.6353756189346313,0.20000000298023224,-0.6353756189346313,0,nominal-sac-a-star,3.8619967477809647,99.0,99.0,3.941534938812256,99.0,waiter-1,0,,waiter-1,-6.149044513702393,2.200000047683716,-0.47415707327388645,0.0,5.001534781195754,0,0,waiter-2,7.31493616104126,2.549999952316284,0.5000129991478275,0.0,8.644471843072939,0,0,customer-1,-5.012392044067383,-2.549999952316284,0.4489927846263342,0.0,7.004094332488014,0,0,customer-2,4.835505962371826,-2.200000047683716,0.4152545649495032,0.0,8.287318559958289,0,0
3,477,19.07999999999977,to_table,-1.2807092666625977,3.376873731613159,-1.0799773066514802,-0.8898221850395203,0.41207802295684814,0.20000000298023224,-0.6254657506942749,0.20000000298023224,-0.6254657506942749,0,nominal-sac-a-star,3.8859879570645983,99.0,99.0,3.9670018577575683,99.0,waiter-1,0,,waiter-1,-6.168010711669922,2.200000047683716,-0.4741575102431739,0.0,5.0270017985173165,0,0,waiter-2,7.334936618804932,2.549999952316284,0.5000122677829566,0.0,8.655233923509073,0,0,customer-1,-4.99443244934082,-2.549999952316284,0.448992250038458,0.0,6.994252750853163,0,0,customer-2,4.852116107940674,-2.200000047683716,0.4152526867704509,0.0,8.289334606926346,0,0
3,478,19.11999999999977,to_table,-1.2758688926696777,3.3710827827453613,-1.1041856820729579,-0.7845356464385986,0.49379491806030273,0.20000000298023224,-0.6180567741394043,0.20000000298023224,-0.6180567741394043,0,nominal-sac-a-star,3.9114657353635804,99.0,99.0,3.9888038063049316,99.0,waiter-1,0,,waiter-1,-6.186976909637451,2.200000047683716,-0.4741579472124613,0.0,5.04880349456033,0,0,waiter-2,7.3549370765686035,2.549999952316284,0.5000115364180857,0.0,8.669774431498467,0,0,customer-1,-4.976472854614258,-2.549999952316284,0.4489917154505818,0.0,6.982384294680795,0,0,customer-2,4.8687262535095215,-2.200000047683716,0.4152508085913986,0.0,8.294155376766861,0,0
3,479,19.15999999999977,to_table,-1.2710305452346802,3.365666389465332,-1.1238225097990926,-0.81108158826828,0.45206546783447266,0.20000000298023224,-0.6130340099334717,0.20000000298023224,-0.6130340099334717,0,nominal-sac-a-star,3.9332772373642415,99.0,99.0,4.0107139968872065,99.0,waiter-1,0,,waiter-1,-6.2059431076049805,2.200000047683716,-0.4741583841817487,0.0,5.070713955509889,0,0,waiter-2,7.374937534332275,2.549999952316284,0.5000108050532148,0.0,8.68435810924343,0,0,customer-1,-4.958513259887695,-2.549999952316284,0.4489911808627056,0.0,6.970841917455355,0,0,customer-2,4.885335922241211,-2.200000047683716,0.41525369878392837,0.0,8.299246409853666,0,0
3,480,19.19999999999977,to_table,-1.2659624814987183,3.3588008880615234,-1.1445303919100993,-0.7186485528945923,0.2095106840133667,0.20000000298023224,-0.6382780075073242,0.20000000298023224,-0.6382780075073242,0,nominal-sac-a-star,3.9551970185500496,99.0,99.0,4.032540740966796,99.0,waiter-1,0,,waiter-1,-6.22490930557251,2.200000047683716,-0.47415882115103614,0.0,5.092540917032661,0,0,waiter-2,7.394937992095947,2.549999952316284,0.5000100736883439,0.0,8.698583560969837,0,0,customer-1,-4.940553665161133,-2.549999952316284,0.44899064627482943,0.0,6.9582000358066045,0,0,customer-2,4.901946067810059,-2.200000047683716,0.4152518206048761,0.0,8.303214059379563,0,0
3,481,19.239999999999768,to_table,-1.2642489671707153,3.350482940673828,-1.1649472609299696,0.11063802242279053,-0.04250246286392212,0.20000000298023224,-0.6655107140541077,0.20000000298023224,-0.6655107140541077,0,nominal-sac-a-star,3.977034374989042,99.0,99.0,4.050801696777343,99.0,waiter-1,0,,waiter-1,-6.243875503540039,2.200000047683716,-0.47415925812032356,0.0,5.110801437032792,0,0,waiter-2,7.414937973022461,2.549999952316284,0.5000141106950551,0.0,8.716023115932495,0,0,customer-1,-4.92259407043457,-2.549999952316284,0.44899011168695324,0.0,6.942563450559425,0,0,customer-2,4.918556213378906,-2.200000047683716,0.4152499424258238,0.0,8.308726816105926,0,0
3,482,19.279999999999767,to_table,-1.2615039348602295,3.3418092727661133,-1.1863740592356482,-0.8221763968467712,0.4206113815307617,0.20000000298023224,-0.5954282283782959,0.20000000298023224,-0.5954282283782959,0,nominal-sac-a-star,3.995305647849495,99.0,99.0,4.07002061843872,99.0,waiter-1,0,,waiter-1,-6.262841701507568,2.200000047683716,-0.474159695089611,0.0,5.130020249723802,0,0,waiter-2,7.434938430786133,2.549999952316284,0.5000133793301842,0.0,8.732415004966274,0,0,customer-1,-4.904634952545166,-2.549999952316284,0.4489943454706591,0.0,6.927179769342219,0,0,customer-2,4.935165882110596,-2.200000047683716,0.41525283261835355,0.0,8.313264543173268,0,0
3,483,19.319999999999766,to_table,-1.2571183443069458,3.332571506500244,-1.2091742172094608,-0.8324702382087708,0.3567347526550293,0.20000000298023224,-0.5923946499824524,0.20000000298023224,-0.5923946499824524,0,nominal-sac-a-star,4.014535495492524,99.0,99.0,4.090750160217285,99.0,waiter-1,0,,waiter-1,-6.281807899475098,2.200000047683716,-0.4741601320588984,0.0,5.150749774075782,0,0,waiter-2,7.454938888549805,2.549999952316284,0.5000126479653133,0.0,8.747134357376106,0,0,customer-1,-4.8866753578186035,-2.549999952316284,0.4489938108827829,0.0,6.912187141738459,0,0,customer-2,4.951776027679443,-2.200000047683716,0.41525095443930127,0.0,8.316232159136117,0,0
3,484,19.359999999999765,to_table,-1.2529610395431519,3.32262921333313,-1.2278473229089424,-0.3471653461456299,0.7267893552780151,0.20000000298023224,-0.5438500046730042,0.20000000298023224,-0.5438500046730042,0,nominal-sac-a-star,4.0352765848331,99.0,99.0,4.111142101287841,99.0,waiter-1,0,,waiter-1,-6.300774097442627,2.200000047683716,-0.4741605690281858,0.0,5.1711423216797225,0,0,waiter-2,7.474939346313477,2.549999952316284,0.5000119166004424,0.0,8.762031791794396,0,0,customer-1,-4.868715763092041,-2.549999952316284,0.4489932762949067,0.0,6.89648138822271,0,0,customer-2,4.968386173248291,-2.200000047683716,0.415249076260249,0.0,8.318929924981177,0,0
3,485,19.399999999999764,to_table,-1.2509055137634277,3.312448740005493,-1.246907386338859,-0.7054985761642456,0.065879225730896,0.20000000298023224,-0.6251020431518555,0.20000000298023224,-0.6251020431518555,0,nominal-sac-a-star,4.055680973353062,99.0,99.0,4.129473152160644,99.0,waiter-1,0,,waiter-1,-6.3197407722473145,2.200000047683716,-0.4741562376258912,0.0,5.189473284515284,0,0,waiter-2,7.494939804077148,2.549999952316284,0.5000111852355715,0.0,8.779016942542182,0,0,customer-1,-4.8507561683654785,-2.549999952316284,0.4489927417070305,0.0,6.879478861479562,0,0,customer-2,4.9849958419799805,-2.200000047683716,0.41525196645277873,0.0,8.323073792503507,0,0
3,486,19.439999999999763,to_table,-1.2462453842163086,3.3009493350982666,-1.2668553289729325,-0.7801116704940796,0.13538765907287598,0.20000000298023224,-0.6106131076812744,0.20000000298023224,-0.6106131076812744,0,nominal-sac-a-star,4.074022900515558,99.0,99.0,4.150110664367675,99.0,waiter-1,0,,waiter-1,-6.338706970214844,2.200000047683716,-0.47415667459517863,0.0,5.2101107798519335,0,0,waiter-2,7.51494026184082,2.549999952316284,0.5000104538707006,0.0,8.793309894469665,0,0,customer-1,-4.832796573638916,-2.549999952316284,0.44899220711915433,0.0,6.862722273139542,0,0,customer-2,5.001605987548828,-2.200000047683716,0.41525008827372645,0.0,8.32442736022106,0,0
3,487,19.479999999999762,to_table,-1.2409933805465698,3.2895939350128174,-1.2917442982772274,-0.8089780211448669,0.16422498226165771,0.20000000298023224,-0.6147199869155884,0.20000000298023224,-0.6147199869155884,0,nominal-sac-a-star,4.0946730141714465,99.0,99.0,4.1714076423645015,99.0,waiter-1,0,,waiter-1,-6.357673168182373,2.200000047683716,-0.47415711156446605,0.0,5.231407734874592,0,0,waiter-2,7.534940719604492,2.549999952316284,0.5000097225058298,0.0,8.80704369180914,0,0,customer-1,-4.8148369789123535,-2.549999952316284,0.44899167253127814,0.0,6.8464015975190575,0,0,customer-2,5.018215656280518,-2.200000047683716,0.4152529784662562,0.0,8.325463342154348,0,0
3,488,19.51999999999976,to_table,-1.2378902435302734,3.2796471118927,-1.3139409815267895,-0.8193736672401428,0.1227715015411377,0.20000000298023224,-0.626552939414978,0.20000000298023224,-0.626552939414978,0,nominal-sac-a-star,4.115982296531919,99.0,99.0,4.190940799713134,99.0,waiter-1,0,,waiter-1,-6.376639366149902,2.200000047683716,-0.47415754853375347,0.0,5.25094089935119,0,0,waiter-2,7.554940700531006,2.549999952316284,0.5000137595125409,0.0,8.823052815682308,0,0,customer-1,-4.796877384185791,-2.549999952316284,0.44899113794340195,0.0,6.830166495817783,0,0,customer-2,5.034825801849365,-2.200000047683716,0.4152511002872039,0.0,8.329075553710451,0,0
3,489,19.55999999999976,to_table,-1.2341086864471436,3.267929792404175,-1.3341084489967032,-0.847566545009613,0.1721172332763672,0.20000000298023224,-0.6212095618247986,0.20000000298023224,-0.6212095618247986,0,nominal-sac-a-star,4.135526168467272,99.0,99.0,4.21081823348999,99.0,waiter-1,0,,waiter-1,-6.395605564117432,2.200000047683716,-0.4741579855030409,0.0,5.2708181488132215,0,0,waiter-2,7.574941158294678,2.549999952316284,0.50001302814767,0.0,8.838256752461684,0,0,customer-1,-4.7789177894592285,-2.549999952316284,0.44899060335552576,0.0,6.812780496339244,0,0,customer-2,5.051435947418213,-2.200000047683716,0.4152492221081516,0.0,8.331046037589587,0,0
3,490,19.59999999999976,to_table,-1.2304946184158325,3.2450335025787354,-1.339361916329034,-0.8652933239936829,0.18537235260009766,0.7799999713897705,0.1844286471605301,0.7799999713897705,0.1844286471605301,0,nominal-sac-a-star,4.086820989781711,99.0,99.0,3.744577178955078,99.0,customer-1,0,,waiter-1,-6.414571762084961,2.200000047683716,-0.4741584224723283,0.0,5.288359930390753,0,0,waiter-2,7.59494161605835,2.549999952316284,0.5000122967827991,0.0,8.852762075463243,0,0,customer-1,-4.760958194732666,-2.549999952316284,0.4489900687676496,0.0,6.785763465303838,0,0,customer-2,5.068045616149902,-2.200000047683716,0.4152521123006814,0.0,8.325863285565474,0,0
3,491,19.63999999999976,to_table,-1.2261930704116821,3.2241101264953613,-1.3333536331554927,-0.6527367234230042,-0.8196881413459778,0.0,0.78163743019104,0.0,0.78163743019104,0,nominal-sac-a-star,4.172976398153318,99.0,99.0,4.2470936203002925,99.0,waiter-1,0,,waiter-1,-6.43353796005249,2.200000047683716,-0.47415885944161573,0.0,5.307093578710652,0,0,waiter-2,7.6149420738220215,2.549999952316284,0.5000115654179282,0.0,8.866797345464486,0,0,customer-1,-4.742999076843262,-2.549999952316284,0.4489943025513554,0.0,6.760789280040272,0,0,customer-2,5.08465576171875,-2.200000047683716,0.4152502341216291,0.0,8.321525350777646,0,0
3,492,19.679999999999758,to_table,-1.2256802320480347,3.205810546875,-1.3162942909007014,-0.4157341718673706,-0.7971857786178589,0.0,0.7843376994132996,0.0,0.7843376994132996,0,nominal-sac-a-star,4.191727547649152,99.0,99.0,4.262719097137451,99.0,waiter-1,0,,waiter-1,-6.4525041580200195,2.200000047683716,-0.47415929641090315,0.0,5.322719522330348,0,0,waiter-2,7.634942531585693,2.549999952316284,0.5000108340530574,0.0,8.884859216406282,0,0,customer-1,-4.725039482116699,-2.549999952316284,0.44899376796347923,0.0,6.736087118174894,0,0,customer-2,5.1012654304504395,-2.200000047683716,0.41525312431415884,0.0,8.321840517604956,0,0
3,493,19.719999999999757,to_table,-1.2245341539382935,3.1895196437835693,-1.2921920331865584,-0.13602399826049805,-0.2265806794166565,0.0,0.8528103232383728,0.0,0.8528103232383728,0,nominal-sac-a-star,4.207368255307147,99.0,99.0,4.279427947998046,99.0,waiter-1,0,,waiter-1,-6.471470355987549,2.200000047683716,-0.4741597333801906,0.0,5.339427735201656,0,0,waiter-2,7.654942989349365,2.549999952316284,0.5000101026881865,0.0,8.902477170649885,0,0,customer-1,-4.707079887390137,-2.549999952316284,0.44899323337560304,0.0,6.71343503577698,0,0,customer-2,5.117875576019287,-2.200000047683716,0.41525124613510656,0.0,8.323045337337422,0,0
3,494,19.759999999999756,to_table,-1.2218286991119385,3.18275785446167,-1.2651032707776149,-0.3219301700592041,-0.8342248797416687,0.0,0.7798930406570435,0.0,0.7798930406570435,0,nominal-sac-a-star,4.224089622699707,99.0,99.0,4.299481811523437,99.0,waiter-1,0,,waiter-1,-6.490436553955078,2.200000047683716,-0.474160170349478,0.0,5.359481470711308,0,0,waiter-2,7.674942970275879,2.549999952316284,0.5000141396948976,0.0,8.9192448503194,0,0,customer-1,-4.689120292663574,-2.549999952316284,0.44899269878772685,0.0,6.699747985251939,0,0,customer-2,5.134485721588135,-2.200000047683716,0.41524936795605427,0.0,8.329274617150542,0,0
3,495,19.799999999999756,to_table,-1.2193888425827026,3.1744401454925537,-1.2414826887578958,-0.28640609979629517,-0.8311439752578735,0.0,0.7802627086639404,0.0,0.7802627086639404,0,nominal-sac-a-star,4.244150327725788,99.0,99.0,4.319012584686279,99.0,waiter-1,0,,waiter-1,-6.509402751922607,2.200000047683716,-0.4741606073187654,0.0,5.379012982437146,0,0,waiter-2,7.694943428039551,2.549999952316284,0.5000134083300267,0.0,8.936176217259332,0,0,customer-1,-4.671160697937012,-2.549999952316284,0.44899216419985066,0.0,6.684604952786499,0,0,customer-2,5.151095390319824,-2.200000047683716,0.415252258148584,0.0,8.334727155203598,0,0
3,496,19.839999999999755,to_table,-1.216216802597046,3.169485569000244,-1.2206150038413803,-0.2969661355018616,-0.8406152129173279,0.0,0.7791261672973633,0.0,0.7791261672973633,0,nominal-sac-a-star,4.263689628936226,99.0,99.0,4.3398951911926265,99.0,waiter-1,0,,waiter-1,-6.528369426727295,2.200000047683716,-0.4741562759164708,0.0,5.399895154361451,0,0,waiter-2,7.714943885803223,2.549999952316284,0.5000126769651558,0.0,8.95261937487039,0,0,customer-1,-4.653201103210449,-2.549999952316284,0.4489916296119745,0.0,6.672733750960877,0,0,customer-2,5.167705535888672,-2.200000047683716,0.41525037996953174,0.0,8.341812765316234,0,0
3,497,19.879999999999754,to_table,-1.2130721807479858,3.166740655899048,-1.2003133562610644,-0.2820909023284912,-0.8457559943199158,0.0,0.778509259223938,0.0,0.778509259223938,0,nominal-sac-a-star,4.284576978196654,99.0,99.0,4.361157836914062,99.0,waiter-1,0,,waiter-1,-6.547335624694824,2.200000047683716,-0.4741567128857582,0.0,5.421157984508488,0,0,waiter-2,7.7349443435668945,2.549999952316284,0.500011945600285,0.0,8.96924572162386,0,0,customer-1,-4.635241508483887,-2.549999952316284,0.4489910950240983,0.0,6.662759645170655,0,0,customer-2,5.184315204620361,-2.200000047683716,0.4152532701620615,0.0,8.350357545516363,0,0
3,498,19.919999999999753,to_table,-1.2113171815872192,3.1668379306793213,-1.1772821867160224,-0.8236920237541199,-0.9014943242073059,0.0,0.7718206644058228,0.0,0.7718206644058228,0,nominal-sac-a-star,4.3058440083322465,99.0,99.0,4.381565513610839,99.0,waiter-1,0,,waiter-1,-6.5663018226623535,2.200000047683716,-0.47415714985504565,0.0,5.441565583372676,0,0,waiter-2,7.754944801330566,2.549999952316284,0.5000112142354141,0.0,8.98745475859922,0,0,customer-1,-4.617281913757324,-2.549999952316284,0.4489905604362221,0.0,6.6545346296521934,0,0,customer-2,5.200925350189209,-2.200000047683716,0.4152513919830092,0.0,8.36180627450328,0,0
3,499,19.959999999999752,to_table,-1.2129460573196411,3.162846326828003,-1.1582776536512682,-0.903151273727417,-0.6423317790031433,0.0,0.8029201626777649,0.0,0.8029201626777649,0,nominal-sac-a-star,4.326253871792813,99.0,99.0,4.397922458648681,99.0,waiter-1,0,,waiter-1,-6.585268020629883,2.200000047683716,-0.47415758682433307,0.0,5.457922336817153,0,0,waiter-2,7.774945259094238,2.549999952316284,0.5000104828705432,0.0,9.008760791275355,0,0,customer-1,-4.599322319030762,-2.549999952316284,0.4489900258483459,0.0,6.6410960537409265,0,0,customer-2,5.217535495758057,-2.200000047683716,0.4152495138039569,0.0,8.373243949693933,0,0
3,500,19.99999999999975,to_table,-1.2118251323699951,3.1623706817626953,-1.142397411869423,-0.9015819430351257,-0.6583696007728577,0.0,0.8009956479072571,0.0,0.8009956479072571,0,nominal-sac-a-star,4.342614962321909,99.0,99.0,4.417612495422363,99.0,waiter-1,0,,waiter-1,-6.604234218597412,2.200000047683716,-0.4741580237936205,0.0,5.477611978824859,0,0,waiter-2,7.79494571685791,2.549999952316284,0.5000097515056723,0.0,9.027564402472258,0,0,customer-1,-4.581363201141357,-2.549999952316284,0.44899425963205175,0.0,6.632116182485596,0,0,customer-2,5.234145164489746,-2.200000047683716,0.41525240399648666,0.0,8.384840660860629,0,0
3,501,20.03999999999975,to_table,-1.2095352411270142,3.161499500274658,-1.1253393873419426,-0.30835288763046265,-0.6919808387756348,0.0,0.796962320804596,0.0,0.796962320804596,0,nominal-sac-a-star,4.362307080923018,99.0,99.0,4.43838638305664,99.0,waiter-1,0,,waiter-1,-6.623200416564941,2.200000047683716,-0.4741584607629079,0.0,5.49838629318476,0,0,waiter-2,7.814945697784424,2.549999952316284,0.5000137885123834,0.0,9.045174841534527,0,0,customer-1,-4.563403606414795,-2.549999952316284,0.44899372504417556,0.0,6.623417472017355,0,0,customer-2,5.250755310058594,-2.200000047683716,0.4152505258174344,0.0,8.395298172697375,0,0
3,502,20.07999999999975,to_table,-1.2063024044036865,3.160423755645752,-1.1089187795564033,-0.4255598783493042,-0.8096726536750793,0.0,0.782839298248291,0.0,0.782839298248291,0,nominal-sac-a-star,4.383084201625444,99.0,99.0,4.460057678222656,99.0,waiter-1,0,,waiter-1,-6.642166614532471,2.200000047683716,-0.47415889773219533,0.0,5.520057373775618,0,0,waiter-2,7.834946155548096,2.549999952316284,0.5000130571475125,0.0,9.061831643906292,0,0,customer-1,-4.545444011688232,-2.549999952316284,0.4489931904562994,0.0,6.61504388480936,0,0,customer-2,5.267364978790283,-2.200000047683716,0.4152534160099641,0.0,8.4049100375632,0,0
3,503,20.11999999999975,to_table,-1.2033305168151855,3.153364658355713,-1.08920606951856,-0.7580737471580505,-0.598565936088562,0.0,0.8081721067428589,0.0,0.8081721067428589,0,nominal-sac-a-star,4.404758272682396,99.0,99.0,4.4804429435729975,99.0,waiter-1,0,,waiter-1,-6.6611328125,2.200000047683716,-0.47415933470148275,0.0,5.540443121237163,0,0,waiter-2,7.854946613311768,2.549999952316284,0.5000123257826417,0.0,9.078349714274893,0,0,customer-1,-4.52748441696167,-2.549999952316284,0.4489926558684232,0.0,6.6013912953350085,0,0,customer-2,5.283975124359131,-2.200000047683716,0.41525153783091184,0.0,8.41092433433334,0,0
3,504,20.159999999999748,to_table,-1.1991358995437622,3.1567649841308594,-1.065122485025701,-0.6650112271308899,-0.5957475304603577,0.0,0.8085103034973145,0.0,0.8085103034973145,0,nominal-sac-a-star,4.425150416648527,99.0,99.0,4.503843727111816,99.0,waiter-1,0,,waiter-1,-6.680099010467529,2.200000047683716,-0.47415977167077017,0.0,5.563843614527807,0,0,waiter-2,7.8749470710754395,2.549999952316284,0.5000115944177708,0.0,9.094346901318112,0,0,customer-1,-4.509524822235107,-2.549999952316284,0.448992121280547,0.0,6.5974116787828345,0,0,customer-2,5.3005852699279785,-2.200000047683716,0.41524965965185956,0.0,8.422666257602192,0,0
3,505,20.199999999999747,to_table,-1.1980042457580566,3.1476552486419678,-1.0397157534452954,-0.6569177508354187,-0.7131645083427429,0.0,0.7944202423095703,0.0,0.7944202423095703,0,nominal-sac-a-star,4.448551320529582,99.0,99.0,4.5220894241333,99.0,waiter-1,0,,waiter-1,-6.699065208435059,2.200000047683716,-0.4741602086400576,0.0,5.5820894022751055,0,0,waiter-2,7.894947528839111,2.549999952316284,0.5000108630528999,0.0,9.112571746130502,0,0,customer-1,-4.491565227508545,-2.549999952316284,0.4489915866926708,0.0,6.581095556935476,0,0,customer-2,5.317194938659668,-2.200000047683716,0.4152525498443893,0.0,8.4288337022958,0,0
3,506,20.239999999999746,to_table,-1.1935312747955322,3.1518056392669678,-1.0146501967502708,-0.5621890425682068,-0.2943348288536072,0.0,0.8446798324584961,0.0,0.8446798324584961,0,nominal-sac-a-star,4.466804340526257,99.0,99.0,4.545892658233642,99.0,waiter-1,0,,waiter-1,-6.718031406402588,2.200000047683716,-0.474160645609345,0.0,5.605892934073529,0,0,waiter-2,7.914947986602783,2.549999952316284,0.500010131688029,0.0,9.128338542153736,0,0,customer-1,-4.473605632781982,-2.549999952316284,0.4489910521047946,0.0,6.5779536938268475,0,0,customer-2,5.333805084228516,-2.200000047683716,0.415250671665337,0.0,8.440849723500294,0,0
3,507,20.279999999999745,to_table,-1.1921319961547852,3.143491744995117,-0.9882957033956326,-0.4770074486732483,-0.38414978981018066,0.20000000298023224,0.8339020013809204,0.20000000298023224,0.8339020013809204,0,nominal-sac-a-star,4.490607847958187,99.0,99.0,4.564563694000244,99.0,waiter-1,0,,waiter-1,-6.736998081207275,2.200000047683716,-0.4741563142070504,0.0,5.62456367054911,0,0,waiter-2,7.934947967529297,2.549999952316284,0.5000141686947401,0.0,9.146355622402869,0,0,customer-1,-4.45564603805542,-2.549999952316284,0.44899051751691843,0.0,6.562497360687963,0,0,customer-2,5.350414752960205,-2.200000047683716,0.41525356185786677,0.0,8.44735594744185,0,0
3,508,20.319999999999744,to_table,-1.1883938312530518,3.144538640975952,-0.962930060680476,-0.12354964017868042,-0.26649153232574463,0.20000000298023224,0.8480210304260254,0.20000000298023224,0.8480210304260254,0,nominal-sac-a-star,4.509284762973212,99.0,99.0,4.5871228599548335,99.0,waiter-1,0,,waiter-1,-6.755964279174805,2.200000047683716,-0.4741567511763378,0.0,5.647122616588922,0,0,waiter-2,7.954948425292969,2.549999952316284,0.5000134373298692,0.0,9.162651574334431,0,0,customer-1,-4.437686443328857,-2.549999952316284,0.44898998292904224,0.0,6.556345954065049,0,0,customer-2,5.367024898529053,-2.200000047683716,0.4152516836788145,0.0,8.457990808540645,0,0
3,509,20.359999999999744,to_table,-1.1878015995025635,3.137444496154785,-0.9401377774793008,-0.48757410049438477,-0.689075231552124,0.20000000298023224,0.7973109483718872,0.20000000298023224,0.7973109483718872,0,nominal-sac-a-star,4.531845305334274,99.0,99.0,4.605228366851806,99.0,waiter-1,0,,waiter-1,-6.774930477142334,2.200000047683716,-0.47415718814562524,0.0,5.665228255712692,0,0,waiter-2,7.974948883056641,2.549999952316284,0.5000127059649984,0.0,9.181562366924517,0,0,customer-1,-4.419727325439453,-2.549999952316284,0.4489942167127481,0.0,6.54158759418668,0,0,customer-2,5.3836350440979,-2.200000047683716,0.4152498054997622,0.0,8.465937267627625,0,0
3,510,20.399999999999743,to_table,-1.1839712858200073,3.138350009918213,-0.9169211666992654,-0.498154878616333,-0.6544346809387207,0.20000000298023224,0.8014678359031677,0.20000000298023224,0.8014678359031677,0,nominal-sac-a-star,4.549956683527718,99.0,99.0,4.627860965728759,99.0,waiter-1,0,,waiter-1,-6.793896675109863,2.200000047683716,-0.47415762511491266,0.0,5.68786106766194,0,0,waiter-2,7.9949493408203125,2.549999952316284,0.5000119746001275,0.0,9.197757316892163,0,0,customer-1,-4.401767730712891,-2.549999952316284,0.4489936821248719,0.0,6.535406586710462,0,0,customer-2,5.40024471282959,-2.200000047683716,0.41525269569229195,0.0,8.476430950250927,0,0
3,511,20.439999999999742,to_table,-1.182313084602356,3.1318728923797607,-0.892764846010403,-0.46658802032470703,-0.6398181319236755,0.20000000298023224,0.8032218217849731,0.20000000298023224,0.8032218217849731,0,nominal-sac-a-star,4.5725911162125,99.0,99.0,4.647142829895019,99.0,waiter-1,0,,waiter-1,-6.812862873077393,2.200000047683716,-0.4741580620842001,0.0,5.707142710602056,0,0,waiter-2,8.014949798583984,2.549999952316284,0.5000112432352566,0.0,9.215650853890637,0,0,customer-1,-4.383808135986328,-2.549999952316284,0.4489931475369957,0.0,6.5217520335666235,0,0,customer-2,5.4168548583984375,-2.200000047683716,0.41525081751323967,0.0,8.483978228927185,0,0
3,512,20.47999999999974,to_table,-1.1785167455673218,3.1266653537750244,-0.8702107206077667,0.039916276931762695,-0.8149624466896057,0.20000000298023224,0.7822045087814331,0.20000000298023224,0.7822045087814331,0,nominal-sac-a-star,4.591878122281203,99.0,99.0,4.668755950927734,99.0,waiter-1,0,,waiter-1,-6.831829071044922,2.200000047683716,-0.4741584990534875,0.0,5.728756308214746,0,0,waiter-2,8.034950256347656,2.549999952316284,0.5000105118703857,0.0,9.231495934062677,0,0,customer-1,-4.365848541259766,-2.549999952316284,0.4489926129491195,0.0,6.510269808019691,0,0,customer-2,5.433464527130127,-2.200000047683716,0.4152537077057694,0.0,8.490680811901916,0,0
3,513,20.51999999999974,to_table,-1.174416184425354,3.1224067211151123,-0.8463845439491424,-0.3662288188934326,-0.6745832562446594,0.20000000298023224,0.795428454875946,0.20000000298023224,0.795428454875946,0,nominal-sac-a-star,4.613496508534757,99.0,99.0,4.69083589553833,99.0,waiter-1,0,,waiter-1,-6.850795269012451,2.200000047683716,-0.4741589360227749,0.0,5.750835902990854,0,0,waiter-2,8.054950714111328,2.549999952316284,0.5000097805055148,0.0,9.247100240441396,0,0,customer-1,-4.347888946533203,-2.549999952316284,0.44899207836124333,0.0,6.499778983983183,0,0,customer-2,5.450074672698975,-2.200000047683716,0.41525182952671713,0.0,8.49775811191866,0,0
3,514,20.55999999999974,to_table,-1.1686813831329346,3.1178598403930664,-0.8206785487794621,-0.31423187255859375,-0.6659301519393921,0.20000000298023224,0.7762426733970642,0.20000000298023224,0.7762426733970642,0,nominal-sac-a-star,4.635580344328759,99.0,99.0,4.714494171142578,99.0,waiter-1,0,,waiter-1,-6.8697614669799805,2.200000047683716,-0.47415937299206234,0.0,5.77449397969293,0,0,waiter-2,8.074950218200684,2.549999952316284,0.500018585883808,0.0,9.261057716787002,0,0,customer-1,-4.329929351806641,-2.549999952316284,0.44899154377336714,0.0,6.4898477138724076,0,0,customer-2,5.466684818267822,-2.200000047683716,0.41524995134766485,0.0,8.503394523124722,0,0
3,515,20.59999999999974,to_table,-1.163398265838623,3.1111984252929688,-0.7950308116960001,-0.5698800683021545,-0.6529991030693054,0.20000000298023224,0.7555671334266663,0.20000000298023224,0.7555671334266663,0,nominal-sac-a-star,4.659242878160761,99.0,99.0,4.737385692596435,99.0,waiter-1,0,,waiter-1,-6.88872766494751,2.200000047683716,-0.47415980996134977,0.0,5.797385549681707,0,0,waiter-2,8.094950675964355,2.549999952316284,0.5000178545189371,0.0,9.275341980447713,0,0,customer-1,-4.311969757080078,-2.549999952316284,0.44899100918549095,0.0,6.4778599480155545,0,0,customer-2,5.483294486999512,-2.200000047683716,0.4152528415401946,0.0,8.50807579714596,0,0
3,516,20.639999999999738,to_table,-1.1565221548080444,3.1112101078033447,-0.7691457881341399,-0.1443476676940918,-0.7912147641181946,0.20000000298023224,0.7227648496627808,0.20000000298023224,0.7227648496627808,0,nominal-sac-a-star,4.682139864944268,99.0,99.0,4.762909832000732,99.0,waiter-1,0,,waiter-1,-6.907693862915039,2.200000047683716,-0.4741602469306372,0.0,5.822909907408284,0,0,waiter-2,8.114951133728027,2.549999952316284,0.5000171231540662,0.0,9.288443022307867,0,0,customer-1,-4.294010162353516,-2.549999952316284,0.44899047459761476,0.0,6.472490273634357,0,0,customer-2,5.499904632568359,-2.200000047683716,0.4152509633611423,0.0,8.515689689711047,0,0
3,517,20.679999999999737,to_table,-1.1514111757278442,3.1034698486328125,-0.742781036160157,-0.1291959285736084,-0.7645850777626038,0.20000000298023224,0.6916310787200928,0.20000000298023224,0.6916310787200928,0,nominal-sac-a-star,4.70766632484458,99.0,99.0,4.785490455627441,99.0,waiter-1,0,,waiter-1,-6.926660060882568,2.200000047683716,-0.4741606838999246,0.0,5.845490344420037,0,0,waiter-2,8.1349515914917,2.549999952316284,0.5000163917891953,0.0,9.302841628799774,0,0,customer-1,-4.276050567626953,-2.549999952316284,0.4489899400097386,0.0,6.459496274451364,0,0,customer-2,5.516514778137207,-2.200000047683716,0.41524908518209,0.0,8.519860883099136,0,0
3,518,20.719999999999736,to_table,-1.1442543268203735,3.1003329753875732,-0.7178918192394381,0.964026927947998,-0.9921002388000488,0.20000000298023224,0.6507999300956726,0.20000000298023224,0.6507999300956726,0,nominal-sac-a-star,4.730252542784857,99.0,99.0,4.810819568634033,99.0,waiter-1,0,,waiter-1,-6.945626735687256,2.200000047683716,-0.47415635249763,0.0,5.870819466400729,0,0,waiter-2,8.154952049255371,2.549999952316284,0.5000156604243244,0.0,9.315476673854675,0,0,customer-1,-4.258091449737549,-2.549999952316284,0.4489941737934444,0.0,6.451530347285949,0,0,customer-2,5.5331244468688965,-2.200000047683716,0.4152519753746198,0.0,8.525310401549966,0,0
3,519,20.759999999999735,to_table,-1.1369664669036865,3.094585418701172,-0.6925526924881151,0.22794175148010254,-0.549588143825531,0.20000000298023224,0.679502010345459,0.20000000298023224,0.679502010345459,0,nominal-sac-a-star,4.755584772022379,99.0,99.0,4.835889282226562,99.0,waiter-1,0,,waiter-1,-6.964592933654785,2.200000047683716,-0.4741567894669174,0.0,5.89588951914945,0,0,waiter-2,8.174952507019043,2.549999952316284,0.5000149290594536,0.0,9.327829774770752,0,0,customer-1,-4.240131855010986,-2.549999952316284,0.44899363920556823,0.0,6.4413491938142435,0,0,customer-2,5.549734592437744,-2.200000047683716,0.4152500971955675,0.0,8.529044865508206,0,0
3,520,20.799999999999734,to_table,-1.1292973756790161,3.089409351348877,-0.6664084800530029,0.22051823139190674,-0.60747891664505,0.20000000298023224,0.6550549864768982,0.20000000298023224,0.6550549864768982,0,nominal-sac-a-star,4.78065961259792,99.0,99.0,4.861438217163085,99.0,waiter-1,0,,waiter-1,-6.9835591316223145,2.200000047683716,-0.47415722643620484,0.0,5.9214381375259215,0,0,waiter-2,8.194952964782715,2.549999952316284,0.5000141976945827,0.0,9.339839769041298,0,0,customer-1,-4.222172260284424,-2.549999952316284,0.44899310461769204,0.0,6.431859167152846,0,0,customer-2,5.566344261169434,-2.200000047683716,0.41525298738809724,0.0,8.53284646057064,0,0
3,521,20.839999999999733,to_table,-1.1208293437957764,3.0834736824035645,-0.6433329042867991,0.21158766746520996,-0.5965885519981384,0.20000000298023224,0.6366434097290039,0.20000000298023224,0.6366434097290039,0,nominal-sac-a-star,4.806212685245572,99.0,99.0,4.887677612304687,99.0,waiter-1,0,,waiter-1,-7.002525329589844,2.200000047683716,-0.47415766340549226,0.0,5.947677978215628,0,0,waiter-2,8.214953422546387,2.549999952316284,0.5000134663297118,0.0,9.351012462884677,0,0,customer-1,-4.204212665557861,-2.549999952316284,0.44899257002981585,0.0,6.422092953391772,0,0,customer-2,5.582954406738281,-2.200000047683716,0.41525110920904496,0.0,8.535561565031728,0,0
3,522,20.879999999999733,to_table,-1.1121777296066284,3.0778770446777344,-0.6204289667297772,-0.3619155287742615,-0.23905575275421143,0.20000000298023224,0.6661092638969421,0.20000000298023224,0.6661092638969421,0,nominal-sac-a-star,4.832457309204157,99.0,99.0,4.914165439605712,99.0,waiter-1,0,,waiter-1,-7.021491527557373,2.200000047683716,-0.4741581003747797,0.0,5.97416584842623,0,0,waiter-2,8.234953880310059,2.549999952316284,0.5000127349648409,0.0,9.36202561189317,0,0,customer-1,-4.186253070831299,-2.549999952316284,0.44899203544193966,0.0,6.41271695124773,0,0,customer-2,5.599564552307129,-2.200000047683716,0.41524923102999267,0.0,8.538352947782297,0,0
3,523,20.91999999999973,to_table,-1.1027413606643677,3.073868989944458,-0.5957484616534862,0.3900545835494995,-0.6563014984130859,0.20000000298023224,0.6024143099784851,0.20000000298023224,0.6024143099784851,0,nominal-sac-a-star,4.858949725714715,99.0,99.0,4.930508861541748,99.0,customer-1,0,,waiter-1,-7.040457725524902,2.200000047683716,-0.4741585373440671,0.0,6.00167664555335,0,0,waiter-2,8.25495433807373,2.549999952316284,0.50001200359997,0.0,9.372348028043291,0,0,customer-1,-4.168293476104736,-2.549999952316284,0.4489915008540635,0.0,6.4051160529849795,0,0,customer-2,5.616174221038818,-2.200000047683716,0.4152521212225224,0.0,8.541517501012743,0,0
3,524,20.95999999999973,to_table,-1.0925878286361694,3.068956136703491,-0.5704266701568091,0.5247082710266113,-0.6171661019325256,0.20000000298023224,0.5869712829589844,0.20000000298023224,0.5869712829589844,0,nominal-sac-a-star,4.886464313316791,99.0,99.0,4.937699565887451,99.0,customer-1,0,,waiter-1,-7.059423923492432,2.200000047683716,-0.4741589743133545,0.0,6.029777580269779,0,0,waiter-2,8.274954795837402,2.549999952316284,0.5000112722350991,0.0,9.381906540924554,0,0,customer-1,-4.150333881378174,-2.549999952316284,0.4489909662661873,0.0,6.397067957540526,0,0,customer-2,5.632784366607666,-2.200000047683716,0.41525024304347014,0.0,8.54356661105601,0,0
3,525,20.99999999999973,to_table,-1.082237958908081,3.063951253890991,-0.5481724370167051,0.6436541080474854,-0.6098392605781555,0.20000000298023224,0.5701437592506409,0.20000000298023224,0.5701437592506409,0,nominal-sac-a-star,4.914569422045169,99.0,99.0,4.943103561401367,99.0,customer-1,0,,waiter-1,-7.078390121459961,2.200000047683716,-0.47415941128264194,0.0,6.058073327649855,0,0,waiter-2,8.294955253601074,2.549999952316284,0.5000105408702282,0.0,9.391267139482196,0,0,customer-1,-4.132374286651611,-2.549999952316284,0.4489904316783111,0.0,6.389035902504924,0,0,customer-2,5.6493940353393555,-2.200000047683716,0.4152531332359999,0.0,8.545411202003434,0,0
3,526,21.03999999999973,to_table,-1.0718849897384644,3.0563788414001465,-0.5294767400846476,0.6496608257293701,-0.5846128463745117,0.20000000298023224,0.560248076915741,0.20000000298023224,0.560248076915741,0,nominal-sac-a-star,4.942869316204184,99.0,99.0,4.944109210968017,99.0,customer-1,0,,waiter-1,-7.09735631942749,2.200000047683716,-0.47415984825192936,0.0,6.08602410307679,0,0,waiter-2,8.314955711364746,2.549999952316284,0.5000098095053573,0.0,9.400489238715059,0,0,customer-1,-4.114414691925049,-2.549999952316284,0.4489898970904349,0.0,6.378751458343622,0,0,customer-2,5.666004180908203,-2.200000047683716,0.4152512550569476,0.0,8.545681336296372,0,0
3,527,21.07999999999973,to_table,-1.061583399772644,3.0506224632263184,-0.512451368420591,0.6539855003356934,-0.562227725982666,0.20000000298023224,0.5697903037071228,0.20000000298023224,0.5697903037071228,0,nominal-sac-a-star,4.950402479146059,99.0,99.0,4.945729503631592,99.0,customer-1,0,,waiter-1,-7.1163225173950195,2.200000047683716,-0.4741602852212168,0.0,6.114198580050383,0,0,waiter-2,8.334955215454102,2.549999952316284,0.5000186148836505,0.0,9.409865081172908,0,0,customer-1,-4.0964555740356445,-2.549999952316284,0.44899413087414075,0.0,6.3700408598056955,0,0,customer-2,5.682614326477051,-2.200000047683716,0.4152493768778953,0.0,8.547118796578573,0,0
3,528,21.119999999999727,to_table,-1.0512330532073975,3.0448670387268066,-0.49548876543546866,0.665475606918335,-0.5511617064476013,0.20000000298023224,0.5637015700340271,0.20000000298023224,0.5637015700340271,0,nominal-sac-a-star,4.9499671553095625,99.0,99.0,4.947345504760742,99.0,customer-1,0,,waiter-1,-7.135288715362549,2.200000047683716,-0.4741607221905042,0.0,6.142437100431421,0,0,waiter-2,8.354955673217773,2.549999952316284,0.5000178835187796,0.0,9.419197406910019,0,0,customer-1,-4.078495979309082,-2.549999952316284,0.44899359628626456,0.0,6.361356574757722,0,0,customer-2,5.69922399520874,-2.200000047683716,0.41525226707042506,0.0,8.548526254075817,0,0
3,529,21.159999999999727,to_table,-1.040871024131775,3.039165496826172,-0.47881527273542346,0.46127307415008545,-0.8071005940437317,0.20000000298023224,0.5262060165405273,0.20000000298023224,0.5262060165405273,0,nominal-sac-a-star,4.94953313939917,99.0,99.0,4.948849449157715,99.0,customer-1,0,,waiter-1,-7.154255390167236,2.200000047683716,-0.4741563907882096,0.0,6.170710417603573,0,0,waiter-2,8.374956130981445,2.549999952316284,0.5000171521539087,0.0,9.428525014279973,0,0,customer-1,-4.0605363845825195,-2.549999952316284,0.4489930616983884,0.0,6.352727706032576,0,0,customer-2,5.715834140777588,-2.200000047683716,0.4152503888913728,0.0,8.549966098663342,0,0
3,530,21.199999999999726,to_table,-1.0303399562835693,3.0335566997528076,-0.46260423933736433,0.737445592880249,-0.6491140723228455,0.20000000298023224,0.5391948819160461,0.20000000298023224,0.5391948819160461,0,nominal-sac-a-star,4.9490201324355025,99.0,99.0,4.950239906311035,99.0,customer-1,0,,waiter-1,-7.173221588134766,2.200000047683716,-0.474156827757497,0.0,6.199178287091238,0,0,waiter-2,8.394956588745117,2.549999952316284,0.5000164207890379,0.0,9.437692625304189,0,0,customer-1,-4.042576789855957,-2.549999952316284,0.4489925271105122,0.0,6.344263206109533,0,0,customer-2,5.732443809509277,-2.200000047683716,0.4152532790839025,0.0,8.551336766348852,0,0
3,531,21.239999999999725,to_table,-1.0196739435195923,3.028177499771118,-0.4460170786415873,0.6223682165145874,-0.4789271354675293,0.20000000298023224,0.5546151995658875,0.20000000298023224,0.5546151995658875,0,nominal-sac-a-star,4.948448382284526,99.0,99.0,4.9521238899230955,99.0,customer-1,0,,waiter-1,-7.192187786102295,2.200000047683716,-0.47415726472678443,0.0,6.227825064099108,0,0,waiter-2,8.414957046508789,2.549999952316284,0.500015689424167,0.0,9.446741008670337,0,0,customer-1,-4.0246171951293945,-2.549999952316284,0.448991992522636,0.0,6.336067205480983,0,0,customer-2,5.749053955078125,-2.200000047683716,0.41525140090485024,0.0,8.552749138900657,0,0
3,532,21.279999999999724,to_table,-1.0090827941894531,3.0229854583740234,-0.4293058425201585,0.5949400663375854,-0.6835182905197144,0.20000000298023224,0.5246720910072327,0.20000000298023224,0.5246720910072327,0,nominal-sac-a-star,4.948325220233098,99.0,99.0,4.954217681884765,99.0,customer-1,0,,waiter-1,-7.211153984069824,2.200000047683716,-0.47415770169607185,0.0,6.256436048626504,0,0,waiter-2,8.434957504272461,2.549999952316284,0.5000149580592961,0.0,9.455877137945125,0,0,customer-1,-4.006657600402832,-2.549999952316284,0.4489914579347598,0.0,6.328002931937705,0,0,customer-2,5.765664100646973,-2.200000047683716,0.41524952272579796,0.0,8.554342352605781,0,0
3,533,21.319999999999723,to_table,-0.998381495475769,3.0179388523101807,-0.4129828278100508,0.5916643142700195,-0.6733178496360779,0.20000000298023224,0.5205195546150208,0.20000000298023224,0.5205195546150208,0,nominal-sac-a-star,4.948395617338263,99.0,99.0,4.956256160736084,99.0,customer-1,0,,waiter-1,-7.2301201820373535,2.200000047683716,-0.4741581386653593,0.0,6.285188218796798,0,0,waiter-2,8.454957962036133,2.549999952316284,0.5000142266944252,0.0,9.464913824915625,0,0,customer-1,-3.9886980056762695,-2.549999952316284,0.4489909233468836,0.0,6.320121467443714,0,0,customer-2,5.782273769378662,-2.200000047683716,0.4152524129183277,0.0,8.555943675882142,0,0
3,534,21.359999999999722,to_table,-0.9875608682632446,3.013145923614502,-0.3968852891286456,0.5917773246765137,-0.6685579419136047,0.20000000298023224,0.5165112018585205,0.20000000298023224,0.5165112018585205,0,nominal-sac-a-star,4.9484579005997675,99.0,99.0,4.958435306549072,99.0,customer-1,0,,waiter-1,-7.249086380004883,2.200000047683716,-0.4741585756346467,0.0,6.314103891268707,0,0,waiter-2,8.474958419799805,2.549999952316284,0.5000134953295543,0.0,9.473846920216465,0,0,customer-1,-3.970738410949707,-2.549999952316284,0.44899038875900743,0.0,6.312522498025219,0,0,customer-2,5.79888391494751,-2.200000047683716,0.4152505347392754,0.0,8.557612033367212,0,0
3,535,21.39999999999972,to_table,-0.9766630530357361,3.008505344390869,-0.3807549435625431,0.5948907136917114,-0.6645089983940125,0.20000000298023224,0.5127437710762024,0.20000000298023224,0.5127437710762024,0,nominal-sac-a-star,4.948689437441688,99.0,99.0,4.960799942016601,99.0,customer-1,0,,waiter-1,-7.268052577972412,2.200000047683716,-0.4741590126039341,0.0,6.343127223167327,0,0,waiter-2,8.494958877563477,2.549999952316284,0.5000127639646834,0.0,9.482713176658326,0,0,customer-1,-3.9527788162231445,-2.549999952316284,0.44898985417113124,0.0,6.305096840605547,0,0,customer-2,5.815493583679199,-2.200000047683716,0.41525342493180517,0.0,8.559317741323824,0,0
3,536,21.43999999999972,to_table,-0.965690016746521,3.0040457248687744,-0.36465960424268373,0.6006684303283691,-0.6612884402275085,0.20000000298023224,0.5091765522956848,0.20000000298023224,0.5091765522956848,0,nominal-sac-a-star,4.949102906315217,99.0,99.0,4.963331470489502,99.0,customer-1,0,,waiter-1,-7.287018775939941,2.200000047683716,-0.47415944957322154,0.0,6.372259154554671,0,0,waiter-2,8.514959335327148,2.549999952316284,0.5000120325998125,0.0,9.491515669298959,0,0,customer-1,-3.9348196983337402,-2.549999952316284,0.4489940879548371,0.0,6.297869040424726,0,0,customer-2,5.832103729248047,-2.200000047683716,0.4152515467527529,0.0,8.561080084656625,0,0
3,537,21.47999999999972,to_table,-0.9545179009437561,2.9997377395629883,-0.3479895668410538,0.9176158905029297,-0.3142430782318115,0.20000000298023224,0.5471974015235901,0.20000000298023224,0.5471974015235901,0,nominal-sac-a-star,4.949688877269624,99.0,99.0,4.966419944763183,99.0,customer-1,0,,waiter-1,-7.305984973907471,2.200000047683716,-0.47415988654250896,0.0,6.401618104413496,0,0,waiter-2,8.53495979309082,2.549999952316284,0.5000113012349416,0.0,9.500128998221937,0,0,customer-1,-3.9168601036071777,-2.549999952316284,0.4489935533669609,0.0,6.29087114590231,0,0,customer-2,5.8487138748168945,-2.200000047683716,0.4152496685737006,0.0,8.56278200416434,0,0
3,538,21.51999999999972,to_table,-0.9434921145439148,2.9956839084625244,-0.3311514540680652,0.8039121627807617,-0.6386390924453735,0.20000000298023224,0.5043845176696777,0.20000000298023224,0.5043845176696777,0,nominal-sac-a-star,4.950765425497325,99.0,99.0,4.969757804870605,99.0,customer-1,0,,waiter-1,-7.324951171875,2.200000047683716,-0.4741603235117964,0.0,6.430873385994846,0,0,waiter-2,8.554960250854492,2.549999952316284,0.5000105698700708,0.0,9.508902750922882,0,0,customer-1,-3.8989005088806152,-2.549999952316284,0.4489930187790847,0.0,6.284031211015615,0,0,customer-2,5.865323543548584,-2.200000047683716,0.41525255876623035,0.0,8.564759333340373,0,0
3,539,21.559999999999718,to_table,-0.9318990707397461,2.9915995597839355,-0.3130875719489035,0.2117687463760376,0.42077577114105225,0.20000000298023224,0.6274639964103699,0.20000000298023224,0.6274639964103699,0,nominal-sac-a-star,4.952073831766298,99.0,99.0,4.974030265808105,99.0,customer-1,0,,waiter-1,-7.343917369842529,2.200000047683716,-0.4741607604810838,0.0,6.460697211260272,0,0,waiter-2,8.574960708618164,2.549999952316284,0.5000098385051999,0.0,9.517110542474995,0,0,customer-1,-3.8809409141540527,-2.549999952316284,0.4489924841912085,0.0,6.277433627424335,0,0,customer-2,5.881933689117432,-2.200000047683716,0.41525068058717807,0.0,8.566272431084665,0,0
3,540,21.599999999999717,to_table,-0.9207371473312378,2.986607074737549,-0.29418630836863585,0.7319920063018799,-0.5503453016281128,0.20000000298023224,0.5066328644752502,0.20000000298023224,0.5066328644752502,0,nominal-sac-a-star,4.954176002473154,99.0,99.0,4.977770576477051,99.0,customer-1,0,,waiter-1,-7.362884044647217,2.200000047683716,-0.4741564290787892,0.0,6.489992855281765,0,0,waiter-2,8.59496021270752,2.549999952316284,0.500018643883493,0.0,9.525708479016012,0,0,customer-1,-3.8629813194274902,-2.549999952316284,0.44899194960333233,0.0,6.269833980278604,0,0,customer-2,5.898543357849121,-2.200000047683716,0.4152535707797078,0.0,8.5675830927213,0,0
3,541,21.639999999999716,to_table,-0.8991273045539856,2.9815759658813477,-0.28111415216761754,0.6710354089736938,-0.4353482723236084,0.7799999713897705,0.45944109559059143,0.7799999713897705,0.45944109559059143,0,nominal-sac-a-star,5.197448704019909,99.0,99.0,5.277107009887695,99.0,customer-1,0,,waiter-1,-7.381850242614746,2.200000047683716,-0.4741568660480766,0.0,6.529667495942316,0,0,waiter-2,8.614960670471191,2.549999952316284,0.5000179125186222,0.0,9.523871473933454,0,0,customer-1,-3.8450217247009277,-2.549999952316284,0.44899141501545614,0.0,6.267106674809106,0,0,customer-2,5.915153503417969,-2.200000047683716,0.41525169260065553,0.0,8.560557979141764,0,0
3,542,21.679999999999715,to_table,-0.8677822351455688,2.976193904876709,-0.2662221596028126,0.8868832588195801,-0.4526740312576294,0.8199999928474426,0.4598570168018341,0.8199999928474426,0.4598570168018341,0,nominal-sac-a-star,5.194707284970817,99.0,99.0,5.2786643600463865,99.0,customer-1,0,,waiter-1,-7.400816440582275,2.200000047683716,-0.47415730301736403,0.0,6.578982659450483,0,0,waiter-2,8.634961128234863,2.549999952316284,0.5000171811537513,0.0,9.512295869844984,0,0,customer-1,-3.8270621299743652,-2.549999952316284,0.44899088042757995,0.0,6.268664614031883,0,0,customer-2,5.931763648986816,-2.200000047683716,0.41524981442160325,0.0,8.545572424650368,0,0
3,543,21.719999999999715,to_table,-0.8311052918434143,2.971095561981201,-0.2541862044630164,0.8854244947433472,-0.4089621305465698,0.8199999928474426,0.4717042148113251,0.8199999928474426,0.4717042148113251,0,nominal-sac-a-star,5.196228943937156,99.0,99.0,5.283034572601318,99.0,customer-1,0,,waiter-1,-7.419782638549805,2.200000047683716,-0.47415773998665145,0.0,6.633645865673842,0,0,waiter-2,8.654961585998535,2.549999952316284,0.5000164497888804,0.0,9.49540869701611,0,0,customer-1,-3.8091025352478027,-2.549999952316284,0.44899034583970376,0.0,6.273034613304787,0,0,customer-2,5.948373317718506,-2.200000047683716,0.415252704614133,0.0,8.526520979966179,0,0
3,544,21.759999999999714,to_table,-0.7898949980735779,2.9641788005828857,-0.24153199716674667,0.8894104957580566,-0.4105398654937744,0.8199999928474426,0.4869147539138794,0.8199999928474426,0.4869147539138794,0,nominal-sac-a-star,5.200551208242033,99.0,99.0,5.288029918670654,99.0,customer-1,0,,waiter-1,-7.438748836517334,2.200000047683716,-0.47415817695593887,0.0,6.692624786387684,0,0,waiter-2,8.674962043762207,2.549999952316284,0.5000157184240095,0.0,9.473914868772038,0,0,customer-1,-3.7911429405212402,-2.549999952316284,0.4489898112518276,0.0,6.278029669487949,0,0,customer-2,5.9649834632873535,-2.200000047683716,0.4152508264350807,0.0,8.502771677790836,0,0
3,545,21.799999999999713,to_table,-0.744410514831543,2.9549098014831543,-0.2358488728499296,0.8824319839477539,-0.37121379375457764,0.8199999928474426,0.052030619233846664,0.8199999928474426,0.052030619233846664,0,nominal-sac-a-star,5.205486462419198,99.0,99.0,5.293112049102783,99.0,customer-1,0,,waiter-1,-7.457715034484863,2.200000047683716,-0.4741586139252263,0.0,6.755615909003355,0,0,waiter-2,8.694962501525879,2.549999952316284,0.5000149870591386,0.0,9.448053499419283,0,0,customer-1,-3.773183822631836,-2.549999952316284,0.4489940450355334,0.0,6.283112218281615,0,0,customer-2,5.981593608856201,-2.200000047683716,0.4152489482560284,0.0,8.474209522126658,0,0
3,546,21.839999999999712,to_table,-0.699139416217804,2.944176197052002,-0.22606683762467816,0.20403361320495605,-0.9817232489585876,0.7799999713897705,0.40685153007507324,0.7799999713897705,0.40685153007507324,0,nominal-sac-a-star,5.210496960222808,99.0,99.0,5.296940574645996,99.0,customer-1,0,,waiter-1,-7.476681232452393,2.200000047683716,-0.4741590508945137,0.0,6.81827479734405,0,0,waiter-2,8.71496295928955,2.549999952316284,0.5000142556942677,0.0,9.422351004311354,0,0,customer-1,-3.7552242279052734,-2.549999952316284,0.44899351044765723,0.0,6.286940904487186,0,0,customer-2,5.998203277587891,-2.200000047683716,0.4152518384485582,0.0,8.444936257614724,0,0
3,547,21.87999999999971,to_table,-0.6613421440124512,2.9341378211975098,-0.210340505927633,0.9513547420501709,-0.67629075050354,0.20000000298023224,0.4824371337890625,0.20000000298023224,0.4824371337890625,0,nominal-sac-a-star,5.001138565991795,99.0,99.0,5.040015468597412,99.0,customer-1,0,,waiter-1,-7.495647430419922,2.200000047683716,-0.47415948786380113,0.0,6.873622554251644,0,0,waiter-2,8.734963417053223,2.549999952316284,0.5000135243293968,0.0,9.404154406389887,0,0,customer-1,-3.737264633178711,-2.549999952316284,0.44899297585978104,0.0,6.28785068829084,0,0,customer-2,6.014813423156738,-2.200000047683716,0.4152499602695059,0.0,8.422020233514308,0,0
3,548,21.91999999999971,to_table,-0.6351375579833984,2.9247255325317383,-0.1948225594270582,0.8799813985824585,-0.7461696863174438,0.20000000298023224,0.5078511834144592,0.20000000298023224,0.5078511834144592,0,nominal-sac-a-star,5.00867070266814,99.0,99.0,5.044402370452881,99.0,customer-1,0,,waiter-1,-7.514613628387451,2.200000047683716,-0.47415992483308855,0.0,6.917544219710503,0,0,waiter-2,8.754963874816895,2.549999952316284,0.5000127929645259,0.0,9.3975754415033,0,0,customer-1,-3.7193050384521484,-2.549999952316284,0.44899244127190485,0.0,6.283685875505345,0,0,customer-2,6.031423091888428,-2.200000047683716,0.41525285046203564,0.0,8.408676659911123,0,0
3,549,21.95999999999971,to_table,-0.6138569712638855,2.9149038791656494,-0.1750240302448792,0.8839621543884277,-0.7478243708610535,0.20000000298023224,0.5377191305160522,0.20000000298023224,0.5377191305160522,0,nominal-sac-a-star,5.011309338693448,99.0,99.0,5.048581848144531,99.0,customer-1,0,,waiter-1,-7.5335798263549805,2.200000047683716,-0.474160361802376,0.0,6.956554598329377,0,0,waiter-2,8.774964332580566,2.549999952316284,0.500012061599655,0.0,9.395909767092993,0,0,customer-1,-3.701345443725586,-2.549999952316284,0.44899190668402866,0.0,6.276763413968205,0,0,customer-2,6.048033237457275,-2.200000047683716,0.41525097228298335,0.0,8.398989423374333,0,0
3,550,21.99999999999971,to_table,-0.5895776152610779,2.909313201904297,-0.16503316744071023,0.8851194381713867,-0.7531926035881042,0.8199999928474426,0.4419790506362915,0.8199999928474426,0.4419790506362915,0,nominal-sac-a-star,5.203971272152844,99.0,99.0,5.285010108947754,99.0,customer-1,0,,waiter-1,-7.55254602432251,2.200000047683716,-0.4741607987716634,0.0,6.9990038017090574,0,0,waiter-2,8.794964790344238,2.549999952316284,0.5000113302347842,0.0,9.391418538960655,0,0,customer-1,-3.6833858489990234,-2.549999952316284,0.4489913720961525,0.0,6.275009920549175,0,0,customer-2,6.064643383026123,-2.200000047683716,0.41524909410393107,0.0,8.389501712048334,0,0
3,551,22.039999999999708,to_table,-0.553324282169342,2.9060306549072266,-0.153544041295294,0.9511229991912842,-0.6575987339019775,0.8199999928474426,0.46915188431739807,0.8199999928474426,0.46915188431739807,0,nominal-sac-a-star,5.202197224850741,99.0,99.0,5.291198501586914,99.0,customer-1,0,,waiter-1,-7.571512699127197,2.200000047683716,-0.4741564673693688,0.0,7.053612398924242,0,0,waiter-2,8.81496524810791,2.549999952316284,0.5000105988699133,0.0,9.375052351015954,0,0,customer-1,-3.665426254272461,-2.549999952316284,0.4489908375082763,0.0,6.281198028380245,0,0,customer-2,6.0812530517578125,-2.200000047683716,0.4152519842964608,0.0,8.371927253366533,0,0
3,552,22.079999999999707,to_table,-0.5219744443893433,2.903799533843994,-0.13767049512163376,0.9520649909973145,-0.6623174548149109,0.20000000298023224,0.4885421395301819,0.20000000298023224,0.4885421395301819,0,nominal-sac-a-star,5.026649166260404,99.0,99.0,5.077563533782959,99.0,customer-1,0,,waiter-1,-7.590478897094727,2.200000047683716,-0.4741569043386562,0.0,7.103456124636465,0,0,waiter-2,8.834965705871582,2.549999952316284,0.5000098675050424,0.0,9.36362660081307,0,0,customer-1,-3.6474666595458984,-2.549999952316284,0.4489903029204001,0.0,6.285907287118253,0,0,customer-2,6.09786319732666,-2.200000047683716,0.41525010611740854,0.0,8.358888716275779,0,0
3,553,22.119999999999706,to_table,-0.4988943934440613,2.8982441425323486,-0.11930567030421575,0.8850822448730469,-0.7364208102226257,0.20000000298023224,0.4921415448188782,0.20000000298023224,0.4921415448188782,0,nominal-sac-a-star,5.038131728025672,99.0,99.0,5.085359344482422,99.0,customer-1,0,,waiter-1,-7.609445095062256,2.200000047683716,-0.4741573413079436,0.0,7.144751646927553,0,0,waiter-2,8.854965209960938,2.549999952316284,0.5000186728833356,0.0,9.360339924181769,0,0,customer-1,-3.629507064819336,-2.549999952316284,0.4489897683325239,0.0,6.283637435055306,0,0,customer-2,6.11447286605835,-2.200000047683716,0.4152529963099383,0.0,8.35037246667059,0,0
3,554,22.159999999999705,to_table,-0.4812610149383545,2.892683744430542,-0.09822706881954266,0.881303071975708,-0.7286494970321655,0.20000000298023224,0.5074185132980347,0.20000000298023224,0.5074185132980347,0,nominal-sac-a-star,5.043881038512629,99.0,99.0,5.092052230834961,99.0,customer-1,0,,waiter-1,-7.628411293029785,2.200000047683716,-0.47415777827723105,0.0,7.18063839789759,0,0,waiter-2,8.87496566772461,2.549999952316284,0.5000179415184647,0.0,9.36250019592802,0,0,customer-1,-3.6115479469299316,-2.549999952316284,0.44899400211622975,0.0,6.278654481609172,0,0,customer-2,6.131083011627197,-2.200000047683716,0.415251118130886,0.0,8.346168086740189,0,0
3,555,22.199999999999704,to_table,-0.4655722379684448,2.88944673538208,-0.0786212692442785,0.8801372051239014,-0.7229529023170471,0.20000000298023224,0.5163907408714294,0.20000000298023224,0.5163907408714294,0,nominal-sac-a-star,5.048213722876461,99.0,99.0,5.098987827301025,99.0,customer-1,0,,waiter-1,-7.6473774909973145,2.200000047683716,-0.47415821524651847,0.0,7.214822480672086,0,0,waiter-2,8.894966125488281,2.549999952316284,0.5000172101535938,0.0,9.366691121857219,0,0,customer-1,-3.593588352203369,-2.549999952316284,0.44899346752835356,0.0,6.274716334562548,0,0,customer-2,6.147693157196045,-2.200000047683716,0.4152492399518337,0.0,8.344923471460893,0,0
3,556,22.239999999999704,to_table,-0.44244804978370667,2.8870511054992676,-0.06795413333007205,0.9684935808181763,-0.7412638664245605,0.8199999928474426,0.37983763217926025,0.8199999928474426,0.37983763217926025,0,nominal-sac-a-star,5.201805070434598,99.0,99.0,5.285216579437256,99.0,customer-1,0,,waiter-1,-7.666343688964844,2.200000047683716,-0.4741586522158059,0.0,7.256494150884827,0,0,waiter-2,8.914966583251953,2.549999952316284,0.5000164787887229,0.0,9.363482904048679,0,0,customer-1,-3.5756287574768066,-2.549999952316284,0.4489929329404774,0.0,6.2752167733356785,0,0,customer-2,6.164302825927734,-2.200000047683716,0.41525213014436346,0.0,8.33829998074033,0,0
3,557,22.279999999999703,to_table,-0.411470502614975,2.885012626647949,-0.06148967577492235,0.9414737224578857,-0.619551420211792,0.8199999928474426,0.4030649662017822,0.8199999928474426,0.4030649662017822,0,nominal-sac-a-star,5.2022914468111665,99.0,99.0,5.289962539672851,99.0,customer-1,0,,waiter-1,-7.685309886932373,2.200000047683716,-0.4741590891850933,0.0,7.306023653273108,0,0,waiter-2,8.934967041015625,2.549999952316284,0.500015747423852,0.0,9.352439695018111,0,0,customer-1,-3.557669162750244,-2.549999952316284,0.4489923983526012,0.0,6.27996239977091,0,0,customer-2,6.180912971496582,-2.200000047683716,0.4152502519653112,0.0,8.325675574261396,0,0
3,558,22.319999999999702,to_table,-0.3688718378543854,2.8836381435394287,-0.04643351065507321,0.9440767765045166,-0.6336010098457336,0.8199999928474426,0.42274633049964905,0.8199999928474426,0.42274633049964905,0,nominal-sac-a-star,5.207006588295534,99.0,99.0,5.301155338287353,99.0,customer-1,0,,waiter-1,-7.704276084899902,2.200000047683716,-0.47415952615438073,0.0,7.367191901510278,0,0,waiter-2,8.954967498779297,2.549999952316284,0.40063500835508137,0.0,9.329806772811551,0,0,customer-1,-3.5397095680236816,-2.549999952316284,0.448991863764725,0.0,6.291155288800275,0,0,customer-2,6.1975226402282715,-2.200000047683716,0.4152531421578409,0.0,8.304270810917533,0,0
3,559,22.3599999999997,to_table,-0.3245078921318054,2.8846383094787598,-0.03241727930728178,0.9447422027587891,-0.6300994753837585,0.8199999928474426,0.44736555218696594,0.8199999928474426,0.44736555218696594,0,nominal-sac-a-star,5.218145060883989,99.0,99.0,5.315366516113281,99.0,customer-1,0,,waiter-1,-7.723242282867432,2.200000047683716,-0.47415996312366815,0.0,7.430343204332342,0,0,waiter-2,8.974967956542969,2.549999952316284,0.0006265844465147552,0.0,9.305494822424533,0,0,customer-1,-3.521749973297119,-2.549999952316284,0.4489913291768488,0.0,6.305366758733465,0,0,customer-2,6.214132785797119,-2.200000047683716,0.41525126397878864,0.0,8.282956545714503,0,0
3,560,22.3999999999997,to_table,-0.2782225012779236,2.88519287109375,-0.016674313861028647,0.812354326248169,-0.8969722390174866,0.812354326248169,0.4445664584636688,0.812354326248169,0.4445664584636688,0,nominal-sac-a-star,5.2323016290884015,99.0,99.0,5.330253849029541,99.0,customer-1,0,,waiter-1,-7.742208480834961,2.200000047683716,-0.47416040009295557,0.0,7.495370298275906,0,0,waiter-2,8.99496841430664,2.549999952316284,-0.39938183946205186,0.0,9.279246954881557,0,0,customer-1,-3.5037903785705566,-2.549999952316284,0.4489907945889726,0.0,6.320253884035833,0,0,customer-2,6.230742931365967,-2.200000047683716,0.41524938579973636,0.0,8.259892131531595,0,0
3,561,22.4399999999997,to_table,-0.23101826012134552,2.8856709003448486,-0.0021734111437363914,0.9309139251708984,-0.6975612640380859,0.8199999928474426,0.34570878744125366,0.8199999928474426,0.34570878744125366,0,nominal-sac-a-star,5.247129610758591,99.0,99.0,4.705506267547607,99.0,waiter-2,0,,waiter-1,-7.761175155639648,2.200000047683716,-0.47415606869066096,0.0,7.561309899039378,0,0,waiter-2,8.985031127929688,2.549999952316284,-0.5000056694069954,0.0,9.222160338464422,0,0,customer-1,-3.485830783843994,-2.549999952316284,0.44899026000109643,0.0,6.335639050881261,0,0,customer-2,6.247352600097656,-2.200000047683716,0.4152522759922661,0.0,8.236099683354764,0,0
3,562,22.4799999999997,to_table,-0.19090555608272552,2.883942127227783,0.010661590443818477,0.9190187454223633,-0.668849766254425,0.3400000035762787,0.37116625905036926,0.3400000035762787,0.37116625905036926,0,nominal-sac-a-star,5.262454028519241,99.0,99.0,5.35556770324707,99.0,customer-1,0,,waiter-1,-7.780141353607178,2.200000047683716,-0.4741565056599484,0.0,7.619991913289519,0,0,waiter-2,8.965030670166016,2.549999952316284,-0.5000049380421423,0.0,9.162024097071491,0,0,customer-1,-3.4678711891174316,-2.549999952316284,0.44898972541322024,0.0,6.34556776686927,0,0,customer-2,6.263962745666504,-2.200000047683716,0.4152503978132138,0.0,8.216556020059185,0,0
3,563,22.519999999999698,to_table,-0.1579216569662094,2.8835067749023438,0.020200425022243475,0.862321138381958,-0.6176692247390747,0.3400000035762787,0.407643586397171,0.3400000035762787,0.407643586397171,0,nominal-sac-a-star,5.272334409203407,99.0,99.0,5.362967739105224,99.0,customer-1,0,,waiter-1,-7.799107551574707,2.200000047683716,-0.4741569426292358,0.0,7.671694944542372,0,0,waiter-2,8.94503116607666,2.549999952316284,-0.5000137434204355,0.0,9.109060154552477,0,0,customer-1,-3.4499120712280273,-2.549999952316284,0.4489939591969261,0.0,6.352967514659726,0,0,customer-2,6.280572414398193,-2.200000047683716,0.41525328800574357,0.0,8.203429010009996,0,0
3,564,22.559999999999697,to_table,-0.13055843114852905,2.884185552597046,0.028367476493239844,0.8652206659317017,-0.6191060543060303,0.3400000035762787,0.43722647428512573,0.3400000035762787,0.43722647428512573,0,nominal-sac-a-star,5.279702198673567,99.0,99.0,5.368425140380859,99.0,customer-1,0,,waiter-1,-7.818073749542236,2.200000047683716,-0.4741573795985232,0.0,7.717901371206515,0,0,waiter-2,8.925030708312988,2.549999952316284,-0.5000130120555646,0.0,9.061753399765875,0,0,customer-1,-3.431952476501465,-2.549999952316284,0.4489934246090499,0.0,6.358425492565118,0,0,customer-2,6.297182559967041,-2.200000047683716,0.4152514098266913,0.0,8.195413196841853,0,0
3,565,22.599999999999696,to_table,-0.10642649233341217,2.8843400478363037,0.041962740899263995,0.870837926864624,-0.6223072409629822,0.3400000035762787,0.4631829559803009,0.3400000035762787,0.4631829559803009,0,nominal-sac-a-star,5.285141588066027,99.0,99.0,5.371764430999756,99.0,customer-1,0,,waiter-1,-7.837039947509766,2.200000047683716,-0.47415781656781064,0.0,7.76084438892847,0,0,waiter-2,8.905030250549316,2.549999952316284,-0.5000122806906937,0.0,9.017656897904185,0,0,customer-1,-3.4139928817749023,-2.549999952316284,0.4489928900211737,0.0,6.361764429607673,0,0,customer-2,6.313792705535889,-2.200000047683716,0.415249531647639,0.0,8.189611025903615,0,0
3,566,22.639999999999695,to_table,-0.08482746034860611,2.8835387229919434,0.055740466648121566,0.8769930601119995,-0.6268227100372314,0.3400000035762787,0.48367738723754883,0.3400000035762787,0.48367738723754883,0,nominal-sac-a-star,5.288467993637627,99.0,99.0,5.372973213195801,99.0,customer-1,0,,waiter-1,-7.856006145477295,2.200000047683716,-0.47415825353709806,0.0,7.801182171750675,0,0,waiter-2,8.885029792785645,2.549999952316284,-0.5000115493258228,0.0,8.976056330769596,0,0,customer-1,-3.39603328704834,-2.549999952316284,0.4489923554332975,0.0,6.3629730914754425,0,0,customer-2,6.330402374267578,-2.200000047683716,0.41525242184016875,0.0,8.185202518197835,0,0
3,567,22.679999999999694,to_table,-0.06471504271030426,2.8834598064422607,0.06947415899357037,0.8798806667327881,-0.62950199842453,0.20000000298023224,0.50738126039505,0.20000000298023224,0.50738126039505,0,nominal-sac-a-star,5.192403561336219,99.0,99.0,5.259850749969482,99.0,customer-1,0,,waiter-1,-7.874972343444824,2.200000047683716,-0.4741586905063855,0.0,7.8401043580758,0,0,waiter-2,8.865029335021973,2.549999952316284,-0.5000108179609697,0.0,8.935968337340666,0,0,customer-1,-3.3780736923217773,-2.549999952316284,0.44899182084542133,0.0,6.364026279880028,0,0,customer-2,6.347012519836426,-2.200000047683716,0.41525054366111647,0.0,8.18240883999522,0,0
3,568,22.719999999999693,to_table,-0.04589829593896866,2.8835813999176025,0.08160178542412136,0.8573434352874756,-0.6559975743293762,0.3400000035762787,0.3061462640762329,0.3400000035762787,0.3061462640762329,0,nominal-sac-a-star,5.290716845956965,99.0,99.0,5.3745763397216795,99.0,customer-1,0,,waiter-1,-7.8939385414123535,2.200000047683716,-0.4741591274756729,0.0,7.877754702939909,0,0,waiter-2,8.8450288772583,2.549999952316284,-0.5000100865960988,0.0,8.897182845220243,0,0,customer-1,-3.360114097595215,-2.549999952316284,0.44899128625754514,0.0,6.364576395275006,0,0,customer-2,6.363622188568115,-2.200000047683716,0.4152534338536462,0.0,8.18075504924284,0,0
3,569,22.759999999999692,to_table,-0.025850599631667137,2.8847391605377197,0.0934960402872343,0.845941424369812,-0.5534376502037048,0.3400000035762787,0.3233054280281067,0.3400000035762787,0.3233054280281067,0,nominal-sac-a-star,5.291265374569095,99.0,99.0,5.376652011871338,99.0,customer-1,0,,waiter-1,-7.912904739379883,2.200000047683716,-0.4741595644449603,0.0,7.916722216674749,0,0,waiter-2,8.825028419494629,2.549999952316284,-0.5000093552312279,0.0,8.857206656092584,0,0,customer-1,-3.3421545028686523,-2.549999952316284,0.44899075166966895,0.0,6.366652244579563,0,0,customer-2,6.380232334136963,-2.200000047683716,0.41525155567459393,0.0,8.178781777865579,0,0
3,570,22.79999999999969,to_table,-0.0065033999271690845,2.886258363723755,0.10428077101101772,0.8568637371063232,-0.584467887878418,0.3400000035762787,0.32503756880760193,0.3400000035762787,0.32503756880760193,0,nominal-sac-a-star,5.293338400314637,99.0,99.0,5.378671894073486,99.0,customer-1,0,,waiter-1,-7.931870937347412,2.200000047683716,-0.47416000141424774,0.0,7.955023637898804,0,0,waiter-2,8.805027961730957,2.549999952316284,-0.500008623866357,0.0,8.81794503593252,0,0,customer-1,-3.32419490814209,-2.549999952316284,0.44899021708179276,0.0,6.36867187272165,0,0,customer-2,6.3968424797058105,-2.200000047683716,0.41524967749554165,0.0,8.177582960864775,0,0
3,571,22.83999999999969,to_table,0.013690929859876633,2.8877689838409424,0.11640826531614655,0.8595714569091797,-0.5926373600959778,0.3400000035762787,0.33085936307907104,0.3400000035762787,0.33085936307907104,0,nominal-sac-a-star,5.2953571025156165,99.0,99.0,5.381125698089599,99.0,customer-1,0,,waiter-1,-7.950837135314941,2.200000047683716,-0.47416043838353517,0.0,7.994168712911942,0,0,waiter-2,8.785027503967285,2.549999952316284,-0.5000078925014861,0.0,8.777837616117731,0,0,customer-1,-3.3062357902526855,-2.549999952316284,0.4489944508654986,0.0,6.3711258369266135,0,0,customer-2,6.4134521484375,-2.200000047683716,0.4152525676880714,0.0,8.17571632170243,0,0
3,572,22.87999999999969,to_table,0.032921917736530304,2.8902645111083984,0.1286233543349318,0.8589973449707031,-0.5906118154525757,0.3400000035762787,0.3394436240196228,0.3400000035762787,0.3394436240196228,0,nominal-sac-a-star,5.297808138613483,99.0,99.0,5.383918533325195,99.0,customer-1,0,,waiter-1,-7.969803810119629,2.200000047683716,-0.47415610698124055,0.0,8.032439486529473,0,0,waiter-2,8.765027046203613,2.549999952316284,-0.5000071611366153,0.0,8.738732170319166,0,0,customer-1,-3.288276195526123,-2.549999952316284,0.4489939162776224,0.0,6.3739182877991825,0,0,customer-2,6.430062294006348,-2.200000047683716,0.4152506895090191,0.0,8.175218545836962,0,0
3,573,22.91999999999969,to_table,0.05202748626470566,2.893242120742798,0.14207364591144217,0.9139844179153442,-0.18484342098236084,0.3400000035762787,0.39428192377090454,0.3400000035762787,0.39428192377090454,0,nominal-sac-a-star,5.300601127576293,99.0,99.0,5.387057075500488,99.0,customer-1,0,,waiter-1,-7.988770008087158,2.200000047683716,-0.474156543950528,0.0,8.070626302650524,0,0,waiter-2,8.745026588439941,2.549999952316284,-0.5000064297717621,0.0,8.699772903737522,0,0,customer-1,-3.2703166007995605,-2.549999952316284,0.44899338168974623,0.0,6.377056883764753,0,0,customer-2,6.446671962738037,-2.200000047683716,0.41525357970154886,0.0,8.175120412980405,0,0
3,574,22.959999999999688,to_table,0.07133457064628601,2.8965673446655273,0.15868166338220388,0.873835563659668,0.48712050914764404,0.3400000035762787,0.4800705313682556,0.3400000035762787,0.4800705313682556,0,nominal-sac-a-star,5.3037411226023154,99.0,99.0,5.390597591400146,99.0,customer-1,0,,waiter-1,-8.007736206054688,2.200000047683716,-0.4741569809198154,0.0,8.109043754609308,0,0,waiter-2,8.72502613067627,2.549999952316284,-0.5000056984068912,0.0,8.660628532247179,0,0,customer-1,-3.252357006072998,-2.549999952316284,0.44899284710187004,0.0,6.380597230487635,0,0,customer-2,6.463282108306885,-2.200000047683716,0.4152517015224966,0.0,8.175083639264063,0,0
3,575,22.999999999999687,to_table,0.09239547699689865,2.898526906967163,0.17127868985133932,0.6331973075866699,-0.30373597145080566,0.3400000035762787,0.19152221083641052,0.3400000035762787,0.19152221083641052,0,nominal-sac-a-star,5.307282887734884,99.0,99.0,5.393885860443115,99.0,customer-1,0,,waiter-1,-8.026701927185059,2.200000047683716,-0.47416218626068485,0.0,8.1490908960285,0,0,waiter-2,8.705026626586914,2.549999952316284,-0.5000145037851844,0.0,8.619680177187925,0,0,customer-1,-3.2343974113464355,-2.549999952316284,0.44899231251399385,0.0,6.383885639503964,0,0,customer-2,6.479892253875732,-2.200000047683716,0.4152498233434443,0.0,8.172826450007308,0,0
3,576,23.039999999999687,to_table,0.1129893884062767,2.902214527130127,0.1766631806381328,0.5219771862030029,-0.06698465347290039,0.3400000035762787,0.21929463744163513,0.3400000035762787,0.21929463744163513,0,nominal-sac-a-star,5.310567403349937,99.0,99.0,5.398405323028564,99.0,customer-1,0,,waiter-1,-8.045668601989746,2.200000047683716,-0.47415785485839024,0.0,8.188821977512825,0,0,waiter-2,8.685026168823242,2.549999952316284,-0.5000137724203135,0.0,8.579269763303433,0,0,customer-1,-3.216437816619873,-2.549999952316284,0.44899177792611766,0.0,6.388405766969827,0,0,customer-2,6.496501922607422,-2.200000047683716,0.41525271353597404,0.0,8.172014796960779,0,0
3,577,23.079999999999686,to_table,0.13297295570373535,2.9059081077575684,0.18126576086759527,0.5226281881332397,-0.08914440870285034,0.3400000035762787,0.22105620801448822,0.3400000035762787,0.22105620801448822,0,nominal-sac-a-star,5.315086760640155,99.0,99.0,5.402612934112549,99.0,customer-1,0,,waiter-1,-8.064634323120117,2.200000047683716,-0.4741630601992597,0.0,8.227944535976349,0,0,waiter-2,8.66502571105957,2.549999952316284,-0.5000130410554426,0.0,8.539472749255935,0,0,customer-1,-3.1984782218933105,-2.549999952316284,0.4489912433382415,0.0,6.392612901520909,0,0,customer-2,6.5131120681762695,-2.200000047683716,0.41525083535692175,0.0,8.17168729127,0,0
3,578,23.119999999999685,to_table,0.15309645235538483,2.9096431732177734,0.1854173534348972,-0.19625931978225708,-0.8057770729064941,0.3400000035762787,0.14088323712348938,0.3400000035762787,0.14088323712348938,0,nominal-sac-a-star,5.319294385308259,99.0,99.0,5.406928310394287,99.0,customer-1,0,,waiter-1,-8.083600997924805,2.200000047683716,-0.4741587287969651,0.0,8.26721103232946,0,0,waiter-2,8.645025253295898,2.549999952316284,-0.5000123096905895,0.0,8.499541046820315,0,0,customer-1,-3.180518627166748,-2.549999952316284,0.4489907087503653,0.0,6.3969283688821035,0,0,customer-2,6.529722213745117,-2.200000047683716,0.41524895717786947,0.0,8.171279578237653,0,0
3,579,23.159999999999684,to_table,0.17027528584003448,2.9120941162109375,0.1915219398948855,0.6757662296295166,-0.07890856266021729,0.2199999988079071,0.23575717210769653,0.2199999988079071,0.23575717210769653,0,nominal-sac-a-star,5.3071225707931005,99.0,99.0,5.391715297698974,99.0,customer-1,0,,waiter-1,-8.102566719055176,2.200000047683716,-0.47416393413783453,0.0,8.303432591428093,0,0,waiter-2,8.625024795532227,2.549999952316284,-0.5000115783257186,0.0,8.462499716701142,0,0,customer-1,-3.1625590324401855,-2.549999952316284,0.4489901741624891,0.0,6.398613615975467,0,0,customer-2,6.546331882476807,-2.200000047683716,0.4152518473703992,0.0,8.172368350976422,0,0
3,580,23.199999999999683,to_table,0.18468308448791504,2.914341449737549,0.19810373493964623,0.6884632110595703,-0.1986856460571289,0.2199999988079071,0.22824165225028992,0.2199999988079071,0.22824165225028992,0,nominal-sac-a-star,5.311345882934209,99.0,99.0,5.395295867919922,99.0,customer-1,0,,waiter-1,-8.121533393859863,2.200000047683716,-0.4741596027355399,0.0,8.336876862702507,0,0,waiter-2,8.605024337768555,2.549999952316284,-0.5000108469608477,0.0,8.428219951356452,0,0,customer-1,-3.1445999145507812,-2.549999952316284,0.44899440794619494,0.0,6.398683633833427,0,0,customer-2,6.562942028045654,-2.200000047683716,0.41524996919134693,0.0,8.175492407391708,0,0
3,581,23.239999999999682,to_table,0.19837459921836853,2.916797399520874,0.20400965302802943,0.6818914413452148,-0.1849713921546936,0.2199999988079071,0.23429059982299805,0.2199999988079071,0.23429059982299805,0,nominal-sac-a-star,5.314220814571142,99.0,99.0,5.398365745544433,99.0,customer-1,0,,waiter-1,-8.140499114990234,2.200000047683716,-0.47416480807640937,0.0,8.369624439908876,0,0,waiter-2,8.585023880004883,2.549999952316284,-0.5000101155959769,0.0,8.394666552412476,0,0,customer-1,-3.1266403198242188,-2.549999952316284,0.44899387335831875,0.0,6.398562143006001,0,0,customer-2,6.579551696777344,-2.200000047683716,0.4152528593838767,0.0,8.179305426876454,0,0
3,582,23.27999999999968,to_table,0.211321622133255,2.91945219039917,0.20665727351440646,0.6817014217376709,-0.18295228481292725,0.2199999988079071,0.0800538882613182,0.2199999988079071,0.0800538882613182,0,nominal-sac-a-star,5.316650982723355,99.0,99.0,5.399613628387451,99.0,customer-1,0,,waiter-1,-8.159465789794922,2.200000047683716,-0.47416047667411476,0.0,8.401648247894759,0,0,waiter-2,8.565023422241211,2.549999952316284,-0.500009384231106,0.0,8.36186753789794,0,0,customer-1,-3.1086807250976562,-2.549999952316284,0.44899333877044256,0.0,6.398228061508392,0,0,customer-2,6.596161842346191,-2.200000047683716,0.4152509812048244,0.0,8.18382403621074,0,0
3,583,23.31999999999968,to_table,0.22403071820735931,2.9223079681396484,0.20888678067193578,0.5890979766845703,0.0033833980560302734,0.2199999988079071,0.10215704143047333,0.2199999988079071,0.10215704143047333,0,nominal-sac-a-star,5.317590432347588,99.0,99.0,5.400718936920166,99.0,customer-1,0,,waiter-1,-8.17843246459961,2.200000047683716,-0.47415614527182015,0.0,8.433452215456017,0,0,waiter-2,8.545022964477539,2.549999952316284,-0.5000086528662351,0.0,8.329317212181007,0,0,customer-1,-3.0907211303710938,-2.549999952316284,0.4489928041825664,0.0,6.3979476235695305,0,0,customer-2,6.612771987915039,-2.200000047683716,0.4152491030257721,0.0,8.188654005404942,0,0
3,584,23.35999999999968,to_table,0.23692364990711212,2.925079107284546,0.2108607294034181,0.6004152297973633,-0.0205346941947937,0.2199999988079071,0.09899994730949402,0.2199999988079071,0.09899994730949402,0,nominal-sac-a-star,5.318428009947623,99.0,99.0,5.401705513000488,99.0,customer-1,0,,waiter-1,-8.19739818572998,2.200000047683716,-0.4741613506126896,0.0,8.465431144943315,0,0,waiter-2,8.525022506713867,2.549999952316284,-0.500007921501382,0.0,8.29658164744331,0,0,customer-1,-3.0727615356445312,-2.549999952316284,0.4489922695946902,0.0,6.397695423849085,0,0,customer-2,6.6293816566467285,-2.200000047683716,0.41525199321830186,0.0,8.19328723484168,0,0
3,585,23.39999999999968,to_table,0.24960707128047943,2.9279606342315674,0.21335265558604308,0.5959750413894653,-0.014551401138305664,0.2199999988079071,0.10027697682380676,0.2199999988079071,0.10027697682380676,0,nominal-sac-a-star,5.319184136524429,99.0,99.0,5.402808437347412,99.0,customer-1,0,,waiter-1,-8.216364860534668,2.200000047683716,-0.474157019210395,0.0,8.497211740674054,0,0,waiter-2,8.505022048950195,2.549999952316284,-0.5000071901365111,0.0,8.264062604470476,0,0,customer-1,-3.0548019409179688,-2.549999952316284,0.448991735006814,0.0,6.397434728676019,0,0,customer-2,6.645991802215576,-2.200000047683716,0.4152501150392496,0.0,8.198153351908507,0,0
3,586,23.439999999999678,to_table,0.26232045888900757,2.9308242797851562,0.21521813317254782,0.5944408178329468,-0.01352536678314209,0.2199999988079071,0.10001815855503082,0.2199999988079071,0.10001815855503082,0,nominal-sac-a-star,5.320145934821834,99.0,99.0,5.403503665924072,99.0,customer-1,0,,waiter-1,-8.235330581665039,2.200000047683716,-0.47416222455126444,0.0,8.529019713030094,0,0,waiter-2,8.485021591186523,2.549999952316284,-0.5000064587716402,0.0,8.231515114453655,0,0,customer-1,-3.0368423461914062,-2.549999952316284,0.4489912004189378,0.0,6.3971798065723,0,0,customer-2,6.662601470947266,-2.200000047683716,0.4152530052317793,0.0,8.2029845369024,0,0
3,587,23.479999999999677,to_table,0.27520763874053955,2.9335672855377197,0.21710116218069664,0.5916969776153564,-0.010534703731536865,0.2199999988079071,0.10101745277643204,0.2199999988079071,0.10101745277643204,0,nominal-sac-a-star,5.3207911393269445,99.0,99.0,5.404076824188232,99.0,customer-1,0,,waiter-1,-8.254297256469727,2.200000047683716,-0.47415789314896983,0.0,8.560991452505291,0,0,waiter-2,8.465021133422852,2.549999952316284,-0.5000057274067693,0.0,8.198790702097176,0,0,customer-1,-3.0188827514648438,-2.549999952316284,0.4489906658310616,0.0,6.396916534621133,0,0,customer-2,6.679211616516113,-2.200000047683716,0.41525112705272704,0.0,8.20760504118489,0,0
3,588,23.519999999999676,to_table,0.28791186213493347,2.93640398979187,0.21883081894626594,0.5899372100830078,-0.010452687740325928,0.2199999988079071,0.1023639589548111,0.2199999988079071,0.1023639589548111,0,nominal-sac-a-star,5.321313828053535,99.0,99.0,5.404491672515869,99.0,customer-1,0,,waiter-1,-8.273262977600098,2.200000047683716,-0.4741630984898393,0.0,8.592787987752553,0,0,waiter-2,8.44502067565918,2.549999952316284,-0.5000049960418984,0.0,8.166255707229132,0,0,customer-1,-3.0009231567382812,-2.549999952316284,0.44899013124318543,0.0,6.396644745282223,0,0,customer-2,6.695821762084961,-2.200000047683716,0.41524924887367476,0.0,8.212426908172338,0,0
3,589,23.559999999999675,to_table,0.30067914724349976,2.939178705215454,0.22069787295651525,0.588394045829773,-0.009860873222351074,0.2199999988079071,0.10374532639980316,0.2199999988079071,0.10374532639980316,0,nominal-sac-a-star,5.32168353689802,99.0,99.0,5.404825458526611,99.0,customer-1,0,,waiter-1,-8.292229652404785,2.200000047683716,-0.4741587670875447,0.0,8.624642991267716,0,0,waiter-2,8.425021171569824,2.549999952316284,-0.5000138014202093,0.0,8.133658059565997,0,0,customer-1,-2.982964038848877,-2.549999952316284,0.4489943650268913,0.0,6.39635794088111,0,0,customer-2,6.71243143081665,-2.200000047683716,0.4152521390662045,0.0,8.21716043412539,0,0
3,590,23.599999999999675,to_table,0.31332626938819885,2.9420387744903564,0.22265591074310306,0.5869204998016357,-0.010172367095947266,0.2199999988079071,0.10535530000925064,0.2199999988079071,0.10535530000925064,0,nominal-sac-a-star,5.321967374612093,99.0,99.0,5.405086765289306,99.0,customer-1,0,,waiter-1,-8.311195373535156,2.200000047683716,-0.4741639724284141,0.0,8.656384640329598,0,0,waiter-2,8.405020713806152,2.549999952316284,-0.5000130700553385,0.0,8.101185926758873,0,0,customer-1,-2.9650044441223145,-2.549999952316284,0.4489938304390151,0.0,6.396087995321066,0,0,customer-2,6.729041576385498,-2.200000047683716,0.4152502608871522,0.0,8.222041483061536,0,0
3,591,23.639999999999674,to_table,0.3260856866836548,2.9449124336242676,0.22277468400885503,0.5855708122253418,-0.009922504425048828,0.2199999988079071,-0.006557507906109095,0.2199999988079071,-0.006557507906109095,0,nominal-sac-a-star,5.322178569768513,99.0,99.0,5.377973499298095,99.0,waiter-2,0,,waiter-1,-8.330162048339844,2.200000047683716,-0.4741596410261195,0.0,8.688240288621573,0,0,waiter-2,8.38502025604248,2.549999952316284,-0.5000123386904676,0.0,8.068604728272389,0,0,customer-1,-2.947044849395752,-2.549999952316284,0.4489932958511389,0.0,6.395892872412604,0,0,customer-2,6.7456512451171875,-2.200000047683716,0.41525315107968197,0.0,8.226843039668662,0,0
3,592,23.679999999999673,to_table,0.33882445096969604,2.947798490524292,0.2228361247652388,0.5095691680908203,0.12671184539794922,0.2199999988079071,0.00958530604839325,0.2199999988079071,0.00958530604839325,0,nominal-sac-a-star,5.322103710493907,99.0,99.0,5.345607223510742,99.0,waiter-2,0,,waiter-1,-8.349127769470215,2.200000047683716,-0.47416484636698897,0.0,8.720075475347766,0,0,waiter-2,8.365019798278809,2.549999952316284,-0.5000116073255967,0.0,8.036047251613624,0,0,customer-1,-2.9290852546691895,-2.549999952316284,0.4489927612632627,0.0,6.395703367285657,0,0,customer-2,6.762261390686035,-2.200000047683716,0.4152512729006297,0.0,8.231668841036361,0,0
3,593,23.719999999999672,to_table,0.3515627384185791,2.9506852626800537,0.222886704496528,0.5177335739135742,0.10719525814056396,0.2199999988079071,0.007011490408331156,0.2199999988079071,0.007011490408331156,0,nominal-sac-a-star,5.322018805540017,99.0,99.0,5.313244285583496,99.0,waiter-2,0,,waiter-1,-8.368094444274902,2.200000047683716,-0.47416051496469436,0.0,8.751911201315522,0,0,waiter-2,8.345019340515137,2.549999952316284,-0.5000108759607258,0.0,8.003492810488577,0,0,customer-1,-2.911125659942627,-2.549999952316284,0.4489922266753865,0.0,6.395519792736171,0,0,customer-2,6.778871536254883,-2.200000047683716,0.4152493947215774,0.0,8.236495465253476,0,0
3,594,23.75999999999967,to_table,0.36430224776268005,2.953572988510132,0.22293693816124488,0.5134587287902832,0.10969209671020508,0.2199999988079071,0.007081637624651194,0.2199999988079071,0.007081637624651194,0,nominal-sac-a-star,5.321931611881398,99.0,99.0,5.280885162353515,99.0,waiter-2,0,,waiter-1,-8.38706111907959,2.200000047683716,-0.47415618356239975,0.0,8.78374822929566,0,0,waiter-2,8.325018882751465,2.549999952316284,-0.5000101445958549,0.0,7.9709397525091035,0,0,customer-1,-2.8931660652160645,-2.549999952316284,0.44899169208751033,0.0,6.395343221833939,0,0,customer-2,6.795481204986572,-2.200000047683716,0.41525228491410715,0.0,8.241321363666366,0,0
3,595,23.79999999999967,to_table,0.377042293548584,2.9564616680145264,0.22298510317271555,0.5109317302703857,0.10904049873352051,0.2199999988079071,0.006762771867215633,0.2199999988079071,0.006762771867215633,0,nominal-sac-a-star,5.321844767042921,99.0,99.0,5.2485303306579585,99.0,waiter-2,0,,waiter-1,-8.406026840209961,2.200000047683716,-0.4741613889032692,0.0,8.815584926221039,0,0,waiter-2,8.305018424987793,2.549999952316284,-0.5000094132310018,0.0,7.938388795404151,0,0,customer-1,-2.875206470489502,-2.549999952316284,0.44899115749963414,0.0,6.395173304873252,0,0,customer-2,6.81209135055542,-2.200000047683716,0.41525040673505487,0.0,8.24614781528601,0,0
3,596,23.83999999999967,to_table,0.3897824287414551,2.959350824356079,0.22303127354527724,0.5081335306167603,0.10884690284729004,0.2199999988079071,0.006488313432782888,0.2199999988079071,0.006488313432782888,0,nominal-sac-a-star,5.321757758151034,99.0,99.0,5.216180744171142,99.0,waiter-2,0,,waiter-1,-8.424993515014648,2.200000047683716,-0.4741570575009746,0.0,8.847422706113585,0,0,waiter-2,8.285017967224121,2.549999952316284,-0.5000086818661309,0.0,7.90584039457915,0,0,customer-1,-2.8572468757629395,-2.549999952316284,0.44899062291175795,0.0,6.395009404585005,0,0,customer-2,6.828701019287109,-2.200000047683716,0.4152532969275846,0.0,8.25097412651938,0,0
3,597,23.87999999999967,to_table,0.40252256393432617,2.96224045753479,0.2230555660921972,0.7893989086151123,0.08400917053222656,0.2199999988079071,0.0032457737252116203,0.2199999988079071,0.0032457737252116203,0,nominal-sac-a-star,5.321670023173395,99.0,99.0,5.183831634521484,99.0,waiter-2,0,,waiter-1,-8.44395923614502,2.200000047683716,-0.47416226284184404,0.0,8.879259579578978,0,0,waiter-2,8.26501750946045,2.549999952316284,-0.50000795050126,0.0,7.873294672661925,0,0,customer-1,-2.839287281036377,-2.549999952316284,0.44899008832388176,0.0,6.394851476535176,0,0,customer-2,6.845311164855957,-2.200000047683716,0.41525141874853233,0.0,8.255801111332826,0,0
3,598,23.919999999999668,to_table,0.4152625799179077,2.965131998062134,0.22358879331810838,0.1285252571105957,0.549837589263916,0.2199999988079071,0.058895550668239594,0.2199999988079071,0.058895550668239594,0,nominal-sac-a-star,5.321579886586215,99.0,99.0,5.151592197418212,99.0,waiter-2,0,,waiter-1,-8.462925910949707,2.200000047683716,-0.47415793143954943,0.0,8.911097450980101,0,0,waiter-2,8.245017051696777,2.549999952316284,-0.5000072191363891,0.0,7.8407518583198605,0,0,customer-1,-2.8213281631469727,-2.549999952316284,0.4489943221075876,0.0,6.394700936570695,0,0,customer-2,6.861921310424805,-2.200000047683716,0.41524954056948005,0.0,8.260629385077841,0,0
3,599,23.959999999999667,to_table,0.42800262570381165,2.9680306911468506,0.22408886039834802,0.16900849342346191,0.49709296226501465,0.2199999988079071,0.051669079810380936,0.2199999988079071,0.051669079810380936,0,nominal-sac-a-star,5.321526790269716,99.0,99.0,5.119352760314941,99.0,waiter-2,0,,waiter-1,-8.481891632080078,2.200000047683716,-0.4741631367804189,0.0,8.942935019007392,0,0,waiter-2,8.225016593933105,2.549999952316284,-0.5000064877715182,0.0,7.8082121205414206,0,0,customer-1,-2.80336856842041,-2.549999952316284,0.4489937875197114,0.0,6.394561906527606,0,0,customer-2,6.878530979156494,-2.200000047683716,0.4152524307620098,0.0,8.265461738837981,0,0
3,600,23.999999999999666,to_table,0.4407412111759186,2.970935583114624,0.22453582746178125,0.15984320640563965,0.5036271810531616,0.2199999988079071,0.05155787989497185,0.2199999988079071,0.05155787989497185,0,nominal-sac-a-star,5.3214627999383355,99.0,99.0,5.087110939025878,99.0,waiter-2,0,,waiter-1,-8.500858306884766,2.200000047683716,-0.47415880537812427,0.0,8.974772617797802,0,0,waiter-2,8.205016136169434,2.549999952316284,-0.5000057564066651,0.0,7.775676942630696,0,0,customer-1,-2.7854089736938477,-2.549999952316284,0.44899325293183523,0.0,6.3944330633543265,0,0,customer-2,6.895141124725342,-2.200000047683716,0.4152505525829575,0.0,8.270299483204138,0,0
3,601,24.039999999999665,to_table,0.45347827672958374,2.973843812942505,0.22438101165022578,0.15636861324310303,0.504401683807373,0.2199999988079071,-0.02634217031300068,0.2199999988079071,-0.02634217031300068,0,nominal-sac-a-star,5.318047501008271,99.0,99.0,5.054754199981689,99.0,waiter-2,0,,waiter-1,-8.519824028015137,2.200000047683716,-0.4741640107189937,0.0,9.006608042174745,0,0,waiter-2,8.185016632080078,2.549999952316284,-0.5000145617849583,0.0,7.743147225672928,0,0,customer-1,-2.767449378967285,-2.549999952316284,0.44899271834395904,0.0,6.39431191812077,0,0,customer-2,6.911750793457031,-2.200000047683716,0.41525344277548726,0.0,8.275140131409058,0,0
3,602,24.079999999999664,to_table,0.4662151336669922,2.976750135421753,0.22424066965468786,0.08729183673858643,0.579944372177124,0.2199999988079071,-0.019342046231031418,0.2199999988079071,-0.019342046231031418,0,nominal-sac-a-star,5.285644617309924,99.0,99.0,5.022405090332031,99.0,waiter-2,0,,waiter-1,-8.538790702819824,2.200000047683716,-0.4741596793166991,0.0,9.038444048284122,0,0,waiter-2,8.165016174316406,2.549999952316284,-0.5000138304200874,0.0,7.710619507036062,0,0,customer-1,-2.7494897842407227,-2.549999952316284,0.44899218375608285,0.0,6.3941946053719905,0,0,customer-2,6.928360939025879,-2.200000047683716,0.415251564596435,0.0,8.27998012485537,0,0
3,603,24.119999999999663,to_table,0.47895216941833496,2.979654550552368,0.22408322119981663,0.08969151973724365,0.5736465454101562,0.2199999988079071,-0.022296080365777016,0.2199999988079071,-0.022296080365777016,0,nominal-sac-a-star,5.253248970174409,99.0,99.0,4.990056934356689,99.0,waiter-2,0,,waiter-1,-8.557756423950195,2.200000047683716,-0.47416488465756856,0.0,9.070279121686609,0,0,waiter-2,8.145015716552734,2.549999952316284,-0.5000130990552165,0.0,7.678094384838484,0,0,customer-1,-2.73153018951416,-2.549999952316284,0.44899164916820666,0.0,6.3940813177588165,0,0,customer-2,6.944971084594727,-2.200000047683716,0.4152496864173827,0.0,8.28481878911344,0,0
3,604,24.159999999999663,to_table,0.49168962240219116,2.9825565814971924,0.22391154463322166,0.08324050903320312,0.5765100717544556,0.2199999988079071,-0.024254458025097847,0.2199999988079071,-0.024254458025097847,0,nominal-sac-a-star,5.2208551678207415,99.0,99.0,4.957712116241455,99.0,waiter-2,0,,waiter-1,-8.576723098754883,2.200000047683716,-0.47416055325527395,0.0,9.102115359072176,0,0,waiter-2,8.125015258789062,2.549999952316284,-0.5000123676903456,0.0,7.645571627325807,0,0,customer-1,-2.7135705947875977,-2.549999952316284,0.4489911145803305,0.0,6.393971759379433,0,0,customer-2,6.961580753326416,-2.200000047683716,0.41525257660991244,0.0,8.28965526790342,0,0
3,605,24.199999999999662,to_table,0.5044274926185608,2.9854564666748047,0.2237245396179537,0.07766604423522949,0.5784271955490112,0.2199999988079071,-0.026442812755703926,0.2199999988079071,-0.026442812755703926,0,nominal-sac-a-star,5.188463448183549,99.0,99.0,4.925369205474853,99.0,waiter-2,0,,waiter-1,-8.59568977355957,2.200000047683716,-0.47415622185297934,0.0,9.133951830633203,0,0,waiter-2,8.10501480102539,2.549999952316284,-0.5000116363254925,0.0,7.613051281096972,0,0,customer-1,-2.695611000061035,-2.549999952316284,0.4489905799924543,0.0,6.3938661325664885,0,0,customer-2,6.978190898895264,-2.200000047683716,0.41525069843086015,0.0,8.294490454678368,0,0
3,606,24.23999999999966,to_table,0.5171659588813782,2.988353967666626,0.22352118105725777,0.07188081741333008,0.5805327892303467,0.2199999988079071,-0.028735850006341934,0.2199999988079071,-0.028735850006341934,0,nominal-sac-a-star,5.156073709248902,99.0,99.0,4.89302677154541,99.0,waiter-2,0,,waiter-1,-8.614655494689941,2.200000047683716,-0.4741614271938488,0.0,9.165787743727094,0,0,waiter-2,8.085014343261719,2.549999952316284,-0.5000109049606216,0.0,7.580533187826691,0,0,customer-1,-2.6776514053344727,-2.549999952316284,0.4489900454045781,0.0,6.393764316401191,0,0,customer-2,6.994800567626953,-2.200000047683716,0.4152535886233899,0.0,8.299323316573494,0,0
3,607,24.27999999999966,to_table,0.5299049615859985,2.991248607635498,0.22330070015371242,0.06599545478820801,0.5827081203460693,0.2199999988079071,-0.03115885518491268,0.2199999988079071,-0.03115885518491268,0,nominal-sac-a-star,5.1236856415007335,99.0,99.0,4.860687675476074,99.0,waiter-2,0,,waiter-1,-8.633622169494629,2.200000047683716,-0.4741570957915542,0.0,9.197624898074313,0,0,waiter-2,8.065013885498047,2.549999952316284,-0.5000101735957507,0.0,7.548017413270852,0,0,customer-1,-2.6596922874450684,-2.549999952316284,0.44899427918828394,0.0,6.393666101243812,0,0,customer-2,7.011410713195801,-2.200000047683716,0.4152517104443376,0.0,8.30415434644037,0,0
3,608,24.31999999999966,to_table,0.5426446795463562,2.994140625,0.22306198597671395,0.05984699726104736,0.5849146842956543,0.2199999988079071,-0.033728715032339096,0.2199999988079071,-0.033728715032339096,0,nominal-sac-a-star,5.091299192423483,99.0,99.0,4.828349056243896,99.0,waiter-2,0,,waiter-1,-8.652587890625,2.200000047683716,-0.47416230113242364,0.0,9.229461591884998,0,0,waiter-2,8.045013427734375,2.549999952316284,-0.5000094422308798,0.0,7.515503826818279,0,0,customer-1,-2.641732692718506,-2.549999952316284,0.44899374460040775,0.0,6.393571301709038,0,0,customer-2,7.028020858764648,-2.200000047683716,0.41524983226528533,0.0,8.30898318168952,0,0
3,609,24.35999999999966,to_table,0.5553851127624512,2.9970293045043945,0.22280363297093495,0.052509427070617676,0.5867913961410522,0.2199999988079071,-0.03650430589914322,0.2199999988079071,-0.03650430589914322,0,nominal-sac-a-star,5.05891407979337,99.0,99.0,4.796011390686035,99.0,waiter-2,0,,waiter-1,-8.671554565429688,2.200000047683716,-0.474157969730129,0.0,9.261299663720237,0,0,waiter-2,8.025012969970703,2.549999952316284,-0.5000087108660178,0.0,7.482992420609502,0,0,customer-1,-2.6237730979919434,-2.549999952316284,0.44899321001253156,0.0,6.393479530352127,0,0,customer-2,7.044630527496338,-2.200000047683716,0.4152527224578151,0.0,8.313809003107393,0,0
3,610,24.399999999999658,to_table,0.5681260228157043,2.9999146461486816,0.22252393575621573,0.04497873783111572,0.5888245105743408,0.2199999988079071,-0.0394417978823185,0.2199999988079071,-0.0394417978823185,0,nominal-sac-a-star,5.0265300650659785,99.0,99.0,4.7636742019653315,99.0,waiter-2,0,,waiter-1,-8.690520286560059,2.200000047683716,-0.4741631750709985,0.0,9.29313697558337,0,0,waiter-2,8.005012512207031,2.549999952316284,-0.500007979501147,0.0,7.4504834667166095,0,0,customer-1,-2.605813503265381,-2.549999952316284,0.4489926754246554,0.0,6.393390662666748,0,0,customer-2,7.0612406730651855,-2.200000047683716,0.4152508442787628,0.0,8.318632741287388,0,0
3,611,24.439999999999657,to_table,0.5808677077293396,3.002796173095703,0.2222150861016461,0.037294864654541016,0.5909726619720459,0.2199999988079071,-0.04256487265229225,0.2199999988079071,-0.04256487265229225,0,nominal-sac-a-star,4.994147161249082,99.0,99.0,4.73133653640747,99.0,waiter-2,0,,waiter-1,-8.709486961364746,2.200000047683716,-0.47415884366870387,0.0,9.324975683428605,0,0,waiter-2,7.985012054443359,2.549999952316284,-0.5000072481362849,0.0,7.417976673226285,0,0,customer-1,-2.5878539085388184,-2.549999952316284,0.4489921408367792,0.0,6.3933044266478865,0,0,customer-2,7.077850818634033,-2.200000047683716,0.4152489660997105,0.0,8.323453493492796,0,0
3,612,24.479999999999656,to_table,0.5936194658279419,3.005657911300659,0.22078207689951704,0.02943253517150879,0.5932474136352539,0.2199999988079071,-0.090862937271595,0.2199999988079071,-0.090862937271595,0,nominal-sac-a-star,4.961763801566464,99.0,99.0,4.698756637573242,99.0,waiter-2,0,,waiter-1,-8.728452682495117,2.200000047683716,-0.4741640490095733,0.0,9.356821775140762,0,0,waiter-2,7.965012073516846,2.549999952316284,-0.5000112851429961,0.0,7.38546228426335,0,0,customer-1,-2.569894313812256,-2.549999952316284,0.448991606248903,0.0,6.393211535022299,0,0,customer-2,7.094460487365723,-2.200000047683716,0.41525185629224026,0.0,8.328253644867317,0,0
3,613,24.519999999999655,to_table,0.6063534021377563,3.0085012912750244,0.21922233964939222,-0.018268108367919922,0.6321523189544678,0.2199999988079071,-0.08853762596845627,0.2199999988079071,-0.08853762596845627,0,nominal-sac-a-star,4.929189740490467,99.0,99.0,4.666171016693115,99.0,waiter-2,0,,waiter-1,-8.747419357299805,2.200000047683716,-0.4741597176072787,0.0,9.388649482012035,0,0,waiter-2,7.945011615753174,2.549999952316284,-0.5000105537781252,0.0,7.3529672822672065,0,0,customer-1,-2.5519347190856934,-2.549999952316284,0.4489910716610268,0.0,6.393099399482795,0,0,customer-2,7.11107063293457,-2.200000047683716,0.415249978113188,0.0,8.333056609105686,0,0
3,614,24.559999999999654,to_table,0.6191518902778625,3.0113131999969482,0.2170666823526643,-0.022002577781677246,0.628409743309021,0.2199999988079071,-0.09134697169065475,0.2199999988079071,-0.09134697169065475,0,nominal-sac-a-star,4.8966164934446015,99.0,99.0,4.63339895248413,99.0,waiter-2,0,,waiter-1,-8.766385078430176,2.200000047683716,-0.47416492294814816,0.0,9.420537841445238,0,0,waiter-2,7.925011157989502,2.549999952316284,-0.5000098224132543,0.0,7.320409110978274,0,0,customer-1,-2.533975124359131,-2.549999952316284,0.4489905370731506,0.0,6.392997258604585,0,0,customer-2,7.12768030166626,-2.200000047683716,0.4152528683057177,0.0,8.33778914624866,0,0
3,615,24.599999999999653,to_table,0.6319602727890015,3.0141422748565674,0.21350519982015553,0.10122537612915039,0.22711455821990967,0.2199999988079071,-0.14126458764076233,0.2199999988079071,-0.14126458764076233,0,nominal-sac-a-star,4.863884602722973,99.0,99.0,4.600333633422851,99.0,waiter-2,0,,waiter-1,-8.785351753234863,2.200000047683716,-0.47416059154585355,0.0,9.45243848758402,0,0,waiter-2,7.90501070022583,2.549999952316284,-0.5000090910483834,0.0,7.287845402834237,0,0,customer-1,-2.5160155296325684,-2.549999952316284,0.44899000248527443,0.0,6.392920332433354,0,0,customer-2,7.144290447235107,-2.200000047683716,0.41525099012666544,0.0,8.34252506503319,0,0
3,616,24.639999999999652,to_table,0.6447591185569763,3.0169155597686768,0.2108657166199036,0.4208763837814331,0.677151083946228,0.2199999988079071,-0.08757774531841278,0.2199999988079071,-0.08757774531841278,0,nominal-sac-a-star,4.830923662486843,99.0,99.0,4.567472400665283,99.0,waiter-2,0,,waiter-1,-8.80431842803955,2.200000047683716,-0.4741562601435234,0.0,9.48432482760263,0,0,waiter-2,7.885010242462158,2.549999952316284,-0.5000083596835214,0.0,7.2552909329463064,0,0,customer-1,-2.498056411743164,-2.549999952316284,0.4489942362689803,0.0,6.392795771506228,0,0,customer-2,7.160900592803955,-2.200000047683716,0.41524911194761316,0.0,8.347233563743258,0,0
3,617,24.67999999999965,to_table,0.6574447751045227,3.019545555114746,0.2090880296546925,0.4345283508300781,0.6374530792236328,0.2199999988079071,-0.09391437470912933,0.2199999988079071,-0.09391437470912933,0,nominal-sac-a-star,4.79812362769096,99.0,99.0,4.534895362854003,99.0,waiter-2,0,,waiter-1,-8.823284149169922,2.200000047683716,-0.47416146548439286,0.0,9.51608510755996,0,0,waiter-2,7.8650102615356445,2.549999952316284,-0.5000123966902326,0.0,7.222843852271795,0,0,customer-1,-2.4800968170166016,-2.549999952316284,0.4489937016811041,0.0,6.392495944592779,0,0,customer-2,7.1775102615356445,-2.200000047683716,0.4152520021401429,0.0,8.35194050787259,0,0
3,618,24.71999999999965,to_table,0.6702818274497986,3.022372007369995,0.2071316667356201,0.42773938179016113,0.6387431621551514,0.2199999988079071,-0.09630075842142105,0.2199999988079071,-0.09630075842142105,0,nominal-sac-a-star,4.7655667754211235,99.0,99.0,4.50215763092041,99.0,waiter-2,0,,waiter-1,-8.84225082397461,2.200000047683716,-0.47415713408209825,0.0,9.548014091134016,0,0,waiter-2,7.845009803771973,2.549999952316284,-0.5000116653253617,0.0,7.190261253432711,0,0,customer-1,-2.462137222290039,-2.549999952316284,0.4489931670932279,0.0,6.392446977509546,0,0,customer-2,7.194120407104492,-2.200000047683716,0.4152501239610906,0.0,8.35665242156193,0,0
3,619,24.75999999999965,to_table,0.6828517317771912,3.0247342586517334,0.20505846837658817,0.4240686893463135,0.6399354934692383,0.2199999988079071,-0.09929364174604416,0.2199999988079071,-0.09929364174604416,0,nominal-sac-a-star,4.732855980158959,99.0,99.0,4.469618263244628,99.0,waiter-2,0,,waiter-1,-8.86121654510498,2.200000047683716,-0.4741623394229677,0.0,9.579635994782352,0,0,waiter-2,7.825009346008301,2.549999952316284,-0.5000109339604997,0.0,7.157917857039938,0,0,customer-1,-2.4441776275634766,-2.549999952316284,0.4489926325053517,0.0,6.391867812863131,0,0,customer-2,7.210730075836182,-2.200000047683716,0.41525301415362037,0.0,8.361282452269682,0,0
3,620,24.79999999999965,to_table,0.695758044719696,3.0277411937713623,0.20275059549988503,0.41907525062561035,0.6385750770568848,0.2199999988079071,-0.10147471725940704,0.2199999988079071,-0.10147471725940704,0,nominal-sac-a-star,4.700352442758574,99.0,99.0,4.436774673461914,99.0,waiter-2,0,,waiter-1,-8.880183219909668,2.200000047683716,-0.4741580080206731,0.0,9.611649520688834,0,0,waiter-2,7.805008888244629,2.549999952316284,-0.5000102025956288,0.0,7.125284853951245,0,0,customer-1,-2.426218032836914,-2.549999952316284,0.4489920979174755,0.0,6.3920208793146855,0,0,customer-2,7.227340221405029,-2.200000047683716,0.4152511359745681,0.0,8.366053084842564,0,0
3,621,24.839999999999648,to_table,0.708469033241272,3.0302932262420654,0.20005416143389163,0.41603636741638184,0.6413350105285645,0.2199999988079071,-0.10505940765142441,0.2199999988079071,-0.10505940765142441,0,nominal-sac-a-star,4.667547749034979,99.0,99.0,4.404003562927246,99.0,waiter-2,0,,waiter-1,-8.899148941040039,2.200000047683716,-0.47416321336154255,0.0,9.643428327212986,0,0,waiter-2,7.785008430480957,2.549999952316284,-0.5000094712307579,0.0,7.0928197121923064,0,0,customer-1,-2.4082584381103516,-2.549999952316284,0.44899156332959933,0.0,6.391686951763418,0,0,customer-2,7.243950366973877,-2.200000047683716,0.4152492577955158,0.0,8.37069196630963,0,0
3,622,24.879999999999647,to_table,0.7212494015693665,3.032843828201294,0.19728645066149647,0.41070640087127686,0.6404757499694824,0.2199999988079071,-0.10765230655670166,0.2199999988079071,-0.10765230655670166,0,nominal-sac-a-star,4.634837431216951,99.0,99.0,4.371156635284423,99.0,waiter-2,0,,waiter-1,-8.918115615844727,2.200000047683716,-0.47415888195924794,0.0,9.675277086558989,0,0,waiter-2,7.765007972717285,2.549999952316284,-0.500008739865887,0.0,7.060288451409009,0,0,customer-1,-2.390298843383789,-2.549999952316284,0.44899102874172314,0.0,6.391390862584987,0,0,customer-2,7.260560035705566,-2.200000047683716,0.41525214798804555,0.0,8.375275434223882,0,0
3,623,24.919999999999646,to_table,0.7340556979179382,3.035393476486206,0.194423767994054,0.4061923027038574,0.6399571895599365,0.2199999988079071,-0.11049472540616989,0.2199999988079071,-0.11049472540616989,0,nominal-sac-a-star,4.602054011718326,99.0,99.0,4.338274898529052,99.0,waiter-2,0,,waiter-1,-8.937081336975098,2.200000047683716,-0.4741640873001174,0.0,9.707150649318576,0,0,waiter-2,7.745007514953613,2.549999952316284,-0.5000080085010161,0.0,7.027734503672,0,0,customer-1,-2.3723392486572266,-2.549999952316284,0.44899049415384695,0.0,6.391111743555871,0,0,customer-2,7.277170181274414,-2.200000047683716,0.41525026980899327,0.0,8.37983845281218,0,0
3,624,24.959999999999646,to_table,0.7468756437301636,3.0379245281219482,0.1910574184431671,0.40152573585510254,0.6395988464355469,0.2199999988079071,-0.12790939211845398,0.2199999988079071,-0.12790939211845398,0,nominal-sac-a-star,4.569237379421202,99.0,99.0,4.305284442901611,99.0,waiter-2,0,,waiter-1,-8.956048011779785,2.200000047683716,-0.4048800085064741,0.0,9.7390371649138,0,0,waiter-2,7.725007057189941,2.549999952316284,-0.5000072771361541,0.0,6.995168933999328,0,0,customer-1,-2.354379653930664,-2.549999952316284,0.44898995956597076,0.0,6.3908281482410585,0,0,customer-2,7.2937798500061035,-2.200000047683716,0.415253160001523,0.0,8.384378840914962,0,0
3,625,24.999999999999645,to_table,0.7597346901893616,3.040371894836426,0.18739868305778704,0.3906823396682739,0.6507737636566162,0.2199999988079071,-0.1277264803647995,0.2199999988079071,-0.1277264803647995,0,nominal-sac-a-star,4.536335499799553,99.0,99.0,4.272199573516845,99.0,waiter-2,0,,waiter-1,-8.975013732910156,2.200000047683716,-0.02556038055818277,0.0,9.770954492910374,0,0,waiter-2,7.705007076263428,2.549999952316284,-0.5000113141428653,0.0,6.96256225528892,0,0,customer-1,-2.3364205360412598,-2.549999952316284,0.4489941933496766,0.0,6.390495643872453,0,0,customer-2,7.310389995574951,-2.200000047683716,0.41525128182247073,0.0,8.38883681006662,0,0
3,626,25.039999999999644,to_table,0.7724359631538391,3.042564630508423,0.18351309086538464,0.3854597806930542,0.646837592124939,0.2199999988079071,-0.1290631890296936,0.2199999988079071,-0.1290631890296936,0,nominal-sac-a-star,4.50335039026903,99.0,99.0,4.239208641052246,99.0,waiter-2,0,,waiter-1,-8.993980407714844,2.200000047683716,0.3537687841332726,0.0,9.802693701498706,0,0,waiter-2,7.685006618499756,2.549999952316284,-0.5000105827779944,0.0,6.930097620333497,0,0,customer-1,-2.3184609413146973,-2.549999952316284,0.4489936587618004,0.0,6.389868722213193,0,0,customer-2,7.327000141143799,-2.200000047683716,0.41524940364341845,0.0,8.393258959928321,0,0
3,627,25.079999999999643,to_table,0.7852615118026733,3.044952869415283,0.17988574157265308,0.3790853023529053,0.6428828239440918,0.2199999988079071,-0.12976239621639252,0.2199999988079071,-0.12976239621639252,0,nominal-sac-a-star,4.470470914898384,99.0,99.0,4.2061790847778315,99.0,waiter-2,0,,waiter-1,-8.987053871154785,2.200000047683716,0.4741586826199118,0.0,9.808776336268409,0,0,waiter-2,7.665006160736084,2.549999952316284,-0.5000098514131324,0.0,6.897525993040745,0,0,customer-1,-2.3005013465881348,-2.549999952316284,0.44899312417392423,0.0,6.38947802998228,0,0,customer-2,7.343609809875488,-2.200000047683716,0.4152522938359482,0.0,8.39770584751692,0,0
3,628,25.119999999999642,to_table,0.7981936931610107,3.0473744869232178,0.1761394827059365,0.3732922077178955,0.6397994756698608,0.2199999988079071,-0.13146424293518066,0.2199999988079071,-0.13146424293518066,0,nominal-sac-a-star,4.4375369868779435,99.0,99.0,4.173035564422607,99.0,waiter-2,0,,waiter-1,-8.968087196350098,2.200000047683716,0.4741543512175994,0.0,9.802973316963907,0,0,waiter-2,7.645005702972412,2.549999952316284,-0.5000091200482615,0.0,6.864853685649324,0,0,customer-1,-2.2825417518615723,-2.549999952316284,0.44899258958604804,0.0,6.3891729899315,0,0,customer-2,7.360219955444336,-2.200000047683716,0.4152504156568959,0.0,8.40209070251788,0,0
3,629,25.15999999999964,to_table,0.8111237287521362,3.049877882003784,0.17209396528045148,0.36723506450653076,0.6372553110122681,0.2199999988079071,-0.13337408006191254,0.2199999988079071,-0.13337408006191254,0,nominal-sac-a-star,4.404492613059513,99.0,99.0,4.139858665466308,99.0,waiter-2,0,,waiter-1,-8.949121475219727,2.200000047683716,0.47415955655846886,0.0,9.797177081941733,0,0,waiter-2,7.62500524520874,2.549999952316284,-0.5000083886833906,0.0,6.832192859170298,0,0,customer-1,-2.2645821571350098,-2.549999952316284,0.44899205499817185,0.0,6.388943453795005,0,0,customer-2,7.376829624176025,-2.200000047683716,0.41525330584942566,0.0,8.406527950457544,0,0
3,630,25.19999999999964,to_table,0.8239924311637878,3.052086114883423,0.16815767806487475,0.36122703552246094,0.6352047920227051,0.2199999988079071,-0.1354525238275528,0.2199999988079071,-0.1354525238275528,0,nominal-sac-a-star,4.371425551755631,99.0,99.0,4.106742324829101,99.0,waiter-2,0,,waiter-1,-8.930154800415039,2.200000047683716,0.47415522515617425,0.0,9.791294035071807,0,0,waiter-2,7.605005264282227,2.549999952316284,-0.5000124256901017,0.0,6.799575395387446,0,0,customer-1,-2.2466225624084473,-2.549999952316284,0.44899152041029566,0.0,6.3884305383297155,0,0,customer-2,7.393439769744873,-2.200000047683716,0.4152514276703734,0.0,8.410829173953024,0,0
3,631,25.23999999999964,to_table,0.8368282914161682,3.054147243499756,0.16440835242783414,0.35388946533203125,0.6305670738220215,0.2199999988079071,-0.13753527402877808,0.2199999988079071,-0.13753527402877808,0,nominal-sac-a-star,4.338414505270973,99.0,99.0,4.073687019348144,99.0,waiter-2,0,,waiter-1,-8.911189079284668,2.200000047683716,0.4741604304970437,0.0,9.78536714138032,0,0,waiter-2,7.585004806518555,2.549999952316284,-0.5000116943252308,0.0,6.766982397656064,0,0,customer-1,-2.2286629676818848,-2.549999952316284,0.4489909858224195,0.0,6.387777583164535,0,0,customer-2,7.410049915313721,-2.200000047683716,0.4152495494913211,0.0,8.41506424659521,0,0
3,632,25.27999999999964,to_table,0.8496802449226379,3.056072950363159,0.16118363242611386,0.34688830375671387,0.6265323162078857,0.2199999988079071,-0.1397332400083542,0.2199999988079071,-0.1397332400083542,0,nominal-sac-a-star,4.305457190716198,99.0,99.0,4.040707054138183,99.0,waiter-2,0,,waiter-1,-8.89222240447998,2.200000047683716,0.4741560990947491,0.0,9.7794441582914,0,0,waiter-2,7.565004348754883,2.549999952316284,-0.5000109629603688,0.0,6.7343661690512855,0,0,customer-1,-2.2107033729553223,-2.549999952316284,0.4489904512345433,0.0,6.387018183685758,0,0,customer-2,7.42665958404541,-2.200000047683716,0.41525243968385084,0.0,8.419201897332387,0,0
3,633,25.319999999999638,to_table,0.8625286221504211,3.0580456256866455,0.1575152167664407,0.33973443508148193,0.6222035884857178,0.2199999988079071,-0.14260226488113403,0.2199999988079071,-0.14260226488113403,0,nominal-sac-a-star,4.2725527474242595,99.0,99.0,4.007665100097656,99.0,waiter-2,0,,waiter-1,-8.873255729675293,2.200000047683716,0.4741517676924545,0.0,9.773522351700272,0,0,waiter-2,7.545003890991211,2.549999952316284,-0.500010231595498,0.0,6.701759927429445,0,0,customer-1,-2.1927437782287598,-2.549999952316284,0.4489899166466671,0.0,6.38630289333954,0,0,customer-2,7.443269729614258,-2.200000047683716,0.41525056150479855,0.0,8.423372117312232,0,0
3,634,25.359999999999637,to_table,0.8754778504371643,3.0602314472198486,0.15379052684348243,0.3339841365814209,0.6212458610534668,0.2199999988079071,-0.14508751034736633,0.2199999988079071,-0.14508751034736633,0,nominal-sac-a-star,4.239603054582743,99.0,99.0,3.974550666809082,99.0,waiter-2,0,,waiter-1,-8.854290008544922,2.200000047683716,0.4741569730333062,0.0,9.767721364291097,0,0,waiter-2,7.525003433227539,2.549999952316284,-0.5000095002306271,0.0,6.6690723983605995,0,0,customer-1,-2.1747846603393555,-2.549999952316284,0.44899415043037294,0.0,6.38582788219271,0,0,customer-2,7.459879398345947,-2.200000047683716,0.4152534516973283,0.0,8.427596283880652,0,0
3,635,25.399999999999636,to_table,0.888282835483551,3.062122106552124,0.15023287297973817,0.3283144235610962,0.6206457614898682,0.2199999988079071,-0.13902117311954498,0.2199999988079071,-0.13902117311954498,0,nominal-sac-a-star,4.206578351016213,99.0,99.0,3.9415835762023925,99.0,waiter-2,0,,waiter-1,-8.835323333740234,2.200000047683716,0.47415264163101156,0.0,9.761750425950991,0,0,waiter-2,7.505002975463867,2.549999952316284,-0.5000087688657651,0.0,6.636509211300794,0,0,customer-1,-2.156825065612793,-2.549999952316284,0.44899361584249675,0.0,6.385029062812225,0,0,customer-2,7.476489543914795,-2.200000047683716,0.415251573518276,0.0,8.431749355805003,0,0
3,636,25.439999999999635,to_table,0.9012365341186523,3.064084053039551,0.14666263361864915,0.3239874839782715,0.6114058494567871,0.2199999988079071,-0.14089779555797577,0.2199999988079071,-0.14089779555797577,0,nominal-sac-a-star,4.173696886698222,99.0,99.0,3.908486785888672,99.0,waiter-2,0,,waiter-1,-8.816357612609863,2.200000047683716,0.474157846971881,0.0,9.755935484044782,0,0,waiter-2,7.485002517700195,2.549999952316284,-0.5000080375008942,0.0,6.603806250124385,0,0,customer-1,-2.1388654708862305,-2.549999952316284,0.44899308125462056,0.0,6.384368365001108,0,0,customer-2,7.493099689483643,-2.200000047683716,0.41524969533922373,0.0,8.435830799544641,0,0
3,637,25.479999999999634,to_table,0.9142051935195923,3.0660972595214844,0.14304243550203596,0.3182668685913086,0.609646201133728,0.2199999988079071,-0.14231084287166595,0.2199999988079071,-0.14231084287166595,0,nominal-sac-a-star,4.140682994055138,99.0,99.0,3.8753837966918945,99.0,waiter-2,0,,waiter-1,-8.797390937805176,2.200000047683716,0.4741535155695864,0.0,9.750139680964338,0,0,waiter-2,7.465002059936523,2.549999952316284,-0.5000073061360233,0.0,6.5710954958486445,0,0,customer-1,-2.120905876159668,-2.549999952316284,0.4489925466667444,0.0,6.383764336040417,0,0,customer-2,7.509709358215332,-2.200000047683716,0.4152525855317535,0.0,8.439932229317526,0,0
3,638,25.519999999999634,to_table,0.9270244836807251,3.067856550216675,0.1393870953853328,0.3126007318496704,0.607524037361145,0.2199999988079071,-0.1441340446472168,0.2199999988079071,-0.1441340446472168,0,nominal-sac-a-star,4.107662610845149,99.0,99.0,3.842402877807617,99.0,waiter-2,0,,waiter-1,-8.778425216674805,2.200000047683716,0.47415872091045586,0.0,9.74417409507445,0,0,waiter-2,7.44500207901001,2.549999952316284,-0.5000113431427344,0.0,6.5385172164033865,0,0,customer-1,-2.1029462814331055,-2.549999952316284,0.4489920120788682,0.0,6.382870398221818,0,0,customer-2,7.52631950378418,-2.200000047683716,0.4152507073527012,0.0,8.443992414634497,0,0
3,639,25.559999999999633,to_table,0.9400025606155396,3.069679021835327,0.1356166460592731,0.306243896484375,0.6041038036346436,0.2199999988079071,-0.14572298526763916,0.2199999988079071,-0.14572298526763916,0,nominal-sac-a-star,4.074766708667746,99.0,99.0,3.8092626953125,99.0,waiter-2,0,,waiter-1,-8.759458541870117,2.200000047683716,0.47415438950816124,0.0,9.738371896611552,0,0,waiter-2,7.425001621246338,2.549999952316284,-0.5000106117778635,0.0,6.505788126866607,0,0,customer-1,-2.084986686706543,-2.549999952316284,0.448991477490992,0.0,6.382111854154228,0,0,customer-2,7.542929172515869,-2.200000047683716,0.41525359754523095,0.0,8.44796764540849,0,0
3,640,25.599999999999632,to_table,0.9528035521507263,3.0713818073272705,0.12968913275527624,0.9094562530517578,-0.2637813091278076,0.2199999988079071,-0.25140732526779175,0.2199999988079071,-0.25140732526779175,0,nominal-sac-a-star,4.041714554426473,99.0,99.0,3.7759336853027343,99.0,waiter-2,0,,waiter-1,-8.740492820739746,2.200000047683716,0.47415959484901293,0.0,9.732384124341326,0,0,waiter-2,7.405001163482666,2.549999952316284,-0.5000098804130015,0.0,6.473228951181341,0,0,customer-1,-2.0670270919799805,-2.549999952316284,0.4489909429031158,0.0,6.381168388852009,0,0,customer-2,7.559539318084717,-2.200000047683716,0.41525171936617866,0.0,8.452007107321341,0,0
3,641,25.63999999999963,to_table,0.965910792350769,3.0731983184814453,0.12403662039671035,0.6519768238067627,0.40561842918395996,0.2199999988079071,-0.16996373236179352,0.2199999988079071,-0.16996373236179352,0,nominal-sac-a-star,4.008557275947579,99.0,99.0,3.7423834228515624,99.0,waiter-2,0,,waiter-1,-8.721526145935059,2.200000047683716,0.4741552634467183,0.0,9.726711142693034,0,0,waiter-2,7.385000705718994,2.549999952316284,-0.5000091490481307,0.0,6.440376685122042,0,0,customer-1,-2.049067497253418,-2.549999952316284,0.4489904083152396,0.0,6.380474345962623,0,0,customer-2,7.5761494636535645,-2.200000047683716,0.4152498411871264,0.0,8.455878209891264,0,0
3,642,25.67999999999963,to_table,0.9788978695869446,3.0748133659362793,0.11895934574702276,0.6627190113067627,0.32998108863830566,0.2199999988079071,-0.17899270355701447,0.2199999988079071,-0.17899270355701447,0,nominal-sac-a-star,3.9751624358914963,99.0,99.0,3.709040584564209,99.0,waiter-2,0,,waiter-1,-8.702560424804688,2.200000047683716,0.4741604687875878,0.0,9.72090186391348,0,0,waiter-2,7.365000247955322,2.549999952316284,-0.5000084176832598,0.0,6.407630818494283,0,0,customer-1,-2.0311079025268555,-2.549999952316284,0.44898987372736343,0.0,6.379550110575964,0,0,customer-2,7.592759132385254,-2.200000047683716,0.4152527313796561,0.0,8.459717332869312,0,0
3,643,25.71999999999963,to_table,0.9918771982192993,3.0763752460479736,0.11388034246386126,0.6588468551635742,0.32874011993408203,0.2199999988079071,-0.17962077260017395,0.2199999988079071,-0.17962077260017395,0,nominal-sac-a-star,3.941952091729388,99.0,99.0,3.6757177734375,99.0,waiter-2,0,,waiter-1,-8.68359375,2.200000047683716,0.47415613738529316,0.0,9.715079596078647,0,0,waiter-2,7.345000267028809,2.549999952316284,-0.5000124546899798,0.0,6.374891660043383,0,0,customer-1,-2.013148784637451,-2.549999952316284,0.4489941075110693,0.0,6.378579703226465,0,0,customer-2,7.609369277954102,-2.200000047683716,0.41525085320060384,0.0,8.4635298584961,0,0
3,644,25.75999999999963,to_table,1.0048598051071167,3.0778727531433105,0.10875010964205539,0.6565254926681519,0.32258546352386475,0.2199999988079071,-0.1810988485813141,0.2199999988079071,-0.1810988485813141,0,nominal-sac-a-star,3.9087578507989216,99.0,99.0,3.6423916244506835,99.0,waiter-2,0,,waiter-1,-8.664627075195312,2.200000047683716,0.47415180598299855,0.0,9.709255224543835,0,0,waiter-2,7.324999809265137,2.549999952316284,-0.5000117233251089,0.0,6.34214627440991,0,0,customer-1,-1.9951891899108887,-2.549999952316284,0.4489935729231931,0.0,6.377557930851404,0,0,customer-2,7.625979423522949,-2.200000047683716,0.41524897502155156,0.0,8.467299823620323,0,0
3,645,25.799999999999628,to_table,1.0178483724594116,3.0793018341064453,0.10355138360361256,0.6540764570236206,0.3171210289001465,0.2199999988079071,-0.1826859712600708,0.2199999988079071,-0.1826859712600708,0,nominal-sac-a-star,3.8755615641664525,99.0,99.0,3.6090592765808105,99.0,waiter-2,0,,waiter-1,-8.645661354064941,2.200000047683716,0.474157011323868,0.0,9.703431963292008,0,0,waiter-2,7.304999351501465,2.549999952316284,-0.500010991960238,0.0,6.309392040072962,0,0,customer-1,-1.9772295951843262,-2.549999952316284,0.4489930383353169,0.0,6.376482622487658,0,0,customer-2,7.642589092254639,-2.200000047683716,0.4152518652140813,0.0,8.471022250211961,0,0
3,646,25.839999999999627,to_table,1.0308440923690796,3.0806620121002197,0.09827812518723263,0.651570200920105,0.3116999864578247,0.2199999988079071,-0.18445174396038055,0.2199999988079071,-0.18445174396038055,0,nominal-sac-a-star,3.842358393717861,99.0,99.0,3.57571834564209,99.0,waiter-2,0,,waiter-1,-8.626694679260254,2.200000047683716,0.4741526799215734,0.0,9.697609015684936,0,0,waiter-2,7.284998893737793,2.549999952316284,-0.5000102605953671,0.0,6.276627637607432,0,0,customer-1,-1.9592700004577637,-2.549999952316284,0.4489925037474407,0.0,6.37535382905517,0,0,customer-2,7.659199237823486,-2.200000047683716,0.415249987035029,0.0,8.474696674448793,0,0
3,647,25.879999999999626,to_table,1.043846845626831,3.081954002380371,0.09353981977234738,0.6489920616149902,0.30636823177337646,0.2199999988079071,-0.15699364244937897,0.2199999988079071,-0.15699364244937897,0,nominal-sac-a-star,3.8091468430110584,99.0,99.0,3.542457523345947,99.0,waiter-2,0,,waiter-1,-8.607728958129883,2.200000047683716,0.4741578852624251,0.0,9.69178818762911,0,0,waiter-2,7.264998435974121,2.549999952316284,-0.5000095292304962,0.0,6.24385315502056,0,0,customer-1,-1.9413104057312012,-2.549999952316284,0.4489919691595645,0.0,6.374172037461707,0,0,customer-2,7.675808906555176,-2.200000047683716,0.41525287722755877,0.0,8.47832290990272,0,0
3,648,25.919999999999625,to_table,1.0568487644195557,3.083185911178589,0.08922504085503039,0.6500413417816162,0.27253127098083496,0.2199999988079071,-0.16021186113357544,0.2199999988079071,-0.16021186113357544,0,nominal-sac-a-star,3.775995270876754,99.0,99.0,3.509268226623535,99.0,waiter-2,0,,waiter-1,-8.588762283325195,2.200000047683716,0.47415355386013047,0.0,9.685960445606455,0,0,waiter-2,7.244997978210449,2.549999952316284,-0.5000087978656342,0.0,6.211077036945265,0,0,customer-1,-1.9233508110046387,-2.549999952316284,0.44899143457168833,0.0,6.372940646360754,0,0,customer-2,7.692419052124023,-2.200000047683716,0.4152509990485065,0.0,8.481912928047903,0,0
3,649,25.959999999999624,to_table,1.0699888467788696,3.0845534801483154,0.08651693554586258,0.8746153116226196,0.978245735168457,0.2199999988079071,-0.07531677186489105,0.2199999988079071,-0.07531677186489105,0,nominal-sac-a-star,3.7428967371198416,99.0,99.0,3.4761995697021484,99.0,waiter-2,0,,waiter-1,-8.569796562194824,2.200000047683716,0.4741587592009999,0.0,9.68028395791916,0,0,waiter-2,7.224997520446777,2.549999952316284,-0.5000080665007633,0.0,6.178177663926868,0,0,customer-1,-1.9053912162780762,-2.549999952316284,0.44899089998381214,0.0,6.371897590430605,0,0,customer-2,7.709029197692871,-2.200000047683716,0.4152491208694542,0.0,8.4854795250231,0,0
3,650,25.999999999999623,to_table,1.0829792022705078,3.0856542587280273,0.08366025589166867,0.45464932918548584,0.628382682800293,0.2199999988079071,-0.11971557140350342,0.2199999988079071,-0.11971557140350342,0,nominal-sac-a-star,3.709861887426195,99.0,99.0,3.443230571746826,99.0,waiter-2,0,,waiter-1,-8.550829887390137,2.200000047683716,0.4741544277987053,0.0,9.674433366227118,0,0,waiter-2,7.2049970626831055,2.549999952316284,-0.5000073351358925,0.0,6.145407083276769,0,0,customer-1,-1.8874316215515137,-2.549999952316284,0.44899036539593595,0.0,6.370552475942766,0,0,customer-2,7.7256388664245605,-2.200000047683716,0.41525201106198395,0.0,8.488996929005703,0,0
3,651,26.039999999999623,to_table,1.0960030555725098,3.086752414703369,0.08040738293460736,0.4315754175186157,0.6561486721038818,0.2199999988079071,-0.11820550262928009,0.2199999988079071,-0.11820550262928009,0,nominal-sac-a-star,3.676934549199017,99.0,99.0,3.4101828956604003,99.0,waiter-2,0,,waiter-1,-8.531864166259766,2.200000047683716,0.47415963313957477,0.0,9.668617119404786,0,0,waiter-2,7.184997081756592,2.549999952316284,-0.5000113721426125,0.0,6.112605946467025,0,0,customer-1,-1.8694720268249512,-2.549999952316284,0.44898983080805976,0.0,6.3692244199291554,0,0,customer-2,7.742249011993408,-2.200000047683716,0.41525013288293167,0.0,8.492487086348559,0,0
3,652,26.07999999999962,to_table,1.1090244054794312,3.0878052711486816,0.0770449210558471,0.431083083152771,0.6529266834259033,0.2199999988079071,-0.12022791802883148,0.2199999988079071,-0.12022791802883148,0,nominal-sac-a-star,3.6439385441512053,99.0,99.0,3.377124729156494,99.0,waiter-2,0,,waiter-1,-8.512897491455078,2.200000047683716,0.47415530173728015,0.0,9.662793545632622,0,0,waiter-2,7.16499662399292,2.549999952316284,-0.5000106407777416,0.0,6.079805430469926,0,0,customer-1,-1.8515129089355469,-2.549999952316284,0.4489940645917656,0.0,6.367859053698685,0,0,customer-2,7.758858680725098,-2.200000047683716,0.4152530230754614,0.0,8.495950857797157,0,0
3,653,26.11999999999962,to_table,1.1220626831054688,3.08884859085083,0.07365614451784742,0.42849135398864746,0.6509671211242676,0.2199999988079071,-0.12216637283563614,0.2199999988079071,-0.12216637283563614,0,nominal-sac-a-star,3.610935951673895,99.0,99.0,3.344055118560791,99.0,waiter-2,0,,waiter-1,-8.493931770324707,2.200000047683716,0.47416050707813184,0.0,9.656987162727836,0,0,waiter-2,7.144996166229248,2.549999952316284,-0.5000099094128707,0.0,6.046989796368444,0,0,customer-1,-1.8335533142089844,-2.549999952316284,0.4489935300038894,0.0,6.366496588890863,0,0,customer-2,7.775468826293945,-2.200000047683716,0.41525114489640913,0.0,8.499396050752482,0,0
3,654,26.15999999999962,to_table,1.1349802017211914,3.089664936065674,0.06995073422751441,0.42584848403930664,0.6487507820129395,0.2199999988079071,-0.12443092465400696,0.2199999988079071,-0.12443092465400696,0,nominal-sac-a-star,3.57792086525477,99.0,99.0,3.311041774749756,99.0,waiter-2,0,,waiter-1,-8.47496509552002,2.200000047683716,0.47415617567583723,0.0,9.651038919701243,0,0,waiter-2,7.124995708465576,2.549999952316284,-0.5000091780479998,0.0,6.014276686828053,0,0,customer-1,-1.8155937194824219,-2.549999952316284,0.44899299541601323,0.0,6.3648807151222515,0,0,customer-2,7.792078971862793,-2.200000047683716,0.41524926671735685,0.0,8.502794815572422,0,0
3,655,26.19999999999962,to_table,1.1480211019515991,3.09061861038208,0.06635865950897843,0.4231771230697632,0.6468127965927124,0.2199999988079071,-0.12595203518867493,0.2199999988079071,-0.12595203518867493,0,nominal-sac-a-star,3.5449737601272284,99.0,99.0,3.277949752807617,99.0,waiter-2,0,,waiter-1,-8.455998420715332,2.200000047683716,0.4741518442735426,0.0,9.645226405636647,0,0,waiter-2,7.104995250701904,2.549999952316284,-0.5000084466831289,0.0,5.981455470228654,0,0,customer-1,-1.7976341247558594,-2.549999952316284,0.44899246082813704,0.0,6.3634473742214865,0,0,customer-2,7.808688640594482,-2.200000047683716,0.4152521569098866,0.0,8.506182330834731,0,0
3,656,26.23999999999962,to_table,1.1612282991409302,3.0917177200317383,0.06244939456341761,0.42070746421813965,0.6440329551696777,0.2199999988079071,-0.12853839993476868,0.2199999988079071,-0.12853839993476868,0,nominal-sac-a-star,3.5119415364167423,99.0,99.0,3.2446836853027343,99.0,waiter-2,0,,waiter-1,-8.437032699584961,2.200000047683716,0.4741570496144121,0.0,9.6395941100671,0,0,waiter-2,7.084995269775391,2.549999952316284,-0.500012483689849,0.0,5.948484955199802,0,0,customer-1,-1.7796745300292969,-2.549999952316284,0.44899192624026085,0.0,6.362223490659963,0,0,customer-2,7.82529878616333,-2.200000047683716,0.4152502787308343,0.0,8.509530679723671,0,0
3,657,26.279999999999617,to_table,1.174271821975708,3.0925440788269043,0.058718002323744536,0.41812753677368164,0.6432211399078369,0.2199999988079071,-0.1314489096403122,0.2199999988079071,-0.1314489096403122,0,nominal-sac-a-star,3.478740072634353,99.0,99.0,3.211576404571533,99.0,waiter-2,0,,waiter-1,-8.418066024780273,2.200000047683716,0.47415271821211746,0.0,9.633772896110667,0,0,waiter-2,7.064994812011719,2.549999952316284,-0.5000117523249781,0.0,5.915654779865875,0,0,customer-1,-1.7617149353027344,-2.549999952316284,0.44899139165238466,0.0,6.360685606308805,0,0,customer-2,7.8419084548950195,-2.200000047683716,0.41525316892336406,0.0,8.512837458785974,0,0
3,658,26.319999999999617,to_table,1.1870468854904175,3.0929934978485107,0.05456300504804941,0.4138355255126953,0.639754056930542,0.2199999988079071,-0.13447920978069305,0.2199999988079071,-0.13447920978069305,0,nominal-sac-a-star,3.4456941813440958,99.0,99.0,3.1786412620544433,99.0,waiter-2,0,,waiter-1,-8.399100303649902,2.200000047683716,0.4741579235529869,0.0,9.627650556283193,0,0,waiter-2,7.044994354248047,2.549999952316284,-0.5000110209601072,0.0,5.883059623802361,0,0,customer-1,-1.7437553405761719,-2.549999952316284,0.4489908570645085,0.0,6.358693007758721,0,0,customer-2,7.858518600463867,-2.200000047683716,0.4152512907443118,0.0,8.51612091956993,0,0
3,659,26.359999999999616,to_table,1.2000646591186523,3.093695640563965,0.05175852942601382,0.41000866889953613,0.6377551555633545,0.2199999988079071,-0.09371119737625122,0.2199999988079071,-0.09371119737625122,0,nominal-sac-a-star,3.4128361600707926,99.0,99.0,3.145679416656494,99.0,waiter-2,0,,waiter-1,-8.380133628845215,2.200000047683716,0.47415359215067454,0.0,9.6217925070872,0,0,waiter-2,7.024993896484375,2.549999952316284,-0.5000102895952452,0.0,5.8502483384671065,0,0,customer-1,-1.7257957458496094,-2.549999952316284,0.4489903224766323,0.0,6.3570401174176165,0,0,customer-2,7.875128746032715,-2.200000047683716,0.4152494125652595,0.0,8.519371725906902,0,0
3,660,26.399999999999615,to_table,1.2130942344665527,3.0943562984466553,0.049264977944771915,0.42837297916412354,0.6006021499633789,0.2199999988079071,-0.09910139441490173,0.2199999988079071,-0.09910139441490173,0,nominal-sac-a-star,3.379905690348809,99.0,99.0,3.1127471351623535,99.0,waiter-2,0,,waiter-1,-8.361167907714844,2.200000047683716,0.474158797491544,0.0,9.6159434623175,0,0,waiter-2,7.004993438720703,2.549999952316284,-0.5000095582303743,0.0,5.817423847702028,0,0,customer-1,-1.7078361511230469,-2.549999952316284,0.4489897878887561,0.0,6.355359297709868,0,0,customer-2,7.891738414764404,-2.200000047683716,0.41525230275778924,0.0,8.522587471351486,0,0
3,661,26.439999999999614,to_table,1.2259331941604614,3.0947775840759277,0.04698646599996929,0.4237391948699951,0.6001484394073486,0.2199999988079071,-0.1006009504199028,0.2199999988079071,-0.1006009504199028,0,nominal-sac-a-star,3.346993769299842,99.0,99.0,3.080003204345703,99.0,waiter-2,0,,waiter-1,-8.342201232910156,2.200000047683716,0.4741544660892494,0.0,9.609881542148482,0,0,waiter-2,6.984992980957031,2.549999952316284,-0.5000088268655034,0.0,5.784768992445852,0,0,customer-1,-1.6898770332336426,-2.549999952316284,0.44899402167246194,0.0,6.353381990525533,0,0,customer-2,7.908348560333252,-2.200000047683716,0.41525042457873695,0.0,8.525804671457381,0,0
3,662,26.479999999999613,to_table,1.2392398118972778,3.095726490020752,0.04471709595591482,0.4210984706878662,0.5966668128967285,0.2199999988079071,-0.10231073200702667,0.2199999988079071,-0.10231073200702667,0,nominal-sac-a-star,3.3142661067930517,99.0,99.0,3.04687780380249,99.0,waiter-2,0,,waiter-1,-8.323235511779785,2.200000047683716,0.47415967143011883,0.0,9.604335488488234,0,0,waiter-2,6.964992523193359,2.549999952316284,-0.5000080955006325,0.0,5.751700754113459,0,0,customer-1,-1.67191743850708,-2.549999952316284,0.44899348708458575,0.0,6.352091277546747,0,0,customer-2,7.924958229064941,-2.200000047683716,0.4152533147712667,0.0,8.528982959052167,0,0
3,663,26.519999999999612,to_table,1.2521958351135254,3.0962045192718506,0.04261399368105012,0.4192211627960205,0.5967142581939697,0.2199999988079071,-0.1053522452712059,0.2199999988079071,-0.1053522452712059,0,nominal-sac-a-star,3.2811488804076783,99.0,99.0,3.0140604400634765,99.0,waiter-2,0,,waiter-1,-8.304268836975098,2.200000047683716,0.4741553400278242,0.0,9.598395672390906,0,0,waiter-2,6.9449920654296875,2.549999952316284,-0.5000073641357705,0.0,5.718939442664612,0,0,customer-1,-1.6539578437805176,-2.549999952316284,0.44899295249670956,0.0,6.35022473148244,0,0,customer-2,7.941568374633789,-2.200000047683716,0.4152514365922144,0.0,8.53214438388901,0,0
3,664,26.55999999999961,to_table,1.2782291173934937,3.0968017578125,0.03879723542163821,0.9124634265899658,0.3216567039489746,0.8199999928474426,-0.1405715048313141,0.8199999928474426,-0.1405715048313141,0,nominal-sac-a-star,1.8400920183439138,99.0,99.0,1.2208749675750732,99.0,waiter-2,0,,waiter-1,-8.285303115844727,2.200000047683716,0.4741605453686759,0.0,9.605488123124006,0,0,waiter-2,6.924991607666016,2.549999952316284,-0.5000066327709085,0.0,5.673175375047263,0,0,customer-1,-1.635998249053955,-2.549999952316284,0.4489924179088334,0.0,6.3544543980474515,0,0,customer-2,7.958178520202637,-2.200000047683716,0.41524955841316213,0.0,8.525129523403043,0,0
3,665,26.59999999999961,to_table,1.3136452436447144,3.0960960388183594,0.036187436993663565,0.9140034914016724,0.26381659507751465,0.8199999928474426,-0.15229207277297974,0.8199999928474426,-0.15229207277297974,0,nominal-sac-a-star,1.7933426317216896,99.0,99.0,1.1654822254180908,99.0,waiter-2,0,,waiter-1,-8.266336441040039,2.200000047683716,0.4741562139663813,0.0,9.621800096874956,0,0,waiter-2,6.904991626739502,2.549999952316284,-0.5000106697776197,0.0,5.61795116670126,0,0,customer-1,-1.6180386543273926,-2.549999952316284,0.4489918833209572,0.0,6.36185275047573,0,0,customer-2,7.974788188934326,-2.200000047683716,0.4152524486056919,0.0,8.509962343926333,0,0
3,666,26.63999999999961,to_table,1.3580278158187866,3.096956253051758,0.03315283008506016,0.9110740423202515,0.25335264205932617,0.8199999928474426,-0.16047926247119904,0.8199999928474426,-0.16047926247119904,0,nominal-sac-a-star,1.7377718985279214,99.0,99.0,1.1016792678833007,99.0,waiter-2,0,,waiter-1,-8.247369766235352,2.200000047683716,0.4741518825640867,0.0,9.64718576288856,0,0,waiter-2,6.88499116897583,2.549999952316284,-0.5000099384127488,0.0,5.553961208187826,0,0,customer-1,-1.60007905960083,-2.549999952316284,0.448991348733081,0.0,6.374834168176411,0,0,customer-2,7.991398334503174,-2.200000047683716,0.4152505704266396,0.0,8.488777914991793,0,0
3,667,26.67999999999961,to_table,1.4055094718933105,3.0982823371887207,0.029771298975241643,0.9087543487548828,0.26512813568115234,0.8199999928474426,-0.12626205384731293,0.8199999928474426,-0.12626205384731293,0,nominal-sac-a-star,1.67360782541266,99.0,99.0,1.0348705673217773,99.0,waiter-2,0,,waiter-1,-8.22840404510498,2.200000047683716,0.47415708790495614,0.0,9.675701562400565,0,0,waiter-2,6.864990711212158,2.549999952316284,-0.5000092070478868,0.0,5.486943500350251,0,0,customer-1,-1.5821194648742676,-2.549999952316284,0.4489908141452048,0.0,6.389758953649729,0,0,customer-2,8.008008003234863,-2.200000047683716,0.41525346061916935,0.0,8.46550548320754,0,0
3,668,26.719999999999608,to_table,1.4539471864700317,3.0996131896972656,0.02625754772305476,0.9083173274993896,0.23583316802978516,0.8199999928474426,-0.1416804939508438,0.8199999928474426,-0.1416804939508438,0,nominal-sac-a-star,1.6064007096715143,99.0,99.0,0.9671582603454589,99.0,waiter-2,0,,waiter-1,-8.209437370300293,2.200000047683716,0.47415275650266153,0.0,9.705168978297632,0,0,waiter-2,6.844990253448486,2.549999952316284,-0.5000084756830248,0.0,5.418986995806584,0,0,customer-1,-1.564159870147705,-2.549999952316284,0.4489902795573286,0.0,6.405239953320874,0,0,customer-2,8.024618148803711,-2.200000047683716,0.41525158244011706,0.0,8.441541172148527,0,0
3,669,26.759999999999607,to_table,1.5024535655975342,3.100748062133789,0.0214890836887635,0.9039762020111084,0.23988592624664307,0.8199999928474426,-0.15709492564201355,0.8199999928474426,-0.15709492564201355,0,nominal-sac-a-star,1.5382547352512037,99.0,99.0,0.8984249258041381,99.0,waiter-2,0,,waiter-1,-8.190471649169922,2.200000047683716,0.4741579618435132,0.0,9.734687781568061,0,0,waiter-2,6.824990272521973,2.549999952316284,-0.5000125126897359,0.0,5.3509550995150015,0,0,customer-1,-1.5462002754211426,-2.549999952316284,0.44898974496945243,0.0,6.4206886986653835,0,0,customer-2,8.041228294372559,-2.200000047683716,0.4152497042610648,0.0,8.417452433925645,0,0
3,670,26.799999999999606,to_table,1.5513893365859985,3.1021642684936523,0.01726128366040399,0.8994796276092529,0.2499929666519165,0.8199999928474426,-0.12170230597257614,0.8199999928474426,-0.12170230597257614,0,nominal-sac-a-star,1.4694414615100144,99.0,99.0,0.829927864074707,99.0,waiter-2,0,,waiter-1,-8.171504974365234,2.200000047683716,0.4741536304412186,0.0,9.76465944430411,0,0,waiter-2,6.804989814758301,2.549999952316284,-0.500011781324865,0.0,5.282537592512888,0,0,customer-1,-1.5282411575317383,-2.549999952316284,0.4489939787531583,0.0,6.436698249825282,0,0,customer-2,8.05783748626709,-2.200000047683716,0.41525736282517656,0.0,8.393260031729811,0,0
3,671,26.839999999999606,to_table,1.6000630855560303,3.10307240486145,0.013344278989389583,0.8982808589935303,0.20909011363983154,0.8199999928474426,-0.13879121840000153,0.8199999928474426,-0.13879121840000153,0,nominal-sac-a-star,1.4006043843843639,99.0,99.0,0.7619045400619506,99.0,waiter-2,0,,waiter-1,-8.152539253234863,2.200000047683716,0.47415883578208806,0.0,9.794324482111472,0,0,waiter-2,6.784989356994629,2.549999952316284,-0.500011049960003,0.0,5.214340761593789,0,0,customer-1,-1.5102815628051758,-2.549999952316284,0.4489934441652821,0.0,6.452245415905708,0,0,customer-2,8.074447631835938,-2.200000047683716,0.4152554846461243,0.0,8.369004283070447,0,0
3,672,26.879999999999605,to_table,1.648611068725586,3.1036577224731445,0.008668929981675389,0.8927147388458252,0.20707881450653076,0.8199999928474426,-0.1541299819946289,0.8199999928474426,-0.1541299819946289,0,nominal-sac-a-star,1.3321220834918899,99.0,99.0,0.6934065246582031,99.0,waiter-2,0,,waiter-1,-8.133572578430176,2.200000047683716,0.47415450437979345,0.0,9.823833981694083,0,0,waiter-2,6.764988899230957,2.549999952316284,-0.500010318595141,0.0,5.146247082189303,0,0,customer-1,-1.4923219680786133,-2.549999952316284,0.4489929095774059,0.0,6.467557919755606,0,0,customer-2,8.091057777404785,-2.200000047683716,0.415253606467072,0.0,8.344693244039393,0,0
3,673,26.919999999999604,to_table,1.6975765228271484,3.1045007705688477,0.004613251895524589,0.887345552444458,0.21194136142730713,0.8199999928474426,-0.11659371852874756,0.8199999928474426,-0.11659371852874756,0,nominal-sac-a-star,1.2633822688959295,99.0,99.0,0.6252550506591796,99.0,waiter-2,0,,waiter-1,-8.114606857299805,2.200000047683716,0.4741597097206629,0.0,9.853784260016013,0,0,waiter-2,6.744988441467285,2.549999952316284,-0.5000095872302701,0.0,5.077778868154192,0,0,customer-1,-1.4743623733520508,-2.549999952316284,0.4489923749895297,0.0,6.483407652323198,0,0,customer-2,8.107667922973633,-2.200000047683716,0.4152517282880197,0.0,8.3202764791246,0,0
3,674,26.959999999999603,to_table,1.7462486028671265,3.104663610458374,0.0014909820181605092,0.8860940933227539,0.16603481769561768,0.8199999928474426,-0.13345946371555328,0.8199999928474426,-0.13345946371555328,0,nominal-sac-a-star,1.1946677095757394,99.0,99.0,0.5581018352508544,99.0,waiter-2,0,,waiter-1,-8.095640182495117,2.200000047683716,0.47415537831835053,0.0,9.883379534615234,0,0,waiter-2,6.724987983703613,2.549999952316284,-0.5000088558653992,0.0,5.009540657181619,0,0,customer-1,-1.4564027786254883,-2.549999952316284,0.4489918404016535,0.0,6.498630307960897,0,0,customer-2,8.12427806854248,-2.200000047683716,0.4152498501089674,0.0,8.29570469526468,0,0
3,675,26.999999999999602,to_table,1.7950745820999146,3.1048223972320557,-0.00010529100070215337,0.8398127555847168,0.8142738342285156,0.8199999928474426,-0.06991562992334366,0.8199999928474426,-0.06991562992334366,0,nominal-sac-a-star,1.1265967924521756,99.0,99.0,0.4923314476013183,99.0,waiter-2,0,,waiter-1,-8.07667350769043,2.200000047683716,0.4741510469160559,0.0,9.913128357512653,0,0,waiter-2,6.704987525939941,2.549999952316284,-0.5000081245005372,0.0,4.941161104585658,0,0,customer-1,-1.4384431838989258,-2.549999952316284,0.44899130581377733,0.0,6.51403507420566,0,0,customer-2,8.140887260437012,-2.200000047683716,0.4152575086730792,0.0,8.271062792690307,0,0
3,676,27.0399999999996,to_table,1.8438822031021118,3.1046626567840576,-0.002277796697077731,0.8786395788192749,0.128290057182312,0.8199999928474426,-0.11771834641695023,0.8199999928474426,-0.11771834641695023,0,nominal-sac-a-star,1.059204474338519,99.0,99.0,0.4262306118011474,99.0,waiter-2,0,,waiter-1,-8.057707786560059,2.200000047683716,0.47415625225692537,0.0,9.942831526264655,0,0,waiter-2,6.6849870681762695,2.549999952316284,-0.5000073931356752,0.0,4.87277611125036,0,0,customer-1,-1.4204835891723633,-2.549999952316284,0.44899077122590114,0.0,6.529264372693852,0,0,customer-2,8.15749740600586,-2.200000047683716,0.4152556304940269,0.0,8.24628300135938,0,0
3,677,27.0799999999996,to_table,1.892655849456787,3.104816436767578,-0.005042309104444149,0.8750452995300293,0.17976748943328857,0.8199999928474426,-0.12256790697574615,0.8199999928474426,-0.12256790697574615,0,nominal-sac-a-star,0.991556677932032,99.0,99.0,0.3600191497802734,99.0,waiter-2,0,,waiter-1,-8.038741111755371,2.200000047683716,0.47415192085463076,0.0,9.972529182666193,0,0,waiter-2,6.664986610412598,2.549999952316284,-0.5000066617708043,0.0,4.804473147326766,0,0,customer-1,-1.4025239944458008,-2.549999952316284,0.44899023663802495,0.0,6.544857416163727,0,0,customer-2,8.174107551574707,-2.200000047683716,0.41525375231497463,0.0,8.221782861383916,0,0
3,678,27.1199999999996,to_table,1.9414170980453491,3.104698657989502,-0.008259376231896414,0.8711533546447754,0.17425382137298584,0.8199999928474426,-0.13767817616462708,0.8199999928474426,-0.13767817616462708,0,nominal-sac-a-star,0.9238164355497092,99.0,99.0,0.29358369350433344,99.0,waiter-2,0,,waiter-1,-8.019775390625,2.200000047683716,0.4741571261955002,0.0,10.002191528451743,0,0,waiter-2,6.644986629486084,2.549999952316284,-0.5000106987775155,0.0,4.736164797721164,0,0,customer-1,-1.3845648765563965,-2.549999952316284,0.4489944704217308,0.0,6.560318015825903,0,0,customer-2,8.190717697143555,-2.200000047683716,0.41525187413592235,0.0,8.197169409976855,0,0
3,679,27.1599999999996,to_table,1.9888339042663574,3.1045382022857666,-0.009051047800446412,-0.2353772521018982,0.9158618450164795,0.7799999713897705,-0.011916721239686012,0.7799999713897705,-0.011916721239686012,0,nominal-sac-a-star,0.9486609390337062,99.0,99.0,0.3416708135604858,99.0,waiter-2,0,,waiter-1,-8.000808715820312,2.200000047683716,0.4741527947931967,0.0,10.030510901752859,0,0,waiter-2,6.624986171722412,2.549999952316284,-0.5000099674126535,0.0,4.669199130227488,0,0,customer-1,-1.366605281829834,-2.549999952316284,0.4489939358338546,0.0,6.575163410398273,0,0,customer-2,8.207327842712402,-2.200000047683716,0.41524999595687007,0.0,8.17360342247405,0,0
3,680,27.199999999999598,to_table,2.0292959213256836,3.102897882461548,-0.002802106976049421,0.8787695169448853,0.22918176651000977,0.8199999928474426,-0.10637200623750687,0.41999998688697815,0.41999998688697815,1,dwa-left-arc,2.137120378255684,-0.11809908807913105,99.0,1.3199493312835693,99.0,waiter-2,0,,waiter-1,-7.981842994689941,2.200000047683716,0.47415800013406617,0.0,10.051772326102945,0,0,waiter-2,6.60498571395874,2.549999952316284,-0.5000092360477915,0.0,4.608973117687416,0,0,customer-1,-1.3486456871032715,-2.549999952316284,0.4489934012459784,0.0,6.585267150267444,0,0,customer-2,8.223937034606934,-2.200000047683716,0.41525765452098184,0.0,8.154404023587087,0,0
3,681,27.239999999999597,to_table,2.061721086502075,3.1031241416931152,0.006352356305716518,0.8715472221374512,-0.09911221265792847,0.8199999928474426,-0.16254013776779175,0.41999998688697815,0.41999998688697815,1,dwa-left-arc,2.0847844458427023,-0.08909840277372527,99.0,1.2717925930023193,99.0,waiter-2,0,,waiter-1,-7.962876319885254,2.200000047683716,0.4741536687317627,0.0,10.06519678343786,0,0,waiter-2,6.584985256195068,2.549999952316284,-0.5000085046829206,0.0,4.556957879737558,0,0,customer-1,-1.330686092376709,-2.549999952316284,0.44899286665810223,0.0,6.592893028828687,0,0,customer-2,8.240547180175781,-2.200000047683716,0.41525577634192956,0.0,8.142543709665718,0,0
3,682,27.279999999999596,to_table,2.0903332233428955,3.101271867752075,0.020930332983318905,0.8691227436065674,-0.1193895936012268,0.8199999928474426,-0.189674511551857,0.41999998688697815,0.41999998688697815,1,dwa-left-arc,2.0431406208986305,-0.06981077344166653,99.0,1.2289938354492187,99.0,waiter-2,0,,waiter-1,-7.943910598754883,2.200000047683716,0.47415887407263213,0.0,10.074638453808491,0,0,waiter-2,6.564985275268555,2.549999952316284,-0.5000125416896317,0.0,4.508482195878204,0,0,customer-1,-1.3127264976501465,-2.549999952316284,0.44899233207022604,0.0,6.596793815858124,0,0,customer-2,8.257157325744629,-2.200000047683716,0.4152538981628773,0.0,8.13223237686622,0,0
3,683,27.319999999999595,to_table,2.117605209350586,3.100526809692383,0.034937150505214946,0.983283281326294,-0.9414599537849426,0.8199999928474426,-0.26228365302085876,0.41999998688697815,0.41999998688697815,1,dwa-left-arc,2.008926024795919,-0.057033687239940845,99.0,1.1881684684753417,99.0,waiter-2,0,,waiter-1,-7.924943923950195,2.200000047683716,0.4741545426703375,0.0,10.082843921426836,0,0,waiter-2,6.544984817504883,2.549999952316284,-0.5000118103247697,0.0,4.461476214818689,0,0,customer-1,-1.294766902923584,-2.549999952316284,0.44899179748234985,0.0,6.600964787120336,0,0,customer-2,8.273767471313477,-2.200000047683716,0.415252019983825,0.0,8.123664121649872,0,0
3,684,27.359999999999594,to_table,2.1454248428344727,3.101148843765259,0.047836997880052363,0.8588929176330566,0.08906018733978271,0.8199999928474426,-0.16092835366725922,0.41999998688697815,0.41999998688697815,1,dwa-left-arc,1.976149603670766,-0.04513738993456351,99.0,1.1473454856872558,99.0,waiter-2,0,,waiter-1,-7.905977725982666,2.200000047683716,0.47415497963962494,0.0,10.091717532367966,0,0,waiter-2,6.524984359741211,2.549999952316284,-0.5000110789599077,0.0,4.414103154965209,0,0,customer-1,-1.2768073081970215,-2.549999952316284,0.44899126289447366,0.0,6.606599398405168,0,0,customer-2,8.290377616882324,-2.200000047683716,0.4152501418047727,0.0,8.115579102232266,0,0
3,685,27.399999999999594,to_table,2.172335147857666,3.1028149127960205,0.059926892877867496,0.8631243705749512,0.3557136058807373,0.8199999928474426,-0.15429385006427765,0.41999998688697815,0.41999998688697815,1,dwa-left-arc,1.9427072432394261,-0.03211043689193582,99.0,1.107926788330078,99.0,waiter-2,0,,waiter-1,-7.887011528015137,2.200000047683716,0.47415541660891236,0.0,10.099778721638458,0,0,waiter-2,6.504983901977539,2.549999952316284,-0.5000103475950368,0.0,4.367773987640238,0,0,customer-1,-1.258847713470459,-2.549999952316284,0.4489907283065975,0.0,6.612664495277717,0,0,customer-2,8.306986808776855,-2.200000047683716,0.4152578003688845,0.0,8.108871530978048,0,0
3,686,27.439999999999593,to_table,2.198638677597046,3.105058431625366,0.07116118128534696,0.862544059753418,0.39797449111938477,0.8199999928474426,-0.17745380103588104,0.41999998688697815,0.41999998688697815,1,dwa-left-arc,1.910076739599116,-0.019316180519946657,99.0,1.0694357776641845,99.0,waiter-2,0,,waiter-1,-7.868045330047607,2.200000047683716,0.4741558535781909,0.0,10.107287350625374,0,0,waiter-2,6.484983444213867,2.549999952316284,-0.5000096162301659,0.0,4.32213389123432,0,0,customer-1,-1.2408881187438965,-2.549999952316284,0.4489901937187213,0.0,6.6189145566728795,0,0,customer-2,8.323596954345703,-2.200000047683716,0.4152559221898322,0.0,8.103009278089287,0,0
3,687,27.479999999999592,to_table,2.225705146789551,3.106661081314087,0.08313316355709979,0.8614809513092041,0.4363257884979248,0.8199999928474426,-0.2032681554555893,0.41999998688697815,0.41999998688697815,1,dwa-left-arc,1.877754934623703,-0.006244247392287905,99.0,1.030935707092285,99.0,waiter-2,0,,waiter-1,-7.849079132080078,2.200000047683716,0.4741562905474783,0.0,10.115498628128142,0,0,waiter-2,6.464982986450195,2.549999952316284,-0.5000088848653039,0.0,4.275669329400361,0,0,customer-1,-1.2229290008544922,-2.549999952316284,0.44899442750242713,0.0,6.625020115719557,0,0,customer-2,8.34020709991455,-2.200000047683716,0.4152540440107799,0.0,8.09615874799807,0,0
3,688,27.51999999999959,to_table,2.252223014831543,3.1091396808624268,0.09502571027441913,0.8580234050750732,0.5001943111419678,0.8199999928474426,-0.17502561211585999,0.41999998688697815,0.41999998688697815,1,dwa-left-arc,1.8453569532565648,0.007463972597395507,99.0,0.9938046360015869,99.0,waiter-2,0,,waiter-1,-7.830112934112549,2.200000047683716,0.47415672751676574,0.0,10.123242220750557,0,0,waiter-2,6.444982528686523,2.549999952316284,-0.5000081535004419,0.0,4.2298781988445135,0,0,customer-1,-1.2049694061279297,-2.549999952316284,0.44899389291455094,0.0,6.631594138919668,0,0,customer-2,8.356817245483398,-2.200000047683716,0.41525216583172764,0.0,8.090305023800704,0,0
3,689,27.55999999999959,to_table,2.2763969898223877,3.1098012924194336,0.10972044330868366,0.8422341346740723,0.4705376625061035,0.8199999928474426,-0.20629529654979706,0.30000001192092896,0.44999998807907104,1,dwa-left-arc,1.956439223782639,-0.07856083859677288,99.0,1.2881574058532714,99.0,waiter-2,0,,waiter-1,-7.8111467361450195,2.200000047683716,0.4741571644860443,0.0,10.128488373307592,0,0,waiter-2,6.424982070922852,2.549999952316284,-0.500007422135571,0.0,4.186183908467307,0,0,customer-1,-1.1870098114013672,-2.549999952316284,0.44899335832667475,0.0,6.635400274337257,0,0,customer-2,8.373427391052246,-2.200000047683716,0.41525028765267535,0.0,8.085033703385678,0,0
3,690,27.59999999999959,to_table,2.2982616424560547,3.110360622406006,0.12430137271486397,0.8230869770050049,0.4983706474304199,0.8199999928474426,-0.23011547327041626,0.30000001192092896,0.44999998807907104,1,dwa-left-arc,1.923962117108445,-0.07034293382341361,99.0,1.2533811950683593,99.0,waiter-2,0,,waiter-1,-7.79218053817749,2.200000047683716,0.4741576014553317,0.0,10.13142535760479,0,0,waiter-2,6.40498161315918,2.549999952316284,-0.5000066907707001,0.0,4.144774179416205,0,0,customer-1,-1.1690502166748047,-2.549999952316284,0.44899282373879856,0.0,6.637916342071505,0,0,customer-2,8.390036582946777,-2.200000047683716,0.41525794621678713,0.0,8.0814387563123,0,0
3,691,27.63999999999959,to_table,2.318465232849121,3.111319065093994,0.13905730937610045,0.8222131729125977,0.5452330112457275,0.8199999928474426,-0.2513601779937744,0.30000001192092896,0.44999998807907104,1,dwa-left-arc,1.8937234579703535,-0.06342926227587242,99.0,1.2208151245117187,99.0,waiter-2,0,,waiter-1,-7.773214340209961,2.200000047683716,0.4741580384246191,0.0,10.132743900681175,0,0,waiter-2,6.384981632232666,2.549999952316284,-0.5000107277774202,0.0,4.105074271292161,0,0,customer-1,-1.1510906219482422,-2.549999952316284,0.4489922891509224,0.0,6.639905936566416,0,0,customer-2,8.406646728515625,-2.200000047683716,0.41525606803773485,0.0,8.079360410449198,0,0
3,692,27.679999999999588,to_table,2.3379790782928467,3.1125950813293457,0.15151662797670845,0.8694028854370117,0.9353227615356445,0.8199999928474426,-0.2329772710800171,0.30000001192092896,0.44999998807907104,1,dwa-left-arc,1.8654516536205834,-0.05791191470638102,99.0,1.1885203742980956,99.0,waiter-2,0,,waiter-1,-7.754247665405273,2.200000047683716,0.4741537070223245,0.0,10.13340368985911,0,0,waiter-2,6.364981174468994,2.549999952316284,-0.5000099964125582,0.0,4.0661110611733555,0,0,customer-1,-1.1331310272216797,-2.549999952316284,0.4489917545630462,0.0,6.641806070616125,0,0,customer-2,8.423256874084473,-2.200000047683716,0.41525418985868257,0.0,8.078011689566184,0,0
3,693,27.719999999999587,to_table,2.3554136753082275,3.1147890090942383,0.16284618176446122,0.8026330471038818,0.2337709665298462,0.8026330471038818,-0.3443637788295746,0.30000001192092896,0.44999998807907104,1,dwa-left-arc,1.836667616416772,-0.051387747412298346,99.0,1.1583806896209716,99.0,waiter-2,0,,waiter-1,-7.735281944274902,2.200000047683716,0.47415891236319396,0.0,10.132076634678238,0,0,waiter-2,6.344980716705322,2.549999952316284,-0.5000092650476873,0.0,4.02934633116317,0,0,customer-1,-1.1151714324951172,-2.549999952316284,0.44899121997517,0.0,6.643402363836234,0,0,customer-2,8.43986701965332,-2.200000047683716,0.4152523116796303,0.0,8.078833778309768,0,0
3,694,27.759999999999586,to_table,2.3727591037750244,3.1187736988067627,0.17750271617676971,0.9778444766998291,-0.9531388878822327,0.8199999928474426,-0.5155022144317627,0.30000001192092896,0.44999998807907104,1,dwa-left-arc,1.8095874465324353,-0.04612192504452539,99.0,1.1307312870025634,99.0,waiter-2,0,,waiter-1,-7.716315269470215,2.200000047683716,0.47415458096089047,0.0,10.130822608794993,0,0,waiter-2,6.32498025894165,2.549999952316284,-0.5000085336828164,0.0,3.9929382206645063,0,0,customer-1,-1.0972118377685547,-2.549999952316284,0.4489906853872938,0.0,6.6464797481692335,0,0,customer-2,8.456477165222168,-2.200000047683716,0.415250433500578,0.0,8.080902153691415,0,0
3,695,27.799999999999585,to_table,2.3903963565826416,3.1218454837799072,0.1938895913299854,0.7574584484100342,0.3362550735473633,0.7799999713897705,-0.4004954397678375,0.30000001192092896,0.44999998807907104,1,dwa-left-arc,1.785479880839017,-0.04395073317853626,99.0,1.1038178825378417,99.0,waiter-2,0,,waiter-1,-7.6973490715026855,2.200000047683716,0.4741550179301779,0.0,10.129778222148193,0,0,waiter-2,6.304980278015137,2.549999952316284,-0.5000125706895364,0.0,3.9561312654906593,0,0,customer-1,-1.0792522430419922,-2.549999952316284,0.4489901507994176,0.0,6.648931647704192,0,0,customer-2,8.4730863571167,-2.200000047683716,0.4152580920646898,0.0,8.08215054941173,0,0
3,696,27.839999999999584,to_table,2.407933235168457,3.125093698501587,0.2103045991120264,0.8017300367355347,0.45525431632995605,0.8017300367355347,-0.35679543018341064,0.30000001192092896,0.44999998807907104,1,dwa-left-arc,1.7620393770100555,-0.04193020408591086,99.0,1.0776550197601318,99.0,waiter-2,0,,waiter-1,-7.678382873535156,2.200000047683716,0.4741554548994653,0.0,10.128650991493267,0,0,waiter-2,6.284979820251465,2.549999952316284,-0.5000118393246744,0.0,3.919467188254707,0,0,customer-1,-1.061293125152588,-2.549999952316284,0.44899438458312346,0.0,6.651482502773327,0,0,customer-2,8.489696502685547,-2.200000047683716,0.4152562138856375,0.0,8.083592508766259,0,0
3,697,27.879999999999583,to_table,2.4253642559051514,3.1286237239837646,0.2265550568329455,0.8204762935638428,0.5029449462890625,0.8199999928474426,-0.3853164315223694,0.30000001192092896,0.44999998807907104,1,dwa-left-arc,1.7389593471269922,-0.03990008512017529,99.0,1.0522026443481445,99.0,waiter-2,0,,waiter-1,-7.659416675567627,2.200000047683716,0.47415589186874385,0.0,10.127445303134547,0,0,waiter-2,6.264979362487793,2.549999952316284,-0.5000111079598035,0.0,3.882969177811785,0,0,customer-1,-1.0433335304260254,-2.549999952316284,0.4489938499952473,0.0,6.654219051844798,0,0,customer-2,8.506306648254395,-2.200000047683716,0.4152543357065852,0.0,8.085300964036522,0,0
3,698,27.919999999999582,to_table,2.442729949951172,3.132427453994751,0.24270864361711583,0.826434850692749,0.5311702489852905,0.8199999928474426,-0.41762056946754456,0.30000001192092896,0.44999998807907104,1,dwa-left-arc,1.7161616263891577,-0.03779724011280061,99.0,1.027461233139038,99.0,waiter-2,0,,waiter-1,-7.640450477600098,2.200000047683716,0.47415632883803127,0.0,10.126201084443906,0,0,waiter-2,6.244978904724121,2.549999952316284,-0.5000103765949326,0.0,3.8465983555322496,0,0,customer-1,-1.025373935699463,-2.549999952316284,0.4489933154073711,0.0,6.657155983575853,0,0,customer-2,8.522916793823242,-2.200000047683716,0.4152524575275329,0.0,8.087240265817002,0,0
3,699,27.95999999999958,to_table,2.4600400924682617,3.1365087032318115,0.2587475540123403,0.830703616142273,0.5559632778167725,0.8199999928474426,-0.45202216506004333,0.30000001192092896,0.44999998807907104,1,dwa-left-arc,1.6936493211661563,-0.035625908318427824,99.0,1.0034233951568603,99.0,waiter-2,0,,waiter-1,-7.621484279632568,2.200000047683716,0.4741567658073187,0.0,10.124928746770495,0,0,waiter-2,6.224978446960449,2.549999952316284,-0.5000096452300706,0.0,3.8103481898675393,0,0,customer-1,-1.0074143409729004,-2.549999952316284,0.4489927808194949,0.0,6.660301865352214,0,0,customer-2,8.53952693939209,-2.200000047683716,0.41525057934848064,0.0,8.089405785996759,0,0
3,700,27.99999999999958,to_table,2.4772775173187256,3.1408793926239014,0.2746623032706748,0.8010557889938354,0.5336177349090576,0.8010557889938354,-0.4939378798007965,0.30000001192092896,0.44999998807907104,1,dwa-left-arc,1.6714044289410477,-0.03336550523002191,99.0,0.9801127338409423,99.0,waiter-2,0,,waiter-1,-7.602518081665039,2.200000047683716,0.4741572027766061,0.0,10.123612658484497,0,0,waiter-2,6.204977989196777,2.549999952316284,-0.5000089138652086,0.0,3.774240230962795,0,0,customer-1,-0.9894542694091797,-2.549999952316284,0.4489874778600367,0.0,6.663657929379065,0,0,customer-2,8.556136131286621,-2.200000047683716,0.4152582379125924,0.0,8.091817796052522,0,0
3,701,28.03999999999958,to_table,2.492619276046753,3.1436264514923096,0.28213013025796857,0.7986147403717041,0.5500891208648682,0.20000000298023224,-0.5332649946212769,0.18000000715255737,0.0,1,dwa-slow-forward,1.4475705178759397,0.17387685022953536,99.0,1.2374774837493896,99.0,waiter-2,0,,waiter-1,-7.58355188369751,2.200000047683716,0.47415763974589353,0.0,10.12025968196601,0,0,waiter-2,6.1849775314331055,2.549999952316284,-0.5000081825003377,0.0,3.739772975281218,0,0,customer-1,-0.9714956283569336,-2.549999952316284,0.44899648001532455,0.0,6.66464355363872,0,0,customer-2,8.572746276855469,-2.200000047683716,0.41525635973354014,0.0,8.094583899661515,0,0
3,702,28.07999999999958,to_table,2.5035464763641357,3.1468145847320557,0.2821891652407767,0.5850586891174316,0.7864518165588379,0.20000000298023224,-0.5315221548080444,0.18000000715255737,0.0,1,dwa-slow-forward,1.4160376454561403,0.17652913568583262,99.0,1.2093042755126953,99.0,waiter-2,0,,waiter-1,-7.5645856857299805,2.200000047683716,0.47415807671517207,0.0,10.112553732908419,0,0,waiter-2,6.164977073669434,2.549999952316284,-0.5000074511354669,0.0,3.709752245682857,0,0,customer-1,-0.9535360336303711,-2.549999952316284,0.44899594542744836,0.0,6.663716331780279,0,0,customer-2,8.589356422424316,-2.200000047683716,0.41525448155448785,0.0,8.100957314600567,0,0
3,703,28.119999999999578,to_table,2.5144104957580566,3.1498565673828125,0.27363336871948885,0.5991002321243286,0.7939878702163696,0.20000000298023224,-0.5474597811698914,0.20000000298023224,-0.5474597811698914,0,nominal-sac-a-star,1.3760815040243881,0.17746941414085593,99.0,1.1297284984588623,99.0,waiter-2,0,,waiter-1,-7.545619010925293,2.200000047683716,0.47415374531287746,0.0,10.104772193540759,0,0,waiter-2,6.144976615905762,2.549999952316284,-0.5000067197706048,0.0,3.679787807931788,0,0,customer-1,-0.9355764389038086,-2.549999952316284,0.2625338440737579,0.0,6.662640181976952,0,0,customer-2,8.605966567993164,-2.200000047683716,0.41525260337543557,0.0,8.107281984916739,0,0
3,704,28.159999999999577,to_table,2.525477170944214,3.1528377532958984,0.259406284352609,0.31611180305480957,0.873971700668335,0.20000000298023224,-0.5444336533546448,0.20000000298023224,-0.5444336533546448,0,nominal-sac-a-star,1.32514712692082,99.0,99.0,1.0966781997680664,99.0,waiter-2,0,,waiter-1,-7.526653289794922,2.200000047683716,0.4741589506537469,0.0,10.097189039180948,0,0,waiter-2,6.124976634979248,2.549999952316284,-0.5000107567773249,0.0,3.64963146165177,0,0,customer-1,-0.9176168441772461,-2.549999952316284,-0.0966575158696159,0.0,6.661625499344528,0,0,customer-2,8.622576713562012,-2.200000047683716,0.4152507251963833,0.0,8.113414531267734,0,0
3,705,28.199999999999577,to_table,2.5386343002319336,3.1563689708709717,0.2628525415961886,0.30351436138153076,0.8684241771697998,0.7799999713897705,-0.45389777421951294,0.30000001192092896,0.44999998807907104,1,dwa-left-arc,1.5279735414006956,0.015897859764457345,99.0,0.8338267230987548,99.0,waiter-2,0,,waiter-1,-7.507686614990234,2.200000047683716,0.4741546192514434,0.0,10.09173946596268,0,0,waiter-2,6.104976177215576,2.549999952316284,-0.500010025412454,0.0,3.617523706928565,0,0,customer-1,-0.900342583656311,-2.549999952316284,-0.44898838119933226,0.0,6.662522667536297,0,0,customer-2,8.639185905456543,-2.200000047683716,0.41525838376049506,0.0,8.118338435353694,0,0
3,706,28.239999999999576,to_table,2.551724433898926,3.1595091819763184,0.2652419579892161,0.7771686315536499,0.5621324777603149,0.20000000298023224,-0.5090433955192566,0.18000000715255737,0.0,1,dwa-slow-forward,1.2944286287363296,0.18185864148249253,99.0,1.0877227210998535,99.0,waiter-2,0,,waiter-1,-7.488720417022705,2.200000047683716,0.47415505622073084,0.0,10.086188109647253,0,0,waiter-2,6.084975719451904,2.549999952316284,-0.5000092940475831,0.0,3.5854380691768397,0,0,customer-1,-0.9183021187782288,-2.549999952316284,-0.4489884426579016,0.0,6.68128571690024,0,0,customer-2,8.65579605102539,-2.200000047683716,0.4152565055814428,0.0,8.123055428212957,0,0
3,707,28.279999999999575,to_table,2.562452793121338,3.1624245643615723,0.26524415620618286,0.5309722423553467,0.7761776447296143,0.20000000298023224,-0.5001640319824219,0.18000000715255737,0.0,1,dwa-slow-forward,1.264291097117948,0.18420570816231518,99.0,1.0599972629547119,99.0,waiter-2,0,,waiter-1,-7.469754219055176,2.200000047683716,0.47415549319001826,0.0,10.078265648685106,0,0,waiter-2,6.064975261688232,2.549999952316284,-0.5000085626827211,0.0,3.555661337677529,0,0,customer-1,-0.9362616539001465,-2.549999952316284,-0.44898850411646984,0.0,6.6987160441788465,0,0,customer-2,8.672406196594238,-2.200000047683716,0.4152546274023905,0.0,8.129399012994696,0,0
3,708,28.319999999999574,to_table,2.57326602935791,3.165226697921753,0.2571464563060785,0.5273351669311523,0.7794308662414551,0.20000000298023224,-0.5124582648277283,0.20000000298023224,-0.5124582648277283,0,nominal-sac-a-star,1.2082039316562612,0.18601761831797314,99.0,0.981325569152832,99.0,waiter-2,0,,waiter-1,-7.4507880210876465,2.200000047683716,0.4741559301593057,0.0,10.070418168704997,0,0,waiter-2,6.044975280761719,2.549999952316284,-0.5000125996894411,0.0,3.52580048709383,0,0,customer-1,-0.9542211890220642,-2.549999952316284,-0.4489885655750381,0.0,6.716173146921182,0,0,customer-2,8.689016342163086,-2.200000047683716,0.4152527492233382,0.0,8.13560445943243,0,0
3,709,28.359999999999573,to_table,2.584279775619507,3.167893886566162,0.24382599381295353,0.2035590410232544,0.855918288230896,0.20000000298023224,-0.5062655806541443,0.20000000298023224,-0.5062655806541443,0,nominal-sac-a-star,1.1744124328156857,99.0,99.0,0.9488591575622558,99.0,waiter-2,0,,waiter-1,-7.431821823120117,2.200000047683716,0.4741563671285931,0.0,10.062758554174946,0,0,waiter-2,6.024974822998047,2.549999952316284,-0.5000118683245702,0.0,3.495736735373247,0,0,customer-1,-0.9721807241439819,-2.549999952316284,-0.4489886270336063,0.0,6.73370041204001,0,0,customer-2,8.705626487731934,-2.200000047683716,0.41525087104428593,0.0,8.141570540089072,0,0
3,710,28.399999999999572,to_table,2.595482349395752,3.170466899871826,0.22921119943844187,0.17383432388305664,0.8527007102966309,0.20000000298023224,-0.5035252571105957,0.20000000298023224,-0.5035252571105957,0,nominal-sac-a-star,1.1424054241670234,99.0,99.0,0.9158449792861938,99.0,waiter-2,0,,waiter-1,-7.412855625152588,2.200000047683716,0.47415680409787164,0.0,10.05527895803902,0,0,waiter-2,6.004974365234375,2.549999952316284,-0.5000111369596993,0.0,3.4654891486017108,0,0,customer-1,-0.9901402592658997,-2.549999952316284,-0.44898868849217566,0.0,6.751328054444439,0,0,customer-2,8.722236633300781,-2.200000047683716,0.41524899286523365,0.0,8.147332894274983,0,0
3,711,28.43999999999957,to_table,2.6067512035369873,3.1727182865142822,0.2139080367816249,0.08447694778442383,0.8495473861694336,0.20000000298023224,-0.4996369481086731,0.20000000298023224,-0.4996369481086731,0,nominal-sac-a-star,1.109952670464013,99.0,99.0,0.8825389766693115,99.0,waiter-2,0,,waiter-1,-7.393889427185059,2.200000047683716,0.47415724106715906,0.0,10.04783527915353,0,0,waiter-2,5.984973907470703,2.549999952316284,-0.5000104055948373,0.0,3.4351370803971646,0,0,customer-1,-1.0080997943878174,-2.549999952316284,-0.4489887499507428,0.0,6.768799877248697,0,0,customer-2,8.738845825195312,-2.200000047683716,0.4152566514293454,0.0,8.152833050394094,0,0
3,712,28.47999999999957,to_table,2.618159294128418,3.1750080585479736,0.198646332348243,-0.02936077117919922,0.8479263782501221,0.20000000298023224,-0.49454134702682495,0.20000000298023224,-0.49454134702682495,0,nominal-sac-a-star,1.0772661235195065,99.0,99.0,0.8492713594436645,99.0,waiter-2,0,,waiter-1,-7.374923229217529,2.200000047683716,0.4741576780364465,0.0,10.040534793508346,0,0,waiter-2,5.964973449707031,2.549999952316284,-0.5000096742299753,0.0,3.4046732772524164,0,0,customer-1,-1.0260593891143799,-2.549999952316284,-0.4489882153628644,0.0,6.786460530774183,0,0,customer-2,8.75545597076416,-2.200000047683716,0.41525477325029314,0.0,8.158254877061669,0,0
3,713,28.51999999999957,to_table,2.629711866378784,3.1773791313171387,0.18359089800512798,-0.11739712953567505,0.8416030406951904,0.20000000298023224,-0.4908870756626129,0.20000000298023224,-0.4908870756626129,0,nominal-sac-a-star,1.0445837965507319,99.0,99.0,0.8161109113693237,99.0,waiter-2,0,,waiter-1,-7.35595703125,2.200000047683716,0.474158115005725,0.0,10.033386925968466,0,0,waiter-2,5.944972991943359,2.549999952316284,-0.5000089428651044,0.0,3.3741015048340617,0,0,customer-1,-1.0440188646316528,-2.549999952316284,-0.44898887286788147,0.0,6.8043492452704175,0,0,customer-2,8.772066116333008,-2.200000047683716,0.41525289507124086,0.0,8.163621902481927,0,0
3,714,28.55999999999957,to_table,2.641328811645508,3.179555892944336,0.1683436773189408,-0.20948272943496704,0.4581925868988037,0.20000000298023224,-0.5337492823600769,0.20000000298023224,-0.5337492823600769,0,nominal-sac-a-star,1.011955806930271,99.0,99.0,0.7828914546966552,99.0,waiter-2,0,,waiter-1,-7.3369903564453125,2.200000047683716,0.4741537836034304,0.0,10.02628460967835,0,0,waiter-2,5.9249725341796875,2.549999952316284,-0.5000082115002336,0.0,3.343449831972688,0,0,customer-1,-1.0619784593582153,-2.549999952316284,-0.44898833828000084,0.0,6.822191358165584,0,0,customer-2,8.788676261901855,-2.200000047683716,0.41525101689220634,0.0,8.16881281414379,0,0
3,715,28.599999999999568,to_table,2.653078317642212,3.1816864013671875,0.15253343805895306,-0.5675559043884277,0.8812551498413086,0.20000000298023224,-0.4798669219017029,0.20000000298023224,-0.4798669219017029,0,nominal-sac-a-star,0.9792707293162408,99.0,99.0,0.7494938993453979,99.0,waiter-2,0,,waiter-1,-7.318024635314941,2.200000047683716,0.47415898894429986,0.0,10.019311463143524,0,0,waiter-2,5.904972076416016,2.549999952316284,-0.5000074801353716,0.0,3.3126787934036943,0,0,customer-1,-1.0799379348754883,-2.549999952316284,-0.44898899578501794,0.0,6.840149033359041,0,0,customer-2,8.805286407470703,-2.200000047683716,0.4152491387131363,0.0,8.173873831693834,0,0
3,716,28.639999999999567,to_table,2.6648502349853516,3.1837575435638428,0.1369435635293327,-0.5769227147102356,0.8699908256530762,0.20000000298023224,-0.4781840741634369,0.20000000298023224,-0.4781840741634369,0,nominal-sac-a-star,0.9464321276431487,99.0,99.0,0.716272177696228,99.0,waiter-2,0,,waiter-1,-7.299057960510254,2.200000047683716,0.47415465754200525,0.0,10.012354635097822,0,0,waiter-2,5.884971618652344,2.549999952316284,-0.5000067487705095,0.0,3.281894332548404,0,0,customer-1,-1.0978975296020508,-2.549999952316284,-0.4489884611971373,0.0,6.8581517744556395,0,0,customer-2,8.821895599365234,-2.200000047683716,0.4152567972772303,0.0,8.178878494044739,0,0
3,717,28.679999999999566,to_table,2.676630973815918,3.1856067180633545,0.12170709798162967,-0.7407576441764832,0.8895502090454102,0.20000000298023224,-0.47377192974090576,0.20000000298023224,-0.47377192974090576,0,nominal-sac-a-star,0.913724774147211,99.0,99.0,0.6832115077972412,99.0,waiter-2,0,,waiter-1,-7.280091762542725,2.200000047683716,0.4741550945112927,0.0,10.00538595744402,0,0,waiter-2,5.86497163772583,2.549999952316284,-0.5000107857772207,0.0,3.251078613292049,0,0,customer-1,-1.1158571243286133,-2.549999952316284,-0.4489879266092589,0.0,6.876056271720827,0,0,customer-2,8.838505744934082,-2.200000047683716,0.41525491909816026,0.0,8.183731479600436,0,0
3,718,28.719999999999565,to_table,2.6893937587738037,3.1872894763946533,0.11286361775221829,-0.6262364387512207,0.8560707569122314,0.7799999713897705,-0.35956135392189026,0.30000001192092896,0.44999998807907104,1,dwa-left-arc,1.089404237756403,0.2196081690053806,99.0,0.4016578817367553,99.0,waiter-2,0,,waiter-1,-7.261125564575195,2.200000047683716,0.4741555314805712,0.0,9.999378741721218,0,0,waiter-2,5.844971179962158,2.549999952316284,-0.5000100544123498,0.0,3.219286690963354,0,0,customer-1,-1.1338165998458862,-2.549999952316284,-0.448988584114276,0.0,6.894449030564747,0,0,customer-2,8.85511589050293,-2.200000047683716,0.4152530409190902,0.0,8.187735817791076,0,0
3,719,28.759999999999565,to_table,2.7047669887542725,3.1889336109161377,0.12272288269876501,0.22641050815582275,0.3152022361755371,0.7799999713897705,-0.4248250722885132,0.30000001192092896,0.44999998807907104,1,dwa-left-arc,1.0562442700525185,0.2248222532329116,99.0,0.3775592470169067,99.0,waiter-2,0,,waiter-1,-7.242159366607666,2.200000047683716,0.47415596844985863,0.0,9.99596586186055,0,0,waiter-2,5.824970722198486,2.549999952316284,-0.5000093230474878,0.0,3.1849501657468684,0,0,customer-1,-1.1517760753631592,-2.549999952316284,-0.4489892416192909,0.0,6.914353393383061,0,0,customer-2,8.871726036071777,-2.200000047683716,0.41525116274002016,0.0,8.189749072351463,0,0
3,720,28.799999999999564,to_table,2.719581365585327,3.190978765487671,0.13320512661186093,0.1526707410812378,0.1518183946609497,0.7799999713897705,-0.469942182302475,0.30000001192092896,0.44999998807907104,1,dwa-left-arc,1.0330612172152343,0.23151749417398615,99.0,0.35507613658905024,99.0,waiter-2,0,,waiter-1,-7.223193168640137,2.200000047683716,0.47415640541914605,0.0,9.992037042444487,0,0,waiter-2,5.8049702644348145,2.549999952316284,-0.5000085916826258,0.0,3.15126617347349,0,0,customer-1,-1.1697356700897217,-2.549999952316284,-0.44898870703141247,0.0,6.934379831121893,0,0,customer-2,8.888336181640625,-2.200000047683716,0.4152492845609501,0.0,8.19244704253059,0,0
3,721,28.839999999999563,to_table,2.7343568801879883,3.1921863555908203,0.14438699531088903,0.35589301586151123,0.2336961030960083,0.7799999713897705,-0.4877232611179352,0.30000001192092896,0.44999998807907104,1,dwa-left-arc,1.011179235592793,0.23775219091932076,99.0,0.3331982517242431,99.0,waiter-2,0,,waiter-1,-7.204226970672607,2.200000047683716,0.4741568423884246,0.0,9.987986915799668,0,0,waiter-2,5.784970283508301,2.549999952316284,-0.5000126286893369,0.0,3.1174742201128502,0,0,customer-1,-1.1876952648162842,-2.549999952316284,-0.44898817244353184,0.0,6.953790090508085,0,0,customer-2,8.904945373535156,-2.200000047683716,0.41525694312504413,0.0,8.19462241728606,0,0
3,722,28.879999999999562,to_table,2.7515292167663574,3.192227363586426,0.16031555028940578,0.28333473205566406,0.3095524311065674,0.7799999713897705,-0.5058567523956299,0.30000001192092896,0.44999998807907104,1,dwa-left-arc,0.9895584729184566,0.24483183894647476,99.0,0.3122862005233764,99.0,waiter-2,0,,waiter-1,-7.185260772705078,2.200000047683716,0.474157279357712,0.0,9.986206003346979,0,0,waiter-2,5.764969825744629,2.549999952316284,-0.500011897324466,0.0,3.081116737747222,0,0,customer-1,-1.2056547403335571,-2.549999952316284,-0.44898882994854894,0.0,6.973699120110372,0,0,customer-2,8.921555519104004,-2.200000047683716,0.4152550649459741,0.0,8.194226078550155,0,0
3,723,28.91999999999956,to_table,2.7690176963806152,3.1929657459259033,0.17330133314795187,0.3091108798980713,0.32227420806884766,0.20000000298023224,-0.5371894240379333,0.30000001192092896,0.44999998807907104,1,dwa-left-arc,0.9686062619917886,0.254368205278668,99.0,0.2905100011825561,99.0,waiter-2,0,,waiter-1,-7.166294574737549,2.200000047683716,0.47415771632699943,0.0,9.98480900180453,0,0,waiter-2,5.744969367980957,2.549999952316284,-0.500011165959604,0.0,3.0446171127832997,0,0,customer-1,-1.2236143350601196,-2.549999952316284,-0.4489882953606683,0.0,6.9944810779408755,0,0,customer-2,8.938165664672852,-2.200000047683716,0.41525318676690404,0.0,8.194050689721639,0,0
3,724,28.95999999999956,to_table,2.7854490280151367,3.1958436965942383,0.1867824251344513,0.3166694641113281,0.36267518997192383,0.20000000298023224,-0.564594030380249,0.30000001192092896,0.44999998807907104,1,dwa-left-arc,0.9460746081955729,0.2637167758262664,99.0,0.27201909065246577,99.0,waiter-2,0,,waiter-1,-7.1473283767700195,2.200000047683716,0.47415815329628686,0.0,9.982573392972673,0,0,waiter-2,5.724968910217285,2.549999952316284,-0.500010434594742,0.0,3.0096330806071196,0,0,customer-1,-1.2415738105773926,-2.549999952316284,-0.4489889528656854,0.0,7.016525648800211,0,0,customer-2,8.954774856567383,-2.200000047683716,0.41526084533099805,0.0,8.196078994952732,0,0
3,725,28.99999999999956,to_table,2.803905487060547,3.198676586151123,0.203001440674369,0.3359835147857666,0.3935585021972656,0.20000000298023224,-0.5996592044830322,0.30000001192092896,0.44999998807907104,1,dwa-left-arc,0.926180110395844,0.2709109051992875,99.0,0.2547389888763427,99.0,waiter-2,0,,waiter-1,-7.128361701965332,2.200000047683716,0.47415382189399224,0.0,9.982348738783136,0,0,waiter-2,5.704968452453613,2.549999952316284,-0.5000097032298711,0.0,2.972700406105282,0,0,customer-1,-1.259533405303955,-2.549999952316284,-0.4489884182778048,0.0,7.039802381878774,0,0,customer-2,8.97138500213623,-2.200000047683716,0.15704099012346262,0.0,8.196554944950497,0,0
3,726,29.03999999999956,to_table,2.822371244430542,3.201761484146118,0.21958248367625233,0.36652636528015137,0.44052183628082275,0.20000000298023224,-0.6396255493164062,0.30000001192092896,0.44999998807907104,1,dwa-left-arc,0.9066662597448243,0.2795515723668045,99.0,0.23899692535400385,99.0,waiter-2,0,,waiter-1,-7.109395503997803,2.200000047683716,0.4741542588632708,0.0,9.982159922620463,0,0,waiter-2,5.684967994689941,2.549999952316284,-0.5000089718650003,0.0,2.93585647622101,0,0,customer-1,-1.2774930000305176,-2.549999952316284,-0.44898788368992637,0.0,7.063401903119083,0,0,customer-2,8.987995147705078,-2.200000047683716,-0.17516004307442046,0.0,8.197191333828126,0,0
3,727,29.079999999999558,to_table,2.841141939163208,3.204972505569458,0.23596636189322834,0.4314861297607422,0.5764038562774658,0.20000000298023224,-0.6721366047859192,0.30000001192092896,0.44999998807907104,1,dwa-left-arc,0.8878301180913342,0.28824346181032445,99.0,0.2241328382492065,99.0,waiter-2,0,,waiter-1,-7.090429306030273,2.200000047683716,0.4741546958325582,0.0,9.982288166520886,0,0,waiter-2,5.6649675369262695,2.549999952316284,-0.5000082405001383,0.0,2.8987894114779866,0,0,customer-1,-1.2954524755477905,-2.549999952316284,-0.44898854119494125,0.0,7.087391716480872,0,0,customer-2,8.995394706726074,-2.200000047683716,-0.4152480582363971,0.0,8.190760369372024,0,0
3,728,29.119999999999557,to_table,2.859764337539673,3.208484411239624,0.2524531344275475,0.38902485370635986,0.5586273670196533,0.7799999713897705,-0.23571375012397766,0.30000001192092896,0.44999998807907104,1,dwa-left-arc,0.8689967037817268,0.29727317802732633,99.0,0.2108513736724853,99.0,waiter-2,0,,waiter-1,-7.071463108062744,2.200000047683716,0.4741551328018456,0.0,9.982300300422917,0,0,waiter-2,5.644967079162598,2.549999952316284,-0.5000075091352763,0.0,2.8619846426190727,0,0,customer-1,-1.3134119510650635,-2.549999952316284,-0.44898919869995835,0.0,7.111648367368193,0,0,customer-2,8.978784561157227,-2.200000047683716,-0.4152461800573448,0.0,8.166646352050266,0,0
3,729,29.159999999999556,to_table,2.878533124923706,3.2122251987457275,0.26865294188207284,0.3478388786315918,0.5281515121459961,0.7799999713897705,-0.2689638137817383,0.30000001192092896,0.44999998807907104,1,dwa-left-arc,0.8508410690364294,0.3062244049567542,99.0,0.19861752033233637,99.0,waiter-2,0,,waiter-1,-7.052496910095215,2.200000047683716,0.47415556977112416,0.0,9.9824825225437,0,0,waiter-2,5.624966621398926,2.549999952316284,-0.5000067777704054,0.0,2.825144107398707,0,0,customer-1,-1.331371545791626,-2.549999952316284,-0.4489886641120777,0.0,7.136283068099415,0,0,customer-2,8.962174415588379,-2.200000047683716,-0.41524430187827477,0.0,8.142657641800273,0,0
3,730,29.199999999999555,to_table,2.897130012512207,3.2163562774658203,0.2849139658123122,0.42059576511383057,0.6089136600494385,0.7799999713897705,-0.2898494303226471,0.30000001192092896,0.44999998807907104,1,dwa-left-arc,0.8328335748328815,0.3153418287081049,99.0,0.18806261062622065,99.0,waiter-2,0,,waiter-1,-7.0335307121276855,2.200000047683716,0.4741560067404116,0.0,9.982534869146324,0,0,waiter-2,5.604966163635254,2.549999952316284,-0.5000060464055345,0.0,2.7886210523116386,0,0,customer-1,-1.3493311405181885,-2.549999952316284,-0.4489881295241993,0.0,7.161235681985556,0,0,customer-2,8.945565223693848,-2.200000047683716,-0.41525196044238655,0.0,8.119143079466532,0,0
3,731,29.239999999999554,to_table,2.91668438911438,3.2204816341400146,0.29904514910487784,0.5658667087554932,0.6721158027648926,0.7799999713897705,-0.314836710691452,0.30000001192092896,0.44999998807907104,1,dwa-left-arc,0.8155634740723665,0.32429836598018214,99.0,0.1763650798797607,99.0,waiter-2,0,,waiter-1,-7.014564514160156,2.200000047683716,0.474156443709699,0.0,9.983540827135833,0,0,waiter-2,5.58496618270874,2.549999952316284,-0.5000100834122545,0.0,2.751231254491035,0,0,customer-1,-1.3672906160354614,-2.549999952316284,-0.4489887870292142,0.0,7.186856029195227,0,0,customer-2,8.928955078125,-2.200000047683716,-0.4152500822633165,0.0,8.094999722107644,0,0
3,732,29.279999999999553,to_table,2.933702230453491,3.2251698970794678,0.3078798725483952,0.9292856454849243,0.9569967985153198,0.8199999928474426,-0.31177380681037903,0.30000001192092896,0.44999998807907104,1,dwa-left-arc,0.7964776382015673,0.33323614006942326,99.0,0.1634888076782226,99.0,waiter-2,0,,waiter-1,-6.995598316192627,2.200000047683716,0.4741568806789864,0.0,9.982083077481223,0,0,waiter-2,5.564965724945068,2.549999952316284,-0.5000093520473925,0.0,2.716505481635468,0,0,customer-1,-1.385250210762024,-2.549999952316284,-0.44898825244133356,0.0,7.211514194595419,0,0,customer-2,8.912344932556152,-2.200000047683716,-0.4152482040842642,0.0,8.073204908149377,0,0
3,733,29.319999999999553,to_table,2.95114803314209,3.2302327156066895,0.31644960245338244,0.7392482757568359,0.4284837245941162,0.7799999713897705,-0.4022875726222992,0.30000001192092896,0.44999998807907104,1,dwa-left-arc,0.7766021957729317,0.3421495953268521,99.0,0.15142601966857905,99.0,waiter-2,0,,waiter-1,-6.976632118225098,2.200000047683716,0.47415731764826496,0.0,9.981092028627728,0,0,waiter-2,5.5449652671813965,2.549999952316284,-0.5000086206825216,0.0,2.6815302451870684,0,0,customer-1,-1.4032096862792969,-2.549999952316284,-0.44898890994635066,0.0,7.236817038174211,0,0,customer-2,8.895734786987305,-2.200000047683716,-0.41524632590521193,0.0,8.051430900001845,0,0
3,734,29.359999999999552,to_table,2.968360424041748,3.2356858253479004,0.3238957957851469,0.7285585403442383,0.4176774024963379,0.7799999713897705,-0.43295106291770935,0.30000001192092896,0.44999998807907104,1,dwa-left-arc,0.756824726274677,0.3503822447250584,99.0,0.13990360736846918,99.0,waiter-2,0,,waiter-1,-6.95766544342041,2.200000047683716,0.47415298624596147,0.0,9.979911550288598,0,0,waiter-2,5.524965286254883,2.549999952316284,-0.5000126576892328,0.0,2.6469593003986613,0,0,customer-1,-1.4211692810058594,-2.549999952316284,-0.44898837535847225,0.0,7.262377775175356,0,0,customer-2,8.879124641418457,-2.200000047683716,-0.4152444477261419,0.0,8.03018147638622,0,0
3,735,29.39999999999955,to_table,2.9854979515075684,3.2414426803588867,0.3310416751968448,0.7183150053024292,0.3962365388870239,0.7799999713897705,-0.4663572609424591,0.30000001192092896,0.44999998807907104,1,dwa-left-arc,0.7371313332892833,0.3583992173188939,99.0,0.12946909904479975,99.0,waiter-2,0,,waiter-1,-6.938699722290039,2.200000047683716,0.4741581915868309,0.0,9.978692410619901,0,0,waiter-2,5.504964828491211,2.549999952316284,-0.5000119263243707,0.0,2.6126244258179754,0,0,customer-1,-1.4391288757324219,-2.549999952316284,-0.4489878407705916,0.0,7.288218597702688,0,0,customer-2,8.862515449523926,-2.200000047683716,-0.41525210629025366,0.0,8.009284214869526,0,0
3,736,29.43999999999955,to_table,3.0025711059570312,3.2474043369293213,0.33807150914131845,0.7067300081253052,0.3824421167373657,0.7799999713897705,-0.10576238483190536,0.30000001192092896,0.44999998807907104,1,dwa-left-arc,0.7179022389038936,0.366370364279774,99.0,0.12022024631500239,99.0,waiter-2,0,,waiter-1,-6.919733047485352,2.200000047683716,0.4741538601845363,0.0,9.97743331015297,0,0,waiter-2,5.484964370727539,2.549999952316284,-0.5000111949595087,0.0,2.5784974688092035,0,0,customer-1,-1.4570883512496948,-2.549999952316284,-0.4489884982756065,0.0,7.314264075572931,0,0,customer-2,8.845905303955078,-2.200000047683716,-0.4152502281111836,0.0,7.988665037351035,0,0
3,737,29.47999999999955,to_table,3.0195677280426025,3.2535171508789062,0.3449284226797327,0.6890395879745483,-0.6369652152061462,0.7799999713897705,-0.2423516809940338,0.30000001192092896,0.44999998807907104,1,dwa-left-arc,0.6992017991021724,0.3743733275596748,99.0,0.11209041118621821,1.9772680596529364,waiter-2,0,,waiter-1,-6.9007673263549805,2.200000047683716,0.4741590655253969,0.0,9.976118778274158,0,0,waiter-2,5.464963912963867,2.549999952316284,-0.5000104635946379,0.0,2.5445822741465594,0,0,customer-1,-1.4750478267669678,-2.549999952316284,-0.4489891557806236,0.0,7.340461821480664,0,0,customer-2,8.82929515838623,-2.200000047683716,-0.41524834993213133,0.0,7.96829860446416,0,0
3,738,29.51999999999955,to_table,3.03651762008667,3.259748935699463,0.35161363884638575,0.6029050350189209,0.050133466720581055,0.7799999713897705,-0.17476746439933777,0.30000001192092896,0.44999998807907104,1,dwa-left-arc,0.6809826153921643,0.3824358961262846,99.0,0.105054440498352,1.9541062200672465,waiter-2,0,,waiter-1,-6.881800651550293,2.200000047683716,0.4741547341230934,0.0,9.974773433173219,0,0,waiter-2,5.444963455200195,2.549999952316284,-0.500009732229767,0.0,2.5108474585464453,0,0,customer-1,-1.4930074214935303,-2.549999952316284,-0.4489886211927452,0.0,7.36680251154477,0,0,customer-2,8.812685012817383,-2.200000047683716,-0.4152464717530613,0.0,7.948142469181033,0,0
3,739,29.559999999999548,to_table,3.053436279296875,3.266098737716675,0.3581461681535706,0.5887807607650757,0.02627849578857422,0.7799999713897705,-0.19310002028942108,0.30000001192092896,0.44999998807907104,1,dwa-left-arc,0.6625247808755825,0.3905996709370705,99.0,0.09913653373718256,1.9311572949894278,waiter-2,0,,waiter-1,-6.862834453582764,2.200000047683716,0.4741551710923808,0.0,9.973414243109291,0,0,waiter-2,5.424962997436523,2.549999952316284,-0.500009000864905,0.0,2.4772840865153367,0,0,customer-1,-1.5109670162200928,-2.549999952316284,-0.44898808660486456,0.0,7.393293002196603,0,0,customer-2,8.796074867248535,-2.200000047683716,-0.415244593574009,0.0,7.928186039920296,0,0
3,740,29.599999999999547,to_table,3.070326566696167,3.272569417953491,0.36453000536220437,0.5743911266326904,0.0029996633529663086,0.7799999713897705,-0.21207314729690552,0.30000001192092896,0.44999998807907104,1,dwa-left-arc,0.6443134216426694,0.39887463467050366,99.0,0.09435552597045893,1.9084733074220868,waiter-2,0,,waiter-1,-6.843868255615234,2.200000047683716,0.47415560806166823,0.0,9.972044124891701,0,0,waiter-2,5.404962539672852,2.549999952316284,-0.500008269500043,0.0,2.443896838859617,0,0,customer-1,-1.5289264917373657,-2.549999952316284,-0.44898874410987943,0.0,7.419935496155878,0,0,customer-2,8.779465675354004,-2.200000047683716,-0.4152522521381208,0.0,7.908431318424097,0,0
3,741,29.639999999999546,to_table,3.0871875286102295,3.279160737991333,0.3707664083498069,0.559658408164978,-0.019517719745635986,0.7799999713897705,-0.2317846715450287,0.30000001192092896,0.44999998807907104,1,dwa-left-arc,0.6265869806502804,0.40725935831772575,99.0,0.09072476863861079,1.8861025220429626,waiter-2,0,,waiter-1,-6.824902057647705,2.200000047683716,0.47415604503094677,0.0,9.97066235319942,0,0,waiter-2,5.38496208190918,2.549999952316284,-0.5000075381351721,0.0,2.4106935411110317,0,0,customer-1,-1.5468859672546387,-2.549999952316284,-0.44898940161489653,0.0,7.446727571121748,0,0,customer-2,8.762855529785156,-2.200000047683716,-0.41525037395905073,0.0,7.8888788921392505,0,0
3,742,29.679999999999545,to_table,3.1040191650390625,3.2858715057373047,0.376858344389713,0.5974216461181641,0.5569635629653931,0.7799999713897705,-0.18057499825954437,0.30000001192092896,0.44999998807907104,1,dwa-left-arc,0.6087148704058787,0.4157517738832268,99.0,0.08825439453124995,1.8641104509722801,waiter-2,0,,waiter-1,-6.805935859680176,2.200000047683716,0.4741564820002253,0.0,9.969269051207993,0,0,waiter-2,5.364961624145508,2.549999952316284,-0.5000068067703012,0.0,2.377681170074021,0,0,customer-1,-1.5648455619812012,-2.549999952316284,-0.4489888670270181,0.0,7.473666671329309,0,0,customer-2,8.746245384216309,-2.200000047683716,-0.41524849577999845,0.0,7.8695300627804405,0,0
3,743,29.719999999999544,to_table,3.1208226680755615,3.2927002906799316,0.38280945544642364,0.4639008045196533,-0.24436253309249878,0.7799999713897705,-0.29581010341644287,0.30000001192092896,0.44999998807907104,1,dwa-left-arc,0.591030193021111,0.42435115759998543,99.0,0.08695143699645991,1.8425759796416639,waiter-2,0,,waiter-1,-6.7869696617126465,2.200000047683716,0.47415691896951273,0.0,9.96786550226547,0,0,waiter-2,5.344961166381836,2.549999952316284,-0.5000060754054392,0.0,2.344865849521794,0,0,customer-1,-1.5828051567077637,-2.549999952316284,-0.4489883324391375,0.0,7.500750685337032,0,0,customer-2,8.729635238647461,-2.200000047683716,-0.4152466176009284,0.0,7.8503844147191595,0,0
3,744,29.759999999999543,to_table,3.1375982761383057,3.299644708633423,0.3886232193942283,0.4542642831802368,-0.2525292634963989,0.7799999713897705,0.09472201764583588,0.30000001192092896,0.44999998807907104,1,dwa-left-arc,0.5738795684044693,0.4330578650374073,99.0,0.08681959152221674,1.8215994188941786,waiter-2,0,,waiter-1,-6.768003463745117,2.200000047683716,0.47415735593880015,0.0,9.966451936849777,0,0,waiter-2,5.324961185455322,2.549999952316284,-0.5000101124121592,0.0,2.3122551238411355,0,0,customer-1,-1.6007647514343262,-2.549999952316284,-0.44898779785125686,0.0,7.527976277888015,0,0,customer-2,8.713025093078613,-2.200000047683716,-0.4152447394218761,0.0,7.831441542701046,0,0
3,745,29.799999999999542,to_table,3.1543476581573486,3.3067030906677246,0.39430295305130486,0.4447835683822632,-0.27134275436401367,0.7799999713897705,0.4416118562221527,0.30000001192092896,0.44999998807907104,1,dwa-left-arc,0.556662820914922,0.4418721190225714,99.0,0.08785838127136225,1.8013069732447922,waiter-2,0,,waiter-1,-6.74903678894043,2.200000047683716,0.47415302453649666,0.0,9.96502961021031,0,0,waiter-2,5.30496072769165,2.549999952316284,-0.5000093810472883,0.0,2.2798544283446414,0,0,customer-1,-1.6187242269515991,-2.549999952316284,-0.44898845535627396,0.0,7.555341537886664,0,0,customer-2,8.696415901184082,-2.200000047683716,-0.41525239798597013,0.0,7.81270118872436,0,0
3,746,29.83999999999954,to_table,3.171072244644165,3.3138742446899414,0.39985197002043366,0.4390833377838135,-0.31320691108703613,0.7799999713897705,0.44130998849868774,0.30000001192092896,0.44999998807907104,1,dwa-left-arc,0.5395804046811501,0.4507948078436599,99.0,0.09006554126739497,1.7818742858618288,waiter-2,0,,waiter-1,-6.730071067810059,2.200000047683716,0.47415822987735723,0.0,9.963601488443487,0,0,waiter-2,5.2849602699279785,2.549999952316284,-0.5000086496824174,0.0,2.2476713545328764,0,0,customer-1,-1.636683702468872,-2.549999952316284,-0.44898911286129106,0.0,7.582844970412898,0,0,customer-2,8.679805755615234,-2.200000047683716,-0.41525051980691785,0.0,7.794161571778888,0,0
3,747,29.87999999999954,to_table,3.1877729892730713,3.3211569786071777,0.4052734716586473,0.6409784555435181,-0.639019787311554,0.7799999713897705,0.4074992537498474,0.30000001192092896,0.44999998807907104,1,dwa-left-arc,0.5230799645727839,0.45982637451528463,99.0,0.0934352302551269,1.7635405538729991,waiter-2,0,,waiter-1,-6.711104393005371,2.200000047683716,0.4741538984750626,0.0,9.962166746905083,0,0,waiter-2,5.264960289001465,2.549999952316284,-0.5000126866891375,0.0,2.215714385328296,0,0,customer-1,-1.6546432971954346,-2.549999952316284,-0.44898857827341043,0.0,7.610484820232285,0,0,customer-2,8.663195610046387,-2.200000047683716,-0.4152486416278478,0.0,7.775823286639006,0,0
3,748,29.91999999999954,to_table,3.204451084136963,3.328549861907959,0.4105708115972794,0.11998867988586426,-0.28365713357925415,0.7799999713897705,0.4560251235961914,0.30000001192092896,0.44999998807907104,1,dwa-left-arc,0.5065754283410981,0.4689669149849751,99.0,0.09792715549468989,1.74665453292074,waiter-2,0,,waiter-1,-6.692138671875,2.200000047683716,0.47415910381593207,0.0,9.960728561806436,0,0,waiter-2,5.244959831237793,2.549999952316284,-0.5000119553242754,0.0,2.183990821574167,0,0,customer-1,-1.672602891921997,-2.549999952316284,-0.4489880436855298,0.0,7.6382591867328244,0,0,customer-2,8.646585464477539,-2.200000047683716,-0.4152467634487955,0.0,7.757685912469712,0,0
3,749,29.95999999999954,to_table,3.221106767654419,3.336050033569336,0.41574769376075127,0.11614406108856201,-0.2878783941268921,0.7799999713897705,0.4620310664176941,0.30000001192092896,0.44999998807907104,1,dwa-left-arc,0.4901674303797419,0.47821687911648736,99.0,0.10264247894287104,1.731747369850472,waiter-2,0,,waiter-1,-6.6731719970703125,2.200000047683716,0.4741547724136286,0.0,9.959285207509296,0,0,waiter-2,5.224959373474121,2.549999952316284,-0.5000112239594046,0.0,2.1525101616690083,0,0,customer-1,-1.69056236743927,-2.549999952316284,-0.4489887011905469,0.0,7.666164499211852,0,0,customer-2,8.629975318908691,-2.200000047683716,-0.41524488526974324,0.0,7.739748672075174,0,0
3,750,29.999999999999538,to_table,3.237739086151123,3.343654155731201,0.42080755235931383,0.1648472547531128,-0.23459506034851074,0.7799999713897705,0.47560638189315796,0.30000001192092896,0.44999998807907104,1,dwa-left-arc,0.474391097912136,0.48757675757768837,99.0,0.10717624664306635,1.7197140981458066,waiter-2,0,,waiter-1,-6.654205799102783,2.200000047683716,0.4741552093829071,0.0,9.957837030789106,0,0,waiter-2,5.204958915710449,2.549999952316284,-0.5000104925945337,0.0,2.121282831781182,0,0,customer-1,-1.708521842956543,-2.549999952316284,-0.448989358695564,0.0,7.694196249389668,0,0,customer-2,8.61336612701416,-2.200000047683716,-0.41525254383383725,0.0,7.7220119146177035,0,0
3,751,30.039999999999537,to_table,3.2543468475341797,3.3513588905334473,0.42575334339509513,0.17563414573669434,-0.2171860933303833,0.7799999713897705,0.4855879247188568,0.30000001192092896,0.44999998807907104,1,dwa-left-arc,0.45865151795196774,0.497046250479217,99.0,0.11153429985046381,1.7122884962482157,waiter-2,0,,waiter-1,-6.635239601135254,2.200000047683716,0.47415564635219454,0.0,9.956382240086725,0,0,waiter-2,5.184958457946777,2.549999952316284,-0.5000097612296717,0.0,2.090319912865125,0,0,customer-1,-1.7264814376831055,-2.549999952316284,-0.44898882410768337,0.0,7.722349810705372,0,0,customer-2,8.596755981445312,-2.200000047683716,-0.41525066565478497,0.0,7.704474116707816,0,0
3,752,30.079999999999536,to_table,3.270930051803589,3.3591606616973877,0.4305874456692653,0.1732271909713745,-0.21831512451171875,0.7799999713897705,0.49410349130630493,0.30000001192092896,0.44999998807907104,1,dwa-left-arc,0.44298940558289807,0.5066247431904018,99.0,0.115721526145935,1.7138464142508802,waiter-2,0,,waiter-1,-6.616273403167725,2.200000047683716,0.47415608332148196,0.0,9.954920667141312,0,0,waiter-2,5.1649580001831055,2.549999952316284,-0.5000090298648097,0.0,2.059631744474932,0,0,customer-1,-1.744441032409668,-2.549999952316284,-0.44898828951980274,0.0,7.7506210250903695,0,0,customer-2,8.580145835876465,-2.200000047683716,-0.4152487874757149,0.0,7.6871347090170845,0,0
3,753,30.119999999999536,to_table,3.2874879837036133,3.367056131362915,0.4353123996948431,0.17081880569458008,-0.21962428092956543,0.7799999713897705,0.5034117102622986,0.30000001192092896,0.44999998807907104,1,dwa-left-arc,0.42800744489267567,0.5163126359117476,99.0,0.11974340915679926,1.7532855473953872,waiter-2,0,,waiter-1,-6.597307205200195,2.200000047683716,0.4741565202907605,0.0,9.953451453090455,0,0,waiter-2,5.144957542419434,2.549999952316284,-0.5000082984999388,0.0,2.0292298936478894,0,0,customer-1,-1.7624006271362305,-2.549999952316284,-0.44898775493192433,0.0,7.779005571362897,0,0,customer-2,8.563535690307617,-2.200000047683716,-0.41524690929666264,0.0,7.669993083635907,0,0
3,754,30.159999999999535,to_table,3.304020404815674,3.375042200088501,0.4399303085788457,0.16841518878936768,-0.22111624479293823,0.7799999713897705,0.5135723948478699,0.30000001192092896,0.44999998807907104,1,dwa-left-arc,0.41307614087949657,0.5261094964799911,99.0,0.12360471725463862,99.0,waiter-2,0,,waiter-1,-6.578341007232666,2.200000047683716,0.47415695726003904,0.0,9.95197423319967,0,0,waiter-2,5.124957084655762,2.549999952316284,-0.5000075671350679,0.0,1.9991260847170382,0,0,customer-1,-1.7803601026535034,-2.549999952316284,-0.44898841243694143,0.0,7.80749957748997,0,0,customer-2,8.54692554473877,-2.200000047683716,-0.4152450311175926,0.0,7.653048436451785,0,0
3,755,30.199999999999534,to_table,3.320526123046875,3.383115530014038,0.4444436814854767,0.16602087020874023,-0.22278881072998047,0.7799999713897705,0.5246542096138,0.30000001192092896,0.44999998807907104,1,dwa-left-arc,0.398222475500506,0.5360150735993197,99.0,0.12731033802032465,99.0,waiter-2,0,,waiter-1,-6.559374809265137,2.200000047683716,0.47415739422932646,0.0,9.950487660252108,0,0,waiter-2,5.10495662689209,2.549999952316284,-0.5000068357702059,0.0,1.969333336146004,0,0,customer-1,-1.7983195781707764,-2.549999952316284,-0.4489890699419563,0.0,7.836098559841001,0,0,customer-2,8.530316352844238,-2.200000047683716,-0.41525268968170437,0.0,7.636301054334054,0,0
3,756,30.239999999999533,to_table,3.3370048999786377,3.3912723064422607,0.4488549046045775,0.16364014148712158,-0.2246449589729309,0.7799999713897705,0.4957789480686188,0.30000001192092896,0.44999998807907104,1,dwa-left-arc,0.38409640260014793,0.546028331118654,99.0,0.13086420536041254,99.0,waiter-2,0,,waiter-1,-6.540408134460449,2.200000047683716,0.47415306282703185,0.0,9.94899079542216,0,0,waiter-2,5.084956169128418,2.549999952316284,-0.5000061044053439,0.0,1.93986412233924,0,0,customer-1,-1.8162791728973389,-2.549999952316284,-0.4489885353540757,0.0,7.864798331073154,0,0,customer-2,8.51370620727539,-2.200000047683716,-0.4152508115026521,0.0,7.6197482217578125,0,0
3,757,30.279999999999532,to_table,3.3534562587738037,3.3995094299316406,0.45316576870232506,0.17314136028289795,-0.20820891857147217,0.7799999713897705,0.5047352910041809,0.30000001192092896,0.44999998807907104,1,dwa-left-arc,0.3700076783445985,0.5561491854798111,99.0,0.13427084922790522,99.0,waiter-2,0,,waiter-1,-6.521442413330078,2.200000047683716,0.4741582681678924,0.0,9.9474844328815,0,0,waiter-2,5.064956188201904,2.549999952316284,-0.500010141412055,0.0,1.9107324148060894,0,0,customer-1,-1.8342387676239014,-2.549999952316284,-0.44898800076619727,0.0,7.893594971644261,0,0,customer-2,8.497096061706543,-2.200000047683716,-0.41524893332358204,0.0,7.6033898237705895,0,0
3,758,30.31999999999953,to_table,3.3698792457580566,3.407823324203491,0.45737863470458007,0.19248509407043457,-0.1640615463256836,0.7799999713897705,0.5176041126251221,0.30000001192092896,0.44999998807907104,1,dwa-left-arc,0.35602007403470043,0.566376891056676,99.0,0.13753396511077876,99.0,waiter-2,0,,waiter-1,-6.502475738525391,2.200000047683716,0.4741539367655889,0.0,9.94596551386587,0,0,waiter-2,5.044955730438232,2.549999952316284,-0.5000094100471841,0.0,1.8819516909008138,0,0,customer-1,-1.8521982431411743,-2.549999952316284,-0.44898865827121437,0.0,7.922483921997503,0,0,customer-2,8.480485916137695,-2.200000047683716,-0.41524705514452975,0.0,7.5872250203624025,0,0
3,759,30.35999999999953,to_table,3.386273145675659,3.416210889816284,0.46149545460206304,0.4788839817047119,-0.6765618324279785,0.7799999713897705,0.464295357465744,0.30000001192092896,0.44999998807907104,1,dwa-left-arc,0.3428052605586112,0.576710427418758,99.0,0.14065772533416743,99.0,waiter-2,0,,waiter-1,-6.4835100173950195,2.200000047683716,0.4741591421064584,0.0,9.944435051754034,0,0,waiter-2,5.0249552726745605,2.549999952316284,-0.5000086786823221,0.0,1.8535372943618567,0,0,customer-1,-1.8701577186584473,-2.549999952316284,-0.44898931577622925,0.0,7.951461327599123,0,0,customer-2,8.463875770568848,-2.200000047683716,-0.4152451769654597,0.0,7.571253113640887,0,0
3,760,30.39999999999953,to_table,3.402637004852295,3.424668073654175,0.46551814202196745,0.09520173072814941,-0.46528685092926025,0.7799999713897705,0.49849626421928406,0.30000001192092896,0.44999998807907104,1,dwa-left-arc,0.32958790278654343,0.587148653701197,99.0,0.14364522933959956,99.0,waiter-2,0,,waiter-1,-6.464543342590332,2.200000047683716,0.47415481070416376,0.0,9.94288991102649,0,0,waiter-2,5.004955291748047,2.549999952316284,-0.5000127156890333,0.0,1.8255049205645248,0,0,customer-1,-1.8881173133850098,-2.549999952316284,-0.44898878118835084,0.0,7.980522493953665,0,0,customer-2,8.447266578674316,-2.200000047683716,-0.4152528355295715,0.0,7.555473447261559,0,0
3,761,30.43999999999953,to_table,3.4189701080322266,3.433192014694214,0.4694486820132583,0.09879136085510254,-0.4683189392089844,0.7799999713897705,0.30277666449546814,0.30000001192092896,0.44999998807907104,1,dwa-left-arc,0.31651786779505936,0.5976905736607985,99.0,0.14650017261505122,99.0,waiter-2,0,,waiter-1,-6.445577144622803,2.200000047683716,0.4741552476734423,0.0,9.941330641687918,0,0,waiter-2,4.984954833984375,2.549999952316284,-0.5000119843241713,0.0,1.7978699566327945,0,0,customer-1,-1.9060769081115723,-2.549999952316284,-0.44898824660047243,0.0,8.009663653252922,0,0,customer-2,8.430656433105469,-2.200000047683716,-0.41525095735050144,0.0,7.53988412593747,0,0
3,762,30.479999999999528,to_table,3.435271739959717,3.4417788982391357,0.47328894302746116,0.10524892807006836,-0.46967804431915283,0.7799999713897705,0.316167950630188,0.30000001192092896,0.44999998807907104,1,dwa-left-arc,0.3042646097376936,0.6083347456778154,99.0,0.14922541618347163,99.0,waiter-2,0,,waiter-1,-6.426610946655273,2.200000047683716,0.47415568464272084,0.0,9.939755773571262,0,0,waiter-2,4.964954376220703,2.549999952316284,-0.5000112529593004,0.0,1.770649218809201,0,0,customer-1,-1.9240363836288452,-2.549999952316284,-0.44898890410548953,0.0,8.038880354721394,0,0,customer-2,8.414046287536621,-2.200000047683716,-0.41524907917144915,0.0,7.524484412254302,0,0
3,763,30.519999999999527,to_table,3.451540470123291,3.4504246711730957,0.4770404671678702,0.11225152015686035,-0.47080934047698975,0.7799999713897705,0.320184588432312,0.30000001192092896,0.44999998807907104,1,dwa-left-arc,0.2919425886337719,0.6190800813714374,99.0,0.1518235826492309,99.0,waiter-2,0,,waiter-1,-6.407644748687744,2.200000047683716,0.47415612161200826,0.0,9.93816355861839,0,0,waiter-2,4.944953918457031,2.549999952316284,-0.5000105215944295,0.0,1.7438602013901348,0,0,customer-1,-1.9419959783554077,-2.549999952316284,-0.4489883695176111,0.0,8.068167764941794,0,0,customer-2,8.397436141967773,-2.200000047683716,-0.41524720099239687,0.0,7.509273167240493,0,0
3,764,30.559999999999526,to_table,3.467775344848633,3.4591257572174072,0.4807052156979781,0.11309647560119629,-0.4714597463607788,0.7799999713897705,0.32469889521598816,0.30000001192092896,0.44999998807907104,1,dwa-left-arc,0.2798350361476288,0.6299248504815289,99.0,0.15429753303527827,99.0,waiter-2,0,,waiter-1,-6.388678550720215,2.200000047683716,0.4741565585812957,0.0,9.936552769843425,0,0,waiter-2,4.924953460693359,2.549999952316284,-0.5000097902295586,0.0,1.7175208267831579,0,0,customer-1,-1.9599554538726807,-2.549999952316284,-0.44898902702263044,0.0,8.097521436610508,0,0,customer-2,8.380825996398926,-2.200000047683716,-0.4152453228133268,0.0,7.494249233939084,0,0
3,765,30.599999999999525,to_table,3.483975410461426,3.467878818511963,0.4842848217880534,0.7872558832168579,-0.041384756565093994,0.7872558832168579,0.38136613368988037,0.30000001192092896,0.44999998807907104,1,dwa-left-arc,0.26858482106154785,0.6408674324341694,99.0,0.15665012836456293,99.0,waiter-2,0,,waiter-1,-6.3697123527526855,2.200000047683716,0.4741569955505742,0.0,9.934922199616485,0,0,waiter-2,4.9049530029296875,2.549999952316284,-0.5000090588646877,0.0,1.691649766147107,0,0,customer-1,-1.9779150485992432,-2.549999952316284,-0.4489884924347498,0.0,8.12693744821278,0,0,customer-2,8.364216804504395,-2.200000047683716,-0.4152529813774386,0.0,7.479412203241513,0,0
3,766,30.639999999999525,to_table,3.5001392364501953,3.476679801940918,0.48778088896173577,0.2939823865890503,-0.27326178550720215,0.7799999713897705,0.3590937852859497,0.30000001192092896,0.44999998807907104,1,dwa-left-arc,0.25717726537856606,0.6519060197620268,99.0,0.15888327598571772,99.0,waiter-2,0,,waiter-1,-6.350746154785156,2.200000047683716,0.47415743251985276,0.0,9.933270065098618,0,0,waiter-2,4.884952545166016,2.549999952316284,-0.5000083274998168,0.0,1.6662663183587405,0,0,customer-1,-1.9958746433258057,-2.549999952316284,-0.4489879578468692,0.0,8.156410817698193,0,0,customer-2,8.347606658935547,-2.200000047683716,-0.41525110319836855,0.0,7.464759508999009,0,0
3,767,30.679999999999524,to_table,3.516265630722046,3.485524892807007,0.49119519753130253,0.2932860851287842,-0.27834105491638184,0.7799999713897705,0.36456382274627686,0.30000001192092896,0.44999998807907104,1,dwa-left-arc,0.24606888669974408,0.6630385811864532,99.0,0.1609994792938232,99.0,waiter-2,0,,waiter-1,-6.331779479980469,2.200000047683716,0.47415310111755815,0.0,9.931594364947703,0,0,waiter-2,4.864952087402344,2.549999952316284,-0.5000075961349459,0.0,1.6413902865293881,0,0,customer-1,-2.013833999633789,-2.549999952316284,-0.448989807444784,0.0,8.185936847897269,0,0,customer-2,8.3309965133667,-2.200000047683716,-0.41524922501931627,0.0,7.450290418583305,0,0
3,768,30.719999999999523,to_table,3.5323538780212402,3.494410991668701,0.49452955656582126,0.2926928997039795,-0.28355395793914795,0.7799999713897705,0.37057965993881226,0.30000001192092896,0.44999998807907104,1,dwa-left-arc,0.23585541616279643,0.6742631019801835,99.0,0.16300136089324946,99.0,waiter-2,0,,waiter-1,-6.312813758850098,2.200000047683716,0.4741583064584276,0.0,9.929895542754055,0,0,waiter-2,4.84495210647583,2.549999952316284,-0.5000116331416571,0.0,1.6170424609739968,0,0,customer-1,-2.0317935943603516,-2.549999952316284,-0.4489892728569078,0.0,8.215512202789057,0,0,customer-2,8.314386367797852,-2.200000047683716,-0.4152473468402462,0.0,7.436003753251996,0,0
3,769,30.759999999999522,to_table,3.54840350151062,3.503335475921631,0.4977860833997594,0.292203426361084,-0.28889966011047363,0.7799999713897705,0.3771800696849823,0.30000001192092896,0.44999998807907104,1,dwa-left-arc,0.22537874001459507,0.6855776392892847,99.0,0.16489202022552485,99.0,waiter-2,0,,waiter-1,-6.29384708404541,2.200000047683716,0.4741539750561241,0.0,9.928171021259562,0,0,waiter-2,4.824951648712158,2.549999952316284,-0.5000109017767862,0.0,1.5932431680981909,0,0,customer-1,-2.049753189086914,-2.549999952316284,-0.4489887382690272,0.0,8.245133603480433,0,0,customer-2,8.297776222229004,-2.200000047683716,-0.41524546866119394,0.0,7.421898499381585,0,0
3,770,30.79999999999952,to_table,3.5644142627716064,3.512295722961426,0.5009663369390477,0.291998028755188,-0.29443979263305664,0.7799999713897705,0.3843998610973358,0.30000001192092896,0.44999998807907104,1,dwa-left-arc,0.21529887391226304,0.6969802345810947,99.0,0.16667419910430903,99.0,waiter-2,0,,waiter-1,-6.274881362915039,2.200000047683716,0.4741591803969847,0.0,9.92642223306106,0,0,waiter-2,4.804951190948486,2.549999952316284,-0.5000101704119153,0.0,1.5700143376326396,0,0,customer-1,-2.0677127838134766,-2.549999952316284,-0.44898820368114656,0.0,8.274798119795191,0,0,customer-2,8.281167030334473,-2.200000047683716,-0.41525312722528795,0.0,7.407974057840803,0,0
3,771,30.83999999999952,to_table,3.580385684967041,3.5212888717651367,0.5040721094686351,0.2853095531463623,-0.2995178699493408,0.7799999713897705,0.3923659324645996,0.30000001192092896,0.44999998807907104,1,dwa-left-arc,0.20614912118390089,0.7084691203822113,99.0,0.168350281715393,99.0,waiter-2,0,,waiter-1,-6.255914688110352,2.200000047683716,0.47415484899469007,0.0,9.924646552197459,0,0,waiter-2,4.7849507331848145,2.549999952316284,-0.5000094390470444,0.0,1.547378143968696,0,0,customer-1,-2.085672378540039,-2.549999952316284,-0.44898766909327037,0.0,8.304502511556581,0,0,customer-2,8.264556884765625,-2.200000047683716,-0.41525124904623567,0.0,7.394227933248388,0,0
3,772,30.87999999999952,to_table,3.596318006515503,3.530313491821289,0.5071050868432692,0.2830023765563965,-0.30482226610183716,0.7799999713897705,0.4010489583015442,0.30000001192092896,0.44999998807907104,1,dwa-left-arc,0.19662109040301617,0.7200423646722194,99.0,0.16992372512817377,99.0,waiter-2,0,,waiter-1,-6.236948490142822,2.200000047683716,0.4741552859639775,0.0,9.92284555225749,0,0,waiter-2,4.764950275421143,2.549999952316284,-0.5000087076821735,0.0,1.5253576681107857,0,0,customer-1,-2.1036319732666016,-2.549999952316284,-0.4489871345053942,0.0,8.334245097846482,0,0,customer-2,8.247946739196777,-2.200000047683716,-0.4152493708671834,0.0,7.3806600739866335,0,0
3,773,30.91999999999952,to_table,3.612210512161255,3.539367198944092,0.5100670812037906,0.2821449041366577,-0.31282156705856323,0.7799999713897705,0.4102115035057068,0.30000001192092896,0.44999998807907104,1,dwa-left-arc,0.18759431111733865,0.7316981639393794,99.0,0.17139750957489008,99.0,waiter-2,0,,waiter-1,-6.217982292175293,2.200000047683716,0.47415572293325603,0.0,9.921017837717326,0,0,waiter-2,4.744949817657471,2.549999952316284,-0.5000079763173026,0.0,1.5039766896185387,0,0,customer-1,-2.121591329574585,-2.549999952316284,-0.44898898410330457,0.0,8.364022708191449,0,0,customer-2,8.23133659362793,-2.200000047683716,-0.41524749268811334,0.0,7.367269653552104,0,0
3,774,30.959999999999518,to_table,3.628063678741455,3.548448085784912,0.5129594811759858,0.299083948135376,-0.28949421644210815,0.7799999713897705,0.3899293839931488,0.30000001192092896,0.44999998807907104,1,dwa-left-arc,0.17953009072517073,0.7434341687516357,99.0,0.17277425765991206,99.0,waiter-2,0,,waiter-1,-6.199016094207764,2.200000047683716,0.47415615990253457,0.0,9.919163723589133,0,0,waiter-2,4.724949359893799,2.549999952316284,-0.5000072449524318,0.0,1.4832588690933313,0,0,customer-1,-2.1395509243011475,-2.549999952316284,-0.44898844951542394,0.0,8.393833848882798,0,0,customer-2,8.214726448059082,-2.200000047683716,-0.41524561450906106,0.0,7.35405543238718,0,0
3,775,30.999999999999517,to_table,3.643876791000366,3.5575544834136963,0.5157841719545063,0.31067895889282227,-0.27016890048980713,0.7799999713897705,0.39886701107025146,0.30000001192092896,0.44999998807907104,1,dwa-left-arc,0.1709705432451168,0.7552489725190181,99.0,0.1740568304061889,99.0,waiter-2,0,,waiter-1,-6.180049896240234,2.200000047683716,0.474156596871822,0.0,9.917282369795075,0,0,waiter-2,4.704949378967285,2.549999952316284,-0.5000112819591429,0.0,1.463229705162433,0,0,customer-1,-2.157510280609131,-2.549999952316284,-0.44899029911333876,0.0,8.423675749934988,0,0,customer-2,8.19811725616455,-2.200000047683716,-0.41525327307315507,0.0,7.341017667401382,0,0
3,776,31.039999999999516,to_table,3.6596503257751465,3.5666847229003906,0.5185424350144413,0.8464847803115845,-0.9831145405769348,0.8199999928474426,0.32042813301086426,0.30000001192092896,0.44999998807907104,1,dwa-left-arc,0.163016760802363,0.7671399722307324,99.0,0.17524796962738032,99.0,waiter-2,0,,waiter-1,-6.161083698272705,2.200000047683716,0.4741570338411094,0.0,9.915374111578606,0,0,waiter-2,4.684948921203613,2.549999952316284,-0.500010550594272,0.0,1.4439131319179987,0,0,customer-1,-2.1754698753356934,-2.549999952316284,-0.4489897645254626,0.0,8.453547135814784,0,0,customer-2,8.181507110595703,-2.200000047683716,-0.4152513948941028,0.0,7.328154066728835,0,0
3,777,31.079999999999515,to_table,3.675384521484375,3.5758376121520996,0.5212361004186166,0.6733478307723999,-0.7769433259963989,0.7799999713897705,0.15035980939865112,0.30000001192092896,0.44999998807907104,1,dwa-left-arc,0.15605428498648571,0.7791057007898183,99.0,0.17635089397430415,99.0,waiter-2,0,,waiter-1,-6.142117500305176,2.200000047683716,0.47415747081038795,0.0,9.9134391081826,0,0,waiter-2,4.664948463439941,2.549999952316284,-0.5000098192294011,0.0,1.4253349429365934,0,0,customer-1,-2.193429470062256,-2.549999952316284,-0.44898922993758195,0.0,8.483446441961275,0,0,customer-2,8.164896965026855,-2.200000047683716,-0.41524951671503274,0.0,7.315464623214335,0,0
3,778,31.119999999999514,to_table,3.691080093383789,3.5850119590759277,0.5238668653302987,0.6794350147247314,-0.7811489105224609,0.7799999713897705,0.15399660170078278,0.30000001192092896,0.44999998807907104,1,dwa-left-arc,0.14848529106715574,0.7911443321568172,99.0,0.17736834526062006,99.0,waiter-2,0,,waiter-1,-6.123150825500488,2.200000047683716,0.47415313940808446,0.0,9.911477514673704,0,0,waiter-2,4.6449480056762695,2.549999952316284,-0.5000090878645302,0.0,1.407520461037011,0,0,customer-1,-2.2113890647888184,-2.549999952316284,-0.4489886953497013,0.0,8.513372617012788,0,0,customer-2,8.148286819458008,-2.200000047683716,-0.41524763853598046,0.0,7.302948426308,0,0
3,779,31.159999999999513,to_table,3.7067365646362305,3.5942065715789795,0.5264362990896887,0.6854037046432495,-0.7853019833564758,0.7799999713897705,0.15810947120189667,0.30000001192092896,0.44999998807907104,1,dwa-left-arc,0.14161844519627148,0.8032545254128478,99.0,0.1783031845092773,99.0,waiter-2,0,,waiter-1,-6.104185104370117,2.200000047683716,0.4741583447489539,0.0,9.90949019004764,0,0,waiter-2,4.624947547912598,2.549999952316284,-0.5000083564996594,0.0,1.3904959092069924,0,0,customer-1,-2.229348659515381,-2.549999952316284,-0.44898816076182513,0.0,8.543323802634909,0,0,customer-2,8.13167667388916,-2.200000047683716,-0.4152457603569104,0.0,7.290605277834136,0,0
3,780,31.199999999999513,to_table,3.7223548889160156,3.6034207344055176,0.5289458275172557,0.6912597417831421,-0.7894057035446167,0.7799999713897705,0.18032658100128174,0.30000001192092896,0.44999998807907104,1,dwa-left-arc,0.13576879404965353,0.8154338355714899,99.0,0.17915874958038325,99.0,waiter-2,0,,waiter-1,-6.08521842956543,2.200000047683716,0.4741540133466593,0.0,9.907476168091844,0,0,waiter-2,4.604947090148926,2.549999952316284,-0.5000076251347885,0.0,1.3742868469917937,0,0,customer-1,-2.2473082542419434,-2.549999952316284,-0.44898762617394894,0.0,8.573299492643097,0,0,customer-2,8.115066528320312,-2.200000047683716,-0.4152438821778581,0.0,7.278434469097266,0,0
3,781,31.23999999999951,to_table,3.73793625831604,3.6126513481140137,0.5314021769331161,0.6970076560974121,-0.7934607863426208,0.7799999713897705,0.18337741494178772,0.30000001192092896,0.44999998807907104,1,dwa-left-arc,0.1292154909794057,0.8276810732469595,99.0,0.17993670940399165,99.0,waiter-2,0,,waiter-1,-6.066252708435059,2.200000047683716,0.47415921868751987,0.0,9.905438152468138,0,0,waiter-2,4.584947109222412,2.549999952316284,-0.5000116621414996,0.0,1.3589169844195779,0,0,customer-1,-2.265267848968506,-2.549999952316284,-0.4489870915860683,0.0,8.603297658712808,0,0,customer-2,8.098457336425781,-2.200000047683716,-0.4152515407419699,0.0,7.2664338104539725,0,0
3,782,31.27999999999951,to_table,3.753481149673462,3.621896982192993,0.5338285514873141,0.7026633024215698,-0.7974724173545837,0.7799999713897705,0.18676556646823883,0.30000001192092896,0.44999998807907104,1,dwa-left-arc,0.12344390571253766,0.8399959775936159,99.0,0.18064373970031733,99.0,waiter-2,0,,waiter-1,-6.047286033630371,2.200000047683716,0.4741548872852164,0.0,9.903374590193598,0,0,waiter-2,4.56494665145874,2.549999952316284,-0.5000109307766287,0.0,1.3444104668017665,0,0,customer-1,-2.2832272052764893,-2.549999952316284,-0.4489889411839787,0.0,8.633316832650564,0,0,customer-2,8.081847190856934,-2.200000047683716,-0.41524966256289986,0.0,7.254601133967155,0,0
3,783,31.31999999999951,to_table,3.768988847732544,3.631164073944092,0.5362482837441529,0.7082468271255493,-0.8014472126960754,0.7799999713897705,0.19048365950584412,0.30000001192092896,0.44999998807907104,1,dwa-left-arc,0.11871277462872626,0.8523770695482729,99.0,0.1812939071655273,99.0,waiter-2,0,,waiter-1,-6.028319835662842,2.200000047683716,0.4741553242545038,0.0,9.901287184391554,0,0,waiter-2,4.544946193695068,2.549999952316284,-0.5000101994117578,0.0,1.3307988806158628,0,0,customer-1,-2.3011868000030518,-2.549999952316284,-0.4489884065961025,0.0,8.663360844031468,0,0,customer-2,8.065237045288086,-2.200000047683716,-0.4152477843838476,0.0,7.242943019819958,0,0
3,784,31.35999999999951,to_table,3.784461259841919,3.6404550075531006,0.5386646182895035,0.7140183448791504,-0.8033971786499023,0.7799999713897705,0.19475384056568146,0.30000001192092896,0.44999998807907104,1,dwa-left-arc,0.11321249834707975,0.8648196611300607,99.0,0.18188983440399165,99.0,waiter-2,0,,waiter-1,-6.0093536376953125,2.200000047683716,0.4741557612237912,0.0,9.899177780938906,0,0,waiter-2,4.5249457359313965,2.549999952316284,-0.500009468046887,0.0,1.3181082985934942,0,0,customer-1,-2.319146156311035,-2.549999952316284,-0.44899025619401733,0.0,8.693431779262365,0,0,customer-2,8.048626899719238,-2.200000047683716,-0.4152459062047775,0.0,7.231460700062722,0,0
3,785,31.39999999999951,to_table,3.7999000549316406,3.649770736694336,0.5410782950231178,0.7184575796127319,-0.7865585684776306,0.7799999713897705,0.2016063779592514,0.30000001192092896,0.44999998807907104,1,dwa-left-arc,0.10856587977973692,0.8773229536934495,99.0,0.18243259429931635,99.0,waiter-2,0,,waiter-1,-5.990387439727783,2.200000047683716,0.47415619819306976,0.0,9.897048260910877,0,0,waiter-2,4.504945278167725,2.549999952316284,-0.5000087366820161,0.0,1.3063630984452732,0,0,customer-1,-2.3371057510375977,-2.549999952316284,-0.4489897216061367,0.0,8.723531214984867,0,0,customer-2,8.03201675415039,-2.200000047683716,-0.41524402802572524,0.0,7.220154429482046,0,0
3,786,31.439999999999507,to_table,3.8153061866760254,3.6591131687164307,0.5434894507448501,0.716413140296936,-0.7844374775886536,0.7799999713897705,0.20704640448093414,0.30000001192092896,0.44999998807907104,1,dwa-left-arc,0.1049897888344416,0.8898864240379234,99.0,0.18292385578155512,99.0,waiter-2,0,,waiter-1,-5.971421241760254,2.200000047683716,0.4741566351623483,0.0,9.894899941812287,0,0,waiter-2,4.484944820404053,2.549999952316284,-0.5000080053171452,0.0,1.2955879076985155,0,0,customer-1,-2.35506534576416,-2.549999952316284,-0.4489891870182561,0.0,8.753660411400984,0,0,customer-2,8.01540756225586,-2.200000047683716,-0.41525168658982814,0.0,7.2090262343635905,0,0
3,787,31.479999999999507,to_table,3.830681324005127,3.6684837341308594,0.545898508520737,0.921621561050415,0.41572344303131104,0.8199999928474426,0.3566320538520813,0.30000001192092896,0.44999998807907104,1,dwa-left-arc,0.10058842857577527,0.9025087178865543,99.0,0.18336516857147211,99.0,waiter-2,0,,waiter-1,-5.952455043792725,2.200000047683716,0.4741570721316357,0.0,9.892734785098119,0,0,waiter-2,4.464944362640381,2.549999952316284,-0.5000072739522743,0.0,1.2858054177678129,0,0,customer-1,-2.3730249404907227,-2.549999952316284,-0.4489886524303799,0.0,8.783820966683821,0,0,customer-2,7.998797416687012,-2.200000047683716,-0.415249808410767,0.0,7.198075691425758,0,0
3,788,31.519999999999506,to_table,3.8460264205932617,3.6778829097747803,0.5483054404465668,0.46007347106933594,-0.7237371206283569,0.7799999713897705,0.22587575018405914,0.30000001192092896,0.44999998807907104,1,dwa-left-arc,0.09701908775138907,0.9151893987166484,99.0,0.18375677108764643,99.0,waiter-2,0,,waiter-1,-5.933488845825195,2.200000047683716,0.47415750910092314,0.0,9.890553907652198,0,0,waiter-2,4.444944381713867,2.549999952316284,-0.5000113109589854,0.0,1.2770366830589428,0,0,customer-1,-2.390984535217285,-2.549999952316284,-0.4489881178425037,0.0,8.814013308750354,0,0,customer-2,7.982187271118164,-2.200000047683716,-0.4152479302317058,0.0,7.187303711615081,0,0
3,789,31.559999999999505,to_table,3.861342668533325,3.687312602996826,0.5507104664488165,0.4688858985900879,-0.7250311374664307,0.7799999713897705,0.23214854300022125,0.30000001192092896,0.44999998807907104,1,dwa-left-arc,0.09394970519670581,0.9279276520456261,99.0,0.18410033226013178,99.0,waiter-2,0,,waiter-1,-5.914522171020508,2.200000047683716,0.47415317769861964,0.0,9.888358407663878,0,0,waiter-2,4.424943923950195,2.549999952316284,-0.5000105795941145,0.0,1.2693015561738954,0,0,customer-1,-2.4089441299438477,-2.549999952316284,-0.44898758325462307,0.0,8.844239054199274,0,0,customer-2,7.965577125549316,-2.200000047683716,-0.41524605205264464,0.0,7.1767116930402395,0,0
3,790,31.599999999999504,to_table,3.8798232078552246,3.697144031524658,0.5527443214382113,0.7457389831542969,-0.9730209708213806,0.14000000059604645,0.5659433007240295,0.6200000047683716,0.30000001192092896,1,dwa-left-arc,0.09835604913257706,0.944153069833074,99.0,0.19872027873992915,99.0,waiter-2,0,,waiter-1,-5.895556449890137,2.200000047683716,0.4741583830394802,0.0,9.889362343519068,0,0,waiter-2,4.404943466186523,2.549999952316284,-0.5000098482292437,0.0,1.2616222985397643,0,0,customer-1,-2.42690372467041,-2.549999952316284,-0.44898704866674244,0.0,8.877027236427987,0,0,customer-2,7.948967456817627,-2.200000047683716,-0.4152489422451655,0.0,7.164791916713714,0,0
3,791,31.639999999999503,to_table,3.901475667953491,3.710653781890869,0.5529891344918048,0.6999279260635376,-0.8331842422485352,0.14000000059604645,0.5691099166870117,0.6200000047683716,0.30000001192092896,1,dwa-left-arc,0.09123734438152359,0.9600628671700677,99.0,0.19663399696350092,99.0,waiter-2,0,,waiter-1,-5.876589775085449,2.200000047683716,0.4741540516371856,0.0,9.894070876693087,0,0,waiter-2,4.384943008422852,2.549999952316284,-0.5000091168643728,0.0,1.2573217493572066,0,0,customer-1,-2.4448630809783936,-2.549999952316284,-0.44898889826465727,0.0,8.914695771356211,0,0,customer-2,7.9323577880859375,-2.200000047683716,-0.4152518324376864,0.0,7.154288179788969,0,0
3,792,31.679999999999502,to_table,3.925971031188965,3.725842237472534,0.5559008032096507,0.7005124092102051,-0.8310384750366211,0.14000000059604645,0.5752738118171692,0.6200000047683716,0.30000001192092896,1,dwa-left-arc,0.08757537774688379,0.9423921131196746,99.0,0.19511002540588374,99.0,waiter-2,0,,waiter-1,-5.857624053955078,2.200000047683716,0.47415925697805505,0.0,9.901864833363168,0,0,waiter-2,4.36494255065918,2.549999952316284,-0.5000083854995019,0.0,1.2551099850082705,0,0,customer-1,-2.462822675704956,-2.549999952316284,-0.4489883636767811,0.0,8.955606077780592,0,0,customer-2,7.91574764251709,-2.200000047683716,-0.4152499542586252,0.0,7.143803202555819,0,0
3,793,31.7199999999995,to_table,3.9524412155151367,3.7425577640533447,0.5609464467098878,0.6720695495605469,-0.7284004092216492,0.14000000059604645,0.5786393284797668,0.6200000047683716,0.30000001192092896,1,dwa-left-arc,0.08606338894664584,0.9214798662594934,99.0,0.19548839569091792,99.0,waiter-2,0,,waiter-1,-5.838657379150391,2.200000047683716,0.47415492557575156,0.0,9.911866423574963,0,0,waiter-2,4.344942092895508,2.549999952316284,-0.500007654134631,0.0,1.2554883803044325,0,0,customer-1,-2.4807820320129395,-2.549999952316284,-0.44899021327469146,0.0,8.99903572425283,0,0,customer-2,7.899137496948242,-2.200000047683716,-0.41524807607956404,0.0,7.133751108898815,0,0
3,794,31.7599999999995,to_table,3.9800562858581543,3.7600224018096924,0.5669349701874287,0.6384947299957275,-0.6700919270515442,0.14000000059604645,0.5796186923980713,0.6200000047683716,0.30000001192092896,1,dwa-left-arc,0.08718801372678359,0.9012335124528221,99.0,0.19821328163146967,99.0,waiter-2,0,,waiter-1,-5.819691181182861,2.200000047683716,0.4741553625450301,0.0,9.923140640097245,0,0,waiter-2,4.324942111968994,2.549999952316284,-0.5000116911413421,0.0,1.258213241597061,0,0,customer-1,-2.498741626739502,-2.549999952316284,-0.44898967868681083,0.0,9.043848987120986,0,0,customer-2,7.8825273513793945,-2.200000047683716,-0.4152461979005029,0.0,7.123983998837721,0,0
3,795,31.7999999999995,to_table,4.008751392364502,3.7789223194122314,0.5738610109767112,0.6194967031478882,-0.6557128429412842,0.14000000059604645,0.5798271894454956,0.6200000047683716,0.30000001192092896,1,dwa-left-arc,0.09068639126385564,0.8810292130229167,99.0,0.20411187648773188,99.0,waiter-2,0,,waiter-1,-5.800724983215332,2.200000047683716,0.4741557995143175,0.0,9.9357346131637,0,0,waiter-2,4.304941654205322,2.549999952316284,-0.5000109597764713,0.0,1.264111884113918,0,0,customer-1,-2.5167012214660645,-2.549999952316284,-0.44898914409893464,0.0,9.090477926761023,0,0,customer-2,7.865917682647705,-2.200000047683716,-0.41524908809302374,0.0,7.115141914442557,0,0
3,796,31.8399999999995,to_table,4.036460876464844,3.797865867614746,0.5799607396210701,0.6338024139404297,-0.6925011277198792,0.14000000059604645,0.5790005922317505,0.6200000047683716,0.30000001192092896,1,dwa-left-arc,0.09738351405192108,0.8609370614478415,99.0,0.21236461639404292,99.0,waiter-2,0,,waiter-1,-5.781758785247803,2.200000047683716,0.47415623648360494,0.0,9.947392246420398,0,0,waiter-2,4.28494119644165,2.549999952316284,-0.5000102284116004,0.0,1.2723646536977693,0,0,customer-1,-2.534660816192627,-2.549999952316284,-0.44898860951105846,0.0,9.136467630740134,0,0,customer-2,7.849307537078857,-2.200000047683716,-0.4152472099139626,0.0,7.107193200923589,0,0
3,797,31.879999999999498,to_table,4.064197063446045,3.816869020462036,0.5871779362428098,0.7607488632202148,0.713737964630127,0.14000000059604645,0.5790534019470215,0.6200000047683716,0.30000001192092896,1,dwa-left-arc,0.10641822744541046,0.8408322772109182,99.0,0.22267502784728999,99.0,waiter-2,0,,waiter-1,-5.762792587280273,2.200000047683716,0.4741566734528835,0.0,9.959115968328483,0,0,waiter-2,4.2649407386779785,2.549999952316284,-0.5000094970467295,0.0,1.2826750402849936,0,0,customer-1,-2.5526204109191895,-2.549999952316284,-0.4489880749231778,0.0,9.182553784519445,0,0,customer-2,7.832697868347168,-2.200000047683716,-0.41525010010648344,0.0,7.099599404174121,0,0
3,798,31.919999999999497,to_table,4.093592643737793,3.8363683223724365,0.5963424728433987,-0.008043766021728516,-0.20978879928588867,0.14000000059604645,0.5777603983879089,0.6200000047683716,0.30000001192092896,1,dwa-left-arc,0.11750518555582296,0.8221275810602269,99.0,0.23524111747741694,99.0,waiter-2,0,,waiter-1,-5.743826389312744,2.200000047683716,0.474157110422162,0.0,9.972588147629114,0,0,waiter-2,4.244940280914307,2.549999952316284,-0.5000087656818586,0.0,1.295241170886656,0,0,customer-1,-2.570580005645752,-2.549999952316284,-0.4489875403352972,0.0,9.230216511043622,0,0,customer-2,7.81608772277832,-2.200000047683716,-0.4152482219274223,0.0,7.091876529698984,0,0
3,799,31.959999999999496,to_table,4.122486114501953,3.8571407794952393,0.6045163756240763,0.4233570098876953,-0.9165300130844116,0.14000000059604645,0.5747781991958618,0.6200000047683716,0.30000001192092896,1,dwa-left-arc,0.13086453818757776,0.804252164476787,99.0,0.2511498355865478,99.0,waiter-2,0,,waiter-1,-5.724860191345215,2.200000047683716,0.47415754739144944,0.0,9.985807161782702,0,0,waiter-2,4.224939823150635,2.549999952316284,-0.5000080343169877,0.0,1.3111498405956323,0,0,customer-1,-2.5885396003723145,-2.549999952316284,-0.448987005747421,0.0,9.278432976690729,0,0,customer-2,7.799477577209473,-2.200000047683716,-0.4152463437483611,0.0,7.0858465420232,0,0
3,800,31.999999999999496,to_table,4.152281761169434,3.878476858139038,0.611215651454393,0.4882117509841919,-0.1327788233757019,0.14000000059604645,0.5727361440658569,0.6200000047683716,0.30000001192092896,1,dwa-left-arc,0.14754660628427524,0.7856817644969409,99.0,0.26952010631561274,99.0,waiter-2,0,,waiter-1,-5.705893516540527,2.200000047683716,0.47415321598915483,0.0,10.000045210362208,0,0,waiter-2,4.204939365386963,2.549999952316284,-0.5000073029521168,0.0,1.3295201061233817,0,0,customer-1,-2.606498956680298,-2.549999952316284,-0.44898885534533584,0.0,9.327723778850828,0,0,customer-2,7.782867908477783,-2.200000047683716,-0.415249233940882,0.0,7.080186245265575,0,0
3,801,32.039999999999495,to_table,4.1824631690979,3.9001612663269043,0.616668248467726,0.4370555877685547,-0.08285993337631226,0.14000000059604645,0.573538601398468,0.6200000047683716,0.30000001192092896,1,dwa-left-arc,0.1666860565043629,0.7643802002047135,99.0,0.29016357898712153,99.0,waiter-2,0,,waiter-1,-5.686927795410156,2.200000047683716,0.4741584213300154,0.0,10.014760415491304,0,0,waiter-2,4.184939384460449,2.549999952316284,-0.500011339958828,0.0,1.3501635847160913,0,0,customer-1,-2.6244585514068604,-2.549999952316284,-0.4489883207574552,0.0,9.377567011521062,0,0,customer-2,7.7662577629089355,-2.200000047683716,-0.4152473557618208,0.0,7.074994823148705,0,0
3,802,32.079999999999494,to_table,4.211267948150635,3.9220967292785645,0.6239844875282621,0.3912975788116455,-0.05380535125732422,0.14000000059604645,0.5766524076461792,0.6200000047683716,0.30000001192092896,1,dwa-left-arc,0.18808284567367167,0.7411340989305188,99.0,0.3128786706924438,99.0,waiter-2,0,,waiter-1,-5.667961120605469,2.200000047683716,0.4741540899277119,0.0,10.028199438269843,0,0,waiter-2,4.164938926696777,2.549999952316284,-0.5000106085939571,0.0,1.3728787067979273,0,0,customer-1,-2.6424179077148438,-2.549999952316284,-0.4489901703553656,0.0,9.42661366911796,0,0,customer-2,7.749648094177246,-2.200000047683716,-0.4152502459543417,0.0,7.071082166421717,0,0
3,803,32.11999999999949,to_table,4.241530895233154,3.944209098815918,0.6336942704298599,0.3342214822769165,-0.0335504412651062,0.14000000059604645,0.5764319896697998,0.6200000047683716,0.30000001192092896,1,dwa-left-arc,0.21150689062760236,0.7216655372389005,99.0,0.3375511789321899,99.0,waiter-2,0,,waiter-1,-5.648995399475098,2.200000047683716,0.47415929526858136,0.0,10.043145702436405,0,0,waiter-2,4.1449384689331055,2.549999952316284,-0.5000098772290862,0.0,1.3975511586349059,0,0,customer-1,-2.6603775024414062,-2.549999952316284,-0.4489896357674894,0.0,9.476871357663248,0,0,customer-2,7.733037948608398,-2.200000047683716,-0.4152483677752805,0.0,7.066960275797427,0,0
3,804,32.15999999999949,to_table,4.270987033843994,3.9665441513061523,0.643879943985457,0.5022687911987305,0.9389362335205078,0.14000000059604645,0.5740913152694702,0.6200000047683716,0.30000001192092896,1,dwa-left-arc,0.2368835868050188,0.7038463690468328,99.0,0.3640533113479614,99.0,waiter-2,0,,waiter-1,-5.63002872467041,2.200000047683716,0.47415496386628675,0.0,10.057374961708138,0,0,waiter-2,4.124938011169434,2.549999952316284,-0.5000091458642153,0.0,1.424053294197953,0,0,customer-1,-2.6783370971679688,-2.549999952316284,-0.4489891011796132,0.0,9.526723095184488,0,0,customer-2,7.716427803039551,-2.200000047683716,-0.41524648959621935,0.0,7.063804177079831,0,0
3,805,32.19999999999949,to_table,4.300361156463623,3.9886786937713623,0.6543068064063171,-0.11911928653717041,0.2444072961807251,0.14000000059604645,0.5708519220352173,0.6200000047683716,0.30000001192092896,1,dwa-left-arc,0.26405107573896186,0.6868320824309981,99.0,0.3918908262252807,99.0,waiter-2,0,,waiter-1,-5.611062526702881,2.200000047683716,0.4741554008355653,0.0,10.071528718432162,0,0,waiter-2,4.104937553405762,2.549999952316284,-0.5000084144993444,0.0,1.4518908036580727,0,0,customer-1,-2.6962966918945312,-2.549999952316284,-0.4489885665917326,0.0,9.576405352938771,0,0,customer-2,7.699818134307861,-2.200000047683716,-0.4152493797887402,0.0,7.06088183650965,0,0
3,806,32.23999999999949,to_table,4.329716205596924,4.0107741355896,0.6650456117812792,-0.1739789843559265,0.2637937068939209,0.14000000059604645,0.5677536725997925,0.6200000047683716,0.30000001192092896,1,dwa-left-arc,0.2925256379823998,0.6701770445941471,99.0,0.4211407327651977,99.0,waiter-2,0,,waiter-1,-5.592096328735352,2.200000047683716,0.4741558378048438,0.0,10.085696146715131,0,0,waiter-2,4.08493709564209,2.549999952316284,-0.5000076831344735,0.0,1.4811407857418897,0,0,customer-1,-2.7142562866210938,-2.549999952316284,-0.44898803200385196,0.0,9.626074231152666,0,0,customer-2,7.683207988739014,-2.200000047683716,-0.41524750160967905,0.0,7.058301714663084,0,0
3,807,32.27999999999949,to_table,4.359116554260254,4.032872200012207,0.6759672403603824,-0.2198481559753418,0.29142284393310547,0.14000000059604645,0.5646960139274597,0.6200000047683716,0.30000001192092896,1,dwa-left-arc,0.3223849511579356,0.6539905326931621,99.0,0.45177108287811274,99.0,waiter-2,0,,waiter-1,-5.573130130767822,2.200000047683716,0.47415627477413125,0.0,10.099947749321899,0,0,waiter-2,4.064937114715576,2.549999952316284,-0.5000117201411847,0.0,1.511771029500691,0,0,customer-1,-2.7322158813476562,-2.549999952316284,-0.44898749741597577,0.0,9.675804952881531,0,0,customer-2,7.666598320007324,-2.200000047683716,-0.4152503918021999,0.0,7.056070584032404,0,0
3,808,32.31999999999949,to_table,4.388270378112793,4.05482816696167,0.6854089601901894,0.9228707551956177,-0.8344792723655701,0.14000000059604645,0.561926007270813,0.6200000047683716,0.30000001192092896,1,dwa-left-arc,0.35359776647684976,0.6380531029337908,99.0,0.48349792003631586,99.0,waiter-2,0,,waiter-1,-5.554163932800293,2.200000047683716,0.47415671174341867,0.0,10.113969911903336,0,0,waiter-2,4.044936656951904,2.549999952316284,-0.5000109887763138,0.0,1.5434979752753166,0,0,customer-1,-2.7501754760742188,-2.549999952316284,-0.4489869628280996,0.0,9.725284761813635,0,0,customer-2,7.649988174438477,-2.200000047683716,-0.41524851362313875,0.0,7.054195842021375,0,0
3,809,32.35999999999949,to_table,4.417276382446289,4.077030658721924,0.6937500914904328,0.1523991823196411,0.25397324562072754,0.14000000059604645,0.5617175698280334,0.6200000047683716,0.30000001192092896,1,dwa-left-arc,0.38587748631010027,0.6203993754018662,99.0,0.5166273736953735,99.0,waiter-2,0,,waiter-1,-5.535197734832764,2.200000047683716,0.4741571487126972,0.0,10.127930932321958,0,0,waiter-2,4.024936199188232,2.549999952316284,-0.5000102574114429,0.0,1.5766272856019816,0,0,customer-1,-2.768134832382202,-2.549999952316284,-0.44898881242600996,0.0,9.774848799128327,0,0,customer-2,7.633378028869629,-2.200000047683716,-0.4152466354440776,0.0,7.052972727104947,0,0
3,810,32.39999999999949,to_table,4.446879863739014,4.099277973175049,0.703107920114837,0.11588895320892334,0.25788378715515137,0.14000000059604645,0.5634501576423645,0.6200000047683716,0.30000001192092896,1,dwa-left-arc,0.41953078509773817,0.6011462861985992,99.0,0.551079454421997,99.0,waiter-2,0,,waiter-1,-5.516231536865234,2.200000047683716,0.47415758568197575,0.0,10.142526579659972,0,0,waiter-2,4.0049357414245605,2.549999952316284,-0.500009526046572,0.0,1.611079449674765,0,0,customer-1,-2.7860944271087646,-2.549999952316284,-0.44898827783812933,0.0,9.824907837862462,0,0,customer-2,7.6167683601379395,-2.200000047683716,-0.41524952563659845,0.0,7.051886035925181,0,0
3,811,32.439999999999486,to_table,4.474704742431641,4.1223978996276855,0.7123138739901083,0.09211742877960205,0.30281877517700195,0.14000000059604645,0.5647941827774048,0.6200000047683716,0.30000001192092896,1,dwa-left-arc,0.4544880813627619,0.582530741091752,99.0,0.5869089984893798,99.0,waiter-2,0,,waiter-1,-5.497264862060547,2.200000047683716,0.47415325427968114,0.0,10.155579318486703,0,0,waiter-2,3.9849352836608887,2.549999952316284,-0.5000087946817011,0.0,1.6469090525750667,0,0,customer-1,-2.804053783416748,-2.549999952316284,-0.44899012743604416,0.0,9.874270543804089,0,0,customer-2,7.600158214569092,-2.200000047683716,-0.4152476474575373,0.0,7.052742389359154,0,0
3,812,32.479999999999485,to_table,4.50391149520874,4.145295143127441,0.7214106413838045,0.1828920841217041,0.9376485347747803,0.14000000059604645,0.5651016235351562,0.6200000047683716,0.30000001192092896,1,dwa-left-arc,0.49077499322199275,0.5655622820599284,99.0,0.6238831901550292,99.0,waiter-2,0,,waiter-1,-5.478299140930176,2.200000047683716,0.4741584596205506,0.0,10.169990274951216,0,0,waiter-2,3.964934825897217,2.549999952316284,-0.5000080633168302,0.0,1.6838831895019766,0,0,customer-1,-2.8220133781433105,-2.549999952316284,-0.448989592848168,0.0,9.924522742433062,0,0,customer-2,7.583548545837402,-2.200000047683716,-0.41525053765005815,0.0,7.053150744322427,0,0
3,813,32.519999999999484,to_table,4.5319294929504395,4.1690354347229,0.7306644791458285,-0.5330546498298645,-0.10530561208724976,0.14000000059604645,0.5675166845321655,0.6200000047683716,0.30000001192092896,1,dwa-left-arc,0.5281988634402777,0.5471278907108126,99.0,0.6621611738204956,99.0,waiter-2,0,,waiter-1,-5.459332466125488,2.200000047683716,0.4741541282182471,0.0,10.183438313766638,0,0,waiter-2,3.944934368133545,2.549999952316284,-0.5000073319519593,0.0,1.7221611915992143,0,0,customer-1,-2.839972972869873,-2.549999952316284,-0.44898905826028734,0.0,9.974486578157915,0,0,customer-2,7.566938400268555,-2.200000047683716,-0.415248659470997,0.0,7.055203189395383,0,0
3,814,32.559999999999484,to_table,4.559879779815674,4.192717552185059,0.7398235433970635,-0.5623734593391418,-0.33504271507263184,0.14000000059604645,0.5689756870269775,0.6200000047683716,0.30000001192092896,1,dwa-left-arc,0.5668882473568086,0.5301129273492295,99.0,0.701157751083374,99.0,waiter-2,0,,waiter-1,-5.440366744995117,2.200000047683716,0.47415933355910767,0.0,10.196855084276542,0,0,waiter-2,3.9249343872070312,2.549999952316284,-0.5000113689586705,0.0,1.7611577909186815,0,0,customer-1,-2.8579325675964355,-2.549999952316284,-0.4489885236724067,0.0,10.024379250952569,0,0,customer-2,7.550328254699707,-2.200000047683716,-0.4152467812919358,0.0,7.057593101944049,0,0
3,815,32.59999999999948,to_table,4.5876545906066895,4.216832637786865,0.748449991323992,-0.5761816501617432,-0.32366514205932617,0.14000000059604645,0.5712501406669617,0.6200000047683716,0.30000001192092896,1,dwa-left-arc,0.606274747175898,0.512424812573028,99.0,0.7412325763702392,99.0,waiter-2,0,,waiter-1,-5.42140007019043,2.200000047683716,0.47415500215681305,0.0,10.210229620303684,0,0,waiter-2,3.9049339294433594,2.549999952316284,-0.5000106375937996,0.0,1.801232550930713,0,0,customer-1,-2.875892162322998,-2.549999952316284,-0.4489879890845305,0.0,10.074450527728516,0,0,customer-2,7.533718585968018,-2.200000047683716,-0.4152496714844567,0.0,7.060809782035482,0,0
3,816,32.63999999999948,to_table,4.61517858505249,4.241013526916504,0.757682870072625,-0.5876712203025818,-0.30552446842193604,0.14000000059604645,0.5746972560882568,0.6200000047683716,0.30000001192092896,1,dwa-left-arc,0.6467158251370941,0.49434492170800426,99.0,0.7819513702392578,99.0,waiter-2,0,,waiter-1,-5.4024338722229,2.200000047683716,0.4741554391261005,0.0,10.223418966596695,0,0,waiter-2,3.8849334716796875,2.549999952316284,-0.5000099062289287,0.0,1.8419513661025555,0,0,customer-1,-2.8938517570495605,-2.549999952316284,-0.4489874544966499,0.0,10.124396315520777,0,0,customer-2,7.51710844039917,-2.200000047683716,-0.4152477933053955,0.0,7.064549012749271,0,0
3,817,32.67999999999948,to_table,4.643014430999756,4.264400005340576,0.7673880525293605,-0.6030243635177612,-0.4122459888458252,0.14000000059604645,0.5777896046638489,0.5199999809265137,0.36000001430511475,1,dwa-left-arc,0.6877795001256173,0.623213184870447,99.0,0.8227049732208251,99.0,waiter-2,0,,waiter-1,-5.383467674255371,2.200000047683716,0.474155876095379,0.0,10.236800798695603,0,0,waiter-2,3.8649330139160156,2.549999952316284,-0.5000091748640578,0.0,1.8827050309118358,0,0,customer-1,-2.911811351776123,-2.549999952316284,-0.4489869199087737,0.0,10.174057174549835,0,0,customer-2,7.5004987716674805,-2.200000047683716,-0.4152506834979164,0.0,7.067792074099359,0,0
3,818,32.71999999999948,to_table,4.669762134552002,4.286445617675781,0.7763124797732407,-0.5532930493354797,-0.3928593397140503,0.14000000059604645,0.5817145705223083,0.5199999809265137,0.36000001430511475,1,dwa-left-arc,0.7288662510465771,0.6029611052362507,99.0,0.8623910570144653,99.0,waiter-2,0,,waiter-1,-5.364501476287842,2.200000047683716,0.47415631306465755,0.0,10.248887809336395,0,0,waiter-2,3.8449325561523438,2.549999952316284,-0.5000084434991869,0.0,1.9223910585905106,0,0,customer-1,-2.9297709465026855,-2.549999952316284,-0.4489863853208931,0.0,10.222029694806638,0,0,customer-2,7.483888626098633,-2.200000047683716,-0.4152488053188552,0.0,7.070592993525052,0,0
3,819,32.75999999999948,to_table,4.694640159606934,4.308475971221924,0.7858122564641824,-0.5355854034423828,-0.15045887231826782,0.14000000059604645,0.5871248841285706,0.5199999809265137,0.36000001430511475,1,dwa-left-arc,0.7688647772504853,0.5832146277779,99.0,0.9017925882339477,99.0,waiter-2,0,,waiter-1,-5.3455352783203125,2.200000047683716,0.474156750033945,0.0,10.25918093926108,0,0,waiter-2,3.824932098388672,2.549999952316284,-0.500007712134316,0.0,1.9617925529510645,0,0,customer-1,-2.94773006439209,-2.549999952316284,-0.4489906191045945,0.0,10.268617951526883,0,0,customer-2,7.467278480529785,-2.200000047683716,-0.41524692713979405,0.0,7.07444579789256,0,0
3,820,32.79999999999948,to_table,4.720184803009033,4.330187797546387,0.7955696867630052,-0.5465182662010193,-0.15613245964050293,0.14000000059604645,0.5905727744102478,0.5199999809265137,0.36000001430511475,1,dwa-left-arc,0.8085484531278544,0.5658175534154684,99.0,0.9416884803771972,99.0,waiter-2,0,,waiter-1,-5.326569080352783,2.200000047683716,0.4741571870032324,0.0,10.270100459221942,0,0,waiter-2,3.804932117462158,2.549999952316284,-0.5000117491410272,0.0,2.0016883480466587,0,0,customer-1,-2.9656896591186523,-2.549999952316284,-0.44899008451671385,0.0,10.315505306137306,0,0,customer-2,7.450668811798096,-2.200000047683716,-0.4152498173323149,0.0,7.07805737587961,0,0
3,821,32.83999999999948,to_table,4.743800163269043,4.349956512451172,0.803987933674089,-0.5821882486343384,-0.007774829864501953,0.14000000059604645,0.5953826904296875,0.3799999952316284,0.2800000011920929,1,dwa-left-arc,0.8487199070418665,0.5662732152104317,99.0,0.9794294261932373,99.0,waiter-2,0,,waiter-1,-5.307602882385254,2.200000047683716,0.47415762397251093,0.0,10.278765294848592,0,0,waiter-2,3.7849316596984863,2.549999952316284,-0.5000110177761563,0.0,2.039429436266981,0,0,customer-1,-2.983649253845215,-2.549999952316284,-0.4489895499288332,0.0,10.359675367005748,0,0,customer-2,7.434058666229248,-2.200000047683716,-0.41524793915325375,0.0,7.080919555566475,0,0
3,822,32.87999999999948,to_table,4.763965129852295,4.368034839630127,0.809987005280329,-0.6306838393211365,0.1952418088912964,0.14000000059604645,0.6016741991043091,0.3799999952316284,0.2800000011920929,1,dwa-left-arc,0.8867168334590563,0.5485487059736827,99.0,1.0144445323944091,99.0,waiter-2,0,,waiter-1,-5.288636207580566,2.200000047683716,0.47415329257020744,0.0,10.283733199011294,0,0,waiter-2,3.7649312019348145,2.549999952316284,-0.5000102864112854,0.0,2.0744444173369616,0,0,customer-1,-3.0016088485717773,-2.549999952316284,-0.4489890153409526,0.0,10.400160796687622,0,0,customer-2,7.417448997497559,-2.200000047683716,-0.4152508293457746,0.0,7.083788457938692,0,0
3,823,32.919999999999476,to_table,4.7816338539123535,4.384322643280029,0.8160437620922781,-0.6432965993881226,0.12501239776611328,0.14000000059604645,0.6089451909065247,0.14000000059604645,0.6089451909065247,0,nominal-sac-a-star,0.9219579752907805,0.7716051300762741,99.0,1.0470106029510498,99.0,waiter-2,0,,waiter-1,-5.269670486450195,2.200000047683716,0.4741584979110769,0.0,10.285911925746964,0,0,waiter-2,3.7449307441711426,2.549999952316284,-0.5000095550464145,0.0,2.107010458524488,0,0,customer-1,-3.01956844329834,-2.549999952316284,-0.44898848075307196,0.0,10.437604473335968,0,0,customer-2,7.400838851928711,-2.200000047683716,-0.41524895116671345,0.0,7.0861512911011095,0,0
3,824,32.959999999999475,to_table,4.799481391906738,4.399013996124268,0.8234913954923243,-0.3832443952560425,-0.1618558168411255,0.14000000059604645,0.6145209670066833,0.14000000059604645,0.6145209670066833,0,nominal-sac-a-star,0.982945436247622,99.0,99.0,1.0785772228240966,99.0,waiter-2,0,,waiter-1,-5.250703811645508,2.200000047683716,0.4741541665087823,0.0,10.28794853073909,0,0,waiter-2,3.7249302864074707,2.549999952316284,-0.5000088236815436,0.0,2.1385773337732843,0,0,customer-1,-3.0375280380249023,-2.549999952316284,-0.44898794616519133,0.0,10.474135365769282,0,0,customer-2,7.384228706359863,-2.200000047683716,-0.4152470729876523,0.0,7.087164809001385,0,0
3,825,32.999999999999474,to_table,4.815439701080322,4.412566661834717,0.8322239148008183,0.9508156776428223,-0.9751750230789185,0.14000000059604645,0.6195038557052612,0.14000000059604645,0.6195038557052612,0,nominal-sac-a-star,1.0147189553925449,99.0,99.0,1.1084987545013427,99.0,waiter-2,0,,waiter-1,-5.231738090515137,2.200000047683716,0.47415937184964285,0.0,10.287916824993514,0,0,waiter-2,3.704929828643799,2.549999952316284,-0.5000080923166728,0.0,2.1684987720045648,0,0,customer-1,-3.055487632751465,-2.549999952316284,-0.4489874115773107,0.0,10.508512309121139,0,0,customer-2,7.367619037628174,-2.200000047683716,-0.41524996318017315,0.0,7.087993923088059,0,0
3,826,33.03999999999947,to_table,4.831864833831787,4.425113201141357,0.843389929721252,-0.16395628452301025,-0.07756751775741577,0.14000000059604645,0.6212624907493591,0.14000000059604645,0.6212624907493591,0,nominal-sac-a-star,1.0448314835073207,99.0,99.0,1.1380698108673095,99.0,waiter-2,0,,waiter-1,-5.212771415710449,2.200000047683716,0.47415504044733936,0.0,10.288141033797512,0,0,waiter-2,3.684929370880127,2.549999952316284,-0.5000073609518019,0.0,2.198069755966689,0,0,customer-1,-3.0734472274780273,-2.549999952316284,-0.4489868769894301,0.0,10.542588026202496,0,0,customer-2,7.351008892059326,-2.200000047683716,-0.415248085001112,0.0,7.087891953596685,0,0
3,827,33.07999999999947,to_table,4.845760345458984,4.436995983123779,0.8534800259437835,-0.2608391046524048,-0.49504876136779785,0.14000000059604645,0.620968759059906,0.14000000059604645,0.620968759059906,0,nominal-sac-a-star,1.0745942544409979,99.0,99.0,1.1660088920593261,99.0,waiter-2,0,,waiter-1,-5.19380521774292,2.200000047683716,0.4741554774166268,0.0,10.285768202375792,0,0,waiter-2,3.6649293899536133,2.549999952316284,-0.500011397958513,0.0,2.2260089320941567,0,0,customer-1,-3.09140682220459,-2.549999952316284,-0.44898634240154944,0.0,10.574343234891355,0,0,customer-2,7.334399223327637,-2.200000047683716,-0.41525097519363285,0.0,7.088232486127539,0,0
3,828,33.11999999999947,to_table,4.861489295959473,4.447751522064209,0.8648322957012502,0.10776650905609131,-0.4819539785385132,0.14000000059604645,0.6196854114532471,0.14000000059604645,0.6196854114532471,0,nominal-sac-a-star,1.1027055615453212,99.0,99.0,1.194213809967041,99.0,waiter-2,0,,waiter-1,-5.174839019775391,2.200000047683716,0.4741559143859142,0.0,10.284953706838017,0,0,waiter-2,3.6449289321899414,2.549999952316284,-0.5000106665936421,0.0,2.2542138627858197,0,0,customer-1,-3.109365940093994,-2.549999952316284,-0.44899057618525084,0.0,10.606745914337504,0,0,customer-2,7.317789077758789,-2.200000047683716,-0.4152490970145717,0.0,7.087031081570997,0,0
3,829,33.15999999999947,to_table,4.8741655349731445,4.4586615562438965,0.879411909717485,0.04716932773590088,-0.46760880947113037,0.14000000059604645,0.6198346614837646,0.14000000059604645,0.6198346614837646,0,nominal-sac-a-star,1.131093036774557,99.0,99.0,1.2211362743377685,99.0,waiter-2,0,,waiter-1,-5.155872821807861,2.200000047683716,0.47415635135519274,0.0,10.281207188299902,0,0,waiter-2,3.6249284744262695,2.549999952316284,-0.5000099352287712,0.0,2.281136197545276,0,0,customer-1,-3.1273255348205566,-2.549999952316284,-0.4489900415973702,0.0,10.636973041310268,0,0,customer-2,7.301178932189941,-2.200000047683716,-0.4152472188355105,0.0,7.087183388758165,0,0
3,830,33.19999999999947,to_table,4.887250900268555,4.468074798583984,0.8949375411644048,0.40558481216430664,-0.9415677785873413,0.14000000059604645,0.6115870475769043,0.14000000059604645,0.6115870475769043,0,nominal-sac-a-star,1.158172947197242,99.0,99.0,1.2472414398193359,99.0,waiter-2,0,,waiter-1,-5.136906623840332,2.200000047683716,0.4741567883244713,0.0,10.277543341860452,0,0,waiter-2,3.6049280166625977,2.549999952316284,-0.5000092038639004,0.0,2.3072414467723914,0,0,customer-1,-3.145285129547119,-2.549999952316284,-0.4489895070094896,0.0,10.666536845645394,0,0,customer-2,7.284569263458252,-2.200000047683716,-0.4152501090280314,0.0,7.085926720614216,0,0
3,831,33.23999999999947,to_table,4.899875640869141,4.477339267730713,0.9115539733715466,0.0843050479888916,-0.43679141998291016,0.14000000059604645,0.6034279465675354,0.14000000059604645,0.6034279465675354,0,nominal-sac-a-star,1.1844395663368825,99.0,99.0,1.273179235458374,99.0,waiter-2,0,,waiter-1,-5.117940425872803,2.200000047683716,0.4741572252937587,0.0,10.2734080358096,0,0,waiter-2,3.584927558898926,2.549999952316284,-0.5000084724990295,0.0,2.333179224795923,0,0,customer-1,-3.1632447242736816,-2.549999952316284,-0.44898897242160896,0.0,10.695672327459908,0,0,customer-2,7.267959117889404,-2.200000047683716,-0.4152482308489702,0.0,7.084820370857374,0,0
3,832,33.27999999999947,to_table,4.908585548400879,4.484660625457764,0.9269544574075623,-0.05161082744598389,-0.3839600086212158,0.14000000059604645,0.593453049659729,0.14000000059604645,0.593453049659729,0,nominal-sac-a-star,1.210531987881069,99.0,99.0,1.2954892539978027,99.0,waiter-2,0,,waiter-1,-5.098974227905273,2.200000047683716,0.4741576622630461,0.0,10.265034175879576,0,0,waiter-2,3.564927101135254,2.549999952316284,-0.5000077411341586,0.0,2.3554893213743324,0,0,customer-1,-3.181204319000244,-2.549999952316284,-0.4489884378337283,0.0,10.720594645036915,0,0,customer-2,7.251349449157715,-2.200000047683716,-0.4152511210414911,0.0,7.083306502597052,0,0
3,833,33.31999999999947,to_table,4.920246124267578,4.490853786468506,0.9460792410037145,-0.06487542390823364,-0.3741062879562378,0.14000000059604645,0.5807376503944397,0.14000000059604645,0.5807376503944397,0,nominal-sac-a-star,1.2329778492129009,99.0,99.0,1.3187424564361572,99.0,waiter-2,0,,waiter-1,-5.080007553100586,2.200000047683716,0.47415333086074263,0.0,10.25929259082807,0,0,waiter-2,3.5449271202087402,2.549999952316284,-0.5000117781408697,0.0,2.378742518321135,0,0,customer-1,-3.1991639137268066,-2.549999952316284,-0.4489879032458477,0.0,10.747020086332943,0,0,customer-2,7.234739303588867,-2.200000047683716,-0.4152492428624299,0.0,7.079859017460323,0,0
3,834,33.35999999999947,to_table,4.9277567863464355,4.495798110961914,0.9652441350301325,0.39031028747558594,-0.2013101577758789,0.14000000059604645,0.5673858523368835,0.14000000059604645,0.5673858523368835,0,nominal-sac-a-star,1.2563846524451368,99.0,99.0,1.3387627029418945,99.0,waiter-2,0,,waiter-1,-5.061041831970215,2.200000047683716,0.4741585362016032,0.0,10.249233463271121,0,0,waiter-2,3.5249266624450684,2.549999952316284,-0.5000110467759988,0.0,2.398762770828714,0,0,customer-1,-3.217123508453369,-2.549999952316284,-0.44898736865796707,0.0,10.769509987233075,0,0,customer-2,7.2181291580200195,-2.200000047683716,-0.41524736468336876,0.0,7.076688390924662,0,0
3,835,33.399999999999466,to_table,4.936866283416748,4.502569198608398,0.986065945566727,-0.39117491245269775,-0.0518839955329895,0.14000000059604645,0.5486767888069153,0.14000000059604645,0.5486767888069153,0,nominal-sac-a-star,1.2765366274604415,99.0,99.0,1.361358823776245,99.0,waiter-2,0,,waiter-1,-5.042075157165527,2.200000047683716,0.4741542047993086,0.0,10.241147248690465,0,0,waiter-2,3.5049262046813965,2.549999952316284,-0.500010315411128,0.0,2.421358926440762,0,0,customer-1,-3.2350831031799316,-2.549999952316284,-0.44898683407008644,0.0,10.794419317669309,0,0,customer-2,7.20151948928833,-2.200000047683716,-0.4152502548758896,0.0,7.074820749969944,0,0
3,836,33.439999999999465,to_table,4.94476842880249,4.509133815765381,1.0077299930663237,-0.42283445596694946,0.06066882610321045,0.14000000059604645,0.5294100642204285,0.14000000059604645,0.5294100642204285,0,nominal-sac-a-star,1.299262891516661,99.0,99.0,1.3832244300842285,99.0,waiter-2,0,,waiter-1,-5.023109436035156,2.200000047683716,0.47415941014017804,0.0,10.23184674861852,0,0,waiter-2,3.4849257469177246,2.549999952316284,-0.5000095840462571,0.0,2.4432245395717294,0,0,customer-1,-3.253042697906494,-2.549999952316284,-0.4489862994822058,0.0,10.818293618906102,0,0,customer-2,7.184909343719482,-2.200000047683716,-0.41524837669682846,0.0,7.073238898578539,0,0
3,837,33.479999999999464,to_table,4.952323913574219,4.51506233215332,1.0270880550982222,-0.4772258996963501,0.20268166065216064,0.14000000059604645,0.507412314414978,0.14000000059604645,0.507412314414978,0,nominal-sac-a-star,1.3212499484340978,99.0,99.0,1.404513063430786,99.0,waiter-2,0,,waiter-1,-5.004142761230469,2.200000047683716,0.47415507873787455,0.0,10.222071317862634,0,0,waiter-2,3.4649252891540527,2.549999952316284,-0.5000088526813862,0.0,2.4645131009142145,0,0,customer-1,-3.2710018157958984,-2.549999952316284,-0.4489905332659072,0.0,10.841503176901044,0,0,customer-2,7.168299674987793,-2.200000047683716,-0.4152512668893493,0.0,7.071252459096274,0,0
3,838,33.51999999999946,to_table,4.959103107452393,4.520235538482666,1.0464464071289479,-0.5431298017501831,-0.03537023067474365,0.14000000059604645,0.48860159516334534,0.14000000059604645,0.48860159516334534,0,nominal-sac-a-star,1.3426578269876073,99.0,99.0,1.4248670959472656,99.0,waiter-2,0,,waiter-1,-4.9851765632629395,2.200000047683716,0.47415551570716197,0.0,10.21137556366258,0,0,waiter-2,3.444924831390381,2.549999952316284,-0.5000081213165153,0.0,2.4848670219338724,0,0,customer-1,-3.288961410522461,-2.549999952316284,-0.4489899986780266,0.0,10.863645713480757,0,0,customer-2,7.151689529418945,-2.200000047683716,-0.41524938871028816,0.0,7.068875550706004,0,0
3,839,33.55999999999946,to_table,4.966344833374023,4.526797771453857,1.0626658404646125,-0.5682014226913452,-0.12634211778640747,0.14000000059604645,0.46900510787963867,0.14000000059604645,0.46900510787963867,0,nominal-sac-a-star,1.363127387693801,99.0,99.0,1.4467322254180908,99.0,waiter-2,0,,waiter-1,-4.96621036529541,2.200000047683716,0.4741559526764494,0.0,10.201452858390176,0,0,waiter-2,3.424924373626709,2.549999952316284,-0.5000073899516444,0.0,2.506732265614876,0,0,customer-1,-3.3069210052490234,-2.549999952316284,-0.44898946409014595,0.0,10.88705624398466,0,0,customer-2,7.135079383850098,-2.200000047683716,-0.415247510531227,0.0,7.06775908262178,0,0
3,840,33.59999999999946,to_table,4.97235631942749,4.536236763000488,1.0773787058854218,-0.5692647099494934,-0.01456838846206665,0.25458383560180664,0.4543580114841461,0.25458383560180664,0.4543580114841461,0,nominal-sac-a-star,1.385102656362509,99.0,99.0,1.4702133560180664,99.0,waiter-2,0,,waiter-1,-4.947244167327881,2.200000047683716,0.4741563896457368,0.0,10.190999745208098,0,0,waiter-2,3.4049243927001953,2.549999952316284,-0.5000114269583555,0.0,2.530213333503916,0,0,customer-1,-3.324880599975586,-2.549999952316284,-0.4489889295022653,0.0,10.911411058254972,0,0,customer-2,7.118469715118408,-2.200000047683716,-0.41525040072374786,0.0,7.069843638778789,0,0
3,841,33.63999999999946,to_table,4.978141784667969,4.547911167144775,1.095008020998974,-0.5734356045722961,0.29587292671203613,0.25354233384132385,0.4393346607685089,0.25354233384132385,0.4393346607685089,0,nominal-sac-a-star,1.4086745510249274,99.0,99.0,1.495384874343872,99.0,waiter-2,0,,waiter-1,-4.928277969360352,2.200000047683716,0.47415682661502423,0.0,10.180856494808843,0,0,waiter-2,3.3849239349365234,2.549999952316284,-0.5000106955934847,0.0,2.555384968853098,0,0,customer-1,-3.3428401947021484,-2.549999952316284,-0.4489883949143847,0.0,10.937050944416926,0,0,customer-2,7.1018595695495605,-2.200000047683716,-0.4152485225446867,0.0,7.074212535189376,0,0
3,842,33.67999999999946,to_table,4.984712600708008,4.55974817276001,1.113585147839341,-0.7128620743751526,0.763277530670166,0.2522871196269989,0.4192259907722473,0.2522871196269989,0.4192259907722473,0,nominal-sac-a-star,1.4339250521445228,99.0,99.0,1.5212408924102783,99.0,waiter-2,0,,waiter-1,-4.909311771392822,2.200000047683716,0.47415726358431165,0.0,10.171535257252286,0,0,waiter-2,3.3649234771728516,2.549999952316284,-0.5000099642286138,0.0,2.5812409252720894,0,0,customer-1,-3.360799789428711,-2.549999952316284,-0.44898786032650406,0.0,10.963397988577782,0,0,customer-2,7.085249900817871,-2.200000047683716,-0.41525141273720756,0.0,7.078591170066608,0,0
3,843,33.71999999999946,to_table,4.990713119506836,4.572386264801025,1.1287155795967518,-0.7514175176620483,0.5728743076324463,0.2510030269622803,0.3990767002105713,0.2510030269622803,0.3990767002105713,0,nominal-sac-a-star,1.4598610722091716,99.0,99.0,1.5474261665344238,99.0,waiter-2,0,,waiter-1,-4.890345573425293,2.200000047683716,0.47415770055359907,0.0,10.161866819454866,0,0,waiter-2,3.3449230194091797,2.549999952316284,-0.5000092328637429,0.0,2.607426211900364,0,0,customer-1,-3.3787593841552734,-2.549999952316284,-0.44898732573862343,0.0,10.98983418507025,0,0,customer-2,7.068639755249023,-2.200000047683716,-0.4152495345581464,0.0,7.083995727628406,0,0
3,844,33.75999999999946,to_table,4.996273517608643,4.5857834815979,1.1413784420937672,-0.7602168917655945,0.07939481735229492,0.2496522217988968,0.3829829692840576,0.2496522217988968,0.3829829692840576,0,nominal-sac-a-star,1.4861188915566013,99.0,99.0,1.5739757442474365,99.0,waiter-2,0,,waiter-1,-4.871379375457764,2.200000047683716,0.4741581375228865,0.0,10.151972035598856,0,0,waiter-2,3.324922561645508,2.549999952316284,-0.500008501498872,0.0,2.6339758153964126,0,0,customer-1,-3.396718978881836,-2.549999952316284,-0.4489867911507428,0.0,11.016429923612712,0,0,customer-2,7.052029609680176,-2.200000047683716,-0.41524765637908523,0.0,7.090344929293559,0,0
3,845,33.79999999999946,to_table,5.002022743225098,4.599208831787109,1.1549697039560365,-0.7697856426239014,0.09232163429260254,0.2482357770204544,0.36971786618232727,0.2482357770204544,0.36971786618232727,0,nominal-sac-a-star,1.5127345093136948,99.0,99.0,1.6007155799865722,99.0,waiter-2,0,,waiter-1,-4.852412700653076,2.200000047683716,0.4741538061205919,0.0,10.142292675094783,0,0,waiter-2,3.304922103881836,2.549999952316284,-0.5000077701340011,0.0,2.660715620234786,0,0,customer-1,-3.4146785736083984,-2.549999952316284,-0.4489862565628622,0.0,11.043190086903685,0,0,customer-2,7.035419940948486,-2.200000047683716,-0.4152505465716061,0.0,7.09675598780064,0,0
3,846,33.839999999999456,to_table,5.0073018074035645,4.612167835235596,1.166676324856924,-0.7764369249343872,0.11297285556793213,0.24681447446346283,0.3555756211280823,0.24681447446346283,0.3555756211280823,0,nominal-sac-a-star,1.5395395160830794,99.0,99.0,1.6268436336517333,99.0,waiter-2,0,,waiter-1,-4.833446502685547,2.200000047683716,0.4741542430898793,0.0,10.132071887715002,0,0,waiter-2,3.2849221229553223,2.549999952316284,-0.5000118071407122,0.0,2.686843530007645,0,0,customer-1,-3.4326376914978027,-2.549999952316284,-0.4489904903465636,0.0,11.069292035273135,0,0,customer-2,7.018809795379639,-2.200000047683716,-0.41524866839254493,0.0,7.1029427458461845,0,0
3,847,33.879999999999455,delivered,5.012990474700928,4.624858856201172,1.177080640118069,-0.7826077938079834,0.12341809272766113,0.2454482913017273,0.343695729970932,0.2454482913017273,0.343695729970932,0,nominal-sac-a-star,1.565731070551874,99.0,99.0,1.6530765914916992,99.0,waiter-2,0,,waiter-1,-4.814480304718018,2.200000047683716,0.4741546800591667,0.0,10.122209351795581,0,0,waiter-2,3.2649216651916504,2.549999952316284,-0.5000110757758414,0.0,2.7130764887502856,0,0,customer-1,-3.4505972862243652,-2.549999952316284,-0.44898995575868295,0.0,11.095535891025946,0,0,customer-2,7.002200126647949,-2.200000047683716,-0.4152515585850658,0.0,7.10884337268279,0,0
